activity_date,gross_revenue_usd,refunds_usd,net_revenue_usd,shipped_revenue_usd,revenue_to_ship_gap_usd,ending_backlog_revenue_usd,orders,units_sold,units_shipped,average_order_value_usd,total_marketing_spend_usd,paid_search_spend_usd,paid_social_spend_usd,retargeting_spend_usd,email_spend_usd,marketing_efficiency_ratio,marketing_attributed_orders,affiliate_revenue_usd,affiliate_commission_usd,affiliate_orders,affiliate_revenue_share,net_revenue_yoy_pct,stockout_rate,event_name
2023-08-21,5869.20,206.06,5663.14,5663.14,0.00,0.00,66,88,84,88.93,967.82,442.50,325.88,157.33,42.11,6.0644,48,1258.53,155.87,13,0.2144,,0.0180,none
2023-08-22,6105.68,221.64,5884.05,5884.05,0.00,0.00,69,89,87,88.49,901.19,414.72,295.79,146.01,44.67,6.7751,48,1224.94,151.65,13,0.2006,,0.0180,none
2023-08-23,6335.31,229.34,6105.97,6105.97,0.00,0.00,70,90,88,90.50,977.63,430.62,344.19,161.21,41.61,6.4803,47,1271.05,156.86,13,0.2006,,0.0180,none
2023-08-24,6575.31,230.96,6344.34,6344.34,0.00,0.00,73,94,92,90.07,987.08,457.07,343.29,147.09,39.63,6.6614,47,1262.61,155.80,13,0.1920,,0.0180,none
2023-08-25,7175.65,279.13,6896.52,6896.52,0.00,0.00,78,100,98,92.00,962.97,411.85,346.29,161.31,43.52,7.4516,48,1418.87,175.19,15,0.1977,,0.0180,none
2023-08-26,7180.55,217.89,6962.66,4957.92,2004.74,2004.74,77,98,70,93.25,959.03,446.11,321.98,148.58,42.36,7.4873,49,1375.71,169.36,14,0.1916,,0.0180,none
2023-08-27,6470.11,237.02,6233.09,3787.26,2445.83,4450.57,73,94,56,88.63,966.66,450.65,306.43,165.90,43.68,6.6933,48,1419.36,174.88,15,0.2194,,0.0180,none
2023-08-28,5854.61,236.77,5617.84,9741.77,-4123.93,326.64,63,82,137,92.93,963.47,439.13,336.53,146.62,41.19,6.0766,48,1250.11,154.88,13,0.2135,,0.0180,none
2023-08-29,6157.91,254.18,5903.73,6230.37,-326.64,0.00,67,87,89,91.91,965.20,452.45,325.62,147.29,39.84,6.3799,46,1256.21,155.26,13,0.2040,,0.0180,none
2023-08-30,6479.71,290.94,6188.77,6188.77,0.00,0.00,70,93,87,92.57,955.95,417.88,350.87,145.31,41.89,6.7783,48,1322.76,164.55,14,0.2041,,0.0180,none
2023-08-31,6638.03,293.33,6344.70,6344.70,0.00,0.00,74,96,93,89.70,989.59,429.65,346.72,169.13,44.09,6.7079,52,1248.36,154.23,13,0.1881,,0.0180,none
2023-09-01,7489.68,249.30,7240.38,7240.38,0.00,0.00,81,105,102,92.47,1002.25,452.16,357.05,147.37,45.67,7.4729,49,1556.47,191.33,16,0.2078,,0.0180,none
2023-09-02,7289.78,207.81,7081.97,4969.01,2112.96,2112.96,78,103,70,93.46,964.98,431.81,333.51,156.59,43.07,7.5543,48,1342.25,163.33,14,0.1841,,0.0180,none
2023-09-03,6780.11,239.31,6540.80,3795.72,2745.08,4858.04,74,99,54,91.62,975.39,457.07,325.26,149.74,43.32,6.9512,49,1410.02,173.30,15,0.2080,,0.0180,none
2023-09-04,6158.02,265.56,5892.46,9763.55,-3871.09,986.95,69,89,142,89.25,1012.04,440.98,359.01,168.49,43.56,6.0848,50,1422.95,173.19,15,0.2311,,0.0180,none
2023-09-05,6360.07,262.76,6097.31,7084.26,-986.95,0.00,68,88,100,93.53,944.21,416.15,326.87,160.60,40.59,6.7359,47,1254.03,155.64,13,0.1972,,0.0180,none
2023-09-06,6655.63,265.18,6390.45,6390.45,0.00,0.00,72,97,91,92.44,1005.95,481.33,321.13,159.03,44.46,6.6163,49,1451.17,177.42,15,0.2180,,0.0180,none
2023-09-07,6765.64,273.46,6492.18,6492.18,0.00,0.00,73,96,92,92.68,995.46,444.80,346.32,161.52,42.82,6.7965,49,1344.66,165.78,14,0.1987,,0.0180,none
2023-09-08,7354.92,277.82,7077.10,7077.10,0.00,0.00,82,109,103,89.69,959.91,430.55,333.39,151.07,44.90,7.6621,47,1415.07,174.38,15,0.1924,,0.0180,none
2023-09-09,7380.98,248.13,7132.85,4980.10,2152.75,2152.75,83,107,73,88.93,989.20,434.79,347.09,165.34,41.98,7.4616,49,1358.70,169.37,14,0.1841,,0.0180,none
2023-09-10,7007.72,242.43,6765.29,3804.19,2961.10,5113.85,76,101,54,92.21,1005.65,446.24,358.61,159.19,41.61,6.9683,50,1533.88,188.72,16,0.2189,,0.0180,none
2023-09-11,6262.86,250.62,6012.24,9785.32,-3773.08,1340.77,68,88,139,92.10,1037.72,489.13,339.82,166.12,42.65,6.0352,52,1469.64,185.17,15,0.2347,,0.0180,none
2023-09-12,6445.45,250.38,6195.07,7535.84,-1340.77,0.00,70,90,107,92.08,991.53,420.25,355.11,174.08,42.09,6.5005,49,1426.93,177.50,15,0.2214,,0.0180,none
2023-09-13,6900.58,258.21,6642.38,6642.38,0.00,0.00,76,99,96,90.80,993.84,445.00,332.93,171.71,44.20,6.9434,51,1401.12,170.93,15,0.2030,,0.0180,none
2023-09-14,7881.02,286.06,7594.96,7594.96,0.00,0.00,89,119,112,88.55,1159.26,520.86,386.01,200.47,51.92,6.7983,65,1631.81,202.10,17,0.2071,,0.0360,monthly_promotion
2023-09-15,8179.31,271.52,7907.79,7907.79,0.00,0.00,90,116,115,90.88,1134.27,482.45,402.71,200.02,49.09,7.2111,63,1616.48,200.81,17,0.1976,,0.0360,monthly_promotion
2023-09-16,8564.60,240.10,8324.51,4991.18,3333.33,3333.32,92,119,70,93.09,1121.77,512.08,372.08,188.20,49.41,7.6349,64,1531.94,190.97,16,0.1789,,0.0360,monthly_promotion
2023-09-17,6913.95,228.61,6685.34,3812.66,2872.68,6206.00,75,98,54,92.19,1006.21,429.48,372.76,157.56,46.41,6.8713,51,1452.06,179.55,15,0.2100,,0.0180,none
2023-09-18,6330.16,271.01,6059.15,9807.09,-3747.94,2458.06,70,89,142,90.43,1049.80,495.38,340.73,167.80,45.89,6.0299,51,1422.86,172.96,15,0.2248,,0.0180,none
2023-09-19,6669.34,298.07,6371.27,8829.33,-2458.06,0.00,73,98,127,91.36,1020.53,469.10,348.43,157.69,45.31,6.5352,52,1443.20,176.39,15,0.2164,,0.0180,none
2023-09-20,7126.08,312.19,6813.89,6813.89,0.00,0.00,76,102,95,93.76,1062.63,481.62,368.27,165.41,47.33,6.7061,54,1439.55,179.29,15,0.2020,,0.0180,none
2023-09-21,7162.10,312.48,6849.62,6849.62,0.00,0.00,81,105,101,88.42,1049.08,472.49,363.45,165.25,47.89,6.8270,52,1430.99,175.76,15,0.1998,,0.0180,none
2023-09-22,7992.08,256.78,7735.30,7735.30,0.00,0.00,87,115,111,91.86,1057.81,504.52,344.66,164.59,44.04,7.5553,51,1606.32,199.07,17,0.2010,,0.0180,none
2023-09-23,8165.11,250.78,7914.32,5002.27,2912.05,2912.05,89,116,71,91.74,1079.21,494.97,358.03,181.82,44.39,7.5658,52,1479.45,184.38,15,0.1812,,0.0180,none
2023-09-24,7012.10,267.43,6744.67,3821.13,2923.54,5835.59,79,106,57,88.76,986.31,441.33,328.11,172.07,44.80,7.1094,50,1418.83,176.27,15,0.2023,,0.0180,none
2023-09-25,6540.49,292.02,6248.47,9828.86,-3580.39,2255.19,71,92,140,92.12,1037.47,487.78,340.34,166.67,42.68,6.3043,49,1322.24,164.68,14,0.2022,,0.0180,none
2023-09-26,6968.81,259.59,6709.22,8964.41,-2255.19,0.00,78,103,132,89.34,1083.05,486.19,380.60,172.14,44.12,6.4344,52,1422.43,174.97,15,0.2041,,0.0180,none
2023-09-27,7282.08,317.36,6964.72,6964.72,0.00,0.00,79,103,99,92.18,1093.44,496.48,372.81,176.36,47.79,6.6598,56,1427.74,176.35,15,0.1961,,0.0180,none
2023-09-28,7121.26,330.45,6790.81,6790.81,0.00,0.00,81,105,101,87.92,1032.21,469.07,351.30,168.50,43.34,6.8990,51,1430.48,175.74,15,0.2009,,0.0180,none
2023-09-29,8056.32,286.86,7769.46,7769.46,0.00,0.00,90,117,114,89.51,1086.65,511.85,354.35,173.99,46.46,7.4139,53,1551.23,193.15,16,0.1925,,0.0180,none
2023-09-30,8076.39,246.40,7829.99,5013.36,2816.63,2816.63,92,122,75,87.79,1069.20,483.49,356.42,179.52,49.77,7.5537,54,1508.57,185.10,16,0.1868,,0.0180,none
2023-10-01,7183.15,262.58,6920.57,3829.59,3090.98,5907.61,77,102,54,93.29,1086.30,501.24,349.19,185.61,50.26,6.6125,56,1537.29,188.48,16,0.2140,,0.0180,none
2023-10-02,6505.90,287.29,6218.61,9850.64,-3632.03,2275.59,72,93,143,90.36,1050.49,452.85,362.09,185.46,50.09,6.1932,56,1413.31,174.07,15,0.2172,,0.0180,none
2023-10-03,6873.64,253.42,6620.22,8895.80,-2275.58,0.00,76,100,129,90.44,1035.20,455.35,365.02,168.20,46.63,6.6399,51,1472.42,181.58,15,0.2142,,0.0180,none
2023-10-04,7347.72,326.23,7021.48,7021.48,0.00,0.00,79,102,99,93.01,1045.86,448.86,376.85,173.29,46.86,7.0255,52,1615.96,200.02,17,0.2199,,0.0180,none
2023-10-05,7454.77,319.08,7135.68,7135.68,0.00,0.00,79,104,100,94.36,1042.56,454.11,361.28,182.35,44.82,7.1504,51,1527.01,187.87,16,0.2048,,0.0180,none
2023-10-06,7914.51,282.02,7632.49,7632.49,0.00,0.00,88,115,112,89.94,1060.46,456.15,372.48,185.86,45.97,7.4633,54,1578.04,194.04,16,0.1994,,0.0180,none
2023-10-07,8270.31,236.64,8033.67,5024.45,3009.22,3009.22,94,124,75,87.98,1119.07,500.23,388.94,183.19,46.71,7.3903,55,1541.41,189.29,16,0.1864,,0.0180,none
2023-10-08,7219.36,255.70,6963.66,3838.06,3125.60,6134.82,77,100,54,93.76,1053.17,453.64,373.92,179.62,45.99,6.8549,54,1437.25,176.78,15,0.1991,,0.0180,none
2023-10-09,6639.08,260.52,6378.56,9872.41,-3493.85,2640.97,73,93,142,90.95,1071.16,494.08,349.29,183.21,44.58,6.1980,53,1563.49,192.71,16,0.2355,,0.0180,none
2023-10-10,7184.44,274.78,6909.66,9550.63,-2640.97,0.00,80,102,139,89.81,1032.79,457.84,345.93,179.70,49.32,6.9563,52,1560.31,192.50,16,0.2172,,0.0180,none
2023-10-11,7248.11,298.68,6949.43,6949.43,0.00,0.00,79,106,99,91.75,1042.52,469.42,360.68,164.20,48.22,6.9525,52,1554.11,191.67,16,0.2144,,0.0180,none
2023-10-12,7599.79,324.83,7274.96,7274.96,0.00,0.00,82,108,102,92.68,1095.05,483.76,383.45,177.27,50.57,6.9401,56,1655.80,205.50,17,0.2179,,0.0180,none
2023-10-13,7902.43,267.81,7634.62,7634.62,0.00,0.00,90,117,114,87.80,1096.86,529.68,351.93,168.25,47.00,7.2046,54,1544.25,189.62,16,0.1954,,0.0180,none
2023-10-14,9090.10,250.68,8839.41,5035.54,3803.87,3803.88,101,131,73,90.00,1181.19,520.71,413.78,195.42,51.28,7.6957,65,1756.86,219.96,18,0.1933,,0.0360,monthly_promotion
2023-10-15,8334.75,279.45,8055.30,3846.53,4208.77,8012.65,89,115,54,93.65,1211.95,559.51,408.67,188.28,55.49,6.8771,65,1750.39,214.43,18,0.2100,,0.0360,monthly_promotion
2023-10-16,7805.34,267.71,7537.64,9894.18,-2356.54,5656.10,87,114,145,89.72,1307.87,589.18,457.14,205.44,56.11,5.9680,70,1762.26,216.38,18,0.2258,,0.0360,monthly_promotion
2023-10-17,7177.98,276.37,6901.60,9897.29,-2995.69,2660.41,78,100,140,92.03,1097.33,507.37,375.15,166.67,48.14,6.5413,54,1448.67,178.69,15,0.2018,,0.0180,none
2023-10-18,7650.79,296.87,7353.93,9717.06,-2363.13,297.28,86,111,144,88.96,1069.57,479.25,354.78,187.95,47.59,7.1531,55,1626.76,201.23,17,0.2126,,0.0180,none
2023-10-19,7761.19,362.29,7398.90,7696.18,-297.28,0.00,84,112,109,92.40,1091.15,466.95,389.69,182.40,52.11,7.1129,55,1661.25,206.61,17,0.2140,,0.0180,none
2023-10-20,8455.38,337.02,8118.35,8118.35,0.00,0.00,95,125,119,89.00,1115.27,514.51,362.14,186.32,52.30,7.5815,57,1621.34,200.32,17,0.1918,,0.0180,none
2023-10-21,8634.60,295.20,8339.39,5046.62,3292.77,3292.77,97,126,74,89.02,1136.10,536.59,373.55,177.65,48.31,7.6002,56,1654.57,205.32,17,0.1916,,0.0180,none
2023-10-22,7446.89,287.53,7159.36,3855.00,3304.36,6597.13,80,105,54,93.09,1117.30,494.87,386.46,184.40,51.57,6.6651,56,1548.02,190.91,16,0.2079,,0.0180,none
2023-10-23,6769.72,281.54,6488.18,9915.96,-3427.78,3169.36,76,100,146,89.08,1050.35,482.25,352.18,169.70,46.22,6.4452,52,1643.95,203.68,17,0.2428,,0.0180,none
2023-10-24,7324.50,281.37,7043.12,9919.07,-2875.95,293.42,79,101,140,92.72,1144.68,512.99,405.97,172.96,52.76,6.3987,57,1591.76,197.35,17,0.2173,,0.0180,none
2023-10-25,7822.21,327.97,7494.24,7787.66,-293.42,0.00,85,111,110,92.03,1129.59,496.40,405.80,180.70,46.69,6.9248,55,1645.92,204.05,17,0.2104,,0.0180,none
2023-10-26,7993.43,307.86,7685.57,7685.57,0.00,0.00,87,117,109,91.88,1148.64,500.49,413.55,185.90,48.70,6.9590,56,1648.09,204.92,17,0.2062,,0.0180,none
2023-10-27,8628.43,295.59,8332.84,8332.84,0.00,0.00,92,123,117,93.79,1196.64,541.11,410.17,193.27,52.09,7.2105,58,1650.91,201.09,17,0.1913,,0.0180,none
2023-10-28,8633.96,267.37,8366.59,5057.71,3308.88,3308.88,93,121,72,92.84,1169.09,547.15,393.72,181.85,46.37,7.3852,55,1650.60,205.01,17,0.1912,,0.0180,none
2023-10-29,7406.15,257.56,7148.59,3863.46,3285.13,6594.01,84,111,57,88.17,1118.73,499.25,387.97,185.37,46.14,6.6201,54,1596.50,196.56,16,0.2156,,0.0180,none
2023-10-30,6880.78,310.49,6570.29,9937.73,-3367.44,3226.57,75,98,141,91.74,1105.80,509.24,376.83,170.69,49.04,6.2224,55,1603.16,198.31,17,0.2330,,0.0180,none
2023-10-31,7369.20,303.24,7065.96,9940.84,-2874.88,351.70,82,106,145,89.87,1122.71,500.79,374.85,194.10,52.97,6.5638,57,1522.77,187.26,16,0.2066,,0.0180,none
2023-11-01,8044.45,315.73,7728.71,8080.41,-351.70,0.00,90,116,118,89.38,1209.22,551.23,405.46,198.56,53.97,6.6526,60,1659.41,206.19,17,0.2063,,0.0180,none
2023-11-02,7825.14,345.34,7479.80,7479.80,0.00,0.00,85,112,106,92.06,1162.70,512.92,414.33,185.19,50.26,6.7301,56,1567.90,193.53,16,0.2004,,0.0180,none
2023-11-03,8554.24,272.22,8282.02,8282.02,0.00,0.00,93,123,118,91.98,1118.56,472.25,408.82,189.46,48.03,7.6475,56,1562.50,192.67,16,0.1827,,0.0180,none
2023-11-04,8670.72,272.43,8398.29,5068.80,3329.49,3329.49,94,124,72,92.24,1171.81,533.36,401.28,183.95,53.22,7.3994,59,1547.13,190.70,16,0.1784,,0.0180,none
2023-11-05,7533.58,264.49,7269.09,3871.93,3397.16,6726.65,83,107,56,90.77,1128.40,519.78,374.49,183.47,50.66,6.6763,57,1521.04,187.17,16,0.2019,,0.0180,none
2023-11-06,7173.30,301.25,6872.05,9959.50,-3087.45,3639.21,81,104,147,88.56,1157.36,553.95,358.93,192.98,51.50,6.1980,58,1768.87,217.28,18,0.2466,,0.0180,none
2023-11-07,7606.37,285.24,7321.13,9962.61,-2641.48,997.73,85,113,145,89.49,1153.29,548.28,379.92,174.08,51.01,6.5954,55,1642.80,203.60,17,0.2160,,0.0180,none
2023-11-08,7949.95,333.85,7616.11,8613.83,-997.72,0.00,90,117,128,88.33,1135.46,498.57,416.26,174.20,46.43,7.0015,54,1729.09,212.31,18,0.2175,,0.0180,none
2023-11-09,8075.84,351.93,7723.91,7723.91,0.00,0.00,87,112,109,92.83,1109.21,492.45,375.01,188.32,53.43,7.2807,58,1517.06,189.05,16,0.1879,,0.0180,none
2023-11-10,8591.12,308.93,8282.19,8282.19,0.00,0.00,93,121,117,92.38,1169.98,551.61,387.91,177.86,52.60,7.3430,58,1556.60,191.77,16,0.1812,,0.0180,none
2023-11-11,8551.00,256.12,8294.88,5079.89,3214.99,3214.99,92,121,71,92.95,1157.11,498.77,409.21,196.89,52.24,7.3900,59,1625.00,200.83,17,0.1900,,0.0180,none
2023-11-12,7670.12,300.13,7369.99,3880.40,3489.59,6704.59,86,112,57,89.19,1121.80,484.35,405.92,182.02,49.51,6.8373,55,1670.93,207.32,17,0.2178,,0.0180,none
2023-11-13,7274.42,294.91,6979.51,9981.27,-3001.76,3702.82,79,106,142,92.08,1171.89,523.68,416.65,182.86,48.70,6.2074,58,1724.05,211.36,18,0.2370,,0.0180,none
2023-11-14,8571.96,328.10,8243.87,9984.38,-1740.51,1962.31,93,124,142,92.17,1291.79,569.73,461.62,207.75,52.69,6.6357,68,1772.52,221.75,18,0.2068,,0.0360,monthly_promotion
2023-11-15,9066.94,316.26,8750.67,9802.54,-1051.87,910.44,102,134,145,88.89,1334.72,601.35,471.27,211.09,51.01,6.7931,69,1938.91,239.35,20,0.2138,,0.0360,monthly_promotion
2023-11-16,9176.44,332.29,8844.15,9620.58,-776.43,134.01,100,131,138,91.76,1270.51,568.21,446.69,199.80,55.81,7.2226,68,2045.53,254.59,21,0.2229,,0.0360,monthly_promotion
2023-11-17,8493.68,292.25,8201.43,8335.44,-134.01,0.00,96,123,124,88.48,1118.65,494.95,395.44,177.22,51.04,7.5928,56,1613.05,199.74,17,0.1899,,0.0180,none
2023-11-18,8666.26,272.39,8393.87,5090.98,3302.89,3302.90,94,123,72,92.19,1135.62,491.23,397.42,192.64,54.33,7.6313,60,1595.10,197.60,17,0.1841,,0.0180,none
2023-11-19,7732.38,327.79,7404.59,3888.86,3515.73,6818.63,84,111,55,92.05,1168.26,530.60,402.40,180.69,54.57,6.6187,59,1561.55,191.93,16,0.2019,,0.0180,none
2023-11-20,9968.52,391.72,9576.80,9002.74,574.06,7392.69,106,141,126,94.04,1648.16,720.09,597.82,263.07,67.18,6.0483,104,2254.03,277.63,23,0.2261,,0.0730,holiday_peak
2023-11-21,10607.25,434.42,10172.84,9005.54,1167.30,8559.98,118,153,132,89.89,1625.60,717.00,565.36,276.23,67.01,6.5251,106,2329.41,290.18,24,0.2196,,0.0730,holiday_peak
2023-11-22,10700.36,397.12,10303.25,8841.52,1461.73,10021.71,115,147,124,93.05,1653.60,754.67,571.88,264.81,62.24,6.4709,106,2104.15,263.59,22,0.1966,,0.0730,holiday_peak
2023-11-23,10994.53,404.18,10590.35,8677.39,1912.96,11934.67,119,157,123,92.39,1749.56,800.00,603.85,284.37,61.34,6.2842,109,2270.66,281.79,23,0.2065,,0.0730,holiday_peak
2023-11-24,11367.23,357.66,11009.57,8179.32,2830.25,14764.92,127,170,120,89.51,1598.70,747.05,538.55,254.31,58.79,7.1103,100,2230.29,278.34,23,0.1962,,0.0730,holiday_peak
2023-11-25,11801.35,474.55,11326.81,4591.86,6734.95,21499.87,129,166,66,91.48,1660.11,775.91,546.47,279.30,58.43,7.1088,103,2352.12,293.78,24,0.1993,,0.0730,holiday_peak
2023-11-26,10659.09,521.23,10137.86,3507.60,6630.26,28130.13,116,152,50,91.89,1685.09,765.48,595.11,258.30,66.20,6.3255,108,2061.05,253.95,22,0.1934,,0.0730,holiday_peak
2023-11-27,9785.48,509.50,9275.99,9022.34,253.65,28383.78,107,141,130,91.45,1703.99,788.28,569.75,284.94,61.02,5.7427,107,2204.93,272.87,23,0.2253,,0.0730,holiday_peak
2023-11-28,10234.98,539.58,9695.40,9025.14,670.26,29054.04,110,143,127,93.05,1630.88,720.96,560.72,285.12,64.08,6.2757,108,2226.03,272.47,23,0.2175,,0.0730,holiday_peak
2023-11-29,11106.89,521.59,10585.30,8860.75,1724.55,30778.59,126,167,132,88.15,1704.49,753.50,606.36,281.57,63.06,6.5163,110,2381.12,294.81,24,0.2144,,0.0730,holiday_peak
2023-11-30,10940.04,570.83,10369.21,8696.26,1672.95,32451.54,119,154,124,91.93,1591.30,758.43,520.12,248.88,63.87,6.8749,102,2132.71,262.38,22,0.1949,,0.0730,holiday_peak
2023-12-01,10806.70,506.40,10300.30,8197.10,2103.20,34554.74,116,155,115,93.16,1476.08,648.54,495.68,270.79,61.07,7.3212,91,2176.10,269.32,23,0.2014,,0.0730,holiday_peak
2023-12-02,11650.55,441.09,11209.46,4601.84,6607.62,41162.37,125,163,65,93.20,1584.50,686.87,564.53,271.41,61.69,7.3528,94,2029.43,251.76,21,0.1742,,0.0730,holiday_peak
2023-12-03,9979.06,488.54,9490.52,3515.22,5975.30,47137.67,106,140,49,94.14,1568.89,717.63,533.34,258.12,59.80,6.3606,96,2036.15,252.66,21,0.2040,,0.0730,holiday_peak
2023-12-04,9462.97,513.65,8949.32,9041.93,-92.61,47045.06,101,132,127,93.69,1554.73,713.24,527.27,252.10,62.12,6.0866,92,2104.72,258.54,22,0.2224,,0.0730,holiday_peak
2023-12-05,9538.65,496.18,9042.47,9044.73,-2.26,47042.80,103,134,128,92.61,1500.48,650.93,519.99,271.44,58.12,6.3571,94,2013.00,248.88,21,0.2110,,0.0730,holiday_peak
2023-12-06,10090.44,525.45,9564.99,8879.98,685.01,47727.80,112,147,129,90.09,1434.89,646.97,490.08,235.19,62.65,7.0322,91,2048.37,251.59,21,0.2030,,0.0730,holiday_peak
2023-12-07,10234.16,558.23,9675.93,8715.13,960.80,48688.59,112,144,125,91.38,1517.73,651.91,539.77,267.96,58.09,6.7431,94,2056.40,256.01,21,0.2009,,0.0730,holiday_peak
2023-12-08,11280.34,457.12,10823.23,8214.88,2608.35,51296.94,125,167,119,90.24,1591.41,735.27,530.36,260.57,65.21,7.0883,97,2137.59,263.71,22,0.1895,,0.0730,holiday_peak
2023-12-09,11415.92,444.37,10971.55,4611.82,6359.73,57656.68,123,163,65,92.81,1506.19,715.55,491.36,235.99,63.29,7.5793,89,2064.97,256.41,21,0.1809,,0.0730,holiday_peak
2023-12-10,10103.82,444.65,9659.17,3522.84,6136.33,63793.00,115,149,52,87.86,1547.11,681.79,548.80,253.14,63.38,6.5308,95,1999.77,247.72,21,0.1979,,0.0730,holiday_peak
2023-12-11,9513.35,452.93,9060.42,9061.53,-1.11,63791.89,102,136,127,93.27,1562.04,740.92,487.84,269.72,63.56,6.0903,97,1992.55,246.76,21,0.2094,,0.0730,holiday_peak
2023-12-12,9959.72,458.62,9501.10,9064.33,436.77,64228.66,107,139,128,93.08,1567.09,735.16,532.81,237.33,61.79,6.3556,96,2198.07,271.77,23,0.2207,,0.0730,holiday_peak
2023-12-13,10118.10,555.48,9562.62,8899.22,663.40,64892.07,114,147,131,88.76,1477.62,658.43,516.93,244.59,57.67,6.8476,90,2112.72,260.19,22,0.2088,,0.0730,holiday_peak
2023-12-14,10685.84,526.21,10159.63,8734.00,1425.63,66317.69,117,151,125,91.33,1542.58,723.57,505.05,249.10,64.86,6.9273,97,2236.48,277.18,23,0.2093,,0.0730,holiday_peak
2023-12-15,10969.33,460.22,10509.11,8232.66,2276.45,68594.14,117,154,115,93.75,1591.30,702.13,561.87,268.84,58.46,6.8933,98,2081.35,256.96,22,0.1897,,0.0730,holiday_peak
2023-12-16,11128.00,403.11,10724.88,4621.80,6103.08,74697.23,123,158,67,90.47,1512.53,666.61,522.87,267.14,55.91,7.3572,91,1827.57,225.86,19,0.1642,,0.0730,holiday_peak
2023-12-17,10064.28,473.34,9590.95,3530.46,6060.49,80757.72,109,145,50,92.33,1597.14,717.59,557.41,259.30,62.84,6.3014,98,2163.90,266.76,22,0.2150,,0.0730,holiday_peak
2023-12-18,9385.93,435.04,8950.90,9081.12,-130.22,80627.49,105,135,134,89.39,1576.59,709.13,543.94,263.43,60.09,5.9533,96,2040.80,252.95,21,0.2174,,0.0730,holiday_peak
2023-12-19,7537.26,400.79,7136.48,10093.25,-2956.77,77670.72,85,109,149,88.67,1190.81,532.55,410.34,197.18,50.74,6.3295,57,1611.92,199.90,17,0.2139,,0.0180,none
2023-12-20,7856.34,423.02,7433.32,9909.39,-2476.07,75194.65,85,109,141,92.43,1097.65,480.48,387.74,179.14,50.29,7.1574,56,1651.76,204.17,17,0.2102,,0.0180,none
2023-12-21,7985.64,401.90,7583.74,9725.41,-2141.67,73052.98,85,114,135,93.95,1134.46,501.84,406.09,179.33,47.20,7.0392,54,1658.59,205.66,17,0.2077,,0.0180,none
2023-12-22,8776.51,387.02,8389.48,9167.16,-777.68,72275.31,97,127,133,90.48,1181.13,534.65,415.51,179.91,51.06,7.4306,57,1635.46,203.12,17,0.1863,,0.0180,none
2023-12-23,8738.78,377.89,8360.89,5146.42,3214.47,75489.79,99,130,76,88.27,1127.39,483.70,405.85,183.35,54.49,7.7513,57,1631.78,202.63,17,0.1867,,0.0180,none
2023-12-24,7644.38,291.06,7353.32,3931.20,3422.12,78911.91,85,114,57,89.93,1156.15,554.34,362.43,190.18,49.20,6.6119,58,1664.80,206.09,17,0.2178,,0.0180,none
2023-12-25,7210.66,289.06,6921.60,10111.91,-3190.31,75721.60,78,102,143,92.44,1145.59,558.77,360.60,172.83,53.39,6.2943,58,1503.30,186.54,16,0.2085,,0.0180,none
2023-12-26,7403.28,290.99,7112.29,10115.02,-3002.73,72718.87,84,109,150,88.13,1154.68,514.99,389.05,199.08,51.56,6.4115,59,1554.04,191.17,16,0.2099,,0.0180,none
2023-12-27,7688.11,357.10,7331.01,9930.76,-2599.75,70119.12,87,117,147,88.37,1158.46,553.20,375.92,177.43,51.91,6.6365,59,1628.98,201.88,17,0.2119,,0.0180,none
2023-12-28,8076.03,319.61,7756.42,9746.38,-1989.96,68129.16,89,116,141,90.74,1173.71,518.13,408.34,196.48,50.76,6.8808,59,1607.16,199.30,17,0.1990,,0.0180,none
2023-12-29,8703.12,313.00,8390.12,9186.91,-796.79,67332.37,97,130,134,89.72,1185.47,516.89,415.57,199.58,53.43,7.3415,60,1713.04,210.71,18,0.1968,,0.0180,none
2023-12-30,8885.43,281.11,8604.32,5157.50,3446.82,70779.18,101,132,77,87.97,1138.37,488.22,414.35,186.35,49.45,7.8054,55,1607.86,199.23,17,0.1810,,0.0180,none
2023-12-31,7576.24,303.25,7272.99,3939.67,3333.32,74112.50,84,109,57,90.19,1124.53,534.90,360.99,176.39,52.25,6.7373,55,1669.57,207.57,17,0.2204,,0.0180,none
2024-01-01,7089.56,285.83,6803.72,10133.68,-3329.96,70782.54,75,98,141,94.53,1116.22,491.27,404.07,173.88,47.00,6.3514,55,1535.72,188.12,16,0.2166,,0.0180,none
2024-01-02,7441.02,297.06,7143.97,10136.79,-2992.82,67789.71,83,106,147,89.65,1142.88,487.89,414.12,190.14,50.73,6.5108,58,1625.33,201.80,17,0.2184,,0.0180,none
2024-01-03,7658.34,345.22,7313.12,9952.13,-2639.01,65150.71,85,113,145,90.10,1157.44,527.22,405.08,178.23,46.91,6.6166,57,1560.21,191.58,16,0.2037,,0.0180,none
2024-01-04,7882.54,313.66,7568.88,9767.35,-2198.47,62952.24,89,118,145,88.57,1078.76,488.46,357.59,183.65,49.06,7.3070,55,1545.67,190.53,16,0.1961,,0.0180,none
2024-01-05,8302.13,267.88,8034.25,9206.67,-1172.42,61779.83,90,116,131,92.25,1170.79,538.60,383.97,197.81,50.41,7.0910,59,1570.61,193.39,16,0.1892,,0.0180,none
2024-01-06,8551.31,273.82,8277.48,5168.59,3108.89,64888.72,91,120,72,93.97,1167.26,528.71,397.06,192.50,48.99,7.3260,59,1487.33,184.80,16,0.1739,,0.0180,none
2024-01-07,7729.46,294.19,7435.27,3948.13,3487.14,68375.86,85,110,57,90.93,1101.60,497.00,372.68,178.67,53.25,7.0166,57,1639.91,202.72,17,0.2122,,0.0180,none
2024-01-08,7066.49,312.20,6754.28,10155.46,-3401.18,64974.68,76,101,143,92.98,1146.03,504.48,390.41,197.72,53.42,6.1661,60,1648.21,204.03,17,0.2332,,0.0180,none
2024-01-09,7197.34,279.62,6917.72,10158.57,-3240.85,61733.84,79,106,146,91.11,1142.49,529.89,388.03,171.47,53.10,6.2997,56,1567.24,193.36,16,0.2178,,0.0180,none
2024-01-10,7848.34,307.38,7540.96,9973.50,-2432.54,59301.30,85,110,141,92.33,1169.12,541.53,391.09,187.89,48.61,6.7130,58,1574.43,193.55,16,0.2006,,0.0180,none
2024-01-11,7762.43,336.90,7425.53,9788.31,-2362.78,56938.52,87,116,143,89.22,1142.46,502.72,401.30,187.78,50.66,6.7945,56,1650.14,204.48,17,0.2126,,0.0180,none
2024-01-12,8205.47,284.41,7921.06,9226.43,-1305.37,55633.15,88,117,129,93.24,1125.24,496.98,400.20,176.72,51.34,7.2922,57,1642.29,204.23,17,0.2001,,0.0180,none
2024-01-13,8360.30,284.86,8075.44,5179.68,2895.76,58528.91,93,123,76,89.90,1119.15,502.97,380.11,186.03,50.04,7.4702,56,1528.31,188.21,16,0.1828,,0.0180,none
2024-01-14,8231.28,293.31,7937.97,3956.60,3981.37,62510.28,91,121,57,90.45,1283.44,592.67,436.74,202.05,51.98,6.4135,70,1716.27,210.92,18,0.2085,,0.0360,monthly_promotion
2024-01-15,7857.94,320.59,7537.36,10177.23,-2639.87,59870.41,88,117,149,89.29,1284.84,599.22,421.31,208.76,55.55,6.1159,70,1815.52,225.01,19,0.2310,,0.0360,monthly_promotion
2024-01-16,7960.97,312.29,7648.69,10180.34,-2531.65,57338.76,88,118,147,90.47,1275.14,558.89,459.67,200.82,55.76,6.2432,72,1646.05,204.04,17,0.2068,,0.0360,monthly_promotion
2024-01-17,7347.09,331.00,7016.09,9994.87,-2978.78,54359.98,82,109,147,89.60,1048.86,475.35,352.89,172.99,47.63,7.0048,53,1562.86,193.01,16,0.2127,,0.0180,none
2024-01-18,7757.40,297.12,7460.28,9809.28,-2349.00,52010.98,83,109,137,93.46,1098.43,467.13,398.80,186.82,45.68,7.0623,56,1526.08,189.33,16,0.1967,,0.0180,none
2024-01-19,8040.62,323.10,7717.51,9246.18,-1528.67,50482.31,86,113,130,93.50,1112.62,515.89,381.26,168.10,47.37,7.2267,54,1662.47,206.01,17,0.2068,,0.0180,none
2024-01-20,8374.54,309.33,8065.22,5190.77,2874.45,53356.76,90,118,73,93.05,1125.62,509.05,389.35,180.20,47.02,7.4399,54,1529.80,189.79,16,0.1827,,0.0180,none
2024-01-21,7135.42,299.49,6835.94,3965.07,2870.87,56227.63,76,101,56,93.89,1068.81,498.24,355.76,167.98,46.83,6.6760,54,1454.79,179.89,15,0.2039,,0.0180,none
2024-01-22,6805.83,296.94,6508.89,10199.00,-3690.11,52537.51,75,98,147,90.74,1064.40,474.73,368.53,170.37,50.77,6.3941,55,1610.04,198.94,17,0.2366,,0.0180,none
2024-01-23,7341.10,316.53,7024.57,10202.11,-3177.54,49359.97,80,104,146,91.76,1106.99,525.31,362.71,172.01,46.96,6.6316,55,1500.13,186.15,16,0.2043,,0.0180,none
2024-01-24,7563.54,289.15,7274.39,10016.24,-2741.85,46618.13,86,112,149,87.95,1118.12,530.34,354.99,183.22,49.57,6.7645,57,1643.28,203.23,17,0.2173,,0.0180,none
2024-01-25,7704.08,324.33,7379.75,9830.25,-2450.50,44167.63,86,115,144,89.58,1087.23,512.51,344.83,185.52,44.37,7.0860,52,1465.18,180.26,15,0.1902,,0.0180,none
2024-01-26,7991.12,265.24,7725.88,9265.94,-1540.06,42627.57,89,119,135,89.79,1089.57,516.15,356.30,166.86,50.26,7.3342,53,1542.87,190.03,16,0.1931,,0.0180,none
2024-01-27,8363.57,275.10,8088.46,5201.86,2886.60,45514.18,94,123,77,88.97,1088.37,502.20,370.59,164.46,51.12,7.6845,54,1549.94,191.05,16,0.1853,,0.0180,none
2024-01-28,7346.80,272.94,7073.87,3973.54,3100.33,48614.51,80,107,56,91.84,1092.90,477.55,391.47,174.43,49.45,6.7223,56,1545.60,190.47,16,0.2104,,0.0180,none
2024-01-29,6894.46,265.23,6629.23,10220.77,-3591.54,45022.97,77,102,150,89.54,1102.31,523.80,360.02,173.52,44.97,6.2546,55,1497.91,186.31,16,0.2173,,0.0180,none
2024-01-30,7059.73,300.28,6759.46,10223.88,-3464.42,41558.54,79,105,150,89.36,1073.71,497.22,345.48,180.58,50.43,6.5751,54,1644.88,204.16,17,0.2330,,0.0180,none
2024-01-31,7317.79,294.69,7023.10,10037.61,-3014.51,38544.04,82,109,148,89.24,1090.11,495.85,366.63,177.49,50.14,6.7129,56,1475.32,185.63,15,0.2016,,0.0180,none
2024-02-01,7546.75,338.08,7208.68,9851.21,-2642.53,35901.50,81,106,139,93.17,1101.69,520.81,363.02,169.09,48.77,6.8502,53,1426.47,175.28,15,0.1890,,0.0180,none
2024-02-02,7868.08,263.22,7604.85,9285.70,-1680.85,34220.66,85,114,132,92.57,1074.24,487.95,358.56,183.87,43.86,7.3243,55,1568.90,193.63,16,0.1994,,0.0180,none
2024-02-03,8367.75,252.90,8114.85,5212.94,2901.91,37122.56,92,122,75,90.95,1077.90,503.63,359.31,164.37,50.59,7.7630,54,1538.19,191.04,16,0.1838,,0.0180,none
2024-02-04,7243.11,263.42,6979.69,3982.00,2997.69,40120.25,78,100,56,92.86,1082.05,506.83,359.14,170.69,45.39,6.6939,53,1664.26,206.52,17,0.2298,,0.0180,none
2024-02-05,6680.83,287.68,6393.15,10242.55,-3849.40,36270.85,71,94,143,94.10,1049.90,479.69,354.41,165.39,50.41,6.3633,55,1669.03,207.62,17,0.2498,,0.0180,none
2024-02-06,7080.24,295.52,6784.73,10245.66,-3460.93,32809.92,77,99,146,91.95,1093.19,507.95,364.50,176.13,44.61,6.4767,53,1457.36,177.85,15,0.2058,,0.0180,none
2024-02-07,7274.81,295.89,6978.92,10058.98,-3080.06,29729.87,79,101,144,92.09,1068.83,462.23,389.50,171.52,45.58,6.8063,53,1680.04,208.28,17,0.2309,,0.0180,none
2024-02-08,7316.30,321.69,6994.61,9872.18,-2877.57,26852.30,83,110,147,88.15,1088.70,480.67,375.16,185.04,47.83,6.7202,54,1536.48,191.57,16,0.2100,,0.0180,none
2024-02-09,7929.41,296.28,7633.13,9305.45,-1672.32,25179.97,87,115,133,91.14,1066.48,486.44,365.48,165.06,49.50,7.4351,53,1439.00,176.74,15,0.1815,,0.0180,none
2024-02-10,7781.99,270.84,7511.15,5224.03,2287.12,27467.09,86,114,75,90.49,1020.65,484.08,331.18,158.74,46.65,7.6245,51,1560.98,192.46,16,0.2006,,0.0180,none
2024-02-11,7045.75,270.56,6775.18,3990.47,2784.71,30251.80,80,105,59,88.07,1021.38,452.84,359.45,159.36,49.73,6.8983,51,1411.57,174.06,15,0.2003,,0.0180,none
2024-02-12,6383.55,287.58,6095.97,10264.32,-4168.35,26083.45,70,90,148,91.19,1019.21,475.55,337.04,158.30,48.32,6.2632,51,1431.74,176.02,15,0.2243,,0.0180,none
2024-02-13,6716.88,296.26,6420.62,10267.43,-3846.81,22236.65,75,98,150,89.56,1060.60,472.89,373.22,169.78,44.71,6.3331,52,1330.54,165.52,14,0.1981,,0.0180,none
2024-02-14,8107.40,292.99,7814.41,10080.35,-2265.94,19970.71,91,120,148,89.09,1220.88,570.33,420.03,184.78,45.74,6.6406,64,1761.62,216.17,18,0.2173,,0.0360,monthly_promotion
2024-02-15,7905.13,272.38,7632.75,9893.15,-2260.40,17710.31,89,115,146,88.82,1159.85,498.44,434.38,181.25,45.78,6.8156,62,1616.42,196.69,17,0.2045,,0.0360,monthly_promotion
2024-02-16,8607.28,284.80,8322.48,9325.21,-1002.73,16707.58,94,120,133,91.57,1121.17,523.20,370.19,179.17,48.61,7.6771,62,1549.98,192.78,16,0.1801,,0.0360,monthly_promotion
2024-02-17,7713.29,249.51,7463.78,5235.12,2228.66,18936.24,84,111,75,91.82,1011.80,431.14,368.12,166.34,46.20,7.6233,52,1428.01,175.60,15,0.1851,,0.0180,none
2024-02-18,7104.55,268.95,6835.59,3998.94,2836.65,21772.90,79,105,58,89.93,1020.99,450.95,344.50,177.80,47.74,6.9585,52,1450.67,182.79,15,0.2042,,0.0180,none
2024-02-19,6644.15,325.43,6318.72,10286.09,-3967.37,17805.53,72,95,145,92.28,1055.12,485.38,365.77,156.67,47.30,6.2971,53,1467.71,178.67,15,0.2209,,0.0180,none
2024-02-20,6869.89,312.37,6557.52,10289.20,-3731.68,14073.84,77,100,151,89.22,1012.57,468.35,322.68,174.71,46.83,6.7846,51,1538.57,189.24,16,0.2240,,0.0180,none
2024-02-21,7266.90,339.37,6927.53,10101.72,-3174.19,10899.65,81,105,148,89.71,1061.21,496.50,354.29,164.24,46.18,6.8477,52,1655.16,205.33,17,0.2278,,0.0180,none
2024-02-22,7337.28,287.09,7050.19,9914.11,-2863.92,8035.73,81,107,143,90.58,1049.28,478.46,371.20,155.89,43.73,6.9927,48,1444.29,179.47,15,0.1968,,0.0180,none
2024-02-23,7704.66,289.03,7415.63,9344.97,-1929.34,6106.40,86,110,136,89.59,993.32,442.91,330.39,171.72,48.30,7.7565,51,1537.38,188.52,16,0.1995,,0.0180,none
2024-02-24,7700.95,252.71,7448.24,5246.21,2202.03,8308.43,83,109,74,92.78,1055.51,491.70,354.02,163.67,46.12,7.2960,53,1453.54,177.55,15,0.1887,,0.0180,none
2024-02-25,6586.31,246.76,6339.55,4007.40,2332.15,10640.57,70,92,56,94.09,995.92,437.98,341.32,174.23,42.39,6.6133,49,1365.38,170.09,14,0.2073,,0.0180,none
2024-02-26,6351.24,269.60,6081.64,10307.87,-4226.23,6414.34,70,91,150,90.73,1021.44,465.39,349.32,165.78,40.95,6.2179,48,1428.05,177.74,15,0.2248,,0.0180,none
2024-02-27,6582.54,261.53,6321.01,10310.98,-3989.97,2424.38,72,96,148,91.42,993.50,421.78,358.70,171.53,41.49,6.6256,49,1378.06,171.93,14,0.2094,,0.0180,none
2024-02-28,6586.85,311.57,6275.28,8699.66,-2424.38,0.00,72,92,124,91.48,969.36,449.97,322.13,152.14,45.12,6.7951,48,1331.61,162.95,14,0.2022,,0.0180,none
2024-02-29,6941.24,298.07,6643.17,6643.17,0.00,0.00,78,105,98,88.99,968.26,450.73,317.49,156.60,43.44,7.1688,48,1269.90,157.11,13,0.1830,,0.0180,none
2024-03-01,7091.83,246.36,6845.47,6845.47,0.00,0.00,77,103,98,92.10,985.13,416.25,366.38,161.90,40.60,7.1989,46,1299.34,158.47,14,0.1832,,0.0180,none
2024-03-02,7627.36,255.18,7372.19,5257.30,2114.89,2114.89,81,104,73,94.16,1025.88,469.06,358.19,157.66,40.97,7.4349,50,1441.77,177.71,15,0.1890,,0.0180,none
2024-03-03,6897.87,247.50,6650.36,4015.87,2634.49,4749.38,74,96,56,93.21,1012.81,456.29,350.68,162.74,43.10,6.8106,51,1450.09,176.67,15,0.2102,,0.0180,none
2024-03-04,6062.11,269.07,5793.05,10329.64,-4536.59,212.79,67,89,150,90.48,985.85,428.10,347.95,164.02,45.78,6.1491,52,1371.27,171.39,14,0.2262,,0.0180,none
2024-03-05,6376.73,253.06,6123.67,6336.46,-212.79,0.00,70,91,92,91.10,1001.50,477.36,326.08,154.25,43.81,6.3672,48,1420.60,175.07,15,0.2228,,0.0180,none
2024-03-06,6734.19,253.55,6480.64,6480.64,0.00,0.00,73,95,91,92.25,994.75,445.27,346.40,163.08,40.00,6.7697,47,1357.08,167.02,14,0.2015,,0.0180,none
2024-03-07,6798.35,269.27,6529.08,6529.08,0.00,0.00,76,100,96,89.45,1010.17,459.11,346.32,162.22,42.52,6.7299,51,1367.22,170.53,14,0.2011,,0.0180,none
2024-03-08,7234.97,278.87,6956.10,6956.10,0.00,0.00,82,105,104,88.23,988.72,442.55,337.07,165.35,43.75,7.3175,49,1258.11,155.85,13,0.1739,,0.0180,none
2024-03-09,7549.25,224.73,7324.52,5268.38,2056.14,2056.13,83,107,76,90.95,998.54,456.97,343.26,157.19,41.12,7.5603,49,1371.69,169.43,14,0.1817,,0.0180,none
2024-03-10,6450.79,229.52,6221.27,4024.34,2196.93,4253.07,70,92,57,92.15,993.34,440.29,351.72,161.46,39.87,6.4940,47,1357.16,167.94,14,0.2104,,0.0180,none
2024-03-11,6021.30,246.70,5774.60,10027.67,-4253.07,0.00,68,88,148,88.55,963.45,415.68,334.78,169.36,43.63,6.2497,48,1350.62,165.40,14,0.2243,,0.0180,none
2024-03-12,6514.45,252.34,6262.12,6262.12,0.00,0.00,73,97,92,89.24,948.66,448.57,312.73,145.70,41.66,6.8670,45,1462.29,182.59,15,0.2245,,0.0180,none
2024-03-13,6438.55,270.16,6168.39,6168.39,0.00,0.00,69,88,86,93.31,919.08,410.45,315.67,151.87,41.09,7.0054,46,1314.76,164.01,14,0.2042,,0.0180,none
2024-03-14,7848.12,288.59,7559.53,7559.53,0.00,0.00,84,112,106,93.43,1145.94,518.71,397.04,183.72,46.47,6.8486,60,1617.59,200.27,17,0.2061,,0.0360,monthly_promotion
2024-03-15,8079.38,261.62,7817.77,7817.77,0.00,0.00,86,115,109,93.95,1094.33,512.32,357.93,177.49,46.59,7.3829,59,1442.25,178.06,15,0.1785,,0.0360,monthly_promotion
2024-03-16,8200.58,220.89,7979.69,5279.47,2700.22,2700.22,92,120,77,89.14,1077.70,492.78,359.31,177.90,47.71,7.6093,61,1430.05,175.71,15,0.1744,,0.0360,monthly_promotion
2024-03-17,6522.96,266.65,6256.31,4032.81,2223.50,4923.71,74,98,60,88.15,992.34,454.67,340.11,158.76,38.80,6.5733,45,1341.09,166.80,14,0.2056,,0.0180,none
2024-03-18,6043.82,247.35,5796.47,10373.18,-4576.71,347.00,66,89,148,91.57,950.29,441.95,324.39,143.37,40.58,6.3600,47,1333.33,162.53,14,0.2206,,0.0180,none
2024-03-19,6293.98,308.52,5985.46,6332.46,-347.00,0.00,68,88,89,92.56,962.37,451.51,322.29,143.66,44.91,6.5401,48,1328.82,162.54,14,0.2111,,0.0180,none
2024-03-20,6334.73,290.56,6044.17,6044.17,0.00,0.00,69,91,87,91.81,928.21,433.80,303.05,149.34,42.02,6.8247,46,1237.73,153.26,13,0.1954,,0.0180,none
2024-03-21,6692.30,308.92,6383.38,6383.38,0.00,0.00,75,98,93,89.23,900.40,414.36,298.17,149.55,38.32,7.4326,45,1358.35,169.84,14,0.2030,,0.0180,none
2024-03-22,7100.65,262.81,6837.84,6837.84,0.00,0.00,81,105,102,87.66,958.59,432.24,335.06,151.99,39.30,7.4074,46,1365.96,166.49,14,0.1924,,0.0180,none
2024-03-23,6949.71,237.44,6712.28,5290.56,1421.72,1421.72,79,102,79,87.97,935.95,427.96,305.33,163.39,39.27,7.4253,46,1256.88,155.25,13,0.1809,,0.0180,none
2024-03-24,6015.40,225.97,5789.43,4041.27,1748.16,3169.88,68,89,60,88.46,882.30,397.49,295.39,149.02,40.40,6.8179,44,1247.86,154.51,13,0.2074,,0.0180,none
2024-03-25,5900.34,238.46,5661.88,8831.75,-3169.87,0.00,63,83,124,93.66,904.84,406.64,314.76,143.41,40.03,6.5209,46,1323.87,165.31,14,0.2244,,0.0180,none
2024-03-26,6072.21,270.45,5801.76,5801.76,0.00,0.00,68,88,85,89.30,899.88,419.80,296.57,145.52,37.99,6.7478,44,1343.55,167.85,14,0.2213,,0.0180,none
2024-03-27,6277.84,252.15,6025.69,6025.69,0.00,0.00,67,89,85,93.70,905.10,413.42,293.39,156.88,41.41,6.9361,45,1310.75,163.49,14,0.2088,,0.0180,none
2024-03-28,6718.63,243.10,6475.53,6475.53,0.00,0.00,72,95,91,93.31,961.72,449.07,312.23,157.93,42.49,6.9861,47,1373.17,171.20,14,0.2044,,0.0180,none
2024-03-29,6944.34,211.56,6732.78,6732.78,0.00,0.00,75,99,95,92.59,944.50,435.32,316.37,151.96,40.85,7.3524,46,1241.67,152.83,13,0.1788,,0.0180,none
2024-03-30,7054.08,233.83,6820.25,5301.65,1518.60,1518.60,80,104,78,88.18,896.64,408.36,302.22,144.28,41.78,7.8672,45,1270.90,156.62,13,0.1802,,0.0180,none
2024-03-31,6107.66,219.38,5888.28,4049.74,1838.54,3357.13,67,87,58,91.16,898.71,431.34,288.44,140.79,38.14,6.7960,45,1274.81,157.85,13,0.2087,,0.0180,none
2024-04-01,5583.09,248.02,5335.07,8692.21,-3357.14,0.00,60,78,123,93.05,893.10,381.75,316.93,154.24,40.18,6.2514,46,1260.74,156.30,13,0.2258,,0.0180,none
2024-04-02,6141.57,274.41,5867.16,5867.16,0.00,0.00,66,88,82,93.05,917.20,434.93,288.38,153.74,40.15,6.6960,46,1357.64,169.18,14,0.2211,,0.0180,none
2024-04-03,6313.48,260.43,6053.06,6053.06,0.00,0.00,68,90,85,92.85,925.07,427.91,297.60,158.49,41.07,6.8249,47,1227.92,151.87,13,0.1945,,0.0180,none
2024-04-04,6362.20,272.99,6089.21,6089.21,0.00,0.00,69,90,86,92.21,926.35,418.05,328.45,138.51,41.34,6.8680,46,1225.68,151.69,13,0.1927,,0.0180,none
2024-04-05,6649.79,234.09,6415.69,6415.69,0.00,0.00,74,99,94,89.86,897.36,433.79,284.21,136.49,42.87,7.4104,45,1283.27,158.96,13,0.1930,,0.0180,none
2024-04-06,6777.35,219.20,6558.15,5312.74,1245.41,1245.41,72,92,74,94.13,890.83,406.17,290.57,156.92,37.17,7.6079,45,1332.53,166.10,14,0.1966,,0.0180,none
2024-04-07,6139.34,215.87,5923.47,4058.21,1865.26,3110.68,66,86,57,93.02,873.69,398.14,295.67,137.81,42.07,7.0269,44,1263.28,156.60,13,0.2058,,0.0180,none
2024-04-08,5718.81,222.70,5496.10,8606.79,-3110.69,0.00,62,81,122,92.24,900.55,428.59,284.46,146.89,40.61,6.3504,44,1229.99,152.21,13,0.2151,,0.0180,none
2024-04-09,5945.58,227.86,5717.72,5717.72,0.00,0.00,66,87,84,90.08,876.48,380.62,308.70,148.90,38.26,6.7835,44,1342.62,166.77,14,0.2258,,0.0180,none
2024-04-10,6026.61,253.63,5772.98,5772.98,0.00,0.00,67,86,84,89.95,867.42,374.88,313.07,141.25,38.22,6.9477,42,1327.95,165.29,14,0.2203,,0.0180,none
2024-04-11,6211.08,273.80,5937.29,5937.29,0.00,0.00,67,88,84,92.70,896.58,414.55,298.20,143.68,40.15,6.9275,45,1214.80,149.86,13,0.1956,,0.0180,none
2024-04-12,6533.39,218.53,6314.86,6314.86,0.00,0.00,70,93,88,93.33,864.50,373.76,303.66,149.41,37.67,7.5574,43,1237.63,153.21,13,0.1894,,0.0180,none
2024-04-13,6678.81,228.32,6450.49,5323.82,1126.67,1126.66,75,98,78,89.05,865.52,401.94,292.27,133.39,37.92,7.7165,42,1236.28,152.96,13,0.1851,,0.0180,none
2024-04-14,6748.65,234.26,6514.39,4066.68,2447.71,3574.38,74,96,58,91.20,1013.06,465.41,354.60,152.82,40.23,6.6616,53,1336.37,163.21,14,0.1980,,0.0360,monthly_promotion
2024-04-15,6398.94,241.23,6157.71,9732.09,-3574.38,0.00,69,89,137,92.74,1071.70,490.29,367.50,174.84,39.07,5.9708,56,1352.26,165.10,14,0.2113,,0.0360,monthly_promotion
2024-04-16,6598.74,227.43,6371.31,6371.31,0.00,0.00,73,97,92,90.39,1016.78,433.52,364.00,175.39,43.87,6.4898,56,1329.67,166.13,14,0.2015,,0.0360,monthly_promotion
2024-04-17,6061.69,231.82,5829.87,5829.87,0.00,0.00,64,85,81,94.71,897.66,406.57,310.55,143.60,36.94,6.7528,42,1236.98,152.80,13,0.2041,,0.0180,none
2024-04-18,6190.49,238.52,5951.97,5951.97,0.00,0.00,67,86,84,92.40,863.54,379.46,298.90,147.80,37.38,7.1687,43,1151.83,141.23,12,0.1861,,0.0180,none
2024-04-19,6707.20,271.89,6435.31,6435.31,0.00,0.00,73,97,92,91.88,920.99,411.96,315.67,152.85,40.51,7.2826,45,1273.97,157.41,13,0.1899,,0.0180,none
2024-04-20,6614.51,231.44,6383.07,5334.91,1048.16,1048.16,75,99,79,88.19,859.07,366.75,306.75,149.33,36.24,7.6996,43,1213.40,149.92,13,0.1834,,0.0180,none
2024-04-21,5845.53,252.21,5593.32,4075.14,1518.18,2566.34,66,87,60,88.57,877.21,387.61,299.94,148.82,40.84,6.6638,46,1249.52,154.35,13,0.2138,,0.0180,none
2024-04-22,5317.99,245.99,5072.00,7638.34,-2566.34,0.00,60,77,113,88.63,891.15,396.53,320.35,134.61,39.66,5.9676,43,1123.72,137.49,12,0.2113,,0.0180,none
2024-04-23,5798.66,237.51,5561.15,5561.15,0.00,0.00,65,87,81,89.21,902.55,417.44,304.25,140.72,40.14,6.4248,45,1191.49,145.66,12,0.2055,,0.0180,none
2024-04-24,5996.44,261.08,5735.36,5735.36,0.00,0.00,64,83,80,93.69,889.68,396.69,309.78,143.12,40.09,6.7400,45,1268.63,156.84,13,0.2116,,0.0180,none
2024-04-25,5942.82,243.21,5699.61,5699.61,0.00,0.00,67,89,84,88.70,907.89,415.92,316.17,137.42,38.38,6.5457,45,1045.24,129.34,11,0.1759,,0.0180,none
2024-04-26,6587.64,219.79,6367.85,6367.85,0.00,0.00,70,91,89,94.11,878.24,378.99,310.83,147.55,40.87,7.5010,44,1270.25,156.72,13,0.1928,,0.0180,none
2024-04-27,6726.27,215.53,6510.74,5346.00,1164.74,1164.74,76,98,79,88.50,859.09,408.84,281.47,133.05,35.73,7.8295,42,1271.39,157.04,13,0.1890,,0.0180,none
2024-04-28,6082.11,216.00,5866.11,4083.61,1782.50,2947.24,66,85,58,92.15,894.12,394.55,312.41,149.61,37.55,6.8023,44,1285.20,158.96,13,0.2113,,0.0180,none
2024-04-29,5320.21,235.90,5084.31,8031.55,-2947.24,0.00,58,77,114,91.73,807.22,361.82,272.16,136.99,36.25,6.5908,41,1250.74,154.48,13,0.2351,,0.0180,none
2024-04-30,5656.13,214.29,5441.84,5441.84,0.00,0.00,64,85,80,88.38,857.27,377.63,295.30,143.97,40.37,6.5978,44,1241.74,153.46,13,0.2195,,0.0180,none
2024-05-01,5977.96,266.87,5711.09,5711.09,0.00,0.00,65,87,81,91.97,845.62,377.15,294.31,135.29,38.87,7.0693,42,1240.51,153.22,13,0.2075,,0.0180,none
2024-05-02,6110.28,268.30,5841.98,5841.98,0.00,0.00,67,87,83,91.20,879.93,400.50,294.47,145.62,39.34,6.9441,44,1260.77,155.38,13,0.2063,,0.0180,none
2024-05-03,6130.47,219.85,5910.62,5910.62,0.00,0.00,68,89,86,90.15,812.24,360.07,279.15,137.52,35.50,7.5476,39,1131.52,138.25,12,0.1846,,0.0180,none
2024-05-04,6389.70,194.34,6195.36,5357.09,838.27,838.27,71,92,78,90.00,822.09,381.21,273.68,129.83,37.37,7.7725,41,1155.39,141.06,12,0.1808,,0.0180,none
2024-05-05,5817.85,207.85,5609.99,4092.08,1517.91,2356.19,63,84,58,92.35,882.17,399.73,312.45,132.78,37.21,6.5949,44,1246.89,154.52,13,0.2143,,0.0180,none
2024-05-06,5285.76,238.32,5047.44,7403.63,-2356.19,0.00,58,75,107,91.13,845.47,387.91,288.74,130.26,38.56,6.2519,41,1269.08,156.79,13,0.2401,,0.0180,none
2024-05-07,5732.49,232.98,5499.51,5499.51,0.00,0.00,64,85,80,89.57,888.37,409.69,311.56,129.66,37.46,6.4528,43,1248.17,154.77,13,0.2177,,0.0180,none
2024-05-08,5705.47,230.32,5475.15,5475.15,0.00,0.00,61,78,77,93.53,866.26,383.15,311.26,136.64,35.21,6.5863,42,1180.09,144.37,12,0.2068,,0.0180,none
2024-05-09,5905.87,232.20,5673.66,5673.66,0.00,0.00,65,87,82,90.86,811.14,367.96,272.08,133.03,38.07,7.2810,43,1241.07,152.77,13,0.2101,,0.0180,none
2024-05-10,6278.34,204.11,6074.24,6074.24,0.00,0.00,70,92,89,89.69,817.28,365.25,280.59,133.81,37.63,7.6820,41,1238.28,152.99,13,0.1972,,0.0180,none
2024-05-11,6344.17,208.05,6136.12,5368.18,767.94,767.95,72,95,80,88.11,824.33,361.65,292.24,131.49,38.95,7.6962,42,1052.66,131.00,11,0.1659,,0.0180,none
2024-05-12,5595.88,214.96,5380.92,4100.54,1280.38,2048.32,62,83,59,90.26,862.10,366.89,309.13,147.37,38.71,6.4910,43,1165.40,146.10,12,0.2083,,0.0180,none
2024-05-13,5294.94,208.90,5086.05,7134.37,-2048.32,0.00,58,76,103,91.29,803.41,354.88,269.10,142.08,37.35,6.5906,39,1235.37,152.96,13,0.2333,,0.0180,none
2024-05-14,6368.39,227.16,6141.23,6141.23,0.00,0.00,68,91,86,93.65,1018.19,458.05,347.85,169.19,43.10,6.2546,56,1322.72,161.19,14,0.2077,,0.0360,monthly_promotion
2024-05-15,6429.82,247.88,6181.93,6181.93,0.00,0.00,69,91,87,93.19,991.76,448.19,346.93,155.36,41.28,6.4832,54,1237.14,152.67,13,0.1924,,0.0360,monthly_promotion
2024-05-16,6591.14,256.17,6334.98,6334.98,0.00,0.00,72,94,91,91.54,953.24,410.19,348.42,151.85,42.78,6.9145,52,1345.44,167.73,14,0.2041,,0.0360,monthly_promotion
2024-05-17,6343.73,210.01,6133.72,6133.72,0.00,0.00,69,93,87,91.94,847.32,393.68,281.89,134.82,36.93,7.4868,40,1122.39,137.11,12,0.1769,,0.0180,none
2024-05-18,6597.88,189.96,6407.92,5379.26,1028.66,1028.65,71,92,76,92.93,858.59,375.45,306.22,141.27,35.65,7.6846,42,1286.55,159.16,13,0.1950,,0.0180,none
2024-05-19,5911.85,223.17,5688.68,4109.01,1579.67,2608.33,67,90,61,88.24,886.12,407.97,309.61,131.92,36.62,6.6716,45,1276.76,157.55,13,0.2160,,0.0180,none
2024-05-20,5307.20,229.52,5077.68,7686.01,-2608.33,0.00,58,75,110,91.50,829.07,379.42,278.75,131.84,39.06,6.4014,43,1259.88,155.42,13,0.2374,,0.0180,none
2024-05-21,5379.37,267.67,5111.70,5111.70,0.00,0.00,58,78,72,92.75,810.56,361.06,268.67,141.81,39.02,6.6366,41,1143.04,140.09,12,0.2125,,0.0180,none
2024-05-22,5682.64,245.23,5437.41,5437.41,0.00,0.00,62,80,78,91.66,813.56,357.41,289.87,127.83,38.45,6.9849,40,1271.82,157.14,13,0.2238,,0.0180,none
2024-05-23,6027.08,234.45,5792.63,5792.63,0.00,0.00,66,88,83,91.32,820.61,372.48,284.90,128.15,35.08,7.3446,40,1192.16,145.70,12,0.1978,,0.0180,none
2024-05-24,6312.02,210.20,6101.82,6101.82,0.00,0.00,71,93,90,88.90,823.06,365.72,282.94,137.03,37.37,7.6690,41,1268.31,156.69,13,0.2009,,0.0180,none
2024-05-25,6503.12,215.58,6287.54,5390.35,897.19,897.19,72,97,78,90.32,832.11,361.16,290.72,140.96,39.27,7.8152,44,1180.80,144.37,12,0.1816,,0.0180,none
2024-05-26,5884.61,219.54,5665.07,4117.48,1547.59,2444.78,63,82,57,93.41,868.67,402.14,280.97,148.90,36.66,6.7743,42,1216.61,150.25,13,0.2067,,0.0180,none
2024-05-27,5341.50,223.28,5118.22,7563.00,-2444.78,0.00,58,77,107,92.09,828.42,355.08,307.16,128.93,37.25,6.4478,39,1229.83,152.19,13,0.2302,,0.0180,none
2024-05-28,5547.61,245.02,5302.58,5302.58,0.00,0.00,61,81,76,90.94,856.77,366.52,303.09,148.50,38.66,6.4750,44,1280.81,158.53,13,0.2309,,0.0180,none
2024-05-29,5876.71,237.89,5638.82,5638.82,0.00,0.00,65,87,82,90.41,865.95,378.05,308.99,141.86,37.05,6.7864,44,1230.37,151.63,13,0.2094,,0.0180,none
2024-05-30,5919.32,240.74,5678.58,5678.58,0.00,0.00,63,82,79,93.96,812.63,362.55,281.78,132.19,36.11,7.2842,41,1243.67,153.55,13,0.2101,,0.0180,none
2024-05-31,6148.35,231.65,5916.70,5916.70,0.00,0.00,69,89,87,89.11,831.94,388.27,276.70,128.99,37.98,7.3904,41,1264.93,156.79,13,0.2057,,0.0180,none
2024-06-01,6773.39,194.65,6578.74,5401.44,1177.30,1177.30,72,92,75,94.07,914.91,414.85,312.07,149.51,38.48,7.4033,45,1238.44,153.04,13,0.1828,,0.0180,none
2024-06-02,5796.45,194.45,5602.00,4125.95,1476.05,2653.36,62,81,58,93.49,860.27,382.10,309.73,132.14,36.30,6.7379,41,1059.98,131.41,11,0.1829,,0.0180,none
2024-06-03,5367.12,223.73,5143.39,7796.75,-2653.36,0.00,60,80,113,89.45,858.07,365.57,305.23,146.88,40.39,6.2549,44,1251.61,155.18,13,0.2332,,0.0180,none
2024-06-04,5699.51,221.69,5477.82,5477.82,0.00,0.00,63,82,79,90.47,864.29,404.00,277.75,145.10,37.44,6.5944,43,1172.44,143.29,12,0.2057,,0.0180,none
2024-06-05,5928.29,238.47,5689.81,5689.81,0.00,0.00,63,81,79,94.10,842.28,394.11,280.38,130.65,37.14,7.0384,42,1150.35,140.16,12,0.1940,,0.0180,none
2024-06-06,6080.07,268.91,5811.16,5811.16,0.00,0.00,65,84,81,93.54,875.49,383.74,312.70,139.73,39.32,6.9448,45,1264.36,156.38,13,0.2080,,0.0180,none
2024-06-07,6330.26,226.77,6103.49,6103.49,0.00,0.00,70,93,88,90.43,830.03,371.98,271.24,148.02,38.79,7.6265,44,1177.18,143.77,12,0.1860,,0.0180,none
2024-06-08,6730.38,194.22,6536.16,5412.53,1123.63,1123.64,72,94,76,93.48,897.56,416.70,298.52,146.65,35.69,7.4985,44,1253.87,155.19,13,0.1863,,0.0180,none
2024-06-09,5749.27,205.04,5544.23,4134.41,1409.82,2533.46,64,84,61,89.83,880.84,392.38,316.68,136.63,35.15,6.5270,41,1274.00,157.96,13,0.2216,,0.0180,none
2024-06-10,5537.17,219.78,5317.40,7850.85,-2533.45,0.00,60,78,112,92.29,871.51,411.79,279.00,144.94,35.78,6.3535,42,1242.42,153.30,13,0.2244,,0.0180,none
2024-06-11,5588.74,248.86,5339.89,5339.89,0.00,0.00,63,82,79,88.71,854.10,387.11,296.96,134.12,35.91,6.5434,40,1248.69,154.41,13,0.2234,,0.0180,none
2024-06-12,5865.77,243.39,5622.38,5622.38,0.00,0.00,65,87,81,90.24,903.20,410.81,308.26,147.11,37.02,6.4944,44,1246.25,154.02,13,0.2125,,0.0180,none
2024-06-13,6010.67,254.63,5756.03,5756.03,0.00,0.00,64,84,80,93.92,862.03,391.15,283.06,151.28,36.54,6.9727,43,1264.01,156.13,13,0.2103,,0.0180,none
2024-06-14,7254.36,234.18,7020.18,7020.18,0.00,0.00,82,110,104,88.47,1010.42,466.46,346.37,154.64,42.95,7.1795,54,1463.52,180.56,15,0.2017,,0.0360,monthly_promotion
2024-06-15,7073.05,199.93,6873.12,5423.62,1449.50,1449.51,79,103,79,89.53,958.02,414.20,352.90,151.00,39.92,7.3830,51,1322.37,165.10,14,0.1870,,0.0360,monthly_promotion
2024-06-16,6536.29,216.29,6319.99,4142.88,2177.11,3626.62,72,92,60,90.78,1021.14,464.16,360.40,156.15,40.43,6.4010,54,1358.76,169.97,14,0.2079,,0.0360,monthly_promotion
2024-06-17,5521.69,207.15,5314.55,8941.16,-3626.61,0.00,62,80,132,89.06,831.04,365.99,289.04,134.76,41.25,6.6443,42,1262.81,155.91,13,0.2287,,0.0180,none
2024-06-18,5703.61,221.72,5481.89,5481.89,0.00,0.00,63,83,79,90.53,865.56,401.41,293.56,131.11,39.48,6.5895,42,1215.83,150.23,13,0.2132,,0.0180,none
2024-06-19,6130.47,276.12,5854.35,5854.35,0.00,0.00,69,92,87,88.85,875.19,385.42,305.75,148.12,35.90,7.0047,43,1256.88,155.17,13,0.2050,,0.0180,none
2024-06-20,6015.22,261.50,5753.72,5753.72,0.00,0.00,67,86,84,89.78,896.05,417.64,305.20,133.53,39.68,6.7130,43,1232.32,151.90,13,0.2049,,0.0180,none
2024-06-21,6521.06,240.83,6280.23,6280.23,0.00,0.00,73,98,93,89.33,872.70,402.01,298.81,134.50,37.38,7.4723,42,1234.90,152.07,13,0.1894,,0.0180,none
2024-06-22,6563.18,214.29,6348.89,5434.70,914.19,914.19,70,90,76,93.76,908.54,405.31,316.11,148.28,38.84,7.2239,45,1245.44,154.04,13,0.1898,,0.0180,none
2024-06-23,5878.60,200.08,5678.52,4151.35,1527.17,2441.36,65,87,60,90.44,839.72,380.24,277.11,144.82,37.55,7.0007,44,1248.01,154.52,13,0.2123,,0.0180,none
2024-06-24,5356.43,236.56,5119.88,7561.24,-2441.36,0.00,57,74,105,93.97,866.44,373.19,309.76,146.51,36.98,6.1821,44,1161.35,141.43,12,0.2168,,0.0180,none
2024-06-25,5648.92,228.48,5420.44,5420.44,0.00,0.00,63,83,79,89.67,848.19,371.63,298.63,137.78,40.15,6.6600,43,1266.22,156.12,13,0.2242,,0.0180,none
2024-06-26,6015.34,243.53,5771.81,5771.81,0.00,0.00,66,87,82,91.14,877.07,406.01,300.73,133.36,36.97,6.8584,42,1239.89,153.65,13,0.2061,,0.0180,none
2024-06-27,6217.74,238.57,5979.17,5979.17,0.00,0.00,69,88,87,90.11,911.12,426.81,308.72,134.84,40.75,6.8243,46,1231.40,151.93,13,0.1980,,0.0180,none
2024-06-28,6480.01,231.30,6248.71,6248.71,0.00,0.00,73,97,92,88.77,856.82,381.20,282.69,155.49,37.44,7.5629,45,1349.58,168.10,14,0.2083,,0.0180,none
2024-06-29,6732.53,196.44,6536.09,5445.79,1090.30,1090.29,74,99,79,90.98,876.03,379.84,320.30,135.38,40.51,7.6853,44,1272.74,157.04,13,0.1890,,0.0180,none
2024-06-30,6031.16,226.42,5804.74,4159.81,1644.93,2735.22,66,87,60,91.38,880.95,377.08,310.13,152.36,41.38,6.8462,44,1242.83,153.30,13,0.2061,,0.0180,none
2024-07-01,7013.14,237.84,6775.30,9510.52,-2735.22,0.00,78,102,139,89.91,1130.74,528.14,373.23,185.48,43.89,6.2023,63,1645.31,204.55,17,0.2346,,0.0180,summer_event
2024-07-02,6922.57,248.43,6674.14,6674.14,0.00,0.00,76,98,96,91.09,1105.16,518.40,375.32,167.55,43.89,6.2639,59,1410.19,173.71,15,0.2037,,0.0180,summer_event
2024-07-03,7068.86,239.51,6829.35,6829.35,0.00,0.00,77,100,98,91.80,1078.28,465.20,373.93,191.97,47.18,6.5557,65,1416.70,175.15,15,0.2004,,0.0180,summer_event
2024-07-04,7638.55,242.89,7395.66,7395.66,0.00,0.00,81,106,103,94.30,1125.86,535.45,371.53,172.83,46.05,6.7846,62,1447.37,176.87,15,0.1895,,0.0180,summer_event
2024-07-05,7944.10,228.19,7715.91,7715.91,0.00,0.00,90,116,114,88.27,1103.05,506.93,372.60,181.31,42.21,7.2019,61,1545.28,190.35,16,0.1945,,0.0180,summer_event
2024-07-06,6878.34,247.94,6630.40,5456.88,1173.52,1173.52,76,102,79,90.50,932.78,422.26,327.81,140.95,41.76,7.3740,46,1233.34,152.57,13,0.1793,,0.0180,none
2024-07-07,6190.66,279.54,5911.11,4168.28,1742.83,2916.35,68,88,60,91.04,900.46,381.57,326.69,153.19,39.01,6.8750,44,1356.65,169.12,14,0.2191,,0.0180,none
2024-07-08,5620.96,287.55,5333.41,8249.77,-2916.36,0.00,63,82,121,89.22,912.89,390.91,335.09,147.74,39.15,6.1573,45,1245.92,154.29,13,0.2217,,0.0180,none
2024-07-09,5864.36,294.14,5570.22,5570.22,0.00,0.00,63,81,78,93.09,881.10,395.57,289.65,154.87,41.01,6.6557,46,1342.62,163.70,14,0.2289,,0.0180,none
2024-07-10,6215.13,316.85,5898.28,5898.28,0.00,0.00,66,85,83,94.17,950.62,418.95,334.62,156.67,40.38,6.5380,46,1256.42,155.15,13,0.2022,,0.0180,none
2024-07-11,6317.09,275.69,6041.40,6041.40,0.00,0.00,67,89,84,94.28,921.15,387.63,331.50,158.68,43.34,6.8578,48,1227.44,151.50,13,0.1943,,0.0180,none
2024-07-12,6789.35,236.23,6553.12,6553.12,0.00,0.00,74,96,94,91.75,922.05,398.05,324.95,160.75,38.30,7.3633,46,1364.14,170.58,14,0.2009,,0.0180,none
2024-07-13,7183.15,200.68,6982.47,5467.97,1514.50,1514.50,76,99,76,94.52,890.32,412.65,295.42,144.11,38.14,8.0681,43,1358.06,169.15,14,0.1891,,0.0180,none
2024-07-14,6924.68,222.92,6701.76,4176.75,2525.01,4039.51,78,102,61,88.78,1047.18,456.31,369.19,179.74,41.94,6.6127,58,1448.35,178.19,15,0.2092,,0.0360,monthly_promotion
2024-07-15,6553.65,247.60,6306.05,10345.56,-4039.51,0.00,73,94,152,89.78,1100.66,510.95,382.20,160.16,47.35,5.9543,59,1464.46,182.59,15,0.2235,,0.0360,monthly_promotion
2024-07-16,6864.21,241.83,6622.38,6622.38,0.00,0.00,75,98,95,91.52,1001.96,463.03,333.67,159.84,45.42,6.8508,54,1572.32,193.02,16,0.2291,,0.0360,monthly_promotion
2024-07-17,6525.01,259.31,6265.70,6265.70,0.00,0.00,73,95,91,89.38,917.55,417.24,321.08,140.53,38.70,7.1113,46,1352.02,164.56,14,0.2072,,0.0180,none
2024-07-18,6548.18,271.04,6277.14,6277.14,0.00,0.00,71,92,90,92.23,908.69,416.71,307.85,140.36,43.77,7.2062,46,1342.29,163.64,14,0.2050,,0.0180,none
2024-07-19,7092.11,249.42,6842.70,6842.70,0.00,0.00,77,99,97,92.11,946.84,444.43,296.77,161.59,44.05,7.4903,46,1332.46,163.13,14,0.1879,,0.0180,none
2024-07-20,7042.29,235.21,6807.08,5479.06,1328.02,1328.02,79,101,80,89.14,958.01,416.04,340.28,157.38,44.31,7.3510,49,1337.24,166.76,14,0.1899,,0.0180,none
2024-07-21,6470.66,248.33,6222.33,4185.22,2037.11,3365.14,72,94,61,89.87,971.75,452.03,314.64,165.24,39.84,6.6588,48,1375.83,171.64,14,0.2126,,0.0180,none
2024-07-22,5946.96,234.00,5712.96,9078.10,-3365.14,0.00,66,86,133,90.11,943.65,413.96,336.09,150.26,43.34,6.3021,47,1274.48,157.74,13,0.2143,,0.0180,none
2024-07-23,6143.74,247.24,5896.50,5896.50,0.00,0.00,65,84,82,94.52,942.93,429.63,314.31,154.77,44.22,6.5156,46,1339.62,166.99,14,0.2180,,0.0180,none
2024-07-24,6336.32,266.79,6069.53,6069.53,0.00,0.00,69,91,86,91.83,936.36,403.42,345.03,144.50,43.41,6.7670,45,1337.17,166.84,14,0.2110,,0.0180,none
2024-07-25,6614.20,253.23,6360.97,6360.97,0.00,0.00,71,91,90,93.16,920.19,408.45,309.19,159.13,43.42,7.1879,46,1322.24,164.77,14,0.1999,,0.0180,none
2024-07-26,7224.26,250.18,6974.08,6974.08,0.00,0.00,77,100,98,93.82,973.61,444.22,337.61,146.28,45.50,7.4201,50,1360.04,170.20,14,0.1883,,0.0180,none
2024-07-27,7287.01,220.66,7066.35,5490.14,1576.21,1576.21,81,108,80,89.96,910.09,404.41,310.88,151.64,43.16,8.0069,47,1429.39,176.67,15,0.1962,,0.0180,none
2024-07-28,6354.35,232.67,6121.68,4193.68,1928.00,3504.20,68,91,59,93.45,961.66,442.70,320.26,155.71,42.99,6.6077,49,1340.51,167.31,14,0.2110,,0.0180,none
2024-07-29,5947.42,234.03,5713.39,9217.60,-3504.21,0.00,66,88,133,90.11,942.84,412.75,339.66,148.35,42.08,6.3080,47,1354.75,165.10,14,0.2278,,0.0180,none
2024-07-30,6495.27,245.48,6249.79,6249.79,0.00,0.00,72,94,90,90.21,943.62,415.82,316.10,169.33,42.37,6.8834,50,1428.47,175.49,15,0.2199,,0.0180,none
2024-07-31,6881.98,266.85,6615.13,6615.13,0.00,0.00,77,102,97,89.38,993.46,448.63,344.73,155.34,44.76,6.9273,49,1474.32,183.96,15,0.2142,,0.0180,none
2024-08-01,6897.81,290.22,6607.59,6607.59,0.00,0.00,75,100,94,91.97,933.84,407.61,335.56,150.18,40.49,7.3865,45,1368.10,171.05,14,0.1983,,0.0180,none
2024-08-02,7119.54,242.74,6876.80,6876.80,0.00,0.00,78,102,99,91.28,988.96,443.86,345.13,153.30,46.67,7.1990,51,1343.39,164.70,14,0.1887,,0.0180,none
2024-08-03,7434.32,212.15,7222.17,5501.23,1720.94,1720.94,82,105,79,90.66,942.40,423.50,317.27,156.73,44.90,7.8887,49,1459.81,180.06,15,0.1964,,0.0180,none
2024-08-04,6675.57,230.95,6444.61,4202.15,2242.46,3963.40,71,92,59,94.02,960.61,421.00,334.02,160.55,45.04,6.9493,50,1421.76,174.89,15,0.2130,,0.0180,none
2024-08-05,6278.75,249.42,6029.32,9992.72,-3963.40,0.00,71,94,149,88.43,1024.57,467.20,353.03,160.35,43.99,6.1282,50,1333.72,162.91,14,0.2124,,0.0180,none
2024-08-06,6289.80,277.40,6012.40,6012.40,0.00,0.00,67,89,84,93.88,1006.91,459.53,332.85,169.15,45.38,6.2466,50,1226.26,151.36,13,0.1950,,0.0180,none
2024-08-07,6673.66,272.11,6401.55,6401.55,0.00,0.00,74,97,93,90.18,1001.68,475.33,315.34,163.68,47.33,6.6625,53,1237.06,153.23,13,0.1854,,0.0180,none
2024-08-08,7128.63,289.46,6839.16,6839.16,0.00,0.00,76,101,96,93.80,1010.34,462.94,334.79,166.82,45.79,7.0557,51,1341.62,167.06,14,0.1882,,0.0180,none
2024-08-09,7225.87,233.62,6992.25,6992.25,0.00,0.00,81,107,103,89.21,1004.54,437.55,361.61,160.92,44.46,7.1932,51,1281.61,158.44,13,0.1774,,0.0180,none
2024-08-10,7840.11,254.73,7585.38,5512.32,2073.06,2073.06,87,117,80,90.12,1035.85,468.83,363.32,161.90,41.80,7.5688,50,1407.40,173.25,15,0.1795,,0.0180,none
2024-08-11,6936.13,238.15,6697.98,4210.62,2487.36,4560.42,78,103,62,88.92,1017.37,445.58,370.36,157.18,44.25,6.8177,51,1360.73,169.75,14,0.1962,,0.0180,none
2024-08-12,6446.60,238.03,6208.56,10768.99,-4560.43,0.00,69,92,152,93.43,1054.51,479.05,362.21,167.49,45.76,6.1134,52,1476.63,183.45,15,0.2291,,0.0180,none
2024-08-13,6575.13,290.12,6285.00,6285.00,0.00,0.00,70,90,88,93.93,959.62,425.39,327.35,163.62,43.26,6.8518,49,1339.51,163.42,14,0.2037,,0.0180,none
2024-08-14,7533.59,253.35,7280.24,7280.24,0.00,0.00,80,107,101,94.17,1111.21,512.26,372.69,177.20,49.06,6.7796,61,1504.63,184.84,16,0.1997,,0.0360,monthly_promotion
2024-08-15,8274.51,306.24,7968.27,7968.27,0.00,0.00,91,119,114,90.93,1155.55,542.63,385.07,178.23,49.62,7.1607,62,1746.68,218.19,18,0.2111,,0.0360,monthly_promotion
2024-08-16,8756.96,248.86,8508.10,8508.10,0.00,0.00,94,125,120,93.16,1235.43,561.37,431.18,192.93,49.95,7.0882,67,1740.75,217.18,18,0.1988,,0.0360,monthly_promotion
2024-08-17,7707.82,249.62,7458.20,5523.41,1934.79,1934.79,84,112,78,91.76,999.56,441.56,347.28,165.58,45.14,7.7112,51,1468.06,181.13,15,0.1905,,0.0180,none
2024-08-18,7050.39,253.39,6797.00,4219.08,2577.92,4512.70,75,99,59,94.01,1038.39,472.81,358.90,157.41,49.27,6.7897,52,1365.79,170.84,14,0.1937,,0.0180,none
2024-08-19,6646.34,298.27,6348.07,10852.19,-4504.12,8.59,74,98,158,89.82,1026.84,451.04,350.29,178.20,47.31,6.4726,52,1525.07,189.78,16,0.2295,,0.0180,none
2024-08-20,6660.03,318.98,6341.05,6349.64,-8.59,0.00,71,93,89,93.80,1057.81,485.08,370.94,156.55,45.24,6.2961,50,1246.71,153.99,13,0.1872,11.97,0.0180,none
2024-08-21,7207.70,346.96,6860.74,6860.74,0.00,0.00,81,106,101,88.98,1041.53,453.85,374.58,169.98,43.12,6.9203,49,1674.57,207.79,17,0.2323,16.60,0.0180,none
2024-08-22,7509.33,303.59,7205.74,7205.74,0.00,0.00,81,104,102,92.71,1029.60,473.78,330.77,176.71,48.34,7.2934,54,1557.33,192.13,16,0.2074,18.01,0.0180,none
2024-08-23,7837.52,259.99,7577.53,7577.53,0.00,0.00,87,112,110,90.09,1012.94,453.67,348.95,164.07,46.25,7.7374,49,1487.71,181.57,15,0.1898,19.44,0.0180,none
2024-08-24,7895.84,238.42,7657.41,5534.50,2122.91,2122.91,88,116,81,89.73,1052.49,478.20,360.81,165.75,47.73,7.5021,53,1473.70,181.64,15,0.1866,11.03,0.0180,none
2024-08-25,7283.65,247.01,7036.64,4227.55,2809.09,4932.00,81,105,61,89.92,1117.62,501.03,386.60,186.02,43.97,6.5171,55,1529.02,187.56,16,0.2099,1.06,0.0180,none
2024-08-26,6473.22,293.33,6179.89,10873.96,-4694.07,237.93,74,96,162,87.48,1038.76,466.55,349.73,176.90,45.58,6.2317,53,1465.24,184.08,15,0.2264,-0.85,0.0180,none
2024-08-27,6951.83,277.77,6674.06,6911.99,-237.93,0.00,79,103,103,88.00,1112.08,500.33,379.92,181.87,49.96,6.2512,57,1357.84,169.00,14,0.1953,18.80,0.0180,none
2024-08-28,7159.94,302.90,6857.05,6857.05,0.00,0.00,80,104,101,89.50,1028.74,465.16,346.02,173.13,44.43,6.9599,52,1511.68,185.80,16,0.2111,16.15,0.0180,none
2024-08-29,7531.96,302.49,7229.48,7229.48,0.00,0.00,82,108,103,91.85,1072.69,497.23,345.39,179.32,50.75,7.0216,54,1424.31,175.46,15,0.1891,16.82,0.0180,none
2024-08-30,7988.60,274.12,7714.47,7714.47,0.00,0.00,87,114,110,91.82,1061.67,472.99,366.70,174.80,47.18,7.5246,55,1551.85,191.10,16,0.1943,21.59,0.0180,none
2024-08-31,8375.00,257.78,8117.22,5545.58,2571.64,2571.64,93,121,81,90.05,1122.02,527.56,375.51,168.19,50.76,7.4642,55,1439.41,178.65,15,0.1719,12.11,0.0180,none
2024-09-01,7528.60,263.91,7264.69,4236.02,3028.67,5600.31,83,110,62,90.71,1113.30,504.80,369.34,187.34,51.82,6.7624,56,1531.87,190.74,16,0.2035,2.58,0.0180,none
2024-09-02,6793.27,268.31,6524.97,10895.73,-4370.76,1229.54,74,99,155,91.80,1067.97,456.32,382.90,178.16,50.59,6.3609,56,1654.70,205.20,17,0.2436,-0.24,0.0180,none
2024-09-03,7201.89,263.72,6938.18,8167.72,-1229.54,0.00,80,106,119,90.02,1117.78,497.43,390.36,185.38,44.61,6.4430,54,1562.07,192.24,16,0.2169,17.75,0.0180,none
2024-09-04,7410.73,292.54,7118.19,7118.19,0.00,0.00,80,104,101,92.63,1035.24,477.66,345.56,167.22,44.80,7.1585,50,1545.38,193.09,16,0.2085,16.74,0.0180,none
2024-09-05,7581.80,296.07,7285.73,7285.73,0.00,0.00,86,112,108,88.16,1073.90,458.18,399.73,169.49,46.50,7.0601,51,1635.41,203.37,17,0.2157,14.01,0.0180,none
2024-09-06,8104.36,274.54,7829.82,7829.82,0.00,0.00,89,115,112,91.06,1120.59,533.50,374.02,167.93,45.14,7.2322,54,1530.93,188.73,16,0.1889,20.60,0.0180,none
2024-09-07,8470.97,243.86,8227.10,5556.67,2670.43,2670.43,92,121,79,92.08,1098.11,503.32,381.38,167.29,46.12,7.7141,53,1530.25,188.49,16,0.1806,16.25,0.0180,none
2024-09-08,7342.45,272.12,7070.33,4244.49,2825.84,5496.28,79,106,60,92.94,1074.95,477.47,374.02,177.07,46.39,6.8305,52,1526.67,187.39,16,0.2079,-0.88,0.0180,none
2024-09-09,6826.42,281.70,6544.72,10917.50,-4372.78,1123.49,77,99,162,88.65,1085.41,467.45,396.86,172.99,48.11,6.2893,53,1648.13,205.16,17,0.2414,-3.26,0.0180,none
2024-09-10,7234.76,296.69,6938.06,8061.56,-1123.50,0.00,81,104,119,89.32,1057.23,466.43,373.51,168.77,48.52,6.8431,52,1527.13,187.22,16,0.2111,15.40,0.0180,none
2024-09-11,7811.56,324.01,7487.56,7487.56,0.00,0.00,86,111,108,90.83,1138.05,533.55,371.28,182.33,50.89,6.8640,56,1543.43,189.64,16,0.1976,20.86,0.0180,none
2024-09-12,7697.39,302.10,7395.28,7395.28,0.00,0.00,84,111,106,91.64,1148.56,503.77,406.94,184.27,53.58,6.7018,58,1420.51,174.85,15,0.1845,11.33,0.0180,none
2024-09-13,8467.28,295.09,8172.19,8172.19,0.00,0.00,95,123,120,89.13,1183.09,535.78,411.86,187.51,47.94,7.1569,56,1550.94,190.91,16,0.1832,7.60,0.0180,none
2024-09-14,9519.97,250.74,9269.23,5567.76,3701.47,3701.47,103,132,79,92.43,1259.60,587.06,424.53,194.60,53.41,7.5579,68,1713.92,212.24,18,0.1800,17.22,0.0360,monthly_promotion
2024-09-15,8390.85,262.99,8127.87,4252.95,3874.92,7576.39,91,121,60,92.21,1292.61,580.87,447.81,207.96,55.97,6.4914,70,1724.66,215.66,18,0.2055,-2.36,0.0360,monthly_promotion
2024-09-16,8073.85,279.80,7794.06,10939.28,-3145.22,4431.17,89,118,158,90.72,1263.31,577.22,414.21,222.02,49.86,6.3910,68,1756.93,219.81,18,0.2176,16.58,0.0360,monthly_promotion
2024-09-17,7352.19,313.55,7038.65,10942.39,-3903.74,527.42,81,107,157,90.77,1161.24,553.63,375.87,178.84,52.90,6.3313,58,1623.35,198.50,17,0.2208,16.17,0.0180,none
2024-09-18,8020.14,308.33,7711.80,8239.23,-527.43,0.00,86,111,116,93.26,1159.55,508.83,403.35,194.99,52.38,6.9166,59,1634.79,203.32,17,0.2038,21.04,0.0180,none
2024-09-19,8241.33,371.27,7870.06,7870.06,0.00,0.00,94,124,117,87.67,1148.60,540.12,373.65,185.56,49.27,7.1751,56,1822.97,225.52,19,0.2212,15.50,0.0180,none
2024-09-20,8837.05,294.04,8543.01,8543.01,0.00,0.00,96,125,122,92.05,1161.47,522.46,385.07,199.51,54.43,7.6085,60,1705.02,208.84,18,0.1929,24.72,0.0180,none
2024-09-21,8837.74,287.41,8550.33,5578.85,2971.48,2971.48,96,125,80,92.06,1183.33,558.14,400.33,174.95,49.91,7.4685,57,1506.23,185.18,16,0.1704,10.54,0.0180,none
2024-09-22,7934.73,259.70,7675.03,4261.42,3413.61,6385.09,87,116,62,91.20,1233.72,564.66,415.91,198.62,54.53,6.4315,62,1725.30,215.06,18,0.2174,-3.02,0.0180,none
2024-09-23,7132.76,311.37,6821.40,10961.05,-4139.65,2245.44,78,100,156,91.45,1156.22,504.29,416.15,187.90,47.88,6.1690,57,1598.25,198.05,17,0.2241,1.14,0.0180,none
2024-09-24,7773.67,323.34,7450.34,9695.78,-2245.44,0.00,88,115,144,88.34,1157.46,540.05,367.66,201.72,48.03,6.7161,57,1729.86,213.29,18,0.2225,19.23,0.0180,none
2024-09-25,7898.52,353.59,7544.93,7544.93,0.00,0.00,86,112,107,91.84,1106.81,507.75,375.10,176.12,47.84,7.1363,56,1607.32,199.40,17,0.2035,12.46,0.0180,none
2024-09-26,8239.80,328.28,7911.52,7911.52,0.00,0.00,93,125,117,88.60,1159.03,545.27,383.78,179.89,50.09,7.1092,56,1748.92,218.12,18,0.2123,13.59,0.0180,none
2024-09-27,8883.14,292.77,8590.37,8590.37,0.00,0.00,100,131,127,88.83,1156.38,538.79,384.39,180.80,52.40,7.6819,57,1700.14,212.06,18,0.1914,26.50,0.0180,none
2024-09-28,9048.50,275.71,8772.79,5589.94,3182.85,3182.85,100,134,81,90.48,1252.01,570.27,425.31,205.03,51.40,7.2272,60,1739.63,213.28,18,0.1923,12.91,0.0180,none
2024-09-29,8026.68,279.85,7746.83,4269.89,3476.94,6659.79,86,112,60,93.33,1165.48,547.42,387.50,177.58,52.98,6.8870,60,1785.46,220.82,19,0.2224,-1.06,0.0180,none
2024-09-30,7560.16,323.61,7236.55,10982.82,-3746.27,2913.51,86,111,164,87.91,1209.87,517.77,431.05,205.22,55.83,6.2487,61,1811.78,223.16,19,0.2396,4.57,0.0180,none
2024-10-01,7582.34,289.84,7292.50,10206.01,-2913.51,0.00,81,107,144,93.61,1138.35,517.62,380.70,189.55,50.48,6.6608,58,1543.00,189.21,16,0.2035,17.27,0.0180,none
2024-10-02,8172.71,316.77,7855.94,7855.94,0.00,0.00,89,115,112,91.83,1150.27,518.72,380.50,198.98,52.07,7.1050,58,1743.15,216.82,18,0.2133,18.67,0.0180,none
2024-10-03,8492.44,337.09,8155.35,8155.35,0.00,0.00,93,123,117,91.32,1143.20,497.02,387.49,202.71,55.98,7.4287,62,1729.69,215.56,18,0.2037,16.15,0.0180,none
2024-10-04,8699.89,306.48,8393.41,8393.41,0.00,0.00,99,131,125,87.88,1206.58,535.51,435.07,185.44,50.56,7.2104,58,1642.20,204.33,17,0.1888,17.63,0.0180,none
2024-10-05,9219.40,271.79,8947.62,5601.02,3346.60,3346.59,104,136,83,88.65,1237.99,574.83,425.29,186.05,51.82,7.4471,60,1715.97,210.39,18,0.1861,17.23,0.0180,none
2024-10-06,8228.37,284.10,7944.27,4278.36,3665.91,7012.51,88,117,60,93.50,1234.14,547.92,439.89,193.71,52.62,6.6673,63,1694.75,211.69,18,0.2060,-1.11,0.0180,none
2024-10-07,7814.49,329.20,7485.29,11004.60,-3519.31,3493.21,86,115,158,90.87,1255.81,588.63,408.79,201.67,56.72,6.2227,63,1720.45,210.71,18,0.2202,7.49,0.0180,none
2024-10-08,7741.91,308.45,7433.46,10926.66,-3493.20,0.00,85,111,157,91.08,1240.60,554.17,443.34,188.02,55.07,6.2405,61,1623.15,201.23,17,0.2097,16.54,0.0180,none
2024-10-09,8392.57,326.57,8066.00,8066.00,0.00,0.00,89,118,112,94.30,1180.96,512.85,424.48,187.82,55.81,7.1066,60,1705.03,212.60,18,0.2032,16.74,0.0180,none
2024-10-10,8234.60,344.26,7890.34,7890.34,0.00,0.00,90,119,113,91.50,1187.85,545.76,385.38,206.44,50.27,6.9324,59,1549.97,190.74,16,0.1882,13.54,0.0180,none
2024-10-11,8773.01,320.38,8452.63,8452.63,0.00,0.00,95,123,120,92.35,1172.67,539.94,388.30,189.87,54.56,7.4812,60,1689.57,207.41,18,0.1926,16.19,0.0180,none
2024-10-12,9149.07,312.44,8836.63,5612.11,3224.52,3224.52,102,132,82,89.70,1230.16,534.67,435.55,205.71,54.23,7.4373,62,1853.10,229.59,19,0.2025,15.74,0.0180,none
2024-10-13,8033.11,296.31,7736.79,4286.82,3449.97,6674.49,89,114,62,90.26,1227.26,558.84,425.14,193.57,49.71,6.5456,57,1639.36,202.56,17,0.2041,-12.47,0.0180,none
2024-10-14,8637.94,339.32,8298.62,11026.37,-2727.75,3946.74,92,120,154,93.89,1344.24,582.16,490.85,217.19,54.04,6.4259,71,1941.13,236.85,20,0.2247,3.02,0.0360,monthly_promotion
2024-10-15,8853.67,328.57,8525.10,11029.48,-2504.38,1442.36,100,131,164,88.54,1402.63,643.11,458.98,237.57,62.97,6.3122,78,1995.22,244.63,21,0.2254,13.10,0.0360,monthly_promotion
2024-10-16,9314.77,353.18,8961.59,10403.95,-1442.36,0.00,106,138,155,87.88,1411.98,681.22,453.86,214.51,62.39,6.5970,77,1704.84,209.00,18,0.1830,29.85,0.0360,monthly_promotion
2024-10-17,8562.25,353.74,8208.51,8208.51,0.00,0.00,91,117,115,94.09,1197.27,529.65,407.64,201.56,58.42,7.1515,63,1843.19,228.14,19,0.2153,11.62,0.0180,none
2024-10-18,8969.45,286.58,8682.87,8682.87,0.00,0.00,100,133,127,89.69,1240.52,599.97,393.98,193.35,53.22,7.2304,59,1630.80,202.10,17,0.1818,17.35,0.0180,none
2024-10-19,9518.95,315.82,9203.13,5623.20,3579.93,3579.93,106,136,82,89.80,1256.52,553.30,444.66,201.27,57.29,7.5756,64,1773.71,219.19,19,0.1863,13.36,0.0180,none
2024-10-20,8224.85,309.66,7915.19,4295.29,3619.90,7199.83,90,120,61,91.39,1286.47,596.47,419.94,213.34,56.72,6.3933,64,1697.81,208.52,18,0.2064,-5.09,0.0180,none
2024-10-21,7834.24,356.19,7478.05,11048.14,-3570.09,3629.74,84,109,156,93.26,1259.16,587.82,424.09,189.69,57.56,6.2218,63,1717.16,210.89,18,0.2192,4.45,0.0180,none
2024-10-22,8231.96,338.52,7893.45,11051.25,-3157.80,471.93,93,124,163,88.52,1232.33,547.07,429.48,200.15,55.63,6.6800,63,1795.03,221.37,19,0.2181,21.66,0.0180,none
2024-10-23,8538.55,354.07,8184.48,8656.42,-471.94,0.00,97,125,128,88.03,1266.46,604.55,416.47,194.13,51.31,6.7421,62,1741.12,213.66,18,0.2039,16.21,0.0180,none
2024-10-24,8787.85,342.31,8445.54,8445.54,0.00,0.00,94,124,119,93.49,1278.36,563.85,449.95,207.97,56.59,6.8743,65,1858.56,229.52,19,0.2115,12.69,0.0180,none
2024-10-25,9407.86,294.18,9113.68,9113.68,0.00,0.00,101,133,128,93.15,1286.23,597.62,413.19,219.59,55.83,7.3143,64,1718.55,210.61,18,0.1827,18.58,0.0180,none
2024-10-26,9706.15,311.86,9394.29,5634.29,3760.00,3760.00,104,133,79,93.33,1237.23,546.17,442.73,193.74,54.59,7.8451,62,1707.31,209.42,18,0.1759,12.74,0.0180,none
2024-10-27,8317.59,307.34,8010.24,4303.76,3706.48,7466.48,92,123,63,90.41,1205.79,530.36,423.26,200.99,51.18,6.8980,59,1674.01,205.53,18,0.2013,-4.26,0.0180,none
2024-10-28,7842.92,334.90,7508.02,11069.91,-3561.89,3904.58,88,114,163,89.12,1301.25,602.60,427.89,219.73,51.03,6.0272,64,1661.69,206.37,17,0.2119,5.03,0.0180,none
2024-10-29,8228.23,332.06,7896.17,11073.02,-3176.85,727.73,90,119,159,91.42,1208.17,563.93,398.31,188.84,57.09,6.8105,60,1861.01,230.18,19,0.2262,20.18,0.0180,none
2024-10-30,8487.66,373.35,8114.31,8842.04,-727.73,0.00,96,125,131,88.41,1278.79,597.92,432.01,192.65,56.21,6.6373,62,1818.55,225.32,19,0.2143,14.84,0.0180,none
2024-10-31,8593.55,379.58,8213.97,8213.97,0.00,0.00,97,130,121,88.59,1233.99,547.36,437.32,191.99,57.32,6.9640,61,1719.60,211.55,18,0.2001,6.28,0.0180,none
2024-11-01,9297.66,330.61,8967.05,8967.05,0.00,0.00,105,138,133,88.55,1225.33,526.03,433.17,205.99,60.14,7.5879,64,1755.27,215.87,18,0.1888,19.88,0.0180,none
2024-11-02,9432.98,309.02,9123.96,5645.38,3478.58,3478.59,102,133,80,92.48,1249.85,544.32,448.48,201.06,55.99,7.5473,60,1687.39,206.94,18,0.1789,10.17,0.0180,none
2024-11-03,8545.71,300.43,8245.27,4312.22,3933.05,7411.64,97,128,64,88.10,1239.15,562.73,404.99,218.12,53.31,6.8964,61,1810.14,223.60,19,0.2118,-1.82,0.0180,none
2024-11-04,7991.79,322.98,7668.81,11091.69,-3422.88,3988.77,85,114,155,94.02,1203.00,537.89,400.59,211.92,52.60,6.6432,60,1956.95,241.07,20,0.2449,5.50,0.0180,none
2024-11-05,8297.26,343.24,7954.02,11094.80,-3140.78,847.99,94,125,164,88.27,1274.48,566.80,443.61,209.48,54.59,6.5103,64,1942.72,240.77,20,0.2341,15.74,0.0180,none
2024-11-06,8709.37,360.74,8348.63,9196.62,-847.99,0.00,94,125,129,92.65,1216.82,557.47,402.49,199.16,57.70,7.1575,64,1829.54,224.69,19,0.2101,14.03,0.0180,none
2024-11-07,8759.03,360.15,8398.88,8398.88,0.00,0.00,99,132,125,88.48,1248.55,538.69,434.35,217.21,58.30,7.0154,62,1752.06,215.33,18,0.2000,10.28,0.0180,none
2024-11-08,9498.47,315.57,9182.90,9182.90,0.00,0.00,107,140,136,88.77,1267.59,556.31,461.70,195.74,53.84,7.4933,62,1637.13,202.37,17,0.1724,18.89,0.0180,none
2024-11-09,9806.00,280.72,9525.27,5656.46,3868.81,3868.81,105,141,79,93.39,1301.33,584.11,443.52,213.74,59.96,7.5354,67,1713.17,210.30,18,0.1747,15.01,0.0180,none
2024-11-10,8553.53,320.83,8232.70,4320.69,3912.01,7780.82,92,120,61,92.97,1305.13,607.51,433.09,205.16,59.37,6.5538,65,1793.38,224.89,19,0.2097,-0.75,0.0180,none
2024-11-11,8020.63,333.94,7686.69,11113.46,-3426.77,4354.05,87,114,158,92.19,1309.54,584.84,458.37,206.45,59.88,6.1248,66,1615.12,200.33,17,0.2014,4.30,0.0180,none
2024-11-12,8423.16,337.67,8085.49,11116.57,-3031.08,1322.97,92,122,160,91.56,1358.60,614.74,466.38,217.06,60.42,6.1999,67,1786.43,220.90,19,0.2121,15.85,0.0180,none
2024-11-13,8865.72,382.67,8483.06,9806.03,-1322.97,0.00,96,125,139,92.35,1355.25,619.19,462.06,217.67,56.33,6.5418,66,1685.74,209.35,17,0.1901,2.90,0.0180,none
2024-11-14,9949.32,371.03,9578.29,9578.29,0.00,0.00,107,140,135,92.98,1471.32,672.08,499.02,235.36,64.86,6.7622,83,2037.48,249.01,21,0.2048,9.46,0.0360,monthly_promotion
2024-11-15,10403.13,301.35,10101.78,10095.72,6.06,6.05,118,156,150,88.16,1477.22,656.75,507.74,250.95,61.78,7.0424,79,1903.05,233.39,20,0.1829,14.22,0.0360,monthly_promotion
2024-11-16,10673.54,307.77,10365.77,5667.55,4698.22,4704.27,115,147,80,92.81,1473.62,666.42,522.57,224.66,59.97,7.2431,81,1899.15,231.91,20,0.1779,26.39,0.0360,monthly_promotion
2024-11-17,8514.94,303.47,8211.47,4329.16,3882.31,8586.58,93,122,62,91.56,1304.61,579.20,458.06,206.21,61.14,6.5268,64,1715.72,210.05,18,0.2015,-2.17,0.0180,none
2024-11-18,7877.03,337.65,7539.38,11135.23,-3595.85,4990.73,88,116,163,89.51,1256.00,559.46,433.70,209.79,53.05,6.2715,61,1742.23,213.38,18,0.2212,1.82,0.0180,none
2024-11-19,8466.37,382.29,8084.08,11138.34,-3054.26,1936.46,93,121,160,91.04,1259.10,560.39,435.83,209.76,53.12,6.7241,62,1879.86,233.50,20,0.2220,-15.59,0.0180,none
2024-11-20,11716.84,514.33,11202.51,9841.62,1360.89,3297.36,132,171,145,88.76,1864.42,878.07,612.52,307.02,66.81,6.2844,117,2327.57,291.01,24,0.1987,10.12,0.0730,holiday_peak
2024-11-21,12249.81,484.79,11765.02,9658.62,2106.40,5403.76,139,185,143,88.13,1761.29,797.06,604.70,287.20,72.33,6.9550,113,2424.30,298.45,25,0.1979,14.19,0.0730,holiday_peak
2024-11-22,12972.55,402.07,12570.48,9103.93,3466.55,8870.31,146,193,134,88.85,1795.21,790.81,659.13,277.72,67.55,7.2262,113,2378.91,292.10,25,0.1834,18.70,0.0730,holiday_peak
2024-11-23,13070.12,379.95,12690.17,5110.78,7579.39,16449.71,146,189,75,89.52,1896.35,871.00,659.89,293.08,72.38,6.8923,118,2390.12,297.36,25,0.1829,15.26,0.0730,holiday_peak
2024-11-24,12082.52,398.08,11684.43,3903.86,7780.57,24230.28,133,177,56,90.85,1873.20,857.04,653.06,289.80,73.30,6.4502,119,2466.01,304.42,26,0.2041,3.16,0.0730,holiday_peak
2024-11-25,10976.79,569.84,10406.95,10041.30,365.65,24595.92,119,159,143,92.24,1788.78,799.59,631.11,285.37,72.71,6.1365,117,2392.20,295.09,25,0.2179,2.65,0.0730,holiday_peak
2024-11-26,11613.26,598.42,11014.84,10044.10,970.74,25566.65,132,175,149,87.98,1857.62,883.31,588.35,316.97,68.99,6.2517,117,2412.54,298.74,25,0.2077,18.75,0.0730,holiday_peak
2024-11-27,11859.37,594.77,11264.60,9860.85,1403.75,26970.40,127,166,138,93.38,1748.53,784.86,604.64,286.01,73.02,6.7825,115,2450.91,306.11,26,0.2067,16.18,0.0730,holiday_peak
2024-11-28,12558.99,634.45,11924.55,9677.49,2247.06,29217.46,137,179,139,91.67,1899.88,842.61,661.81,322.84,72.62,6.6104,119,2315.73,287.42,24,0.1844,12.65,0.0730,holiday_peak
2024-11-29,12781.52,551.14,12230.37,9121.71,3108.66,32326.11,138,179,129,92.62,1837.85,870.30,610.74,283.99,72.82,6.9546,116,2583.73,319.79,27,0.2021,17.95,0.0730,holiday_peak
2024-11-30,13295.73,521.57,12774.16,5120.76,7653.40,39979.52,147,193,74,90.45,1922.04,866.88,672.04,310.81,72.31,6.9175,119,2589.23,322.04,27,0.1947,24.02,0.0730,holiday_peak
2024-12-01,11573.83,575.63,10998.20,3911.48,7086.72,47066.24,126,163,56,91.86,1789.48,836.40,592.69,289.01,71.38,6.4677,107,2387.44,296.61,25,0.2063,-1.88,0.0730,holiday_peak
2024-12-02,10173.25,534.53,9638.72,10060.90,-422.18,46644.06,111,144,144,91.65,1721.04,733.28,614.35,300.56,72.85,5.9111,110,2177.71,267.26,23,0.2141,1.56,0.0730,holiday_peak
2024-12-03,11014.21,534.36,10479.86,10063.70,416.16,47060.21,120,158,144,91.79,1744.67,801.92,591.34,284.06,67.35,6.3131,106,2292.72,285.28,24,0.2082,17.10,0.0730,holiday_peak
2024-12-04,11553.03,577.73,10975.31,9880.08,1095.23,48155.44,131,168,146,88.19,1725.34,807.92,545.12,303.09,69.21,6.6961,107,2220.14,272.83,23,0.1922,21.38,0.0730,holiday_peak
2024-12-05,11715.07,593.62,11121.45,9696.36,1425.09,49580.53,125,165,135,93.72,1759.28,792.39,620.83,274.50,71.56,6.6590,104,2285.35,281.92,24,0.1951,16.27,0.0730,holiday_peak
2024-12-06,12006.50,553.47,11453.03,9139.50,2313.53,51894.06,130,166,129,92.36,1700.35,725.70,626.60,276.96,71.09,7.0612,104,2230.08,274.30,23,0.1857,18.37,0.0730,holiday_peak
2024-12-07,12822.04,497.29,12324.75,5130.73,7194.02,59088.08,141,184,74,90.94,1733.85,805.15,570.10,294.55,64.05,7.3951,102,2449.90,301.79,26,0.1911,13.87,0.0730,holiday_peak
2024-12-08,11269.64,539.60,10730.04,3919.10,6810.94,65899.01,123,162,56,91.62,1663.44,739.03,560.58,297.89,65.94,6.7749,106,2158.33,267.41,23,0.1915,-2.20,0.0730,holiday_peak
2024-12-09,10274.24,536.60,9737.64,10080.50,-342.86,65556.15,114,150,146,90.12,1677.34,740.58,584.89,287.90,63.97,6.1253,103,2435.52,302.84,25,0.2371,0.81,0.0730,holiday_peak
2024-12-10,10837.83,501.70,10336.13,10083.29,252.84,65808.99,121,161,147,89.57,1627.09,736.00,554.50,271.63,64.96,6.6609,100,2168.26,267.12,22,0.2001,14.08,0.0730,holiday_peak
2024-12-11,11639.43,539.26,11100.17,9899.31,1200.86,67009.84,131,170,146,88.85,1753.44,835.59,592.71,260.43,64.71,6.6381,104,2351.77,292.74,25,0.2021,16.83,0.0730,holiday_peak
2024-12-12,11758.96,578.33,11180.63,9715.23,1465.40,68475.24,133,175,144,88.41,1793.54,815.81,632.65,282.89,62.19,6.5563,104,2311.34,284.92,24,0.1966,16.92,0.0730,holiday_peak
2024-12-13,12096.08,517.64,11578.43,9157.28,2421.15,70896.40,133,175,131,90.95,1747.44,818.74,593.57,264.42,70.71,6.9222,107,2299.43,283.56,24,0.1901,13.97,0.0730,holiday_peak
2024-12-14,12580.64,450.35,12130.29,5140.71,6989.58,77885.97,142,188,76,88.60,1691.48,773.20,554.45,292.63,71.20,7.4377,106,2354.85,289.62,24,0.1872,15.43,0.0730,holiday_peak
2024-12-15,11247.45,509.42,10738.02,3926.72,6811.30,84697.27,126,165,57,89.27,1768.47,802.02,629.78,264.99,71.68,6.3600,107,2419.45,301.14,25,0.2151,0.12,0.0730,holiday_peak
2024-12-16,10456.72,532.93,9923.79,10100.09,-176.30,84520.97,116,150,146,90.14,1676.95,791.96,539.93,282.26,62.80,6.2356,101,2398.51,295.92,25,0.2294,3.47,0.0730,holiday_peak
2024-12-17,10758.07,528.38,10229.69,10102.89,126.80,84647.76,116,151,143,92.74,1686.79,769.04,596.93,257.52,63.30,6.3778,96,2241.46,277.90,23,0.2084,14.29,0.0730,holiday_peak
2024-12-18,11102.84,525.91,10576.93,9918.55,658.38,85306.15,120,159,141,92.52,1634.28,735.99,539.05,294.94,64.30,6.7937,101,2224.59,274.63,23,0.2004,48.21,0.0730,holiday_peak
2024-12-19,9068.56,466.98,8601.58,10815.67,-2214.09,83092.07,101,134,157,89.79,1342.49,615.86,458.36,214.92,53.35,6.7550,65,1755.54,215.25,18,0.1936,15.72,0.0180,none
2024-12-20,9308.03,411.74,8896.29,10194.51,-1298.22,81793.85,100,132,144,93.08,1292.34,586.17,455.45,198.69,52.03,7.2025,61,1610.16,199.48,17,0.1730,17.31,0.0180,none
2024-12-21,10013.25,387.29,9625.96,5722.99,3902.97,85696.82,112,145,84,89.40,1279.54,561.44,446.63,216.76,54.71,7.8257,64,1936.76,241.92,20,0.1934,14.74,0.0180,none
2024-12-22,8653.10,407.42,8245.68,4371.49,3874.19,89571.00,97,126,64,89.21,1288.21,585.51,428.84,214.58,59.28,6.7172,65,1823.93,229.23,19,0.2108,-1.38,0.0180,none
2024-12-23,7917.29,417.45,7499.84,11244.10,-3744.26,85826.75,88,117,164,89.97,1293.72,619.38,418.19,197.04,59.11,6.1198,65,1808.88,225.22,19,0.2285,1.99,0.0180,none
2024-12-24,8425.31,362.64,8062.66,11247.21,-3184.55,82642.21,93,120,163,90.59,1238.38,560.71,407.19,218.57,51.91,6.8035,61,1971.69,245.52,20,0.2340,16.49,0.0180,none
2024-12-25,8543.01,359.18,8183.83,11041.98,-2858.15,79784.06,93,124,158,91.86,1281.47,578.05,454.60,193.59,55.23,6.6666,62,1650.14,204.24,17,0.1932,15.07,0.0180,none
2024-12-26,8947.09,394.83,8552.26,10836.63,-2284.37,77499.68,96,128,152,93.20,1285.24,543.49,468.33,217.15,56.27,6.9614,63,1849.50,231.14,19,0.2067,16.66,0.0180,none
2024-12-27,9160.49,312.00,8848.50,10214.27,-1365.77,76133.92,103,138,151,88.94,1301.75,572.83,468.57,206.18,54.17,7.0371,63,1707.55,213.09,18,0.1864,14.08,0.0180,none
2024-12-28,9925.76,324.46,9601.30,5734.08,3867.22,80001.14,112,143,85,88.62,1258.92,542.46,464.53,192.45,59.48,7.8843,65,1869.64,231.47,19,0.1884,14.44,0.0180,none
2024-12-29,8781.52,312.63,8468.89,4379.96,4088.93,84090.07,100,132,65,87.82,1278.05,578.08,435.93,209.66,54.38,6.8710,63,1872.38,229.68,19,0.2132,-1.57,0.0180,none
2024-12-30,7863.93,311.55,7552.38,11265.87,-3713.49,80376.58,87,116,163,90.39,1226.83,556.00,400.71,218.55,51.57,6.4100,62,1901.34,236.42,20,0.2418,3.84,0.0180,none
2024-12-31,8596.30,322.14,8274.16,11268.98,-2994.82,77381.77,92,122,158,93.44,1292.16,599.77,421.05,212.24,59.10,6.6527,66,1924.25,237.12,20,0.2238,21.61,0.0180,none
2025-01-01,8513.62,374.85,8138.77,11063.35,-2924.58,74457.19,92,123,156,92.54,1331.50,615.92,466.09,192.88,56.61,6.3940,65,1655.69,205.85,17,0.1945,13.93,0.0180,none
2025-01-02,8684.00,386.90,8297.10,10857.60,-2560.50,71896.69,93,122,153,93.38,1276.61,606.80,401.59,208.49,59.73,6.8024,63,1724.76,214.99,18,0.1986,13.45,0.0180,none
2025-01-03,9362.06,337.47,9024.59,10234.02,-1209.43,70687.26,106,142,151,88.32,1291.44,571.72,457.04,205.41,57.27,7.2493,64,1819.48,226.06,19,0.1943,19.23,0.0180,none
2025-01-04,9811.21,312.04,9499.17,5745.17,3754.00,74441.26,111,148,85,88.39,1282.10,586.26,453.50,189.21,53.13,7.6525,60,1896.00,232.34,19,0.1932,18.23,0.0180,none
2025-01-05,8316.56,348.22,7968.34,4388.43,3579.91,78021.17,89,117,62,93.44,1273.02,602.92,415.77,197.62,56.71,6.5329,64,1741.47,217.76,18,0.2094,-3.73,0.0180,none
2025-01-06,7896.20,336.18,7560.02,11287.64,-3727.62,74293.54,85,111,159,92.90,1286.69,604.13,421.82,203.19,57.55,6.1368,63,1783.09,218.52,19,0.2258,1.68,0.0180,none
2025-01-07,8312.15,307.19,8004.96,11290.75,-3285.79,71007.75,89,114,159,93.39,1252.42,556.04,430.27,209.15,56.96,6.6369,64,1664.60,206.27,17,0.2003,18.52,0.0180,none
2025-01-08,8723.85,336.93,8386.92,11084.72,-2697.80,68309.96,96,128,160,90.87,1296.35,570.57,456.51,217.38,51.89,6.7295,63,1650.14,204.11,17,0.1892,21.24,0.0180,none
2025-01-09,8861.88,388.78,8473.09,10878.57,-2405.48,65904.48,96,128,155,92.31,1216.07,531.61,420.32,211.76,52.38,7.2873,61,1723.88,215.36,18,0.1945,12.36,0.0180,none
2025-01-10,9446.62,334.85,9111.77,10253.78,-1142.01,64762.47,101,131,143,93.53,1244.30,568.40,416.55,200.70,58.65,7.5919,64,1817.39,224.71,19,0.1924,22.71,0.0180,none
2025-01-11,9308.60,288.09,9020.50,5756.26,3264.24,68026.72,101,131,82,92.16,1236.57,567.05,415.94,195.32,58.26,7.5278,63,1722.23,214.78,18,0.1850,13.88,0.0180,none
2025-01-12,8519.53,295.77,8223.76,4396.90,3826.86,71853.59,91,117,61,93.62,1255.99,583.08,424.41,191.27,57.23,6.7831,62,1893.27,233.79,20,0.2222,1.84,0.0180,none
2025-01-13,7887.65,347.55,7540.10,11309.41,-3769.31,68084.27,86,114,162,91.72,1270.36,602.55,396.40,214.80,56.61,6.2090,63,1711.69,213.31,18,0.2170,-5.01,0.0180,none
2025-01-14,8991.58,348.81,8642.77,11312.52,-2669.75,65414.51,99,131,163,90.82,1405.61,637.17,477.62,229.28,61.54,6.3969,77,2043.97,253.87,21,0.2273,14.67,0.0360,monthly_promotion
2025-01-15,9434.68,359.13,9075.55,11106.09,-2030.54,63383.97,105,141,161,89.85,1426.74,636.18,507.92,224.56,58.08,6.6128,77,1949.44,240.42,20,0.2066,18.65,0.0360,monthly_promotion
2025-01-16,9273.82,362.68,8911.15,10899.53,-1988.38,61395.59,99,128,153,93.67,1377.66,595.09,512.28,212.55,57.74,6.7316,75,1713.09,210.83,18,0.1847,27.01,0.0360,monthly_promotion
2025-01-17,9005.94,309.13,8696.82,10273.54,-1576.72,59818.87,102,131,153,88.29,1271.94,593.30,423.29,201.85,53.50,7.0805,62,1692.52,211.10,18,0.1879,16.57,0.0180,none
2025-01-18,9792.34,286.04,9506.29,5767.34,3738.95,63557.82,111,145,85,88.22,1286.73,591.90,428.46,215.21,51.16,7.6103,62,1845.51,228.92,19,0.1885,23.18,0.0180,none
2025-01-19,8247.48,318.45,7929.03,4405.36,3523.67,67081.49,92,121,65,89.65,1204.42,553.66,411.77,185.92,53.07,6.8477,61,1970.77,243.81,20,0.2390,-1.69,0.0180,none
2025-01-20,7661.75,361.42,7300.33,11331.19,-4030.86,63050.63,85,112,165,90.14,1251.15,582.55,424.70,189.13,54.77,6.1238,61,1688.02,209.43,17,0.2203,6.79,0.0180,none
2025-01-21,8165.14,364.26,7800.89,11334.30,-3533.41,59517.22,91,121,165,89.73,1246.42,559.58,443.67,187.52,55.65,6.5509,61,1775.22,221.97,18,0.2174,19.85,0.0180,none
2025-01-22,8406.91,345.46,8061.45,11127.46,-3066.01,56451.22,94,121,163,89.44,1241.02,588.31,417.11,183.65,51.95,6.7742,59,1748.21,214.33,18,0.2079,14.76,0.0180,none
2025-01-23,8612.24,388.63,8223.61,10920.50,-2696.89,53754.33,97,126,161,88.79,1231.11,552.49,420.61,204.85,53.16,6.9955,61,1654.57,205.04,17,0.1921,13.05,0.0180,none
2025-01-24,9070.58,326.77,8743.81,10293.29,-1549.48,52204.84,102,131,152,88.93,1215.60,507.51,444.91,213.45,49.73,7.4618,60,1731.04,212.35,18,0.1908,18.48,0.0180,none
2025-01-25,9044.95,308.31,8736.63,5778.43,2958.20,55163.05,103,135,86,87.82,1180.58,531.06,387.98,204.25,57.29,7.6614,61,1630.90,201.56,17,0.1803,13.08,0.0180,none
2025-01-26,8052.27,295.38,7756.89,4413.83,3343.06,58506.10,87,112,62,92.55,1198.62,544.53,396.69,205.39,52.01,6.7180,61,1611.01,199.67,17,0.2001,-4.10,0.0180,none
2025-01-27,7378.57,327.73,7050.83,11352.96,-4302.13,54203.98,81,108,164,91.09,1207.43,579.56,379.41,192.73,55.73,6.1110,62,1649.23,204.18,17,0.2235,-0.33,0.0180,none
2025-01-28,7984.19,345.03,7639.16,11356.07,-3716.91,50487.07,87,111,163,91.77,1214.04,582.82,390.03,185.42,55.77,6.5765,60,1733.15,212.64,18,0.2171,15.23,0.0180,none
2025-01-29,8400.49,351.27,8049.22,11148.83,-3099.61,47387.47,90,117,156,93.34,1187.39,534.82,387.49,210.79,54.29,7.0748,62,1715.21,214.06,18,0.2042,19.08,0.0180,none
2025-01-30,8180.83,355.98,7824.85,10941.47,-3116.62,44270.85,89,115,156,91.92,1195.55,536.83,420.17,185.13,53.42,6.8427,59,1646.70,203.81,17,0.2013,11.42,0.0180,none
2025-01-31,8962.38,302.18,8660.20,10313.05,-1652.85,42618.00,98,128,148,91.45,1176.21,526.68,411.71,187.12,50.70,7.6197,59,1669.59,207.06,17,0.1863,20.14,0.0180,none
2025-02-01,9185.49,293.31,8892.18,5789.52,3102.66,45720.66,99,131,82,92.78,1126.59,503.73,382.23,187.71,52.92,8.1534,59,1828.15,225.13,19,0.1990,16.93,0.0180,none
2025-02-02,7976.43,290.26,7686.17,4422.30,3263.87,48984.54,90,119,65,88.63,1187.95,545.09,397.62,189.88,55.36,6.7144,61,1728.04,215.71,18,0.2166,-5.28,0.0180,none
2025-02-03,7451.13,310.48,7140.64,11374.73,-4234.09,44750.45,82,108,165,90.87,1185.96,517.77,431.30,183.13,53.76,6.2828,58,1552.23,190.65,16,0.2083,2.31,0.0180,none
2025-02-04,7781.49,304.75,7476.74,11377.84,-3901.10,40849.34,84,112,162,92.64,1209.49,560.96,403.92,191.08,53.53,6.4337,61,1759.25,216.33,18,0.2261,16.95,0.0180,none
2025-02-05,7929.62,314.34,7615.28,11170.20,-3554.92,37294.42,89,118,164,89.10,1137.88,504.74,396.90,186.83,49.41,6.9688,55,1737.49,217.20,18,0.2191,12.24,0.0180,none
2025-02-06,8239.06,336.68,7902.37,10962.43,-3060.06,34234.37,89,114,155,92.57,1175.87,544.13,387.18,193.92,50.64,7.0068,56,1832.94,225.94,19,0.2225,13.23,0.0180,none
2025-02-07,8616.05,285.99,8330.06,10332.81,-2002.75,32231.62,92,122,145,93.65,1137.21,514.75,381.17,189.43,51.86,7.5765,58,1670.95,207.13,17,0.1939,19.09,0.0180,none
2025-02-08,8971.95,280.66,8691.28,5800.61,2890.67,35122.29,100,134,85,89.72,1200.26,557.48,384.35,203.24,55.19,7.4750,60,1827.34,225.60,19,0.2037,13.86,0.0180,none
2025-02-09,8044.74,285.56,7759.17,4430.76,3328.41,38450.70,87,115,63,92.47,1169.19,520.62,415.83,182.04,50.70,6.8806,56,1662.84,206.34,17,0.2067,3.30,0.0180,none
2025-02-10,7333.69,299.96,7033.74,11396.51,-4362.77,34087.93,82,107,167,89.44,1239.06,564.15,421.44,198.50,54.97,5.9188,61,1539.55,188.98,16,0.2099,3.82,0.0180,none
2025-02-11,7677.68,319.62,7358.06,11399.62,-4041.56,30046.38,83,109,162,92.50,1147.28,511.73,403.85,179.80,51.90,6.6921,56,1721.57,211.77,18,0.2242,20.70,0.0180,none
2025-02-12,7924.42,326.02,7598.40,11191.56,-3593.16,26453.21,89,116,164,89.04,1119.38,485.54,384.98,193.63,55.23,7.0793,58,1757.75,216.04,18,0.2218,18.34,0.0180,none
2025-02-13,8324.81,340.67,7984.14,10983.40,-2999.26,23453.95,89,117,154,93.54,1210.68,557.85,419.60,181.52,51.71,6.8761,59,1626.01,201.26,17,0.1953,2.17,0.0180,none
2025-02-14,9590.80,325.44,9265.36,10352.56,-1087.20,22366.75,103,138,146,93.11,1333.41,588.61,470.12,218.36,56.32,7.1927,72,1777.13,218.11,18,0.1853,21.39,0.0360,monthly_promotion
2025-02-15,9595.22,259.27,9335.95,5811.70,3524.25,25891.00,104,136,83,92.26,1300.74,554.61,470.09,222.97,53.07,7.3767,69,1936.34,239.57,20,0.2018,12.18,0.0360,monthly_promotion
2025-02-16,8810.74,270.70,8540.04,4439.23,4100.81,29991.81,95,126,62,92.74,1309.23,560.76,477.76,218.69,52.02,6.7297,71,2065.30,257.59,21,0.2344,14.42,0.0360,monthly_promotion
2025-02-17,7434.34,286.63,7147.71,11418.28,-4270.57,25721.24,81,104,163,91.78,1177.94,549.53,388.13,188.58,51.70,6.3113,59,1655.08,205.63,17,0.2226,4.57,0.0180,none
2025-02-18,7398.64,295.55,7103.10,11421.39,-4318.29,21402.95,83,110,169,89.14,1157.50,490.80,420.62,195.90,50.18,6.3919,59,1642.55,204.16,17,0.2220,12.41,0.0180,none
2025-02-19,7807.90,374.93,7432.97,11212.93,-3779.96,17622.99,87,113,163,89.75,1140.17,497.28,408.41,181.64,52.84,6.8480,57,1623.37,201.75,17,0.2079,13.35,0.0180,none
2025-02-20,7886.18,364.97,7521.21,11004.36,-3483.15,14139.83,87,115,159,90.65,1138.40,527.66,376.33,183.60,50.81,6.9274,58,1708.00,209.44,18,0.2166,8.57,0.0180,none
2025-02-21,8304.36,333.20,7971.16,10372.32,-2401.16,11738.67,91,121,148,91.26,1165.33,521.33,404.82,192.70,46.48,7.1262,55,1544.46,192.39,16,0.1860,13.06,0.0180,none
2025-02-22,8712.57,285.27,8427.30,5822.78,2604.52,14343.19,99,128,87,88.01,1171.13,522.42,411.62,187.35,49.74,7.4395,56,1665.01,206.63,17,0.1911,13.64,0.0180,none
2025-02-23,7364.98,280.44,7084.54,4447.70,2636.84,16980.03,82,109,65,89.82,1066.78,474.99,361.81,179.60,50.38,6.9039,57,1561.72,192.76,16,0.2120,-4.88,0.0180,none
2025-02-24,7093.58,302.21,6791.37,11440.05,-4648.68,12331.35,80,107,169,88.67,1143.36,545.68,379.72,170.59,47.37,6.2042,56,1523.81,187.03,16,0.2148,7.13,0.0180,none
2025-02-25,7225.88,290.24,6935.64,11443.16,-4507.52,7823.83,77,99,160,93.84,1125.31,528.20,356.29,193.56,47.26,6.4212,57,1546.04,189.87,16,0.2140,14.04,0.0180,none
2025-02-26,7695.37,292.20,7403.16,11234.30,-3831.14,3992.69,85,112,163,90.53,1144.68,499.89,411.97,181.59,51.23,6.7227,58,1532.86,188.17,16,0.1992,17.12,0.0180,none
2025-02-27,7704.92,351.22,7353.70,11025.33,-3671.63,321.05,86,112,161,89.59,1129.68,503.08,397.09,183.12,46.39,6.8204,55,1649.41,204.50,17,0.2141,17.19,0.0180,none
2025-02-28,8189.94,266.89,7923.06,8244.11,-321.05,0.00,90,119,118,91.00,1067.83,482.64,352.44,182.78,49.97,7.6697,54,1553.18,193.01,16,0.1896,19.27,0.0180,none
2025-03-01,8356.08,265.09,8091.00,5833.87,2257.13,2257.13,92,119,84,90.83,1152.25,513.55,406.94,182.39,49.37,7.2520,57,1521.63,186.63,16,0.1821,18.19,0.0180,none
2025-03-02,7536.40,254.47,7281.93,4456.17,2825.76,5082.89,85,110,66,88.66,1091.91,491.36,365.24,182.98,52.33,6.9020,55,1526.69,187.66,16,0.2026,-1.22,0.0180,none
2025-03-03,7075.40,310.59,6764.81,11461.82,-4697.01,385.88,80,107,170,88.44,1122.10,505.61,389.88,174.79,51.82,6.3055,55,1559.61,191.19,16,0.2204,1.72,0.0180,none
2025-03-04,7136.77,275.76,6861.01,7246.88,-385.87,0.00,79,102,105,90.34,1116.03,493.50,388.72,188.53,45.28,6.3948,54,1644.87,203.85,17,0.2305,18.44,0.0180,none
2025-03-05,7245.04,302.48,6942.55,6942.55,0.00,0.00,80,106,100,90.56,1074.74,469.44,374.80,181.30,49.20,6.7412,54,1412.24,173.67,15,0.1949,13.37,0.0180,none
2025-03-06,7720.02,327.30,7392.72,7392.72,0.00,0.00,82,105,103,94.15,1060.17,462.06,376.20,176.36,45.55,7.2819,51,1505.83,184.93,16,0.1951,14.07,0.0180,none
2025-03-07,7875.05,301.61,7573.45,7573.45,0.00,0.00,84,110,106,93.75,1044.49,487.70,346.29,163.72,46.78,7.5396,51,1434.33,180.11,15,0.1821,16.00,0.0180,none
2025-03-08,8298.75,279.12,8019.63,5844.96,2174.67,2174.67,91,120,84,91.20,1131.92,528.14,384.73,169.36,49.69,7.3316,56,1553.88,191.14,16,0.1872,15.29,0.0180,none
2025-03-09,7237.84,275.19,6962.65,4464.63,2498.02,4672.69,79,103,64,91.62,1094.09,481.09,373.38,189.85,49.77,6.6154,56,1421.36,174.73,15,0.1964,-4.94,0.0180,none
2025-03-10,6693.95,293.16,6400.78,11073.47,-4672.69,0.00,73,98,158,91.70,1027.28,454.32,359.74,168.66,44.56,6.5162,51,1518.36,188.67,16,0.2268,2.89,0.0180,none
2025-03-11,7075.75,279.15,6796.60,6796.60,0.00,0.00,78,102,98,90.71,1041.80,465.90,348.04,178.78,49.08,6.7919,55,1640.35,203.05,17,0.2318,17.70,0.0180,none
2025-03-12,7304.73,300.84,7003.89,7003.89,0.00,0.00,79,105,99,92.46,1034.56,471.57,345.50,166.85,50.64,7.0607,53,1560.55,191.32,16,0.2136,11.85,0.0180,none
2025-03-13,7319.86,326.15,6993.71,6993.71,0.00,0.00,79,101,99,92.66,1049.81,468.83,373.44,162.02,45.52,6.9726,51,1418.59,174.51,15,0.1938,13.38,0.0180,none
2025-03-14,8897.57,279.09,8618.48,8618.48,0.00,0.00,101,130,128,88.09,1194.20,546.53,407.71,190.16,49.80,7.4507,67,1702.47,209.29,18,0.1913,14.01,0.0360,monthly_promotion
2025-03-15,9220.45,273.34,8947.10,5856.05,3091.05,3091.06,100,132,83,92.20,1203.17,563.77,395.30,189.98,54.12,7.6635,66,1692.13,210.96,18,0.1835,14.45,0.0360,monthly_promotion
2025-03-16,8141.55,252.14,7889.41,4473.10,3416.31,6507.37,90,119,65,90.46,1217.72,519.93,441.03,203.59,53.17,6.6859,67,1744.34,214.22,18,0.2143,-1.13,0.0360,monthly_promotion
2025-03-17,6517.70,294.57,6223.13,11505.37,-5282.24,1225.13,69,92,160,94.46,1044.29,460.63,361.60,176.11,45.95,6.2413,53,1528.11,187.45,16,0.2345,-0.53,0.0180,none
2025-03-18,7070.97,295.68,6775.29,8000.42,-1225.13,0.00,80,106,118,88.39,1103.73,509.32,371.41,176.64,46.36,6.4064,54,1434.03,178.75,15,0.2028,16.89,0.0180,none
2025-03-19,7232.99,333.60,6899.39,6899.39,0.00,0.00,79,105,99,91.56,1049.34,446.44,378.65,174.43,49.82,6.8929,54,1417.15,174.91,15,0.1959,15.27,0.0180,none
2025-03-20,7327.08,367.27,6959.82,6959.82,0.00,0.00,82,108,102,89.35,1037.68,443.08,385.73,164.53,44.34,7.0610,51,1447.16,180.17,15,0.1975,15.15,0.0180,none
2025-03-21,7707.59,290.91,7416.68,7416.68,0.00,0.00,86,114,108,89.62,1059.49,454.33,374.19,182.58,48.39,7.2748,55,1283.33,158.57,13,0.1665,16.19,0.0180,none
2025-03-22,7708.94,247.33,7461.61,5867.14,1594.47,1594.48,86,114,86,89.64,1071.59,487.98,382.46,157.57,43.58,7.1939,52,1257.07,155.10,13,0.1631,9.12,0.0180,none
2025-03-23,6983.94,270.57,6713.37,4481.57,2231.80,3826.28,75,99,63,93.12,1056.49,478.08,367.75,164.54,46.12,6.6105,53,1361.71,166.54,14,0.1950,0.02,0.0180,none
2025-03-24,6559.39,293.87,6265.52,10091.80,-3826.28,0.00,70,93,141,93.71,1054.83,480.48,350.73,180.28,43.34,6.2184,54,1349.93,168.61,14,0.2058,8.22,0.0180,none
2025-03-25,6909.71,274.87,6634.84,6634.84,0.00,0.00,74,98,93,93.37,1030.25,463.84,343.79,174.94,47.68,6.7068,51,1598.65,197.84,17,0.2314,17.18,0.0180,none
2025-03-26,7065.66,274.93,6790.73,6790.73,0.00,0.00,78,104,98,90.59,1010.56,443.32,360.63,159.53,47.08,6.9918,50,1526.36,187.53,16,0.2160,17.05,0.0180,none
2025-03-27,7147.12,283.36,6863.76,6863.76,0.00,0.00,79,102,99,90.47,994.69,431.92,344.35,172.16,46.26,7.1853,51,1407.20,173.28,15,0.1969,13.91,0.0180,none
2025-03-28,7609.42,273.10,7336.32,7336.32,0.00,0.00,86,115,109,88.48,1037.58,462.74,351.12,176.88,46.84,7.3338,53,1232.67,152.12,13,0.1620,13.29,0.0180,none
2025-03-29,7654.70,250.29,7404.42,5878.22,1526.20,1526.19,84,112,85,91.13,1035.34,470.15,354.34,163.63,47.22,7.3934,53,1430.74,176.29,15,0.1869,9.98,0.0180,none
2025-03-30,6856.07,276.83,6579.24,4490.04,2089.20,3615.39,75,97,64,91.41,972.12,449.36,322.15,155.56,45.05,7.0527,50,1402.01,172.34,15,0.2045,-3.53,0.0180,none
2025-03-31,6344.05,266.62,6077.44,9692.83,-3615.39,0.00,71,94,142,89.35,1040.42,461.15,372.55,159.36,47.36,6.0976,52,1485.44,181.10,15,0.2341,3.21,0.0180,none
2025-04-01,6885.48,290.09,6595.39,6595.39,0.00,0.00,74,98,93,93.05,1001.13,458.54,334.77,163.68,44.14,6.8777,51,1596.25,200.26,16,0.2318,23.62,0.0180,none
2025-04-02,6784.24,283.74,6500.51,6500.51,0.00,0.00,74,98,93,91.68,1032.48,455.10,359.35,175.01,43.02,6.5708,50,1435.54,178.49,15,0.2116,10.79,0.0180,none
2025-04-03,7205.13,303.47,6901.66,6901.66,0.00,0.00,80,104,100,90.06,1005.04,443.66,345.15,169.31,46.92,7.1690,50,1449.27,178.36,15,0.2011,14.02,0.0180,none
2025-04-04,7274.93,280.26,6994.68,6994.68,0.00,0.00,82,109,103,88.72,998.11,458.24,332.65,164.87,42.35,7.2887,49,1276.71,157.69,13,0.1755,14.87,0.0180,none
2025-04-05,7870.20,260.13,7610.08,5889.31,1720.77,1720.76,89,116,87,88.43,1041.84,462.40,360.64,174.19,44.61,7.5541,52,1538.90,191.25,16,0.1955,18.62,0.0180,none
2025-04-06,6758.60,260.99,6497.61,4498.50,1999.11,3719.87,74,96,65,91.33,1001.53,483.87,316.67,157.30,43.69,6.7483,49,1254.71,154.59,13,0.1856,-0.92,0.0180,none
2025-04-07,6410.73,245.90,6164.83,9884.70,-3719.87,0.00,73,95,146,87.82,1009.88,471.11,320.08,176.01,42.68,6.3480,50,1452.79,183.21,15,0.2266,4.07,0.0180,none
2025-04-08,6376.56,294.35,6082.21,6082.21,0.00,0.00,68,90,85,93.77,1011.93,449.97,364.03,154.47,43.46,6.3014,51,1331.36,162.19,14,0.2088,10.66,0.0180,none
2025-04-09,6776.34,263.89,6512.45,6512.45,0.00,0.00,73,95,92,92.83,1004.39,442.39,351.40,167.95,42.65,6.7467,51,1352.86,169.23,14,0.1996,13.90,0.0180,none
2025-04-10,6907.43,299.88,6607.55,6607.55,0.00,0.00,74,99,92,93.34,997.60,454.68,329.80,170.70,42.42,6.9240,50,1354.16,168.53,14,0.1960,14.46,0.0180,none
2025-04-11,7115.06,261.01,6854.05,6854.05,0.00,0.00,76,100,95,93.62,953.73,430.80,312.46,163.30,47.17,7.4602,49,1356.97,165.35,14,0.1907,15.44,0.0180,none
2025-04-12,7195.24,256.27,6938.97,5900.40,1038.57,1038.57,81,107,87,88.83,949.64,422.18,318.03,163.54,45.89,7.5768,50,1327.24,164.98,14,0.1845,9.88,0.0180,none
2025-04-13,6822.67,233.93,6588.74,4506.97,2081.77,3120.34,74,95,64,92.20,1002.99,461.56,342.55,155.34,43.54,6.8023,47,1455.00,180.81,15,0.2133,2.14,0.0180,none
2025-04-14,6836.62,269.94,6566.68,9687.02,-3120.34,0.00,77,102,143,88.79,1076.56,481.75,367.92,182.69,44.20,6.3504,57,1527.93,187.97,16,0.2235,0.80,0.0360,monthly_promotion
2025-04-15,7222.96,283.39,6939.57,6939.57,0.00,0.00,78,100,99,92.60,1144.23,541.47,380.62,173.68,48.46,6.3125,61,1612.77,200.10,17,0.2233,12.70,0.0360,monthly_promotion
2025-04-16,7405.54,268.26,7137.28,7137.28,0.00,0.00,82,106,103,90.31,1117.21,476.54,402.74,193.91,44.02,6.6286,58,1637.70,203.04,17,0.2211,12.02,0.0360,monthly_promotion
2025-04-17,6916.48,284.73,6631.75,6631.75,0.00,0.00,79,102,99,87.55,980.08,456.53,313.18,170.51,39.86,7.0571,48,1400.89,172.16,15,0.2025,13.75,0.0180,none
2025-04-18,7413.08,271.84,7141.24,7141.24,0.00,0.00,83,107,105,89.31,972.17,442.87,333.59,150.99,44.72,7.6253,49,1428.55,176.13,15,0.1927,19.98,0.0180,none
2025-04-19,7347.81,247.63,7100.18,5911.49,1188.69,1188.70,80,103,84,91.85,989.14,436.32,357.41,152.87,42.54,7.4285,49,1414.35,172.19,15,0.1925,10.33,0.0180,none
2025-04-20,6330.43,290.41,6040.03,4515.44,1524.59,2713.29,69,90,65,91.75,933.96,406.43,331.06,154.84,41.63,6.7781,47,1344.02,167.80,14,0.2123,-5.37,0.0180,none
2025-04-21,6216.93,259.27,5957.66,8670.95,-2713.29,0.00,71,95,129,87.56,972.11,427.72,349.42,149.01,45.96,6.3953,49,1346.99,164.41,14,0.2167,6.51,0.0180,none
2025-04-22,6501.00,257.12,6243.88,6243.88,0.00,0.00,71,92,89,91.56,984.57,451.91,322.41,168.31,41.94,6.6029,49,1362.28,169.81,14,0.2095,23.10,0.0180,none
2025-04-23,6454.16,294.10,6160.06,6160.06,0.00,0.00,72,94,90,89.64,950.45,431.36,330.87,148.58,39.64,6.7906,46,1265.85,156.63,13,0.1961,10.77,0.0180,none
2025-04-24,6710.93,299.05,6411.88,6411.88,0.00,0.00,72,93,90,93.21,949.11,405.28,341.00,161.58,41.25,7.0708,47,1472.93,183.79,15,0.2195,11.80,0.0180,none
2025-04-25,6955.04,256.47,6698.58,6698.58,0.00,0.00,77,101,97,90.33,942.81,415.82,340.98,146.44,39.57,7.3769,45,1348.78,168.33,14,0.1939,17.53,0.0180,none
2025-04-26,7371.35,247.16,7124.19,5922.58,1201.61,1201.62,79,102,83,93.31,958.45,438.17,330.66,146.40,43.22,7.6909,48,1259.53,156.29,13,0.1709,11.88,0.0180,none
2025-04-27,6499.48,229.21,6270.26,4523.90,1746.36,2947.97,74,95,67,87.83,988.01,444.21,335.09,168.71,40.00,6.5784,49,1461.47,179.99,15,0.2249,-3.69,0.0180,none
2025-04-28,5930.25,254.38,5675.87,8623.84,-2947.97,0.00,65,84,124,91.23,921.57,420.34,312.35,149.56,39.32,6.4349,46,1346.71,164.31,14,0.2271,-3.24,0.0180,none
2025-04-29,6316.76,239.87,6076.89,6076.89,0.00,0.00,70,92,88,90.24,995.52,440.13,347.55,168.52,39.32,6.3452,47,1470.35,182.96,15,0.2328,19.52,0.0180,none
2025-04-30,6718.16,268.95,6449.21,6449.21,0.00,0.00,74,97,93,90.79,966.64,421.14,342.31,162.77,40.42,6.9500,48,1344.00,166.96,14,0.2001,18.51,0.0180,none
2025-05-01,6576.04,296.45,6279.59,6279.59,0.00,0.00,71,95,89,92.62,904.94,398.86,319.14,146.08,40.86,7.2668,46,1269.94,156.75,13,0.1931,9.95,0.0180,none
2025-05-02,7067.07,252.22,6814.86,6814.86,0.00,0.00,76,97,96,92.99,965.75,411.54,350.20,165.02,38.99,7.3177,49,1442.95,178.24,15,0.2042,16.65,0.0180,none
2025-05-03,7474.78,218.61,7256.17,5933.66,1322.51,1322.51,83,111,86,90.06,935.77,409.65,325.82,159.33,40.97,7.9878,45,1436.53,176.57,15,0.1922,22.76,0.0180,none
2025-05-04,6366.60,230.12,6136.48,4532.37,1604.11,2926.62,71,92,66,89.67,952.91,434.19,322.54,154.17,42.01,6.6812,46,1347.58,168.47,14,0.2117,-0.95,0.0180,none
2025-05-05,5868.65,273.44,5595.21,8521.83,-2926.62,0.00,63,84,120,93.15,996.10,444.79,348.15,164.41,38.75,5.8916,49,1270.41,157.03,13,0.2165,-0.26,0.0180,none
2025-05-06,6311.71,256.57,6055.14,6055.14,0.00,0.00,67,89,84,94.20,962.35,436.03,316.09,165.66,44.57,6.5586,50,1334.82,162.81,14,0.2115,19.96,0.0180,none
2025-05-07,6583.03,265.51,6317.52,6317.52,0.00,0.00,71,93,89,92.72,973.86,434.77,343.29,152.74,43.06,6.7597,49,1349.46,168.41,14,0.2050,14.87,0.0180,none
2025-05-08,6631.30,270.16,6361.14,6361.14,0.00,0.00,71,91,90,93.40,939.66,417.51,323.60,156.05,42.50,7.0571,45,1364.31,170.19,14,0.2057,16.18,0.0180,none
2025-05-09,7222.43,248.73,6973.70,6973.70,0.00,0.00,79,103,99,91.42,996.51,459.13,345.81,148.00,43.57,7.2477,48,1341.61,165.14,14,0.1858,22.91,0.0180,none
2025-05-10,7116.59,224.95,6891.63,5944.75,946.88,946.88,77,100,84,92.42,916.40,411.56,313.65,146.70,44.49,7.7658,48,1251.58,154.10,13,0.1759,13.46,0.0180,none
2025-05-11,6339.35,246.20,6093.15,4540.84,1552.31,2499.19,70,91,65,90.56,932.93,404.78,328.88,159.48,39.79,6.7951,47,1246.79,154.73,13,0.1967,-0.70,0.0180,none
2025-05-12,5624.89,241.72,5383.17,7882.36,-2499.19,0.00,60,78,111,93.75,899.55,412.26,298.08,148.34,40.87,6.2530,44,1220.27,150.82,13,0.2169,0.04,0.0180,none
2025-05-13,6231.30,257.05,5974.25,5974.25,0.00,0.00,71,94,89,87.76,922.22,420.94,313.34,147.37,40.57,6.7568,45,1382.25,172.57,14,0.2218,17.46,0.0180,none
2025-05-14,7211.53,255.89,6955.63,6955.63,0.00,0.00,78,100,98,92.46,1112.19,495.79,382.87,185.53,48.00,6.4841,62,1365.95,166.95,14,0.1894,13.26,0.0360,monthly_promotion
2025-05-15,7358.21,280.53,7077.68,7077.68,0.00,0.00,79,105,100,93.14,1096.34,480.35,392.71,176.43,46.85,6.7116,59,1529.62,188.22,16,0.2079,14.49,0.0360,monthly_promotion
2025-05-16,7808.93,245.13,7563.80,7563.80,0.00,0.00,88,113,111,88.74,1071.69,499.86,355.24,173.24,43.35,7.2866,57,1311.75,163.66,14,0.1680,19.40,0.0360,monthly_promotion
2025-05-17,6957.64,222.22,6735.42,5955.84,779.58,779.58,76,98,85,91.55,944.47,444.62,307.37,148.04,44.44,7.3667,48,1244.09,153.89,13,0.1788,9.81,0.0180,none
2025-05-18,6295.46,236.06,6059.40,4549.31,1510.09,2289.67,70,90,66,89.94,982.26,458.09,321.42,162.14,40.61,6.4092,49,1254.27,154.51,13,0.1992,-5.44,0.0180,none
2025-05-19,6035.03,274.44,5760.58,8050.25,-2289.67,0.00,68,87,120,88.75,960.58,432.76,332.12,152.59,43.11,6.2827,48,1450.92,178.64,15,0.2404,1.26,0.0180,none
2025-05-20,6104.95,294.30,5810.66,5810.66,0.00,0.00,65,87,81,93.92,973.07,445.48,328.99,154.66,43.94,6.2739,50,1245.02,153.29,13,0.2039,14.44,0.0180,none
2025-05-21,6330.55,295.27,6035.28,6035.28,0.00,0.00,68,91,85,93.10,974.64,443.83,340.12,146.34,44.35,6.4953,48,1239.90,153.30,13,0.1959,18.07,0.0180,none
2025-05-22,6484.58,266.67,6217.91,6217.91,0.00,0.00,71,95,89,91.33,962.42,436.63,329.26,155.25,41.28,6.7378,48,1321.23,161.48,14,0.2037,14.35,0.0180,none
2025-05-23,6872.98,237.34,6635.64,6635.64,0.00,0.00,73,98,93,94.15,968.21,444.84,325.70,157.93,39.74,7.0986,48,1398.39,172.19,15,0.2035,14.55,0.0180,none
2025-05-24,7095.79,219.27,6876.52,5966.93,909.59,909.59,78,104,86,90.97,918.71,417.76,309.43,148.13,43.39,7.7236,48,1354.14,169.23,14,0.1908,12.70,0.0180,none
2025-05-25,6321.61,246.59,6075.02,4557.77,1517.25,2426.83,71,95,67,89.04,932.56,394.29,343.26,151.42,43.59,6.7788,46,1229.25,151.47,13,0.1945,-3.38,0.0180,none
2025-05-26,5976.92,249.11,5727.81,8154.64,-2426.83,0.00,64,84,114,93.39,918.37,428.22,304.63,143.21,42.31,6.5082,46,1355.10,165.37,14,0.2267,1.11,0.0180,none
2025-05-27,6005.74,249.43,5756.31,5756.31,0.00,0.00,68,88,85,88.32,935.10,400.82,342.62,152.93,38.73,6.4226,45,1251.44,154.59,13,0.2084,12.47,0.0180,none
2025-05-28,6384.04,274.11,6109.94,6109.94,0.00,0.00,71,95,88,89.92,954.96,428.58,338.56,148.21,39.61,6.6851,45,1319.07,164.72,14,0.2066,15.23,0.0180,none
2025-05-29,6722.25,267.99,6454.26,6454.26,0.00,0.00,76,101,95,88.45,962.59,449.12,324.29,144.55,44.63,6.9835,48,1279.34,158.33,13,0.1903,14.46,0.0180,none
2025-05-30,6920.83,221.94,6698.89,6698.89,0.00,0.00,77,100,97,89.88,978.56,427.67,342.10,165.25,43.54,7.0725,49,1413.67,173.96,15,0.2043,17.97,0.0180,none
2025-05-31,7195.98,237.03,6958.96,5978.02,980.94,980.94,79,102,86,91.09,978.03,453.54,333.59,149.01,41.89,7.3576,47,1424.64,174.91,15,0.1980,17.62,0.0180,none
2025-06-01,6385.80,241.43,6144.36,4566.24,1578.12,2559.06,71,94,67,89.94,957.94,416.69,346.67,154.09,40.49,6.6662,46,1380.06,172.32,14,0.2161,-6.60,0.0180,none
2025-06-02,5819.43,250.11,5569.32,8128.39,-2559.07,0.00,65,86,120,89.53,948.18,446.59,308.34,154.75,38.50,6.1375,45,1313.57,160.12,14,0.2257,-0.58,0.0180,none
2025-06-03,6142.93,255.12,5887.81,5887.81,0.00,0.00,69,92,86,89.03,934.93,413.09,319.34,164.11,38.39,6.5705,47,1372.62,171.29,14,0.2234,14.47,0.0180,none
2025-06-04,6418.81,276.62,6142.19,6142.19,0.00,0.00,73,98,91,87.93,978.03,457.64,332.52,146.49,41.38,6.5630,47,1232.74,152.20,13,0.1921,12.13,0.0180,none
2025-06-05,6654.75,284.67,6370.08,6370.08,0.00,0.00,73,94,91,91.16,994.12,460.93,336.99,157.07,39.13,6.6941,47,1320.82,160.97,14,0.1985,11.96,0.0180,none
2025-06-06,6793.04,259.92,6533.12,6533.12,0.00,0.00,73,96,92,93.06,938.58,422.64,311.94,162.96,41.04,7.2376,47,1257.86,154.77,13,0.1852,12.42,0.0180,none
2025-06-07,7037.21,238.46,6798.75,5989.10,809.65,809.64,80,106,89,87.97,900.57,412.85,298.58,150.28,38.86,7.8142,46,1309.17,159.84,14,0.1860,11.39,0.0180,none
2025-06-08,6593.48,236.00,6357.48,4574.71,1782.77,2592.41,73,97,66,90.32,977.38,435.26,337.86,161.41,42.85,6.7461,47,1338.31,163.53,14,0.2030,-2.73,0.0180,none
2025-06-09,6084.73,251.25,5833.48,8425.90,-2592.42,0.00,66,84,119,92.19,917.42,408.39,314.41,149.94,44.68,6.6324,48,1410.59,175.50,15,0.2318,5.22,0.0180,none
2025-06-10,6169.01,263.77,5905.24,5905.24,0.00,0.00,66,88,82,93.47,960.56,452.59,316.77,152.30,38.90,6.4223,46,1379.83,168.37,14,0.2237,11.06,0.0180,none
2025-06-11,6577.61,255.78,6321.83,6321.83,0.00,0.00,74,96,93,88.89,933.14,407.42,331.45,153.88,40.39,7.0489,45,1337.15,167.05,14,0.2033,18.39,0.0180,none
2025-06-12,6618.24,247.76,6370.48,6370.48,0.00,0.00,72,93,91,91.92,930.46,432.97,306.95,150.11,40.43,7.1129,46,1452.57,176.95,15,0.2195,13.31,0.0180,none
2025-06-13,6903.28,251.22,6652.06,6652.06,0.00,0.00,74,99,93,93.29,969.85,447.10,330.45,147.25,45.05,7.1179,49,1245.87,153.67,13,0.1805,15.57,0.0180,none
2025-06-14,8155.15,235.10,7920.05,6000.19,1919.86,1919.86,87,112,84,93.74,1112.19,522.92,356.75,189.31,43.21,7.3325,60,1672.04,207.43,17,0.2050,12.82,0.0360,monthly_promotion
2025-06-15,7424.32,243.23,7181.09,4583.17,2597.92,4517.78,84,112,68,88.38,1087.31,457.08,398.68,187.40,44.15,6.8282,60,1659.61,206.05,17,0.2235,4.48,0.0360,monthly_promotion
2025-06-16,6559.54,230.47,6329.08,10846.85,-4517.77,0.00,71,93,154,92.39,1054.12,456.68,376.58,174.79,46.07,6.2228,59,1406.76,173.30,15,0.2145,0.14,0.0360,monthly_promotion
2025-06-17,6101.65,254.44,5847.21,5847.21,0.00,0.00,68,87,86,89.73,987.13,454.02,325.42,168.31,39.38,6.1812,48,1246.26,153.52,13,0.2042,10.02,0.0180,none
2025-06-18,6662.27,283.06,6379.22,6379.22,0.00,0.00,71,94,90,93.83,942.94,416.04,335.17,148.76,42.97,7.0654,47,1388.28,171.66,14,0.2084,16.37,0.0180,none
2025-06-19,6567.15,285.27,6281.88,6281.88,0.00,0.00,74,95,93,88.75,972.14,424.73,354.22,149.77,43.42,6.7554,47,1350.09,168.16,14,0.2056,7.30,0.0180,none
2025-06-20,7221.57,299.21,6922.35,6922.35,0.00,0.00,78,101,98,92.58,945.57,420.66,319.53,161.26,44.12,7.6373,49,1333.13,165.86,14,0.1846,20.31,0.0180,none
2025-06-21,7541.43,268.50,7272.93,6011.28,1261.65,1261.65,81,107,84,93.10,1007.49,463.98,354.51,149.28,39.72,7.4854,49,1344.54,164.03,14,0.1783,15.81,0.0180,none
2025-06-22,6413.80,228.07,6185.73,4591.64,1594.09,2855.73,68,90,64,94.32,956.43,414.52,339.56,159.76,42.59,6.7060,47,1255.72,155.16,13,0.1958,-2.57,0.0180,none
2025-06-23,5988.26,245.33,5742.93,8598.66,-2855.73,0.00,65,83,122,92.13,966.49,455.77,306.52,161.49,42.71,6.1959,49,1263.53,156.32,13,0.2110,1.13,0.0180,none
2025-06-24,6177.21,233.85,5943.36,5943.36,0.00,0.00,66,86,84,93.59,968.09,437.16,341.08,149.91,39.94,6.3808,47,1260.09,155.96,13,0.2040,16.08,0.0180,none
2025-06-25,6447.23,291.62,6155.61,6155.61,0.00,0.00,71,95,88,90.81,956.02,418.59,325.97,170.82,40.64,6.7438,47,1348.48,164.41,14,0.2092,13.56,0.0180,none
2025-06-26,6603.75,285.39,6318.36,6318.36,0.00,0.00,73,97,91,90.46,963.55,421.51,332.54,168.32,41.18,6.8536,49,1240.93,153.70,13,0.1879,9.47,0.0180,none
2025-06-27,7250.23,233.27,7016.96,7016.96,0.00,0.00,77,101,98,94.16,971.96,457.12,308.45,166.13,40.26,7.4594,47,1460.66,179.58,15,0.2015,17.36,0.0180,none
2025-06-28,7335.09,217.43,7117.67,6022.37,1095.30,1095.30,80,107,86,91.69,956.46,424.31,319.08,167.02,46.05,7.6690,51,1370.23,170.71,14,0.1868,13.91,0.0180,none
2025-06-29,6812.07,245.60,6566.47,4600.11,1966.36,3061.65,76,99,67,89.63,988.29,452.36,323.65,166.32,45.96,6.8928,50,1432.67,175.87,15,0.2103,0.46,0.0180,none
2025-06-30,6007.84,241.14,5766.70,8828.36,-3061.66,0.00,68,90,132,88.35,993.43,450.29,346.89,156.22,40.03,6.0476,48,1221.19,150.95,13,0.2033,-0.66,0.0180,none
2025-07-01,7800.20,238.40,7561.80,7561.80,0.00,0.00,88,117,112,88.64,1206.78,576.75,391.70,193.12,45.21,6.4636,66,1685.23,207.26,18,0.2160,11.61,0.0180,summer_event
2025-07-02,8191.20,258.03,7933.17,7933.17,0.00,0.00,92,121,116,89.03,1191.48,540.67,407.02,191.22,52.57,6.8748,70,1734.04,216.65,18,0.2117,18.86,0.0180,summer_event
2025-07-03,8204.73,266.69,7938.05,7938.05,0.00,0.00,88,117,112,93.24,1231.70,562.48,423.05,199.05,47.12,6.6613,70,1539.22,188.65,16,0.1876,16.23,0.0180,summer_event
2025-07-04,8510.78,256.96,8253.82,8253.82,0.00,0.00,94,121,119,90.54,1190.33,549.94,401.94,188.93,49.52,7.1499,70,1715.71,210.87,18,0.2016,11.60,0.0180,summer_event
2025-07-05,8931.72,236.84,8694.88,6033.46,2661.42,2661.42,99,131,88,90.22,1234.14,523.91,447.57,210.43,52.23,7.2372,73,1660.79,206.14,17,0.1859,12.69,0.0180,summer_event
2025-07-06,6891.59,296.93,6594.66,4608.58,1986.08,4647.50,75,97,66,91.89,972.97,454.08,318.69,157.39,42.81,7.0830,48,1556.63,191.61,16,0.2259,-0.54,0.0180,none
2025-07-07,6300.72,334.44,5966.28,10613.79,-4647.51,0.00,69,92,153,91.31,1026.47,448.55,359.91,174.67,43.34,6.1382,53,1549.50,190.62,16,0.2459,0.93,0.0180,none
2025-07-08,6401.03,320.02,6081.01,6081.01,0.00,0.00,69,90,85,92.77,975.27,450.67,318.23,163.75,42.62,6.5633,49,1440.67,179.27,15,0.2251,14.02,0.0180,none
2025-07-09,6767.53,339.47,6428.06,6428.06,0.00,0.00,76,100,95,89.05,985.94,456.89,324.13,162.58,42.34,6.8640,48,1345.92,167.35,14,0.1989,15.40,0.0180,none
2025-07-10,7013.19,333.71,6679.47,6679.47,0.00,0.00,76,100,95,92.28,1023.57,459.22,366.58,154.73,43.04,6.8517,50,1346.88,167.48,14,0.1920,13.24,0.0180,none
2025-07-11,7628.61,241.66,7386.95,7386.95,0.00,0.00,83,107,106,91.91,1023.30,464.45,349.65,162.11,47.09,7.4549,52,1541.54,189.11,16,0.2021,22.27,0.0180,none
2025-07-12,7911.74,237.30,7674.44,6044.54,1629.90,1629.89,88,116,88,89.91,1016.58,462.20,351.44,156.39,46.55,7.7827,50,1457.97,181.12,15,0.1843,17.11,0.0180,none
2025-07-13,6960.44,229.29,6731.15,4617.04,2114.11,3744.00,76,99,66,91.58,993.58,453.66,342.36,154.19,43.37,7.0054,48,1568.99,193.00,16,0.2254,-3.60,0.0180,none
2025-07-14,7170.84,260.43,6910.41,10654.41,-3744.00,0.00,78,101,151,91.93,1176.07,519.15,419.64,187.01,50.27,6.0973,64,1525.49,187.74,16,0.2127,3.11,0.0360,monthly_promotion
2025-07-15,7606.19,254.74,7351.45,7351.45,0.00,0.00,85,113,108,89.48,1172.88,511.96,423.60,190.00,47.32,6.4851,63,1539.42,191.99,16,0.2024,16.58,0.0360,monthly_promotion
2025-07-16,7800.73,267.54,7533.20,7533.20,0.00,0.00,88,114,111,88.64,1145.90,545.73,376.69,176.57,46.91,6.8075,60,1773.69,219.39,19,0.2274,13.75,0.0360,monthly_promotion
2025-07-17,7297.11,313.77,6983.34,6983.34,0.00,0.00,83,108,104,87.92,1086.89,500.32,368.32,170.96,47.29,6.7138,53,1640.99,203.38,17,0.2249,11.45,0.0180,none
2025-07-18,7955.25,255.80,7699.45,7699.45,0.00,0.00,90,118,115,88.39,1090.99,490.31,377.75,177.40,45.53,7.2918,55,1540.18,188.96,16,0.1936,22.66,0.0180,none
2025-07-19,7805.48,282.53,7522.95,6055.63,1467.32,1467.32,84,111,85,92.92,1045.46,443.96,376.57,175.73,49.20,7.4661,54,1559.62,191.69,16,0.1998,9.94,0.0180,none
2025-07-20,6906.40,302.00,6604.41,4625.51,1978.90,3446.21,78,100,69,88.54,1048.90,470.74,366.39,163.49,48.28,6.5844,52,1361.84,169.61,14,0.1972,-2.98,0.0180,none
2025-07-21,6420.83,300.00,6120.83,9567.04,-3446.21,0.00,68,88,133,94.42,1075.61,489.34,357.16,182.97,46.14,5.9695,53,1457.65,179.46,15,0.2270,-1.63,0.0180,none
2025-07-22,6998.87,279.94,6718.93,6718.93,0.00,0.00,77,103,97,90.89,1056.53,459.18,377.25,171.35,48.75,6.6244,52,1431.92,177.07,15,0.2046,17.61,0.0180,none
2025-07-23,7253.08,304.80,6948.28,6948.28,0.00,0.00,81,107,102,89.54,1067.83,457.67,386.31,178.48,45.37,6.7924,53,1551.95,191.13,16,0.2140,17.84,0.0180,none
2025-07-24,7325.85,286.55,7039.29,7039.29,0.00,0.00,78,104,98,93.92,1050.44,483.42,344.62,179.16,43.24,6.9741,50,1512.30,186.37,16,0.2064,15.98,0.0180,none
2025-07-25,7803.01,250.87,7552.14,7552.14,0.00,0.00,86,111,109,90.73,1047.10,483.93,356.94,160.39,45.84,7.4520,52,1368.28,166.71,14,0.1754,18.73,0.0180,none
2025-07-26,7912.40,245.54,7666.86,6066.72,1600.14,1600.14,88,116,89,89.91,1014.98,441.58,361.07,167.17,45.16,7.7956,50,1630.69,202.73,17,0.2061,9.93,0.0180,none
2025-07-27,7378.57,285.81,7092.76,4633.98,2458.78,4058.92,83,106,68,88.90,1094.23,481.41,389.39,178.83,44.60,6.7432,53,1469.76,181.17,15,0.1992,0.37,0.0180,none
2025-07-28,6735.02,256.71,6478.31,10537.24,-4058.93,0.00,76,102,157,88.62,1084.27,487.18,372.94,173.93,50.22,6.2116,54,1560.91,192.23,16,0.2318,5.83,0.0180,none
2025-07-29,7098.14,289.48,6808.66,6808.66,0.00,0.00,79,101,99,89.85,1037.73,475.12,340.30,177.33,44.98,6.8401,51,1658.29,206.19,17,0.2336,19.17,0.0180,none
2025-07-30,7441.36,298.24,7143.12,7143.12,0.00,0.00,83,110,104,89.65,1113.86,515.78,376.08,172.75,49.25,6.6807,54,1562.12,192.18,16,0.2099,14.29,0.0180,none
2025-07-31,7578.87,289.30,7289.57,7289.57,0.00,0.00,84,111,106,90.22,1076.46,475.07,389.51,163.36,48.52,7.0405,54,1485.91,183.15,15,0.1961,10.20,0.0180,none
2025-08-01,8065.32,286.45,7778.86,7778.86,0.00,0.00,87,113,110,92.70,1057.11,477.37,363.22,169.77,46.75,7.6296,52,1634.89,202.75,17,0.2027,17.73,0.0180,none
2025-08-02,8048.66,255.57,7793.09,6077.81,1715.28,1715.28,91,119,90,88.45,1058.27,453.14,391.49,164.27,49.37,7.6055,53,1435.39,176.04,15,0.1783,13.32,0.0180,none
2025-08-03,7380.08,290.88,7089.20,4642.44,2446.76,4162.04,80,107,66,92.25,1038.90,480.21,346.08,168.06,44.55,7.1037,51,1640.06,202.80,17,0.2222,-1.84,0.0180,none
2025-08-04,6707.88,273.40,6434.48,10596.52,-4162.04,0.00,73,95,150,91.89,1076.09,483.83,374.81,170.96,46.49,6.2336,54,1631.55,201.90,17,0.2432,-0.16,0.0180,none
2025-08-05,7114.57,294.85,6819.71,6819.71,0.00,0.00,80,107,101,88.93,1131.58,510.48,397.31,177.97,45.82,6.2873,55,1407.84,173.40,15,0.1979,13.11,0.0180,none
2025-08-06,7518.01,298.59,7219.43,7219.43,0.00,0.00,83,107,104,90.58,1053.70,498.38,344.53,164.73,46.06,7.1349,53,1633.45,202.97,17,0.2173,20.08,0.0180,none
2025-08-07,7708.48,294.61,7413.86,7413.86,0.00,0.00,83,110,105,92.87,1136.96,519.05,389.45,177.60,50.86,6.7799,57,1543.89,190.23,16,0.2003,15.81,0.0180,none
2025-08-08,8163.47,296.74,7866.74,7866.74,0.00,0.00,92,119,116,88.73,1119.76,527.60,350.42,190.63,51.11,7.2904,57,1423.94,175.74,15,0.1744,15.02,0.0180,none
2025-08-09,8382.14,243.74,8138.40,6088.90,2049.50,2049.50,92,119,88,91.11,1081.75,461.78,380.10,192.94,46.93,7.7487,54,1639.92,203.98,17,0.1956,16.39,0.0180,none
2025-08-10,7408.13,256.08,7152.05,4650.91,2501.14,4550.64,83,109,69,89.25,1086.02,508.33,355.20,176.39,46.10,6.8214,54,1528.01,187.35,16,0.2063,-5.71,0.0180,none
2025-08-11,6895.28,279.40,6615.89,11166.53,-4550.64,0.00,77,100,163,89.55,1090.26,485.96,367.52,188.77,48.01,6.3244,56,1719.03,211.46,18,0.2493,-1.23,0.0180,none
2025-08-12,7474.15,313.83,7160.33,7160.33,0.00,0.00,82,105,103,91.15,1120.47,482.23,395.68,195.20,47.36,6.6705,56,1723.70,211.40,18,0.2306,15.33,0.0180,none
2025-08-13,7669.35,322.42,7346.94,7346.94,0.00,0.00,84,112,106,91.30,1136.05,500.84,394.65,188.03,52.53,6.7509,56,1533.89,189.12,16,0.2000,16.90,0.0180,none
2025-08-14,8635.67,310.68,8324.99,8324.99,0.00,0.00,95,126,121,90.90,1275.59,541.28,468.60,212.61,53.10,6.7699,70,1679.36,206.27,18,0.1945,14.35,0.0360,monthly_promotion
2025-08-15,9386.34,292.14,9094.20,9094.20,0.00,0.00,105,135,134,89.39,1243.27,554.41,437.28,195.43,56.15,7.5497,70,1709.46,209.18,18,0.1821,14.13,0.0360,monthly_promotion
2025-08-16,9735.23,261.13,9474.10,6099.98,3374.12,3374.11,109,146,89,89.31,1291.93,606.55,426.82,206.77,51.79,7.5354,69,1694.76,208.11,18,0.1741,11.35,0.0360,monthly_promotion
2025-08-17,7846.84,285.94,7560.90,4659.38,2901.52,6275.63,84,110,65,93.41,1100.66,493.10,368.76,185.57,53.23,7.1292,57,1728.09,212.56,18,0.2202,1.38,0.0180,none
2025-08-18,7147.51,274.96,6872.55,11984.37,-5111.82,1163.81,80,105,176,89.34,1119.20,494.26,380.54,195.94,48.46,6.3863,56,1530.63,188.41,16,0.2141,1.11,0.0180,none
2025-08-19,7461.25,327.92,7133.33,8297.14,-1163.81,0.00,85,113,124,87.78,1131.73,519.85,366.36,193.49,52.03,6.5928,58,1802.30,222.35,19,0.2416,12.37,0.0180,none
2025-08-20,8077.19,347.09,7730.11,7730.11,0.00,0.00,90,116,113,89.75,1171.82,537.96,390.59,196.44,46.83,6.8929,57,1612.79,199.28,17,0.1997,21.91,0.0180,none
2025-08-21,8177.35,368.01,7809.33,7809.33,0.00,0.00,88,115,110,92.92,1212.89,539.69,418.00,201.13,54.07,6.7420,60,1643.63,204.07,17,0.2010,13.83,0.0180,none
2025-08-22,8736.58,318.88,8417.70,8417.70,0.00,0.00,96,125,122,91.01,1200.11,558.34,417.23,176.41,48.13,7.2798,56,1647.42,204.79,17,0.1886,16.82,0.0180,none
2025-08-23,8481.66,287.86,8193.80,6111.07,2082.73,2082.73,92,118,87,92.19,1122.14,488.15,388.85,191.80,53.34,7.5585,56,1518.64,186.14,16,0.1790,8.13,0.0180,none
2025-08-24,7765.26,261.20,7504.06,4667.85,2836.21,4918.95,83,110,66,93.56,1146.41,522.25,386.35,189.93,47.88,6.7735,56,1730.59,212.47,18,0.2229,-2.00,0.0180,none
2025-08-25,7263.93,285.63,6978.30,11897.25,-4918.95,0.00,78,103,166,93.13,1165.69,542.13,388.80,187.08,47.68,6.2314,56,1618.85,200.09,17,0.2229,-0.83,0.0180,none
2025-08-26,7709.19,290.09,7419.10,7419.10,0.00,0.00,83,111,105,92.88,1216.46,568.56,396.75,198.77,52.38,6.3374,61,1591.68,195.75,16,0.2065,20.05,0.0180,none
2025-08-27,8006.56,344.96,7661.60,7661.60,0.00,0.00,87,115,109,92.03,1204.93,559.60,410.91,185.18,49.24,6.6448,58,1611.42,199.29,17,0.2013,14.80,0.0180,none
2025-08-28,8303.77,331.03,7972.74,7972.74,0.00,0.00,91,118,115,91.25,1173.19,541.69,390.05,185.99,55.46,7.0779,58,1751.35,218.32,18,0.2109,16.27,0.0180,none
2025-08-29,8655.19,308.18,8347.01,8347.01,0.00,0.00,97,125,122,89.23,1222.45,576.97,406.40,190.59,48.49,7.0802,59,1622.45,201.55,17,0.1875,15.46,0.0180,none
2025-08-30,9113.43,284.72,8828.71,6122.16,2706.55,2706.55,98,129,86,92.99,1172.75,547.08,379.38,197.74,48.55,7.7710,57,1552.33,191.00,16,0.1703,14.44,0.0180,none
2025-08-31,7938.06,278.82,7659.25,4676.31,2982.94,5689.48,85,110,66,93.39,1202.71,553.81,397.76,199.33,51.81,6.6001,58,1643.86,203.02,17,0.2071,-5.64,0.0180,none
2025-09-01,7620.00,326.40,7293.59,12027.92,-4734.33,955.16,84,111,174,90.71,1187.11,525.98,414.45,191.92,54.76,6.4190,61,1718.09,210.53,18,0.2255,0.40,0.0180,none
2025-09-02,7943.28,298.72,7644.56,8599.72,-955.16,0.00,89,119,126,89.25,1199.45,561.22,390.66,193.91,53.66,6.6224,59,1739.40,217.40,18,0.2190,17.16,0.0180,none
2025-09-03,8129.91,350.77,7779.14,7779.14,0.00,0.00,91,117,114,89.34,1174.28,512.03,421.49,189.94,50.82,6.9233,57,1660.26,202.90,17,0.2042,12.12,0.0180,none
2025-09-04,8324.79,355.52,7969.26,7969.26,0.00,0.00,93,124,116,89.51,1186.89,539.36,396.13,200.16,51.24,7.0140,57,1527.09,187.46,16,0.1834,11.96,0.0180,none
2025-09-05,8765.43,291.11,8474.31,8474.31,0.00,0.00,99,128,126,88.54,1180.60,514.59,423.30,186.51,56.20,7.4246,59,1817.66,225.26,19,0.2074,16.31,0.0180,none
2025-09-06,9275.39,289.64,8985.74,6133.25,2852.49,2852.49,101,132,88,91.84,1201.76,516.27,445.30,189.85,50.34,7.7182,60,1653.11,204.37,17,0.1782,14.76,0.0180,none
2025-09-07,8358.00,292.98,8065.02,4684.78,3380.24,6232.73,90,118,66,92.87,1224.39,531.20,446.51,192.29,54.39,6.8263,61,1824.87,226.00,19,0.2183,-1.97,0.0180,none
2025-09-08,7467.23,287.53,7179.70,12049.69,-4869.99,1362.74,80,104,170,93.34,1196.86,532.64,416.88,195.84,51.50,6.2390,59,1729.79,215.65,18,0.2317,1.55,0.0180,none
2025-09-09,8310.20,312.19,7998.01,9360.76,-1362.75,0.00,92,120,136,90.33,1209.74,517.13,442.63,197.74,52.24,6.8694,61,1944.66,239.22,20,0.2340,22.21,0.0180,none
2025-09-10,8528.34,331.89,8196.44,8196.44,0.00,0.00,93,121,117,91.70,1228.71,560.73,415.37,200.96,51.65,6.9409,59,1741.95,215.27,18,0.2043,18.14,0.0180,none
2025-09-11,8481.10,341.87,8139.23,8139.23,0.00,0.00,95,122,120,89.27,1233.99,517.59,454.26,210.09,52.05,6.8729,58,1657.61,205.56,17,0.1954,8.70,0.0180,none
2025-09-12,9373.15,318.10,9055.06,9055.06,0.00,0.00,100,128,127,93.73,1201.56,520.77,434.96,189.08,56.75,7.8008,63,1827.74,227.09,19,0.1950,22.44,0.0180,none
2025-09-13,9564.48,293.43,9271.06,6144.34,3126.72,3126.72,107,142,90,89.39,1247.81,592.25,407.53,196.81,51.22,7.6650,59,1833.25,227.07,19,0.1917,13.45,0.0180,none
2025-09-14,9550.77,335.57,9215.20,4693.25,4521.95,7648.68,104,139,67,91.83,1436.95,642.73,512.82,225.77,55.63,6.6466,74,1990.22,246.00,20,0.2084,-0.58,0.0360,monthly_promotion
2025-09-15,8892.26,309.14,8583.12,12071.46,-3488.34,4160.33,95,125,168,93.60,1444.08,649.39,505.13,228.06,61.50,6.1577,80,2112.00,262.48,22,0.2375,5.60,0.0360,monthly_promotion
2025-09-16,9018.20,315.51,8702.69,12074.57,-3371.88,788.45,96,123,169,93.94,1388.35,604.71,477.49,242.85,63.30,6.4956,78,2010.35,245.56,21,0.2229,11.66,0.0360,monthly_promotion
2025-09-17,8716.16,352.70,8363.46,9151.91,-788.45,0.00,97,128,134,89.86,1284.99,564.71,454.36,206.47,59.45,6.7831,64,1815.48,225.06,19,0.2083,18.82,0.0180,none
2025-09-18,9087.08,369.26,8717.82,8717.82,0.00,0.00,101,130,126,89.97,1304.55,580.07,454.73,214.43,55.32,6.9657,64,1723.96,213.08,18,0.1897,13.05,0.0180,none
2025-09-19,9357.95,377.76,8980.18,8980.18,0.00,0.00,100,128,126,93.58,1247.76,600.07,400.01,192.69,54.99,7.4998,60,1748.10,218.60,18,0.1868,14.11,0.0180,none
2025-09-20,9500.18,313.02,9187.16,6155.42,3031.74,3031.73,103,137,87,92.23,1264.40,539.06,456.45,208.68,60.21,7.5136,64,1896.86,236.17,20,0.1997,7.54,0.0180,none
2025-09-21,8357.52,354.41,8003.11,4701.72,3301.39,6333.13,91,117,67,91.84,1235.47,576.37,400.31,206.63,52.16,6.7646,62,1812.19,221.60,19,0.2168,-6.40,0.0180,none
2025-09-22,8007.73,352.21,7655.52,12093.24,-4437.72,1895.42,88,115,174,91.00,1268.19,599.50,412.42,201.79,54.48,6.3143,64,1959.60,242.39,20,0.2447,-0.25,0.0180,none
2025-09-23,8395.41,319.27,8076.14,9971.55,-1895.41,0.00,94,124,147,89.31,1300.56,601.62,426.71,213.28,58.95,6.4552,64,1925.17,238.25,20,0.2293,18.39,0.0180,none
2025-09-24,8570.09,373.68,8196.41,8196.41,0.00,0.00,95,122,119,90.21,1275.02,591.13,419.27,212.12,52.50,6.7215,63,1706.55,209.84,18,0.1991,10.01,0.0180,none
2025-09-25,9180.55,360.46,8820.09,8820.09,0.00,0.00,105,139,132,87.43,1262.02,585.51,409.98,214.21,52.32,7.2745,61,1916.42,236.62,20,0.2087,16.90,0.0180,none
2025-09-26,9724.30,297.94,9426.36,9426.36,0.00,0.00,107,137,136,90.88,1307.11,593.03,435.36,221.44,57.28,7.4395,64,1838.11,224.99,19,0.1890,19.15,0.0180,none
2025-09-27,10132.42,287.24,9845.18,6166.51,3678.67,3678.67,108,144,86,93.82,1390.86,629.05,476.50,224.12,61.19,7.2850,70,1730.17,215.23,18,0.1708,14.61,0.0180,none
2025-09-28,8615.68,331.64,8284.05,4710.18,3573.87,7252.53,93,119,67,92.64,1265.91,550.96,438.52,221.20,55.23,6.8059,63,1748.39,215.49,18,0.2029,-5.57,0.0180,none
2025-09-29,7996.42,339.93,7656.49,12115.01,-4458.52,2794.01,87,113,173,91.91,1329.75,602.26,471.44,198.86,57.19,6.0135,68,1756.68,219.04,18,0.2197,-1.17,0.0180,none
2025-09-30,8867.56,351.89,8515.67,11309.68,-2794.01,0.00,100,131,167,88.68,1329.68,636.88,435.17,203.16,54.47,6.6689,63,2085.41,259.02,21,0.2352,17.68,0.0180,none
2025-10-01,9029.65,394.02,8635.63,8635.63,0.00,0.00,102,131,128,88.53,1348.79,616.29,472.81,205.68,54.01,6.6946,66,1855.13,231.86,19,0.2054,18.42,0.0180,none
2025-10-02,9105.77,411.22,8694.54,8694.54,0.00,0.00,98,129,123,92.92,1296.66,616.88,424.97,198.53,56.28,7.0225,65,1886.61,234.81,19,0.2072,10.67,0.0180,none
2025-10-03,9747.85,337.27,9410.59,9410.59,0.00,0.00,107,142,136,91.10,1311.53,597.68,452.83,202.00,59.02,7.4324,67,1801.03,224.67,19,0.1848,15.39,0.0180,none
2025-10-04,10054.44,297.55,9756.89,6177.60,3579.29,3579.29,110,145,88,91.40,1300.10,565.44,454.64,225.07,54.95,7.7336,64,1977.21,244.19,20,0.1967,16.24,0.0180,none
2025-10-05,8996.84,336.22,8660.62,4718.65,3941.97,7521.26,97,124,67,92.75,1327.35,620.36,441.71,205.81,59.47,6.7780,66,1803.40,221.20,19,0.2004,-3.21,0.0180,none
2025-10-06,8586.33,351.26,8235.07,12136.78,-3901.71,3619.55,97,127,180,88.52,1352.60,616.49,474.37,206.39,55.35,6.3480,64,1967.54,246.21,20,0.2291,3.66,0.0180,none
2025-10-07,8918.27,328.17,8590.11,12139.89,-3549.78,69.76,99,131,176,90.08,1367.96,635.73,466.94,203.92,61.37,6.5194,68,1800.25,223.02,19,0.2019,14.76,0.0180,none
2025-10-08,9231.57,371.25,8860.32,8930.08,-69.76,0.00,100,133,127,92.32,1408.80,638.98,486.52,226.34,56.96,6.5528,66,2050.56,254.49,21,0.2221,19.20,0.0180,none
2025-10-09,9416.49,361.81,9054.68,9054.68,0.00,0.00,102,132,128,92.32,1367.31,643.60,449.51,215.39,58.81,6.8869,70,2007.17,246.80,21,0.2132,12.26,0.0180,none
2025-10-10,10114.95,367.44,9747.50,9747.50,0.00,0.00,114,149,144,88.73,1352.46,638.81,440.01,217.21,56.43,7.4789,65,1832.43,228.56,19,0.1812,23.54,0.0180,none
2025-10-11,9948.20,302.83,9645.36,6188.69,3456.67,3456.67,110,144,90,90.44,1319.83,584.52,443.90,227.97,63.44,7.5375,68,1805.03,222.91,19,0.1814,14.11,0.0180,none
2025-10-12,9162.68,357.80,8804.88,4727.12,4077.76,7534.43,100,132,68,91.63,1379.78,649.59,456.03,214.38,59.78,6.6407,68,2056.98,252.41,21,0.2245,-0.36,0.0180,none
2025-10-13,8232.21,342.10,7890.11,12158.55,-4268.44,3265.99,93,121,180,88.52,1362.81,642.24,450.43,208.68,61.46,6.0406,68,1694.35,211.51,18,0.2058,1.98,0.0180,none
2025-10-14,10086.80,382.45,9704.35,12161.66,-2457.31,808.68,110,147,173,91.70,1558.11,728.41,520.87,246.87,61.96,6.4737,83,2142.18,264.38,22,0.2124,16.94,0.0360,monthly_promotion
2025-10-15,10529.91,373.19,10156.72,10965.40,-808.68,0.00,116,155,158,90.78,1481.18,653.49,529.19,233.67,64.83,7.1091,81,2208.46,273.26,23,0.2097,19.14,0.0360,monthly_promotion
2025-10-16,10719.42,401.58,10317.85,10317.85,0.00,0.00,116,153,146,92.41,1601.35,735.80,556.40,245.54,63.61,6.6940,84,2226.64,274.89,23,0.2077,15.13,0.0360,monthly_promotion
2025-10-17,9770.93,372.21,9398.73,9398.73,0.00,0.00,109,140,137,89.64,1331.06,587.11,462.48,219.37,62.10,7.3407,66,1978.53,244.51,20,0.2025,14.50,0.0180,none
2025-10-18,10476.14,317.46,10158.68,6199.78,3958.90,3958.91,119,154,92,88.03,1364.24,637.95,462.24,207.18,56.87,7.6791,64,1820.27,224.31,19,0.1738,17.00,0.0180,none
2025-10-19,9573.24,368.10,9205.14,4735.58,4469.56,8428.46,107,140,69,89.47,1406.16,640.48,488.93,219.66,57.09,6.8081,69,2050.49,255.16,21,0.2142,0.02,0.0180,none
2025-10-20,8452.89,429.69,8023.20,12180.33,-4157.13,4271.34,95,127,179,88.98,1343.91,617.25,447.70,215.37,63.59,6.2898,68,1840.05,228.49,19,0.2177,1.36,0.0180,none
2025-10-21,8722.60,432.94,8289.66,12183.44,-3893.78,377.56,96,124,175,90.86,1296.23,574.77,460.68,205.07,55.71,6.7292,63,2025.26,251.07,21,0.2322,10.85,0.0180,none
2025-10-22,9201.79,346.10,8855.69,9233.25,-377.56,0.00,98,131,129,93.90,1359.19,622.02,457.60,217.00,62.57,6.7701,70,1781.52,220.24,19,0.1936,12.19,0.0180,none
2025-10-23,9505.37,413.45,9091.91,9091.91,0.00,0.00,102,131,128,93.19,1416.55,635.16,490.60,227.64,63.15,6.7102,70,1933.71,238.15,20,0.2034,11.09,0.0180,none
2025-10-24,10270.79,384.25,9886.55,9886.55,0.00,0.00,116,156,146,88.54,1395.40,657.72,440.95,237.41,59.32,7.3605,69,1865.33,228.40,20,0.1816,17.06,0.0180,none
2025-10-25,10252.65,302.51,9950.14,6210.86,3739.28,3739.28,111,144,88,92.37,1323.67,582.08,470.00,211.33,60.26,7.7456,66,1933.24,238.60,20,0.1886,9.18,0.0180,none
2025-10-26,9357.83,340.65,9017.18,4744.05,4273.13,8012.40,105,140,70,89.12,1430.25,664.28,469.62,239.49,56.86,6.5428,70,2003.32,245.59,21,0.2141,-4.01,0.0180,none
2025-10-27,8653.69,328.59,8325.10,12202.10,-3877.00,4135.41,95,123,175,91.09,1337.08,594.24,472.57,210.25,60.02,6.4721,66,1836.62,226.80,19,0.2122,3.93,0.0180,none
2025-10-28,9016.62,362.45,8654.17,12205.21,-3551.04,584.37,97,126,172,92.95,1399.78,671.96,437.59,232.47,57.76,6.4415,69,2043.71,253.81,21,0.2267,15.27,0.0180,none
2025-10-29,9415.81,397.94,9017.87,9602.24,-584.37,0.00,101,133,135,93.23,1392.56,666.54,455.74,207.75,62.53,6.7615,67,1833.65,226.28,19,0.1947,14.21,0.0180,none
2025-10-30,9524.85,379.94,9144.91,9144.91,0.00,0.00,105,135,133,90.71,1381.98,646.26,442.85,228.07,64.80,6.8922,69,2044.44,254.40,21,0.2146,12.70,0.0180,none
2025-10-31,10596.54,356.44,10240.10,10240.10,0.00,0.00,116,156,147,91.35,1445.92,670.81,480.13,229.77,65.21,7.3286,74,1894.03,235.84,20,0.1787,24.67,0.0180,none
2025-11-01,10357.10,348.67,10008.42,6221.95,3786.47,3786.47,111,148,88,93.31,1381.68,635.93,470.41,214.93,60.41,7.4960,69,1902.39,234.55,20,0.1837,11.61,0.0180,none
2025-11-02,9444.81,348.57,9096.24,4752.52,4343.72,8130.19,103,137,68,91.70,1399.92,614.30,508.53,212.09,65.00,6.7467,70,1939.10,238.26,20,0.2053,-0.30,0.0180,none
2025-11-03,8568.94,359.43,8209.51,12223.87,-4014.36,4115.83,92,122,172,93.14,1385.39,639.93,448.58,235.30,61.58,6.1852,70,1989.12,243.53,21,0.2321,-0.43,0.0180,none
2025-11-04,9190.25,334.75,8855.50,12226.98,-3371.48,744.35,100,130,174,91.90,1356.11,620.27,464.06,213.66,58.12,6.7769,66,1849.29,229.36,19,0.2012,15.47,0.0180,none
2025-11-05,9542.83,374.49,9168.35,9912.70,-744.35,0.00,109,146,148,87.55,1347.96,598.03,463.26,223.63,63.04,7.0795,70,1917.43,237.56,20,0.2009,15.27,0.0180,none
2025-11-06,9824.86,400.25,9424.61,9424.61,0.00,0.00,105,137,132,93.57,1409.66,655.97,453.56,234.17,65.96,6.9697,71,2106.30,263.16,22,0.2144,12.89,0.0180,none
2025-11-07,10268.43,345.84,9922.59,9922.59,0.00,0.00,114,153,145,90.07,1311.95,586.58,450.17,217.67,57.53,7.8268,66,1962.70,242.27,20,0.1911,18.14,0.0180,none
2025-11-08,11072.58,339.17,10733.41,6233.04,4500.37,4500.37,120,154,89,92.27,1466.97,664.57,509.87,226.47,66.06,7.5479,74,2058.80,256.22,21,0.1859,16.88,0.0180,none
2025-11-09,9302.24,359.47,8942.77,4760.99,4181.78,8682.15,99,130,66,93.96,1436.90,663.67,498.17,210.74,64.32,6.4738,72,1894.16,233.92,20,0.2036,-6.12,0.0180,none
2025-11-10,8797.50,347.38,8450.12,12245.64,-3795.52,4886.63,98,130,178,89.77,1412.64,638.06,480.56,229.27,64.75,6.2277,74,1939.16,241.63,20,0.2204,2.64,0.0180,none
2025-11-11,9374.54,371.41,9003.13,12248.76,-3245.63,1641.00,104,138,178,90.14,1421.98,657.21,465.54,235.91,63.32,6.5926,71,2176.09,268.28,22,0.2321,17.13,0.0180,none
2025-11-12,9332.08,415.02,8917.06,10558.06,-1641.00,0.00,104,133,154,89.73,1378.83,644.34,452.16,223.64,58.69,6.7681,68,1868.96,232.67,20,0.2003,10.28,0.0180,none
2025-11-13,10042.18,405.15,9637.03,9637.03,0.00,0.00,110,145,138,91.29,1421.14,670.41,460.22,229.22,61.29,7.0663,68,2110.47,261.26,22,0.2102,13.60,0.0180,none
2025-11-14,11642.07,336.10,11305.97,11123.08,182.89,182.89,128,165,161,90.95,1623.10,771.15,522.39,265.47,64.09,7.1727,86,2256.49,276.35,23,0.1938,18.04,0.0360,monthly_promotion
2025-11-15,12397.71,321.27,12076.44,6244.13,5832.31,6015.20,138,181,91,89.84,1614.39,714.82,547.76,281.96,69.85,7.6795,89,2303.90,286.17,24,0.1858,19.55,0.0360,monthly_promotion
2025-11-16,10939.73,332.17,10607.56,4769.45,5838.11,11853.31,122,158,70,89.67,1651.44,740.49,571.86,276.34,62.75,6.6244,88,2361.36,289.83,25,0.2159,2.33,0.0360,monthly_promotion
2025-11-17,9003.45,337.31,8666.14,12267.42,-3601.28,8252.03,102,134,182,88.27,1423.29,650.09,494.79,215.56,62.85,6.3258,69,1989.75,244.11,21,0.2210,5.54,0.0180,none
2025-11-18,9240.88,373.33,8867.55,12270.53,-3402.98,4849.05,100,131,175,92.41,1354.82,632.60,447.14,216.87,58.21,6.8207,65,1962.37,243.26,20,0.2124,17.62,0.0180,none
2025-11-19,9906.99,469.41,9437.58,12046.35,-2608.77,2240.28,105,135,168,94.35,1453.08,676.22,476.10,238.06,62.70,6.8179,73,2153.77,269.95,22,0.2174,16.74,0.0180,none
2025-11-20,13288.01,569.53,12718.48,10639.85,2078.63,4318.91,145,194,152,91.64,2036.97,917.23,714.52,326.97,78.25,6.5234,127,2615.97,325.60,27,0.1969,13.53,0.0730,holiday_peak
2025-11-21,13661.29,502.46,13158.83,10028.55,3130.28,7449.19,152,197,146,89.88,1942.07,844.35,706.58,309.66,81.48,7.0344,127,2460.50,304.33,26,0.1801,11.85,0.0730,holiday_peak
2025-11-22,15120.65,409.19,14711.46,5629.69,9081.77,16530.95,162,210,79,93.34,2044.61,972.94,677.70,313.43,80.54,7.3954,129,2754.19,338.22,28,0.1821,17.03,0.0730,holiday_peak
2025-11-23,13440.91,401.50,13039.41,4300.13,8739.28,25270.23,146,190,61,92.06,2048.55,913.93,740.65,318.90,75.07,6.5612,130,2905.09,360.12,30,0.2161,2.75,0.0730,holiday_peak
2025-11-24,11890.16,487.10,11403.06,11060.27,342.79,25613.02,127,163,155,93.62,2004.44,875.35,743.62,308.73,76.74,5.9319,129,2652.65,328.01,27,0.2231,-2.41,0.0730,holiday_peak
2025-11-25,12849.74,608.28,12241.47,11063.07,1178.40,26791.41,137,183,155,93.79,2044.04,927.12,714.30,319.45,83.17,6.2864,131,2650.62,325.44,27,0.2063,17.63,0.0730,holiday_peak
2025-11-26,13179.86,587.23,12592.62,10860.95,1731.67,28523.09,146,188,158,90.27,2066.24,986.79,701.42,304.84,73.19,6.3787,124,2462.62,304.64,26,0.1868,14.32,0.0730,holiday_peak
2025-11-27,13552.32,679.33,12872.99,10658.72,2214.27,30737.36,150,198,155,90.35,1956.53,903.33,646.68,328.31,78.21,6.9267,128,2767.31,340.45,29,0.2042,14.28,0.0730,holiday_peak
2025-11-28,14512.22,661.44,13850.78,10046.33,3804.45,34541.81,159,210,144,91.27,2015.09,939.04,696.12,305.42,74.51,7.2018,126,2481.03,306.17,26,0.1710,16.15,0.0730,holiday_peak
2025-11-29,14393.74,512.07,13881.67,5639.67,8242.00,42783.82,153,203,79,94.08,1995.09,870.41,735.94,309.13,79.61,7.2146,128,2587.53,320.35,27,0.1798,13.50,0.0730,holiday_peak
2025-11-30,13378.85,629.42,12749.43,4307.75,8441.68,51225.50,149,192,63,89.79,1979.19,848.82,729.94,328.55,71.88,6.7598,123,2763.32,344.95,28,0.2065,-0.19,0.0730,holiday_peak
2025-12-01,11370.79,591.91,10778.87,11079.87,-301.00,50924.50,121,160,154,93.97,1858.50,819.45,682.02,287.95,69.08,6.1183,109,2409.73,296.04,25,0.2119,-1.99,0.0730,holiday_peak
2025-12-02,12169.95,642.83,11527.12,11082.67,444.45,51368.96,138,185,164,88.19,1946.55,863.89,691.23,317.63,73.80,6.2521,119,2679.86,332.91,28,0.2202,19.59,0.0730,holiday_peak
2025-12-03,12485.47,678.07,11807.40,10880.18,927.22,52296.18,136,181,155,91.80,1879.68,837.37,648.88,321.45,71.98,6.6423,116,2460.47,300.47,26,0.1971,12.67,0.0730,holiday_peak
2025-12-04,12581.30,707.72,11873.58,10677.59,1195.99,53492.17,142,182,157,88.60,1937.29,887.79,660.13,318.17,71.20,6.4943,116,2598.24,318.76,27,0.2065,8.18,0.0730,holiday_peak
2025-12-05,13963.04,620.85,13342.19,10064.11,3278.08,56770.25,150,197,142,93.09,1911.09,910.65,604.22,327.52,68.70,7.3063,112,2673.94,328.53,28,0.1915,19.97,0.0730,holiday_peak
2025-12-06,13787.04,484.75,13302.29,5649.65,7652.64,64422.88,157,207,84,87.82,1928.06,905.97,633.69,309.39,79.01,7.1507,118,2477.20,305.25,26,0.1797,16.15,0.0730,holiday_peak
2025-12-07,12227.31,573.04,11654.27,4315.37,7338.90,71761.79,135,175,62,90.57,1865.63,882.12,612.85,294.26,76.40,6.5540,115,2447.87,302.40,26,0.2002,-5.44,0.0730,holiday_peak
2025-12-08,11376.10,612.11,10763.98,11099.46,-335.48,71426.31,122,161,156,93.25,1840.26,791.45,647.04,331.09,70.68,6.1818,114,2430.43,298.21,25,0.2136,0.32,0.0730,holiday_peak
2025-12-09,12177.43,605.83,11571.60,11102.26,469.34,71895.65,133,176,159,91.56,1869.84,899.93,609.45,285.16,75.30,6.5126,112,2510.49,310.40,26,0.2062,18.83,0.0730,holiday_peak
2025-12-10,12040.75,642.06,11398.69,10899.41,499.28,72394.93,131,172,156,91.91,1859.25,794.72,656.76,332.78,74.99,6.4761,114,2389.71,294.42,25,0.1985,10.28,0.0730,holiday_peak
2025-12-11,12597.71,659.07,11938.64,10696.46,1242.18,73637.11,138,178,153,91.29,1835.96,830.04,624.30,310.42,71.20,6.8616,111,2752.93,341.56,29,0.2185,7.55,0.0730,holiday_peak
2025-12-12,12953.71,531.67,12422.04,10081.90,2340.14,75977.26,142,186,145,91.22,1814.14,851.71,605.26,288.06,69.11,7.1404,106,2350.08,288.80,25,0.1814,11.10,0.0730,holiday_peak
2025-12-13,13413.65,492.36,12921.28,5659.63,7261.65,83238.91,147,191,81,91.25,1847.29,822.96,645.85,305.00,73.48,7.2613,114,2403.31,296.37,25,0.1792,11.60,0.0730,holiday_peak
2025-12-14,12392.31,548.77,11843.54,4322.99,7520.55,90759.46,136,177,62,91.12,1862.25,871.30,629.34,284.39,77.22,6.6545,113,2357.57,291.10,25,0.1902,-2.36,0.0730,holiday_peak
2025-12-15,11181.40,556.17,10625.23,11119.06,-493.83,90265.64,126,167,164,88.74,1786.79,807.65,609.04,297.23,72.87,6.2578,110,2478.49,301.62,26,0.2217,-1.05,0.0730,holiday_peak
2025-12-16,11769.60,618.81,11150.79,11121.86,28.93,90294.57,133,173,165,88.49,1847.28,828.86,634.21,310.52,73.69,6.3713,112,2304.29,284.56,24,0.1958,12.36,0.0730,holiday_peak
2025-12-17,12415.26,623.70,11791.56,10918.64,872.92,91167.49,132,173,152,94.06,1857.47,816.51,684.29,283.75,72.92,6.6840,113,2646.59,329.70,28,0.2132,15.27,0.0730,holiday_peak
2025-12-18,12856.94,636.70,12220.24,10715.33,1504.91,92672.40,140,186,153,91.84,1825.32,812.33,628.45,313.10,71.44,7.0437,112,2617.82,324.34,27,0.2036,15.54,0.0730,holiday_peak
2025-12-19,10608.42,448.75,10159.67,11221.86,-1062.19,91610.21,116,149,161,91.45,1455.55,673.09,502.25,219.93,60.28,7.2883,71,2114.20,262.20,22,0.1993,18.11,0.0180,none
2025-12-20,10855.42,405.85,10449.57,6299.57,4150.00,95760.21,118,155,89,92.00,1386.53,604.46,475.29,247.37,59.41,7.8292,70,2042.05,253.77,21,0.1881,17.46,0.0180,none
2025-12-21,9352.72,422.57,8930.16,4811.79,4118.37,99878.58,106,139,72,88.23,1337.39,605.97,448.57,221.15,61.70,6.9933,69,2015.27,248.24,21,0.2155,-7.23,0.0180,none
2025-12-22,8870.34,504.91,8365.43,12376.28,-4010.85,95867.72,100,131,182,88.70,1342.96,618.47,450.07,214.27,60.15,6.6051,66,2139.38,267.80,22,0.2412,1.45,0.0180,none
2025-12-23,9524.33,483.82,9040.51,12379.39,-3338.88,92528.84,108,144,183,88.19,1430.90,634.68,499.90,237.03,59.29,6.6562,70,2125.47,262.13,22,0.2232,20.54,0.0180,none
2025-12-24,9787.04,380.20,9406.84,12153.20,-2746.36,89782.49,108,139,176,90.62,1449.60,660.33,502.88,224.93,61.46,6.7515,70,2020.02,248.01,21,0.2064,16.67,0.0180,none
2025-12-25,10058.82,392.29,9666.53,11926.89,-2260.36,87522.13,112,145,175,89.81,1463.06,670.97,500.28,226.01,65.80,6.8752,72,1960.15,243.71,20,0.1949,18.12,0.0180,none
2025-12-26,10386.13,361.54,10024.58,11241.62,-1217.04,86305.09,113,148,161,91.91,1373.76,607.23,464.75,239.50,62.28,7.5604,70,1987.89,245.40,21,0.1914,17.22,0.0180,none
2025-12-27,10581.65,342.24,10239.42,6310.66,3928.76,90233.85,116,151,91,91.22,1408.53,629.82,506.34,210.02,62.35,7.5125,69,1897.63,232.27,20,0.1793,15.72,0.0180,none
2025-12-28,9339.54,335.27,9004.27,4820.26,4184.01,94417.87,101,130,68,92.47,1424.41,628.82,501.65,231.31,62.63,6.5568,71,2086.78,260.60,22,0.2234,-6.22,0.0180,none
2025-12-29,8706.82,383.36,8323.45,12398.05,-4074.60,90343.26,94,121,175,92.63,1477.19,679.50,501.08,234.53,62.08,5.8942,73,1920.62,236.80,20,0.2206,-1.72,0.0180,none
2025-12-30,9182.85,354.67,8828.18,12401.16,-3572.98,86770.28,100,128,176,91.83,1443.49,649.16,507.72,224.37,62.24,6.3616,70,2012.38,249.26,21,0.2191,16.89,0.0180,none
2025-12-31,9249.58,419.84,8829.74,12174.57,-3344.83,83425.45,101,130,175,91.58,1315.83,594.80,445.85,216.98,58.20,7.0295,65,2036.72,249.87,21,0.2202,6.71,0.0180,none
2026-01-01,9714.72,411.53,9303.18,11947.85,-2644.67,80780.78,105,136,169,92.52,1395.08,656.41,461.12,215.12,62.43,6.9636,69,1696.31,207.99,18,0.1746,14.31,0.0180,none
2026-01-02,10507.42,371.55,10135.87,11261.38,-1125.51,79655.27,114,151,160,92.17,1387.24,593.30,489.36,241.90,62.68,7.5743,71,1898.91,233.07,20,0.1807,22.16,0.0180,none
2026-01-03,10730.72,330.67,10400.04,6321.74,4078.30,83733.57,118,153,91,90.94,1443.08,634.49,501.89,241.16,65.54,7.4360,72,1878.95,233.79,20,0.1751,15.24,0.0180,none
2026-01-04,9546.35,362.67,9183.68,4828.72,4354.96,88088.53,106,141,70,90.06,1455.72,671.97,502.24,223.32,58.19,6.5578,69,1874.54,233.62,20,0.1964,-3.32,0.0180,none
2026-01-05,8875.79,376.75,8499.04,12419.83,-3920.79,84167.74,100,131,183,88.76,1385.75,590.99,500.68,231.05,63.03,6.4050,69,1981.27,242.65,21,0.2232,6.66,0.0180,none
2026-01-06,9094.87,393.83,8701.04,12422.94,-3721.90,80445.84,99,127,177,91.87,1350.98,646.27,436.21,211.25,57.25,6.7321,65,2036.30,249.69,21,0.2239,15.09,0.0180,none
2026-01-07,9447.40,406.07,9041.33,12195.94,-3154.61,77291.24,105,137,177,89.98,1379.29,623.78,449.29,240.81,65.41,6.8495,69,2107.90,259.16,22,0.2231,12.95,0.0180,none
2026-01-08,9705.79,421.02,9284.76,11968.82,-2684.06,74607.18,105,139,169,92.44,1352.52,602.25,453.60,235.78,60.89,7.1761,70,1987.67,243.55,21,0.2048,10.71,0.0180,none
2026-01-09,9970.89,369.13,9601.76,11281.13,-1679.37,72927.81,108,142,160,92.32,1343.80,578.99,469.97,237.32,57.52,7.4199,68,1968.47,244.68,21,0.1974,13.32,0.0180,none
2026-01-10,10565.48,317.49,10248.00,6332.83,3915.17,76842.97,114,153,90,92.68,1387.03,637.27,471.18,216.62,61.96,7.6173,70,2060.53,255.60,21,0.1950,12.47,0.0180,none
2026-01-11,9188.95,335.54,8853.41,4837.19,4016.22,80859.20,99,132,68,92.82,1350.48,626.41,447.31,215.10,61.66,6.8042,68,1705.19,210.00,18,0.1856,-1.85,0.0180,none
2026-01-12,8343.84,352.23,7991.62,12441.60,-4449.98,76409.21,92,119,180,90.69,1395.30,643.59,479.40,210.56,61.75,5.9800,68,1816.79,224.49,19,0.2177,-2.82,0.0180,none
2026-01-13,9190.51,340.53,8849.98,12444.71,-3594.73,72814.49,100,128,178,91.91,1346.56,591.68,462.41,233.42,59.05,6.8252,69,2005.87,249.76,21,0.2183,17.37,0.0180,none
2026-01-14,10585.36,354.82,10230.54,12217.31,-1986.77,70827.72,119,159,180,88.95,1579.41,710.03,560.16,245.18,64.04,6.7021,83,2123.89,261.58,22,0.2006,18.37,0.0360,monthly_promotion
2026-01-15,10682.38,428.54,10253.84,11989.79,-1735.95,69091.78,120,159,177,89.02,1550.72,713.28,523.69,247.38,66.37,6.8887,87,2217.69,275.50,23,0.2076,12.98,0.0360,monthly_promotion
2026-01-16,11198.37,359.95,10838.42,11300.89,-462.47,68629.30,125,164,165,89.59,1538.24,720.74,519.52,237.62,60.36,7.2800,82,1926.08,237.10,20,0.1720,21.63,0.0360,monthly_promotion
2026-01-17,10163.69,340.92,9822.77,6343.92,3478.85,72108.15,110,141,90,92.40,1390.53,642.15,476.57,210.32,61.49,7.3092,68,1954.94,244.26,20,0.1923,12.95,0.0180,none
2026-01-18,9272.08,346.92,8925.16,4845.66,4079.50,76187.65,103,136,70,90.02,1346.16,593.78,453.87,236.51,62.00,6.8878,70,1920.96,236.74,20,0.2072,-6.11,0.0180,none
2026-01-19,8323.27,372.57,7950.71,12463.37,-4512.66,71674.99,95,125,186,87.61,1337.40,578.89,476.35,222.23,59.93,6.2235,65,1936.58,241.52,20,0.2327,0.27,0.0180,none
2026-01-20,9046.21,401.57,8644.63,12466.48,-3821.85,67853.14,99,127,179,91.38,1349.39,597.93,468.66,225.61,57.19,6.7039,67,2106.79,259.82,22,0.2329,18.41,0.0180,none
2026-01-21,9114.70,410.80,8703.90,12238.68,-3534.78,64318.36,97,127,171,93.97,1360.21,628.55,472.48,202.44,56.74,6.7010,66,1875.83,230.01,20,0.2058,11.58,0.0180,none
2026-01-22,9558.72,396.14,9162.58,12010.75,-2848.17,61470.19,107,141,176,89.33,1340.64,610.17,457.86,210.87,61.74,7.1300,69,1948.86,241.22,20,0.2039,13.66,0.0180,none
2026-01-23,10059.30,351.90,9707.40,11320.65,-1613.25,59856.95,111,144,163,90.62,1309.48,583.03,459.35,204.99,62.11,7.6819,66,1839.24,227.29,19,0.1828,18.04,0.0180,none
2026-01-24,10178.68,311.14,9867.54,6355.01,3512.53,63369.48,110,143,90,92.53,1314.48,579.79,475.64,204.28,54.77,7.7435,63,2044.31,253.19,21,0.2008,12.85,0.0180,none
2026-01-25,8783.21,363.15,8420.06,4854.12,3565.94,66935.41,97,129,70,90.55,1314.72,623.33,421.90,213.98,55.51,6.6807,65,1864.85,229.09,19,0.2123,-3.62,0.0180,none
2026-01-26,8226.73,362.50,7864.23,12485.15,-4620.92,62314.50,91,120,181,90.40,1367.47,601.93,473.17,233.34,59.03,6.0160,68,1851.57,227.06,19,0.2251,1.38,0.0180,none
2026-01-27,8709.77,375.40,8334.37,12488.26,-4153.89,58160.61,99,133,186,87.98,1349.02,629.46,447.40,217.64,54.52,6.4564,67,1721.81,210.49,18,0.1977,18.20,0.0180,none
2026-01-28,9211.44,396.69,8814.74,12260.04,-3445.30,54715.31,103,138,179,89.43,1332.24,601.89,443.63,224.77,61.95,6.9142,67,2129.05,263.02,22,0.2311,15.39,0.0180,none
2026-01-29,9129.02,366.25,8762.77,12031.72,-3268.95,51446.36,97,126,168,94.11,1255.44,556.65,420.99,217.37,60.43,7.2716,64,1714.03,211.27,18,0.1878,8.86,0.0180,none
2026-01-30,10046.12,316.75,9729.37,11340.40,-1611.03,49835.33,109,141,161,92.17,1365.32,621.14,463.15,224.94,56.09,7.3581,67,1799.07,224.16,19,0.1791,24.34,0.0180,none
2026-01-31,9960.53,296.33,9664.19,6366.10,3298.09,53133.43,111,148,93,89.73,1283.74,592.81,427.86,209.51,53.56,7.7590,64,1908.06,235.66,20,0.1916,11.59,0.0180,none
2026-02-01,8925.69,315.92,8609.77,4862.59,3747.18,56880.61,96,128,69,92.98,1318.25,610.09,445.87,203.66,58.63,6.7709,65,1795.16,221.92,19,0.2011,-3.18,0.0180,none
2026-02-02,8065.47,336.94,7728.53,12506.92,-4778.39,52102.22,90,119,183,89.62,1325.81,633.16,421.60,213.60,57.45,6.0834,65,1888.98,233.61,20,0.2342,0.55,0.0180,none
2026-02-03,8647.52,327.96,8319.56,12510.03,-4190.47,47911.74,98,129,185,88.24,1305.70,597.95,433.37,216.37,58.01,6.6229,66,1716.33,210.64,18,0.1985,16.51,0.0180,none
2026-02-04,9023.46,411.69,8611.77,12281.41,-3669.64,44242.10,101,134,181,89.34,1282.08,547.10,450.89,227.42,56.67,7.0381,65,1751.99,218.83,18,0.1942,15.18,0.0180,none
2026-02-05,8822.97,399.41,8423.56,12052.68,-3629.12,40612.97,96,126,173,91.91,1283.72,553.65,441.91,227.68,60.48,6.8730,67,1828.71,226.06,19,0.2073,10.61,0.0180,none
2026-02-06,9730.40,328.38,9402.01,11360.16,-1958.15,38654.82,109,142,167,89.27,1355.65,611.95,471.66,217.20,54.84,7.1777,66,1946.68,239.89,20,0.2001,18.98,0.0180,none
2026-02-07,9988.74,283.61,9705.13,6377.18,3327.95,41982.77,110,141,92,90.81,1264.51,551.29,437.06,214.85,61.31,7.8993,66,1824.05,223.22,19,0.1826,16.51,0.0180,none
2026-02-08,8464.60,305.08,8159.52,4871.06,3288.46,45271.23,95,127,72,89.10,1273.79,562.05,443.09,207.53,61.12,6.6452,63,1709.97,210.30,18,0.2020,-6.12,0.0180,none
2026-02-09,8255.81,366.54,7889.27,12528.69,-4639.42,40631.81,89,114,177,92.76,1289.39,591.49,418.22,224.61,55.07,6.4029,64,2076.29,258.40,21,0.2515,1.68,0.0180,none
2026-02-10,8480.86,312.93,8167.93,12531.80,-4363.87,36267.94,91,119,177,93.20,1243.06,541.55,439.12,202.46,59.93,6.8226,63,1810.81,227.49,19,0.2135,16.12,0.0180,none
2026-02-11,8933.28,376.75,8556.53,12302.78,-3746.25,32521.69,100,133,180,89.33,1228.26,537.11,418.25,220.28,52.62,7.2731,62,1942.81,242.06,20,0.2175,16.29,0.0180,none
2026-02-12,9045.13,359.54,8685.59,12073.65,-3388.06,29133.63,100,130,175,90.45,1285.22,616.19,405.46,208.37,55.20,7.0378,65,1744.47,217.48,18,0.1929,14.31,0.0180,none
2026-02-13,9396.46,330.75,9065.71,11379.92,-2314.21,26819.42,101,135,160,93.03,1225.25,559.94,414.19,198.52,52.60,7.6690,59,1744.48,218.38,18,0.1857,13.55,0.0180,none
2026-02-14,10648.10,331.41,10316.69,6388.27,3928.42,30747.85,121,159,95,88.00,1419.76,605.14,511.88,245.65,57.09,7.4999,77,2012.86,248.38,21,0.1890,11.35,0.0360,monthly_promotion
2026-02-15,9142.23,307.46,8834.77,4879.53,3955.24,34703.09,102,132,71,89.63,1361.23,629.83,457.95,217.52,55.93,6.7162,73,1934.92,238.37,20,0.2116,-5.37,0.0360,monthly_promotion
2026-02-16,8863.51,338.03,8525.48,12550.46,-4024.98,30678.11,97,128,179,91.38,1416.54,655.17,482.97,215.90,62.50,6.2572,76,1954.64,241.42,20,0.2205,-0.17,0.0360,monthly_promotion
2026-02-17,8171.92,336.00,7835.91,12553.57,-4717.66,25960.44,88,116,178,92.86,1286.66,578.39,433.08,216.58,58.61,6.3513,65,1761.57,218.18,18,0.2156,9.63,0.0180,none
2026-02-18,8606.28,362.19,8244.09,12324.15,-4080.06,21880.38,94,126,176,91.56,1266.02,560.80,445.68,200.62,58.92,6.7979,64,1743.21,214.65,18,0.2026,16.06,0.0180,none
2026-02-19,8792.27,381.05,8411.22,12094.62,-3683.40,18196.98,94,123,170,93.53,1296.72,585.96,450.20,203.92,56.64,6.7804,64,1680.18,209.94,18,0.1911,13.16,0.0180,none
2026-02-20,8963.25,360.00,8603.25,11399.67,-2796.42,15400.56,100,134,166,89.63,1218.77,567.67,399.93,199.77,51.40,7.3543,60,1717.06,210.85,18,0.1916,14.39,0.0180,none
2026-02-21,9376.66,318.20,9058.46,6399.36,2659.10,18059.65,101,134,90,92.84,1266.07,566.92,438.20,205.57,55.38,7.4061,63,1669.20,207.44,17,0.1780,13.64,0.0180,none
2026-02-22,8510.22,317.53,8192.70,4887.99,3304.71,21364.36,92,121,69,92.50,1255.06,560.88,420.54,215.67,57.97,6.7807,64,1838.69,227.27,19,0.2161,-2.78,0.0180,none
2026-02-23,7879.49,326.90,7552.60,12572.24,-5019.64,16344.72,89,116,186,88.53,1236.50,566.36,413.51,201.76,54.87,6.3724,62,1817.56,223.99,19,0.2307,6.61,0.0180,none
2026-02-24,7940.78,326.90,7613.88,12575.35,-4961.47,11383.25,89,114,185,89.22,1247.51,566.85,423.86,198.34,58.46,6.3653,62,1709.97,209.50,18,0.2153,12.11,0.0180,none
2026-02-25,8398.77,314.65,8084.12,12345.52,-4261.40,7121.84,90,118,173,93.32,1254.61,546.78,453.44,195.72,58.67,6.6943,63,1884.05,232.23,20,0.2243,16.56,0.0180,none
2026-02-26,8881.20,334.44,8546.76,12115.58,-3568.82,3553.01,95,125,169,93.49,1251.54,555.53,448.34,191.02,56.65,7.0962,63,1856.03,229.34,19,0.2090,15.45,0.0180,none
2026-02-27,8989.29,318.77,8670.52,11419.43,-2748.91,804.10,96,125,160,93.64,1243.52,543.92,436.03,205.51,58.06,7.2289,62,1647.06,203.75,17,0.1832,17.91,0.0180,none
2026-02-28,9411.31,280.93,9130.37,6410.45,2719.92,3524.03,101,133,90,93.18,1267.20,586.90,432.16,197.22,50.92,7.4269,60,1743.69,216.91,18,0.1853,15.24,0.0180,none
2026-03-01,8075.71,312.37,7763.34,4896.46,2866.88,6390.91,87,114,69,92.82,1194.41,538.25,408.26,191.23,56.67,6.7613,62,1830.85,227.23,19,0.2267,-4.05,0.0180,none
2026-03-02,7576.90,314.85,7262.05,12594.01,-5331.96,1058.95,83,109,182,91.29,1261.19,583.90,415.24,209.77,52.28,6.0077,60,1722.29,210.75,18,0.2273,-0.27,0.0180,none
2026-03-03,7820.42,320.15,7500.27,8559.22,-1058.95,0.00,86,111,123,90.94,1159.87,535.90,383.24,188.30,52.43,6.7425,57,1827.35,225.50,19,0.2337,10.87,0.0180,none
2026-03-04,8531.08,322.32,8208.76,8208.76,0.00,0.00,93,120,117,91.73,1271.13,579.15,433.06,209.40,49.52,6.7114,60,1712.14,210.45,18,0.2007,19.64,0.0180,none
2026-03-05,8477.45,331.28,8146.17,8146.17,0.00,0.00,95,122,120,89.24,1180.95,532.13,406.45,186.10,56.27,7.1785,59,1639.11,203.36,17,0.1933,17.34,0.0180,none
2026-03-06,9016.51,294.96,8721.55,8721.55,0.00,0.00,102,131,129,88.40,1202.40,562.22,397.95,188.89,53.34,7.4988,60,1594.68,197.63,17,0.1769,17.97,0.0180,none
2026-03-07,9181.52,286.49,8895.03,6421.54,2473.49,2473.50,99,131,91,92.74,1221.63,573.40,396.66,202.48,49.09,7.5158,61,1656.72,205.35,17,0.1804,17.45,0.0180,none
2026-03-08,8230.43,276.90,7953.52,4904.93,3048.59,5522.09,92,120,72,89.46,1167.60,516.59,415.13,182.94,52.94,7.0490,58,1729.24,212.24,18,0.2101,-0.82,0.0180,none
2026-03-09,7513.81,308.16,7205.65,12615.78,-5410.13,111.96,80,107,177,93.92,1181.45,528.30,412.91,184.25,55.99,6.3598,60,1674.76,207.77,17,0.2229,3.49,0.0180,none
2026-03-10,7806.20,327.22,7478.98,7590.94,-111.96,0.00,86,114,110,90.77,1234.38,559.23,431.34,189.52,54.29,6.3240,58,1785.30,219.31,18,0.2287,16.84,0.0180,none
2026-03-11,8104.87,349.03,7755.84,7755.84,0.00,0.00,88,114,111,92.10,1177.64,541.30,387.89,198.08,50.37,6.8823,60,1772.55,221.71,18,0.2187,14.11,0.0180,none
2026-03-12,8436.59,322.69,8113.90,8113.90,0.00,0.00,91,121,115,92.71,1232.57,554.41,423.98,198.90,55.28,6.8447,62,1631.16,202.37,17,0.1933,15.85,0.0180,none
2026-03-13,8501.53,312.03,8189.51,8189.51,0.00,0.00,94,123,118,90.44,1159.84,506.25,427.58,176.87,49.14,7.3299,57,1654.06,204.72,17,0.1946,17.10,0.0180,none
2026-03-14,9772.84,287.49,9485.35,6432.62,3052.73,3052.72,109,145,94,89.66,1262.66,555.62,442.50,206.33,58.21,7.7399,70,1784.50,220.52,19,0.1826,10.06,0.0360,monthly_promotion
2026-03-15,8876.70,293.94,8582.75,4913.40,3669.35,6722.08,97,128,71,91.51,1337.77,592.47,463.36,229.72,52.22,6.6354,73,1673.31,205.68,18,0.1885,-4.07,0.0360,monthly_promotion
2026-03-16,8439.93,316.31,8123.62,12637.56,-4513.94,2208.14,93,119,183,90.75,1373.22,641.06,468.21,207.40,56.55,6.1461,75,2043.59,254.36,21,0.2421,2.97,0.0360,monthly_promotion
2026-03-17,7642.81,314.88,7327.93,9536.07,-2208.14,0.00,81,107,133,94.36,1167.35,551.48,374.48,189.34,52.05,6.5471,57,1525.01,187.30,16,0.1995,17.75,0.0180,none
2026-03-18,8056.41,337.74,7718.67,7718.67,0.00,0.00,91,118,114,88.53,1148.47,534.21,370.24,196.28,47.74,7.0149,58,1638.62,198.94,17,0.2034,13.92,0.0180,none
2026-03-19,7964.32,347.02,7617.30,7617.30,0.00,0.00,87,116,109,91.54,1166.64,523.48,391.75,200.05,51.36,6.8267,60,1704.46,213.07,18,0.2140,10.41,0.0180,none
2026-03-20,8359.03,344.29,8014.73,8014.73,0.00,0.00,92,123,115,90.86,1183.14,558.38,385.88,186.60,52.28,7.0651,60,1433.28,176.25,15,0.1715,15.16,0.0180,none
2026-03-21,8878.17,296.65,8581.52,6443.71,2137.81,2137.81,96,127,92,92.48,1153.28,537.82,389.93,177.60,47.93,7.6982,55,1682.56,209.05,17,0.1895,15.71,0.0180,none
2026-03-22,7600.78,279.74,7321.04,4921.86,2399.18,4536.99,82,110,69,92.69,1130.27,495.31,404.60,179.08,51.28,6.7247,57,1624.70,200.90,17,0.2138,-1.88,0.0180,none
2026-03-23,7019.07,290.21,6728.86,11265.85,-4536.99,0.00,79,105,166,88.85,1141.72,498.18,419.27,174.35,49.92,6.1478,56,1581.31,196.12,17,0.2253,0.23,0.0180,none
2026-03-24,7564.69,320.91,7243.79,7243.79,0.00,0.00,81,105,101,93.39,1140.84,532.78,372.62,184.77,50.67,6.6308,56,1553.36,191.44,16,0.2053,15.61,0.0180,none
2026-03-25,7827.91,319.56,7508.35,7508.35,0.00,0.00,88,117,110,88.95,1149.31,534.01,371.96,194.17,49.17,6.8110,57,1637.25,199.86,17,0.2092,13.17,0.0180,none
2026-03-26,7778.51,352.84,7425.67,7425.67,0.00,0.00,84,110,105,92.60,1109.19,511.51,378.03,170.33,49.32,7.0128,56,1651.23,204.84,17,0.2123,9.35,0.0180,none
2026-03-27,8363.21,276.46,8086.75,8086.75,0.00,0.00,91,119,115,91.90,1121.99,513.02,378.55,182.15,48.27,7.4539,55,1428.56,175.70,15,0.1708,17.82,0.0180,none
2026-03-28,8724.76,256.04,8468.71,6454.80,2013.91,2013.91,93,122,90,93.81,1094.01,479.19,372.17,193.79,48.86,7.9750,55,1633.69,202.55,17,0.1872,15.44,0.0180,none
2026-03-29,7681.37,294.39,7386.98,4930.33,2456.65,4470.56,84,110,70,91.44,1153.81,510.68,405.61,187.86,49.66,6.6574,56,1541.74,191.22,16,0.2007,-0.24,0.0180,none
2026-03-30,7126.64,304.99,6821.65,11292.22,-4470.57,0.00,80,104,167,89.08,1104.46,511.42,360.07,186.56,46.41,6.4526,55,1536.35,189.16,16,0.2156,3.68,0.0180,none
2026-03-31,7451.59,282.75,7168.84,7168.84,0.00,0.00,81,104,102,91.99,1123.96,507.43,377.49,186.82,52.22,6.6298,57,1616.92,200.69,17,0.2170,17.96,0.0180,none
2026-04-01,7524.13,336.27,7187.86,7187.86,0.00,0.00,82,110,103,91.76,1085.40,464.26,376.57,192.63,51.94,6.9321,55,1528.33,189.94,16,0.2031,8.98,0.0180,none
2026-04-02,7847.95,324.78,7523.17,7523.17,0.00,0.00,84,112,106,93.43,1146.44,532.47,395.35,169.84,48.78,6.8455,55,1566.42,192.36,16,0.1996,15.73,0.0180,none
2026-04-03,8087.23,272.42,7814.80,7814.80,0.00,0.00,87,112,111,92.96,1120.63,529.62,355.17,188.66,47.18,7.2167,55,1653.71,204.58,17,0.2045,13.23,0.0180,none
2026-04-04,8091.32,276.67,7814.65,6465.89,1348.76,1348.76,91,121,95,88.92,1110.98,482.19,406.25,169.98,52.56,7.2830,57,1422.93,174.65,15,0.1759,11.72,0.0180,none
2026-04-05,7421.78,275.50,7146.28,4938.80,2207.48,3556.25,81,106,71,91.63,1070.76,478.51,366.18,178.03,48.04,6.9313,54,1457.56,179.57,15,0.1964,-6.09,0.0180,none
2026-04-06,6900.22,263.97,6636.26,10192.50,-3556.24,0.00,73,93,142,94.52,1114.30,509.97,366.49,192.29,45.55,6.1924,55,1483.90,184.37,16,0.2151,2.13,0.0180,none
2026-04-07,7430.30,319.26,7111.04,7111.04,0.00,0.00,85,110,106,87.42,1077.97,479.23,380.44,170.42,47.88,6.8929,54,1687.70,209.23,17,0.2271,15.35,0.0180,none
2026-04-08,7621.38,302.39,7318.99,7318.99,0.00,0.00,87,116,109,87.60,1078.98,460.33,384.73,188.09,45.83,7.0635,55,1559.72,191.47,16,0.2047,20.33,0.0180,none
2026-04-09,7442.94,328.37,7114.57,7114.57,0.00,0.00,81,106,102,91.89,1082.64,474.95,380.32,179.48,47.89,6.8748,53,1510.79,185.83,16,0.2030,9.25,0.0180,none
2026-04-10,7940.54,289.16,7651.38,7651.38,0.00,0.00,89,118,112,89.22,1097.46,492.79,389.34,164.23,51.10,7.2354,55,1640.60,203.31,17,0.2066,15.80,0.0180,none
2026-04-11,8336.12,251.85,8084.27,6476.98,1607.29,1607.30,93,125,95,89.64,1100.49,494.60,367.43,187.94,50.52,7.5749,56,1504.65,186.85,16,0.1805,17.95,0.0180,none
2026-04-12,7286.93,296.81,6990.12,4947.26,2042.86,3650.15,80,107,71,91.09,1070.54,464.00,390.44,165.76,50.34,6.8068,55,1555.05,191.46,16,0.2134,0.74,0.0180,none
2026-04-13,6755.26,271.01,6484.25,10134.40,-3650.15,0.00,72,95,141,93.82,1051.66,464.03,365.06,171.13,51.44,6.4234,55,1529.56,187.67,16,0.2264,-1.59,0.0180,none
2026-04-14,8082.56,290.76,7791.80,7791.80,0.00,0.00,91,117,115,88.82,1221.30,518.56,433.70,216.27,52.77,6.6180,66,1751.30,214.36,18,0.2167,18.66,0.0360,monthly_promotion
2026-04-15,8111.77,297.92,7813.85,7813.85,0.00,0.00,91,120,114,89.14,1238.69,542.94,440.16,206.46,49.13,6.5487,68,1734.52,213.64,18,0.2138,12.60,0.0360,monthly_promotion
2026-04-16,8457.48,322.61,8134.87,8134.87,0.00,0.00,96,124,121,88.10,1207.48,551.54,423.74,183.62,48.58,7.0042,64,1677.82,205.89,18,0.1984,13.98,0.0360,monthly_promotion
2026-04-17,7879.94,293.46,7586.47,7586.47,0.00,0.00,85,111,107,92.71,1065.78,503.56,342.92,173.12,46.18,7.3936,50,1655.17,205.08,17,0.2100,14.40,0.0180,none
2026-04-18,8175.51,274.15,7901.35,6488.06,1413.29,1413.29,89,117,92,91.86,1067.30,497.67,345.95,179.29,44.39,7.6600,51,1505.66,187.32,15,0.1842,10.64,0.0180,none
2026-04-19,7194.12,328.25,6865.87,4955.73,1910.14,3323.43,80,106,73,89.93,1068.31,449.26,384.62,188.03,46.40,6.7341,53,1553.08,192.80,16,0.2159,-3.30,0.0180,none
2026-04-20,6658.91,313.46,6345.45,9668.88,-3323.43,0.00,73,96,138,91.22,1069.30,478.07,371.74,175.09,44.40,6.2274,52,1552.51,191.11,16,0.2331,5.06,0.0180,none
2026-04-21,6773.36,335.44,6437.92,6437.92,0.00,0.00,74,96,93,91.53,1055.94,461.15,373.42,174.68,46.69,6.4145,51,1426.29,177.43,15,0.2106,8.06,0.0180,none
2026-04-22,7041.71,296.65,6745.06,6745.06,0.00,0.00,78,101,98,90.28,1060.04,481.12,350.42,179.79,48.71,6.6429,53,1433.40,175.96,15,0.2036,8.03,0.0180,none
2026-04-23,7518.87,315.94,7202.93,7202.93,0.00,0.00,84,111,106,89.51,1098.43,507.94,364.15,177.48,48.86,6.8451,55,1436.18,176.40,15,0.1910,16.93,0.0180,none
2026-04-24,7959.69,263.15,7696.54,7696.54,0.00,0.00,85,112,107,93.64,1080.37,485.25,373.99,172.28,48.85,7.3676,54,1627.73,202.48,17,0.2045,20.04,0.0180,none
2026-04-25,8232.92,252.36,7980.55,6499.15,1481.40,1481.40,89,118,92,92.50,1068.36,471.15,386.63,164.00,46.58,7.7061,52,1530.62,190.12,16,0.1859,19.14,0.0180,none
2026-04-26,7049.77,237.82,6811.95,4964.20,1847.75,3329.15,75,99,69,94.00,1068.39,462.02,386.18,172.89,47.30,6.5985,52,1472.00,183.76,15,0.2088,-4.38,0.0180,none
2026-04-27,6740.60,252.95,6487.64,9816.79,-3329.15,0.00,74,99,142,91.09,1081.84,493.92,353.84,184.92,49.16,6.2307,55,1591.97,199.77,16,0.2362,3.47,0.0180,none
2026-04-28,6949.75,301.68,6648.07,6648.07,0.00,0.00,77,101,97,90.26,1045.00,452.60,387.29,161.51,43.60,6.6505,53,1526.60,188.19,16,0.2197,17.13,0.0180,none
2026-04-29,7442.83,298.16,7144.67,7144.67,0.00,0.00,81,105,102,91.89,1092.93,494.95,367.34,185.00,45.64,6.8100,52,1546.29,190.63,16,0.2078,17.57,0.0180,none
2026-04-30,7519.94,332.53,7187.41,7187.41,0.00,0.00,82,109,103,91.71,1068.53,471.43,387.34,164.85,44.91,7.0376,52,1451.75,179.25,15,0.1931,11.45,0.0180,none
2026-05-01,7936.85,288.52,7648.33,7648.33,0.00,0.00,87,113,110,91.23,1075.88,476.88,380.23,174.96,43.81,7.3771,52,1437.75,177.42,15,0.1811,21.80,0.0180,none
2026-05-02,8233.35,265.86,7967.49,6510.24,1457.25,1457.25,92,120,96,89.49,1044.90,498.27,330.43,169.33,46.87,7.8796,52,1686.68,209.05,17,0.2049,16.91,0.0180,none
2026-05-03,6920.77,250.00,6670.77,4972.67,1698.10,3155.35,77,103,72,89.88,1042.54,466.80,348.30,179.56,47.88,6.6384,53,1430.86,176.70,15,0.2067,-8.07,0.0180,none
2026-05-04,6437.63,284.80,6152.83,9308.18,-3155.35,0.00,69,89,130,93.30,1038.86,494.83,332.43,165.06,46.54,6.1968,52,1440.12,177.69,15,0.2237,0.27,0.0180,none
2026-05-05,6694.05,306.88,6387.17,6387.17,0.00,0.00,74,95,92,90.46,1093.40,507.53,360.68,178.28,46.91,6.1222,56,1387.11,171.19,14,0.2072,14.15,0.0180,none
2026-05-06,7297.07,320.77,6976.30,6976.30,0.00,0.00,81,104,102,90.09,1051.45,484.71,355.04,169.27,42.43,6.9400,50,1515.69,186.76,16,0.2077,15.21,0.0180,none
2026-05-07,7552.35,306.87,7245.48,7245.48,0.00,0.00,84,108,106,89.91,1054.09,481.28,342.31,181.18,49.32,7.1648,54,1622.43,201.04,17,0.2148,14.69,0.0180,none
2026-05-08,7936.02,269.44,7666.58,7666.58,0.00,0.00,86,111,109,92.28,1085.22,499.05,375.50,167.72,42.95,7.3128,52,1432.06,176.31,15,0.1805,20.52,0.0180,none
2026-05-09,8094.49,234.92,7859.57,6521.33,1338.24,1338.25,87,112,92,93.04,1045.14,487.57,345.17,167.10,45.30,7.7449,51,1430.09,179.78,15,0.1767,12.70,0.0180,none
2026-05-10,7010.98,248.44,6762.54,4981.13,1781.41,3119.66,77,101,71,91.05,1069.48,464.06,377.97,181.99,45.46,6.5555,53,1482.30,184.41,15,0.2114,-1.87,0.0180,none
2026-05-11,6518.41,259.11,6259.30,9378.96,-3119.66,0.00,74,96,140,88.09,1058.37,476.07,374.74,164.53,43.03,6.1589,51,1410.50,173.50,15,0.2164,2.73,0.0180,none
2026-05-12,6754.05,275.03,6479.03,6479.03,0.00,0.00,76,100,96,88.87,1013.60,463.58,337.36,167.62,45.04,6.6634,51,1480.18,184.14,15,0.2192,20.36,0.0180,none
2026-05-13,7144.17,306.59,6837.57,6837.57,0.00,0.00,79,106,98,90.43,1038.96,470.18,349.68,172.37,46.73,6.8763,52,1358.46,166.14,14,0.1901,14.45,0.0180,none
2026-05-14,8139.08,298.26,7840.82,7840.82,0.00,0.00,89,119,112,91.45,1176.50,509.96,420.22,196.48,49.84,6.9180,65,1612.50,196.55,17,0.1981,12.73,0.0360,monthly_promotion
2026-05-15,8514.23,278.31,8235.92,8235.92,0.00,0.00,93,119,118,91.55,1158.95,524.57,404.18,180.83,49.37,7.3465,65,1689.79,209.38,17,0.1985,16.36,0.0360,monthly_promotion
2026-05-16,8723.78,267.40,8456.39,6532.42,1923.97,1923.97,96,127,94,90.87,1190.59,570.78,384.31,186.26,49.24,7.3273,65,1655.42,205.60,17,0.1898,11.80,0.0360,monthly_promotion
2026-05-17,7017.71,268.52,6749.19,4989.60,1759.59,3683.56,75,97,70,93.57,1010.70,435.61,354.02,173.06,48.01,6.9434,53,1333.10,165.96,14,0.1900,0.20,0.0180,none
2026-05-18,6413.34,253.60,6159.74,9843.30,-3683.56,0.00,72,94,145,89.07,1015.79,450.07,359.49,158.73,47.50,6.3136,53,1445.26,181.80,15,0.2254,1.66,0.0180,none
2026-05-19,6718.01,298.54,6419.47,6419.47,0.00,0.00,74,96,93,90.78,1018.19,441.54,374.39,154.81,47.45,6.5980,50,1486.82,184.93,15,0.2213,11.44,0.0180,none
2026-05-20,7224.19,339.45,6884.74,6884.74,0.00,0.00,81,107,101,89.19,1024.45,459.94,341.05,178.82,44.64,7.0518,51,1471.28,182.98,15,0.2037,18.48,0.0180,none
2026-05-21,7322.32,308.98,7013.34,7013.34,0.00,0.00,83,111,104,88.22,1032.72,477.10,350.37,157.19,48.06,7.0903,50,1346.12,168.67,14,0.1838,16.21,0.0180,none
2026-05-22,7472.23,254.31,7217.92,7217.92,0.00,0.00,80,106,102,93.40,1010.31,439.14,371.63,157.06,42.48,7.3960,48,1373.69,168.74,14,0.1838,16.08,0.0180,none
2026-05-23,7824.96,225.60,7599.36,6543.50,1055.86,1055.86,84,112,92,93.15,1023.59,453.75,340.88,180.74,48.22,7.6446,51,1448.52,179.89,15,0.1851,14.52,0.0180,none
2026-05-24,7193.18,235.91,6957.27,4998.07,1959.20,3015.06,77,102,70,93.42,1085.30,486.27,376.52,179.50,43.01,6.6278,54,1554.64,191.08,16,0.2161,1.17,0.0180,none
2026-05-25,6397.38,294.45,6102.94,9118.00,-3015.06,0.00,70,93,130,91.39,1039.88,473.47,347.19,177.01,42.21,6.1520,51,1306.49,163.06,14,0.2042,0.46,0.0180,none
2026-05-26,6708.55,261.38,6447.17,6447.17,0.00,0.00,73,97,91,91.90,987.10,438.69,339.18,163.51,45.72,6.7962,50,1434.54,180.55,15,0.2138,12.56,0.0180,none
2026-05-27,6866.08,271.44,6594.64,6594.64,0.00,0.00,76,98,95,90.34,1049.44,500.79,329.37,170.24,49.04,6.5426,52,1352.68,168.82,14,0.1970,14.56,0.0180,none
2026-05-28,7262.90,288.99,6973.91,6973.91,0.00,0.00,80,107,101,90.79,1021.85,465.21,344.18,167.71,44.75,7.1076,51,1433.95,178.03,15,0.1974,14.14,0.0180,none
2026-05-29,7340.24,286.97,7053.28,7053.28,0.00,0.00,82,107,103,89.52,1000.53,448.43,335.30,174.54,42.26,7.3364,51,1363.26,170.57,14,0.1857,9.28,0.0180,none
2026-05-30,7776.62,230.96,7545.66,6554.59,991.07,991.07,83,111,92,93.69,1032.96,495.39,332.38,161.19,44.00,7.5285,50,1504.38,186.86,16,0.1934,12.64,0.0180,none
2026-05-31,6886.70,241.20,6645.51,5006.53,1638.98,2630.04,77,103,74,89.44,1039.09,500.42,325.67,165.81,47.19,6.6276,53,1416.89,174.26,15,0.2057,-4.50,0.0180,none
2026-06-01,6470.32,254.21,6216.11,8846.15,-2630.04,0.00,72,93,129,89.87,1029.78,488.25,326.57,167.16,47.80,6.2832,52,1262.50,156.57,13,0.1951,1.17,0.0180,none
2026-06-02,6756.15,257.45,6498.70,6498.70,0.00,0.00,77,103,97,87.74,1015.59,457.30,336.89,175.13,46.27,6.6524,51,1575.53,197.64,16,0.2332,16.69,0.0180,none
2026-06-03,6984.69,257.85,6726.84,6726.84,0.00,0.00,77,100,97,90.71,1070.83,491.50,372.39,163.05,43.89,6.5227,52,1444.57,177.85,15,0.2068,14.25,0.0180,none
2026-06-04,7027.38,303.39,6724.00,6724.00,0.00,0.00,75,99,95,93.70,1047.79,499.12,336.60,164.63,47.44,6.7069,53,1347.93,168.08,14,0.1918,9.47,0.0180,none
2026-06-05,7746.77,270.13,7476.64,7476.64,0.00,0.00,84,109,106,92.22,1029.79,448.70,368.11,164.80,48.18,7.5227,53,1424.80,174.91,15,0.1839,17.37,0.0180,none
2026-06-06,7753.33,256.81,7496.52,6565.68,930.84,930.84,86,113,95,90.16,1031.12,474.65,331.98,180.57,43.92,7.5193,51,1426.02,178.89,15,0.1839,14.75,0.0180,none
2026-06-07,6986.24,246.82,6739.42,5015.00,1724.42,2655.26,78,103,74,89.57,1041.60,483.05,345.08,169.89,43.58,6.7072,50,1544.48,190.66,16,0.2211,-0.87,0.0180,none
2026-06-08,6650.44,275.47,6374.98,9030.24,-2655.26,0.00,75,99,134,88.67,1006.68,447.26,346.03,165.77,47.62,6.6063,52,1549.60,192.51,16,0.2330,0.28,0.0180,none
2026-06-09,6932.99,266.83,6666.16,6666.16,0.00,0.00,77,102,97,90.04,1016.41,460.65,348.05,161.71,46.00,6.8211,52,1638.65,202.31,17,0.2364,14.27,0.0180,none
2026-06-10,7320.50,289.58,7030.93,7030.93,0.00,0.00,78,104,98,93.85,1031.20,456.10,352.40,174.15,48.55,7.0990,54,1550.44,190.48,16,0.2118,19.06,0.0180,none
2026-06-11,7427.18,278.47,7148.71,7148.71,0.00,0.00,80,103,101,92.84,1052.02,448.57,380.09,178.26,45.10,7.0599,54,1520.48,187.30,16,0.2047,13.08,0.0180,none
2026-06-12,7826.48,266.62,7559.86,7559.86,0.00,0.00,87,113,110,89.96,1047.91,481.25,337.18,183.23,46.25,7.4687,52,1527.62,189.29,16,0.1952,18.67,0.0180,none
2026-06-13,8065.78,270.77,7795.01,6576.77,1218.24,1218.24,88,115,94,91.66,1094.44,505.47,360.87,181.67,46.43,7.3698,52,1411.51,174.24,15,0.1750,17.18,0.0180,none
2026-06-14,7935.85,259.03,7676.82,5023.47,2653.35,3871.59,85,112,70,93.36,1172.55,520.74,401.78,198.03,52.00,6.7680,64,1636.58,199.33,17,0.2062,-3.07,0.0360,monthly_promotion
2026-06-15,7486.33,270.66,7215.68,11087.27,-3871.59,0.00,82,107,159,91.30,1240.04,571.94,414.66,201.17,52.27,6.0372,67,1643.60,204.04,17,0.2195,0.48,0.0360,monthly_promotion
2026-06-16,7690.99,282.23,7408.77,7408.77,0.00,0.00,87,111,110,88.40,1165.60,498.24,408.56,208.68,50.12,6.5983,64,1639.03,203.60,17,0.2131,17.06,0.0360,monthly_promotion
2026-06-17,7172.81,316.33,6856.49,6856.49,0.00,0.00,80,105,100,89.66,1005.53,437.92,363.86,160.95,42.80,7.1334,48,1449.42,180.11,15,0.2021,17.26,0.0180,none
2026-06-18,7241.74,284.53,6957.21,6957.21,0.00,0.00,79,102,99,91.67,1019.38,446.90,353.77,172.52,46.19,7.1041,53,1384.58,172.97,14,0.1912,9.06,0.0180,none
2026-06-19,7873.69,294.36,7579.33,7579.33,0.00,0.00,89,119,112,88.47,1031.24,449.49,351.50,183.85,46.40,7.6352,51,1454.00,179.10,15,0.1847,20.65,0.0180,none
2026-06-20,7738.94,282.57,7456.37,6587.86,868.51,868.51,87,113,97,88.95,1050.83,457.03,387.01,159.68,47.11,7.3646,52,1336.40,167.03,14,0.1727,7.71,0.0180,none
2026-06-21,7301.13,304.96,6996.18,5031.94,1964.24,2832.75,83,110,75,87.97,1070.69,493.80,352.96,174.73,49.20,6.8191,53,1458.65,180.15,15,0.1998,-3.81,0.0180,none
2026-06-22,6726.26,284.34,6441.92,9274.67,-2832.75,0.00,72,93,130,93.42,1052.77,501.06,333.72,168.01,49.98,6.3891,55,1551.42,194.59,16,0.2307,4.14,0.0180,none
2026-06-23,7088.92,259.43,6829.49,6829.49,0.00,0.00,78,105,99,90.88,1053.30,456.90,370.75,178.81,46.84,6.7302,53,1513.84,185.98,16,0.2136,18.92,0.0180,none
2026-06-24,7434.59,296.82,7137.77,7137.77,0.00,0.00,81,104,102,91.79,1050.15,496.91,334.99,171.20,47.05,7.0796,51,1655.08,205.06,17,0.2226,20.10,0.0180,none
2026-06-25,7630.72,273.40,7357.32,7357.32,0.00,0.00,84,113,106,90.84,1093.42,513.85,367.34,166.12,46.11,6.9788,53,1533.31,188.75,16,0.2009,19.52,0.0180,none
2026-06-26,7822.11,283.23,7538.88,7538.88,0.00,0.00,85,111,107,92.02,1043.54,451.20,368.62,175.84,47.88,7.4957,54,1421.09,176.38,15,0.1817,19.32,0.0180,none
2026-06-27,8070.64,242.03,7828.61,6598.94,1229.67,1229.67,89,115,95,90.68,1084.88,508.34,350.04,178.22,48.28,7.4392,55,1532.64,188.75,16,0.1899,11.57,0.0180,none
2026-06-28,7155.00,287.74,6867.26,5040.40,1826.86,3056.52,80,107,74,89.44,1071.17,516.07,341.68,167.98,45.44,6.6796,51,1421.86,174.60,15,0.1987,-3.52,0.0180,none
2026-06-29,6779.50,304.76,6474.75,9531.27,-3056.52,0.00,75,97,137,90.39,1040.36,486.92,342.64,162.78,48.02,6.5165,54,1563.37,191.73,16,0.2306,-1.40,0.0180,none
2026-06-30,6939.36,284.58,6654.78,6654.78,0.00,0.00,76,101,96,91.31,1040.91,457.04,373.72,162.10,48.05,6.6666,52,1509.78,185.65,16,0.2176,15.40,0.0180,none
2026-07-01,8806.56,287.67,8518.89,8518.89,0.00,0.00,97,125,123,90.79,1241.28,564.85,416.07,208.45,51.91,7.0947,73,1722.22,211.74,18,0.1956,12.66,0.0180,summer_event
2026-07-02,8851.96,326.53,8525.43,8525.43,0.00,0.00,96,126,122,92.21,1261.42,573.04,430.45,200.23,57.70,7.0175,76,1705.80,212.85,18,0.1927,7.47,0.0180,summer_event
2026-07-03,9428.33,253.83,9174.50,9174.50,0.00,0.00,106,135,135,88.95,1311.99,615.29,418.99,227.82,49.89,7.1863,76,1808.58,225.04,19,0.1918,15.58,0.0180,summer_event
2026-07-04,9670.87,247.60,9423.27,6610.03,2813.24,2813.23,110,145,98,87.92,1357.08,603.71,476.26,220.32,56.79,7.1262,78,1760.00,217.63,19,0.1820,14.17,0.0180,summer_event
2026-07-05,8502.09,282.06,8220.03,5048.87,3171.16,5984.39,94,122,73,90.45,1364.07,626.50,457.22,221.93,58.42,6.2329,79,1648.78,205.13,17,0.1939,-5.46,0.0180,summer_event
2026-07-06,6929.06,356.03,6573.02,12557.42,-5984.40,0.00,76,99,182,91.17,1115.18,506.92,373.19,184.80,50.27,6.2134,56,1448.10,180.19,15,0.2090,-0.33,0.0180,none
2026-07-07,7362.55,310.60,7051.95,7051.95,0.00,0.00,79,102,99,93.20,1123.58,534.45,353.40,190.52,45.21,6.5528,56,1562.27,191.78,16,0.2122,18.20,0.0180,none
2026-07-08,7556.28,370.27,7186.01,7186.01,0.00,0.00,82,110,102,92.15,1104.52,486.49,394.51,174.84,48.68,6.8412,55,1643.68,204.25,17,0.2175,18.17,0.0180,none
2026-07-09,7639.70,366.86,7272.84,7272.84,0.00,0.00,85,112,106,89.88,1054.55,473.52,354.68,178.85,47.50,7.2445,53,1529.69,190.64,16,0.2002,13.14,0.0180,none
2026-07-10,8322.18,328.00,7994.18,7994.18,0.00,0.00,94,122,118,88.53,1073.30,502.42,351.15,173.70,46.03,7.7538,53,1541.03,189.38,16,0.1852,19.68,0.0180,none
2026-07-11,8356.73,269.51,8087.22,6621.12,1466.10,1466.10,89,115,93,93.90,1101.61,473.89,394.35,180.99,52.38,7.5859,56,1543.11,189.67,16,0.1847,9.48,0.0180,none
2026-07-12,7494.06,279.47,7214.59,5057.34,2157.25,3623.35,80,106,71,93.68,1130.81,522.46,385.78,172.30,50.27,6.6272,55,1524.90,189.27,16,0.2035,-5.99,0.0180,none
2026-07-13,6901.70,288.31,6613.39,10236.75,-3623.36,0.00,76,100,147,90.81,1118.27,508.84,367.53,190.52,51.38,6.1718,56,1555.30,191.66,16,0.2254,-1.75,0.0180,none
2026-07-14,8219.37,280.10,7939.27,7939.27,0.00,0.00,92,122,117,89.34,1267.05,609.10,403.42,198.71,55.82,6.4870,70,1769.75,221.31,18,0.2153,14.89,0.0360,monthly_promotion
2026-07-15,8563.34,304.89,8258.45,8258.45,0.00,0.00,93,120,118,92.08,1220.30,548.59,415.51,199.13,57.07,7.0174,69,1840.00,228.12,19,0.2149,12.34,0.0360,monthly_promotion
2026-07-16,8541.24,312.47,8228.77,8228.77,0.00,0.00,94,126,119,90.86,1220.18,544.17,425.33,194.22,56.46,7.0000,71,1813.04,223.61,19,0.2123,9.23,0.0360,monthly_promotion
2026-07-17,8165.43,272.17,7893.25,7893.25,0.00,0.00,87,113,110,93.86,1089.91,495.05,370.30,178.05,46.51,7.4918,54,1592.77,197.18,17,0.1951,13.03,0.0180,none
2026-07-18,8853.62,281.86,8571.76,6632.21,1939.55,1939.56,99,132,98,89.43,1166.83,515.40,414.62,185.45,51.36,7.5878,57,1550.51,188.70,16,0.1751,11.33,0.0180,none
2026-07-19,7441.24,314.99,7126.25,5065.80,2060.45,4000.00,79,102,71,94.19,1113.55,496.82,383.97,183.82,48.94,6.6824,55,1629.03,202.24,17,0.2189,-5.27,0.0180,none
2026-07-20,7197.94,321.69,6876.25,10876.25,-4000.00,0.00,80,103,159,89.97,1100.82,485.76,386.54,176.82,51.70,6.5387,56,1705.13,212.79,18,0.2369,4.12,0.0180,none
2026-07-21,7695.16,337.47,7357.69,7357.69,0.00,0.00,82,108,103,93.84,1151.11,518.66,393.39,189.56,49.50,6.6850,58,1691.29,207.67,18,0.2198,20.21,0.0180,none
2026-07-22,7643.52,300.10,7343.42,7343.42,0.00,0.00,81,108,102,94.36,1151.57,507.99,405.90,188.61,49.07,6.6375,55,1592.75,193.99,17,0.2084,9.29,0.0180,none
2026-07-23,8120.86,337.86,7783.00,7783.00,0.00,0.00,87,112,109,93.34,1169.04,531.75,409.89,174.74,52.66,6.9466,60,1650.03,204.42,17,0.2032,12.01,0.0180,none
2026-07-24,8465.98,260.23,8205.75,8205.75,0.00,0.00,94,125,119,90.06,1182.02,538.22,409.87,180.83,53.10,7.1623,60,1542.57,190.44,16,0.1822,16.57,0.0180,none
2026-07-25,8909.62,252.19,8657.43,6643.30,2014.13,2014.14,101,134,99,88.21,1096.26,500.73,369.68,177.28,48.57,8.1273,56,1729.87,212.38,18,0.1942,14.64,0.0180,none
2026-07-26,7741.14,298.35,7442.79,5074.27,2368.52,4382.66,85,112,73,91.07,1192.28,522.79,419.75,200.64,49.10,6.4927,58,1651.57,200.89,17,0.2133,-2.92,0.0180,none
2026-07-27,7298.75,276.44,7022.31,11404.97,-4382.66,0.00,82,108,167,89.01,1165.84,530.44,409.97,176.06,49.37,6.2605,57,1684.54,210.18,18,0.2308,-0.99,0.0180,none
2026-07-28,7907.91,290.46,7617.46,7617.46,0.00,0.00,89,116,113,88.85,1192.42,566.76,389.71,187.61,48.34,6.6318,57,1713.41,213.18,18,0.2167,17.58,0.0180,none
2026-07-29,7931.09,335.72,7595.37,7595.37,0.00,0.00,88,114,110,90.13,1149.66,507.58,397.02,189.49,55.57,6.8986,59,1645.72,200.81,17,0.2075,11.55,0.0180,none
2026-07-30,8131.24,363.31,7767.93,7767.93,0.00,0.00,88,114,110,92.40,1186.76,565.27,393.08,178.18,50.23,6.8516,58,1674.86,207.90,17,0.2060,8.75,0.0180,none
2026-07-31,8836.84,296.20,8540.64,8540.64,0.00,0.00,95,127,120,93.02,1197.37,519.40,425.88,196.90,55.19,7.3802,60,1714.11,213.84,18,0.1940,17.16,0.0180,none
2026-08-01,9071.50,282.13,8789.37,6654.38,2134.99,2134.99,102,135,98,88.94,1207.66,525.38,429.34,198.07,54.87,7.5116,61,1733.21,215.85,18,0.1911,12.99,0.0180,none
2026-08-02,8070.24,282.70,7787.54,5082.74,2704.80,4839.79,88,115,73,91.71,1179.65,514.94,404.50,208.36,51.85,6.8412,59,1639.76,203.78,17,0.2032,-0.07,0.0180,none
2026-08-03,7481.80,322.46,7159.33,11999.12,-4839.79,0.00,85,113,179,88.02,1171.27,520.33,411.09,191.03,48.82,6.3878,55,1773.84,217.72,18,0.2371,0.99,0.0180,none
2026-08-04,7841.02,285.02,7555.99,7555.99,0.00,0.00,89,119,113,88.10,1159.70,514.04,390.52,202.16,52.98,6.7612,59,1609.51,199.50,17,0.2053,17.43,0.0180,none
2026-08-05,7863.56,316.07,7547.49,7547.49,0.00,0.00,89,119,111,88.35,1127.21,501.10,389.45,180.65,56.01,6.9761,60,1655.16,205.07,17,0.2105,10.67,0.0180,none
2026-08-06,8278.06,317.80,7960.26,7960.26,0.00,0.00,90,118,114,91.98,1191.43,559.26,392.30,188.68,51.19,6.9480,59,1739.98,213.41,18,0.2102,10.26,0.0180,none
2026-08-07,9146.39,296.92,8849.47,8849.47,0.00,0.00,99,130,125,92.39,1229.15,571.86,406.08,194.45,56.76,7.4412,62,1741.93,218.30,18,0.1905,19.36,0.0180,none
2026-08-08,9240.24,289.87,8950.37,6665.47,2284.90,2284.90,99,129,94,93.34,1229.56,534.66,429.77,212.31,52.82,7.5151,62,1797.88,221.92,19,0.1946,13.77,0.0180,none
2026-08-09,8128.04,321.29,7806.76,5091.21,2715.55,5000.45,92,118,76,88.35,1197.90,541.50,422.74,182.57,51.09,6.7852,57,1701.62,209.17,18,0.2094,-4.08,0.0180,none
2026-08-10,7445.52,285.57,7159.95,12160.40,-5000.45,0.00,83,109,177,89.71,1174.33,540.18,389.46,191.32,53.37,6.3402,61,1652.86,205.59,17,0.2220,0.11,0.0180,none
2026-08-11,8164.52,304.42,7860.10,7860.10,0.00,0.00,93,123,117,87.79,1223.71,521.62,444.23,207.91,49.95,6.6719,59,1719.36,214.57,18,0.2106,18.81,0.0180,none
2026-08-12,8433.77,329.13,8104.64,8104.64,0.00,0.00,92,121,116,91.67,1258.49,572.51,431.73,196.65,57.60,6.7015,64,1859.44,229.88,19,0.2205,13.19,0.0180,none
2026-08-13,8660.48,335.40,8325.09,8325.09,0.00,0.00,98,130,123,88.37,1176.60,516.49,419.15,185.35,55.61,7.3606,60,1644.55,204.33,17,0.1899,13.31,0.0180,none
2026-08-14,9894.69,299.84,9594.85,9594.85,0.00,0.00,109,140,139,90.78,1360.30,615.34,445.72,238.41,60.83,7.2739,79,1806.44,223.30,19,0.1826,15.25,0.0360,monthly_promotion
2026-08-15,10322.32,284.71,10037.60,6676.56,3361.04,3361.04,113,150,95,91.35,1386.56,593.01,492.32,238.62,62.61,7.4446,80,1995.30,246.73,21,0.1933,10.37,0.0360,monthly_promotion
2026-08-16,9219.78,300.27,8919.51,5099.67,3819.84,7180.88,102,134,74,90.39,1404.04,652.00,444.49,246.11,61.44,6.5666,80,1709.43,210.00,18,0.1854,-5.85,0.0360,monthly_promotion
2026-08-17,7815.30,311.05,7504.25,13116.56,-5612.31,1568.57,83,108,183,94.16,1300.17,598.87,436.38,212.89,52.03,6.0110,63,1720.53,211.09,18,0.2201,-0.75,0.0180,none
2026-08-18,8183.40,347.97,7835.43,9404.00,-1568.57,0.00,91,118,138,89.93,1260.45,534.38,451.57,219.55,54.95,6.4924,62,1648.01,204.06,17,0.2014,14.01,0.0180,none
2026-08-19,8570.95,370.94,8200.02,8200.02,0.00,0.00,96,123,120,89.28,1281.52,560.39,458.57,208.50,54.06,6.6881,61,1818.21,225.90,19,0.2121,14.95,0.0180,none
2026-08-20,8828.84,362.56,8466.28,8466.28,0.00,0.00,98,130,124,90.09,1243.91,558.16,426.41,204.40,54.94,7.0977,64,1821.60,225.54,19,0.2063,9.52,0.0180,none
