activity_date,channel,spend_usd,impressions,clicks,attributed_orders,updated_at
2023-08-21,paid_search,442.50,5654,257,11,2026-08-20T09:00:00Z
2023-08-21,paid_social,325.88,11476,302,8,2026-08-20T09:00:00Z
2023-08-21,retargeting,157.33,7296,192,12,2026-08-20T09:00:00Z
2023-08-21,email,42.11,8892,234,17,2026-08-20T09:00:00Z
2023-08-22,paid_search,414.72,5302,241,11,2026-08-20T09:00:00Z
2023-08-22,paid_social,295.79,10412,274,7,2026-08-20T09:00:00Z
2023-08-22,retargeting,146.01,6764,178,11,2026-08-20T09:00:00Z
2023-08-22,email,44.67,9424,248,19,2026-08-20T09:00:00Z
2023-08-23,paid_search,430.62,5500,250,11,2026-08-20T09:00:00Z
2023-08-23,paid_social,344.19,12122,319,8,2026-08-20T09:00:00Z
2023-08-23,retargeting,161.21,7486,197,12,2026-08-20T09:00:00Z
2023-08-23,email,41.61,8778,231,16,2026-08-20T09:00:00Z
2023-08-24,paid_search,457.07,5852,266,12,2026-08-20T09:00:00Z
2023-08-24,paid_social,343.29,12084,318,8,2026-08-20T09:00:00Z
2023-08-24,retargeting,147.09,6802,179,11,2026-08-20T09:00:00Z
2023-08-24,email,39.63,8360,220,16,2026-08-20T09:00:00Z
2023-08-25,paid_search,411.85,5258,239,11,2026-08-20T09:00:00Z
2023-08-25,paid_social,346.29,12198,321,8,2026-08-20T09:00:00Z
2023-08-25,retargeting,161.31,7486,197,12,2026-08-20T09:00:00Z
2023-08-25,email,43.52,9196,242,17,2026-08-20T09:00:00Z
2023-08-26,paid_search,446.11,5698,259,11,2026-08-20T09:00:00Z
2023-08-26,paid_social,321.98,11324,298,8,2026-08-20T09:00:00Z
2023-08-26,retargeting,148.58,6878,181,12,2026-08-20T09:00:00Z
2023-08-26,email,42.36,8930,235,18,2026-08-20T09:00:00Z
2023-08-27,paid_search,450.65,5764,262,11,2026-08-20T09:00:00Z
2023-08-27,paid_social,306.43,10792,284,8,2026-08-20T09:00:00Z
2023-08-27,retargeting,165.90,7676,202,12,2026-08-20T09:00:00Z
2023-08-27,email,43.68,9234,243,17,2026-08-20T09:00:00Z
2023-08-28,paid_search,439.13,5610,255,11,2026-08-20T09:00:00Z
2023-08-28,paid_social,336.53,11856,312,8,2026-08-20T09:00:00Z
2023-08-28,retargeting,146.62,6802,179,11,2026-08-20T09:00:00Z
2023-08-28,email,41.19,8702,229,18,2026-08-20T09:00:00Z
2023-08-29,paid_search,452.45,5786,263,11,2026-08-20T09:00:00Z
2023-08-29,paid_social,325.62,11476,302,8,2026-08-20T09:00:00Z
2023-08-29,retargeting,147.29,6840,180,11,2026-08-20T09:00:00Z
2023-08-29,email,39.84,8398,221,16,2026-08-20T09:00:00Z
2023-08-30,paid_search,417.88,5346,243,10,2026-08-20T09:00:00Z
2023-08-30,paid_social,350.87,12350,325,9,2026-08-20T09:00:00Z
2023-08-30,retargeting,145.31,6726,177,11,2026-08-20T09:00:00Z
2023-08-30,email,41.89,8854,233,18,2026-08-20T09:00:00Z
2023-08-31,paid_search,429.65,5500,250,11,2026-08-20T09:00:00Z
2023-08-31,paid_social,346.72,12198,321,9,2026-08-20T09:00:00Z
2023-08-31,retargeting,169.13,7828,206,13,2026-08-20T09:00:00Z
2023-08-31,email,44.09,9310,245,19,2026-08-20T09:00:00Z
2023-09-01,paid_search,452.16,5786,263,11,2026-08-20T09:00:00Z
2023-09-01,paid_social,357.05,12578,331,9,2026-08-20T09:00:00Z
2023-09-01,retargeting,147.37,6840,180,11,2026-08-20T09:00:00Z
2023-09-01,email,45.67,9652,254,18,2026-08-20T09:00:00Z
2023-09-02,paid_search,431.81,5522,251,11,2026-08-20T09:00:00Z
2023-09-02,paid_social,333.51,11742,309,8,2026-08-20T09:00:00Z
2023-09-02,retargeting,156.59,7258,191,12,2026-08-20T09:00:00Z
2023-09-02,email,43.07,9082,239,17,2026-08-20T09:00:00Z
2023-09-03,paid_search,457.07,5852,266,12,2026-08-20T09:00:00Z
2023-09-03,paid_social,325.26,11438,301,8,2026-08-20T09:00:00Z
2023-09-03,retargeting,149.74,6954,183,11,2026-08-20T09:00:00Z
2023-09-03,email,43.32,9158,241,18,2026-08-20T09:00:00Z
2023-09-04,paid_search,440.98,5632,256,10,2026-08-20T09:00:00Z
2023-09-04,paid_social,359.01,12616,332,9,2026-08-20T09:00:00Z
2023-09-04,retargeting,168.49,7790,205,12,2026-08-20T09:00:00Z
2023-09-04,email,43.56,9196,242,19,2026-08-20T09:00:00Z
2023-09-05,paid_search,416.15,5324,242,10,2026-08-20T09:00:00Z
2023-09-05,paid_social,326.87,11514,303,8,2026-08-20T09:00:00Z
2023-09-05,retargeting,160.60,7448,196,12,2026-08-20T09:00:00Z
2023-09-05,email,40.59,8588,226,17,2026-08-20T09:00:00Z
2023-09-06,paid_search,481.33,6160,280,12,2026-08-20T09:00:00Z
2023-09-06,paid_social,321.13,11286,297,8,2026-08-20T09:00:00Z
2023-09-06,retargeting,159.03,7372,194,12,2026-08-20T09:00:00Z
2023-09-06,email,44.46,9386,247,17,2026-08-20T09:00:00Z
2023-09-07,paid_search,444.80,5698,259,11,2026-08-20T09:00:00Z
2023-09-07,paid_social,346.32,12198,321,8,2026-08-20T09:00:00Z
2023-09-07,retargeting,161.52,7486,197,12,2026-08-20T09:00:00Z
2023-09-07,email,42.82,9044,238,18,2026-08-20T09:00:00Z
2023-09-08,paid_search,430.55,5500,250,10,2026-08-20T09:00:00Z
2023-09-08,paid_social,333.39,11742,309,8,2026-08-20T09:00:00Z
2023-09-08,retargeting,151.07,6992,184,11,2026-08-20T09:00:00Z
2023-09-08,email,44.90,9462,249,18,2026-08-20T09:00:00Z
2023-09-09,paid_search,434.79,5566,253,11,2026-08-20T09:00:00Z
2023-09-09,paid_social,347.09,12198,321,9,2026-08-20T09:00:00Z
2023-09-09,retargeting,165.34,7676,202,12,2026-08-20T09:00:00Z
2023-09-09,email,41.98,8854,233,17,2026-08-20T09:00:00Z
2023-09-10,paid_search,446.24,5698,259,11,2026-08-20T09:00:00Z
2023-09-10,paid_social,358.61,12616,332,9,2026-08-20T09:00:00Z
2023-09-10,retargeting,159.19,7372,194,12,2026-08-20T09:00:00Z
2023-09-10,email,41.61,8778,231,18,2026-08-20T09:00:00Z
2023-09-11,paid_search,489.13,6248,284,13,2026-08-20T09:00:00Z
2023-09-11,paid_social,339.82,11970,315,8,2026-08-20T09:00:00Z
2023-09-11,retargeting,166.12,7714,203,13,2026-08-20T09:00:00Z
2023-09-11,email,42.65,9006,237,18,2026-08-20T09:00:00Z
2023-09-12,paid_search,420.25,5368,244,11,2026-08-20T09:00:00Z
2023-09-12,paid_social,355.11,12502,329,8,2026-08-20T09:00:00Z
2023-09-12,retargeting,174.08,8056,212,12,2026-08-20T09:00:00Z
2023-09-12,email,42.09,8892,234,18,2026-08-20T09:00:00Z
2023-09-13,paid_search,445.00,5698,259,11,2026-08-20T09:00:00Z
2023-09-13,paid_social,332.93,11704,308,8,2026-08-20T09:00:00Z
2023-09-13,retargeting,171.71,7942,209,13,2026-08-20T09:00:00Z
2023-09-13,email,44.20,9348,246,19,2026-08-20T09:00:00Z
2023-09-14,paid_search,520.86,6666,303,14,2026-08-20T09:00:00Z
2023-09-14,paid_social,386.01,13566,357,11,2026-08-20T09:00:00Z
2023-09-14,retargeting,200.47,9272,244,16,2026-08-20T09:00:00Z
2023-09-14,email,51.92,10944,288,24,2026-08-20T09:00:00Z
2023-09-15,paid_search,482.45,6160,280,13,2026-08-20T09:00:00Z
2023-09-15,paid_social,402.71,14174,373,11,2026-08-20T09:00:00Z
2023-09-15,retargeting,200.02,9272,244,17,2026-08-20T09:00:00Z
2023-09-15,email,49.09,10374,273,22,2026-08-20T09:00:00Z
2023-09-16,paid_search,512.08,6556,298,15,2026-08-20T09:00:00Z
2023-09-16,paid_social,372.08,13110,345,10,2026-08-20T09:00:00Z
2023-09-16,retargeting,188.20,8740,230,16,2026-08-20T09:00:00Z
2023-09-16,email,49.41,10450,275,23,2026-08-20T09:00:00Z
2023-09-17,paid_search,429.48,5500,250,11,2026-08-20T09:00:00Z
2023-09-17,paid_social,372.76,13110,345,9,2026-08-20T09:00:00Z
2023-09-17,retargeting,157.56,7296,192,11,2026-08-20T09:00:00Z
2023-09-17,email,46.41,9804,258,20,2026-08-20T09:00:00Z
2023-09-18,paid_search,495.38,6336,288,12,2026-08-20T09:00:00Z
2023-09-18,paid_social,340.73,11970,315,8,2026-08-20T09:00:00Z
2023-09-18,retargeting,167.80,7790,205,13,2026-08-20T09:00:00Z
2023-09-18,email,45.89,9690,255,18,2026-08-20T09:00:00Z
2023-09-19,paid_search,469.10,6006,273,12,2026-08-20T09:00:00Z
2023-09-19,paid_social,348.43,12274,323,9,2026-08-20T09:00:00Z
2023-09-19,retargeting,157.69,7296,192,12,2026-08-20T09:00:00Z
2023-09-19,email,45.31,9576,252,19,2026-08-20T09:00:00Z
2023-09-20,paid_search,481.62,6160,280,13,2026-08-20T09:00:00Z
2023-09-20,paid_social,368.27,12958,341,9,2026-08-20T09:00:00Z
2023-09-20,retargeting,165.41,7676,202,13,2026-08-20T09:00:00Z
2023-09-20,email,47.33,9994,263,19,2026-08-20T09:00:00Z
2023-09-21,paid_search,472.49,6050,275,11,2026-08-20T09:00:00Z
2023-09-21,paid_social,363.45,12806,337,9,2026-08-20T09:00:00Z
2023-09-21,retargeting,165.25,7676,202,13,2026-08-20T09:00:00Z
2023-09-21,email,47.89,10108,266,19,2026-08-20T09:00:00Z
2023-09-22,paid_search,504.52,6446,293,13,2026-08-20T09:00:00Z
2023-09-22,paid_social,344.66,12122,319,8,2026-08-20T09:00:00Z
2023-09-22,retargeting,164.59,7638,201,12,2026-08-20T09:00:00Z
2023-09-22,email,44.04,9310,245,18,2026-08-20T09:00:00Z
2023-09-23,paid_search,494.97,6336,288,12,2026-08-20T09:00:00Z
2023-09-23,paid_social,358.03,12616,332,8,2026-08-20T09:00:00Z
2023-09-23,retargeting,181.82,8436,222,14,2026-08-20T09:00:00Z
2023-09-23,email,44.39,9386,247,18,2026-08-20T09:00:00Z
2023-09-24,paid_search,441.33,5654,257,11,2026-08-20T09:00:00Z
2023-09-24,paid_social,328.11,11552,304,8,2026-08-20T09:00:00Z
2023-09-24,retargeting,172.07,7980,210,13,2026-08-20T09:00:00Z
2023-09-24,email,44.80,9462,249,18,2026-08-20T09:00:00Z
2023-09-25,paid_search,487.78,6248,284,12,2026-08-20T09:00:00Z
2023-09-25,paid_social,340.34,11970,315,8,2026-08-20T09:00:00Z
2023-09-25,retargeting,166.67,7714,203,12,2026-08-20T09:00:00Z
2023-09-25,email,42.68,9006,237,17,2026-08-20T09:00:00Z
2023-09-26,paid_search,486.19,6226,283,12,2026-08-20T09:00:00Z
2023-09-26,paid_social,380.60,13376,352,9,2026-08-20T09:00:00Z
2023-09-26,retargeting,172.14,7980,210,12,2026-08-20T09:00:00Z
2023-09-26,email,44.12,9310,245,19,2026-08-20T09:00:00Z
2023-09-27,paid_search,496.48,6358,289,13,2026-08-20T09:00:00Z
2023-09-27,paid_social,372.81,13110,345,9,2026-08-20T09:00:00Z
2023-09-27,retargeting,176.36,8170,215,13,2026-08-20T09:00:00Z
2023-09-27,email,47.79,10070,265,21,2026-08-20T09:00:00Z
2023-09-28,paid_search,469.07,6006,273,12,2026-08-20T09:00:00Z
2023-09-28,paid_social,351.30,12350,325,8,2026-08-20T09:00:00Z
2023-09-28,retargeting,168.50,7790,205,13,2026-08-20T09:00:00Z
2023-09-28,email,43.34,9158,241,18,2026-08-20T09:00:00Z
2023-09-29,paid_search,511.85,6556,298,13,2026-08-20T09:00:00Z
2023-09-29,paid_social,354.35,12464,328,9,2026-08-20T09:00:00Z
2023-09-29,retargeting,173.99,8056,212,12,2026-08-20T09:00:00Z
2023-09-29,email,46.46,9804,258,19,2026-08-20T09:00:00Z
2023-09-30,paid_search,483.49,6182,281,12,2026-08-20T09:00:00Z
2023-09-30,paid_social,356.42,12540,330,9,2026-08-20T09:00:00Z
2023-09-30,retargeting,179.52,8322,219,13,2026-08-20T09:00:00Z
2023-09-30,email,49.77,10526,277,20,2026-08-20T09:00:00Z
2023-10-01,paid_search,501.24,6402,291,13,2026-08-20T09:00:00Z
2023-10-01,paid_social,349.19,12274,323,8,2026-08-20T09:00:00Z
2023-10-01,retargeting,185.61,8588,226,14,2026-08-20T09:00:00Z
2023-10-01,email,50.26,10602,279,21,2026-08-20T09:00:00Z
2023-10-02,paid_search,452.85,5786,263,12,2026-08-20T09:00:00Z
2023-10-02,paid_social,362.09,12730,335,9,2026-08-20T09:00:00Z
2023-10-02,retargeting,185.46,8588,226,14,2026-08-20T09:00:00Z
2023-10-02,email,50.09,10564,278,21,2026-08-20T09:00:00Z
2023-10-03,paid_search,455.35,5830,265,11,2026-08-20T09:00:00Z
2023-10-03,paid_social,365.02,12844,338,9,2026-08-20T09:00:00Z
2023-10-03,retargeting,168.20,7790,205,12,2026-08-20T09:00:00Z
2023-10-03,email,46.63,9842,259,19,2026-08-20T09:00:00Z
2023-10-04,paid_search,448.86,5742,261,11,2026-08-20T09:00:00Z
2023-10-04,paid_social,376.85,13262,349,9,2026-08-20T09:00:00Z
2023-10-04,retargeting,173.29,8018,211,13,2026-08-20T09:00:00Z
2023-10-04,email,46.86,9880,260,19,2026-08-20T09:00:00Z
2023-10-05,paid_search,454.11,5808,264,11,2026-08-20T09:00:00Z
2023-10-05,paid_social,361.28,12730,335,9,2026-08-20T09:00:00Z
2023-10-05,retargeting,182.35,8436,222,13,2026-08-20T09:00:00Z
2023-10-05,email,44.82,9462,249,18,2026-08-20T09:00:00Z
2023-10-06,paid_search,456.15,5830,265,12,2026-08-20T09:00:00Z
2023-10-06,paid_social,372.48,13110,345,9,2026-08-20T09:00:00Z
2023-10-06,retargeting,185.86,8626,227,14,2026-08-20T09:00:00Z
2023-10-06,email,45.97,9690,255,19,2026-08-20T09:00:00Z
2023-10-07,paid_search,500.23,6402,291,12,2026-08-20T09:00:00Z
2023-10-07,paid_social,388.94,13680,360,9,2026-08-20T09:00:00Z
2023-10-07,retargeting,183.19,8474,223,14,2026-08-20T09:00:00Z
2023-10-07,email,46.71,9880,260,20,2026-08-20T09:00:00Z
2023-10-08,paid_search,453.64,5808,264,12,2026-08-20T09:00:00Z
2023-10-08,paid_social,373.92,13148,346,9,2026-08-20T09:00:00Z
2023-10-08,retargeting,179.62,8322,219,14,2026-08-20T09:00:00Z
2023-10-08,email,45.99,9690,255,19,2026-08-20T09:00:00Z
2023-10-09,paid_search,494.08,6314,287,12,2026-08-20T09:00:00Z
2023-10-09,paid_social,349.29,12274,323,9,2026-08-20T09:00:00Z
2023-10-09,retargeting,183.21,8474,223,14,2026-08-20T09:00:00Z
2023-10-09,email,44.58,9424,248,18,2026-08-20T09:00:00Z
2023-10-10,paid_search,457.84,5852,266,11,2026-08-20T09:00:00Z
2023-10-10,paid_social,345.93,12160,320,8,2026-08-20T09:00:00Z
2023-10-10,retargeting,179.70,8322,219,13,2026-08-20T09:00:00Z
2023-10-10,email,49.32,10412,274,20,2026-08-20T09:00:00Z
2023-10-11,paid_search,469.42,6006,273,12,2026-08-20T09:00:00Z
2023-10-11,paid_social,360.68,12692,334,9,2026-08-20T09:00:00Z
2023-10-11,retargeting,164.20,7600,200,12,2026-08-20T09:00:00Z
2023-10-11,email,48.22,10184,268,19,2026-08-20T09:00:00Z
2023-10-12,paid_search,483.76,6182,281,12,2026-08-20T09:00:00Z
2023-10-12,paid_social,383.45,13490,355,9,2026-08-20T09:00:00Z
2023-10-12,retargeting,177.27,8208,216,13,2026-08-20T09:00:00Z
2023-10-12,email,50.57,10678,281,22,2026-08-20T09:00:00Z
2023-10-13,paid_search,529.68,6776,308,13,2026-08-20T09:00:00Z
2023-10-13,paid_social,351.93,12388,326,9,2026-08-20T09:00:00Z
2023-10-13,retargeting,168.25,7790,205,13,2026-08-20T09:00:00Z
2023-10-13,email,47.00,9918,261,19,2026-08-20T09:00:00Z
2023-10-14,paid_search,520.71,6666,303,15,2026-08-20T09:00:00Z
2023-10-14,paid_social,413.78,14554,383,11,2026-08-20T09:00:00Z
2023-10-14,retargeting,195.42,9044,238,16,2026-08-20T09:00:00Z
2023-10-14,email,51.28,10830,285,23,2026-08-20T09:00:00Z
2023-10-15,paid_search,559.51,7150,325,16,2026-08-20T09:00:00Z
2023-10-15,paid_social,408.67,14364,378,10,2026-08-20T09:00:00Z
2023-10-15,retargeting,188.28,8740,230,15,2026-08-20T09:00:00Z
2023-10-15,email,55.49,11704,308,24,2026-08-20T09:00:00Z
2023-10-16,paid_search,589.18,7546,343,16,2026-08-20T09:00:00Z
2023-10-16,paid_social,457.14,16074,423,12,2026-08-20T09:00:00Z
2023-10-16,retargeting,205.44,9538,251,17,2026-08-20T09:00:00Z
2023-10-16,email,56.11,11856,312,25,2026-08-20T09:00:00Z
2023-10-17,paid_search,507.37,6490,295,13,2026-08-20T09:00:00Z
2023-10-17,paid_social,375.15,13186,347,9,2026-08-20T09:00:00Z
2023-10-17,retargeting,166.67,7714,203,12,2026-08-20T09:00:00Z
2023-10-17,email,48.14,10146,267,20,2026-08-20T09:00:00Z
2023-10-18,paid_search,479.25,6138,279,12,2026-08-20T09:00:00Z
2023-10-18,paid_social,354.78,12464,328,9,2026-08-20T09:00:00Z
2023-10-18,retargeting,187.95,8702,229,14,2026-08-20T09:00:00Z
2023-10-18,email,47.59,10032,264,20,2026-08-20T09:00:00Z
2023-10-19,paid_search,466.95,5962,271,11,2026-08-20T09:00:00Z
2023-10-19,paid_social,389.69,13718,361,10,2026-08-20T09:00:00Z
2023-10-19,retargeting,182.40,8436,222,13,2026-08-20T09:00:00Z
2023-10-19,email,52.11,10982,289,21,2026-08-20T09:00:00Z
2023-10-20,paid_search,514.51,6578,299,13,2026-08-20T09:00:00Z
2023-10-20,paid_social,362.14,12730,335,9,2026-08-20T09:00:00Z
2023-10-20,retargeting,186.32,8626,227,14,2026-08-20T09:00:00Z
2023-10-20,email,52.30,11058,291,21,2026-08-20T09:00:00Z
2023-10-21,paid_search,536.59,6864,312,13,2026-08-20T09:00:00Z
2023-10-21,paid_social,373.55,13148,346,9,2026-08-20T09:00:00Z
2023-10-21,retargeting,177.65,8246,217,14,2026-08-20T09:00:00Z
2023-10-21,email,48.31,10184,268,20,2026-08-20T09:00:00Z
2023-10-22,paid_search,494.87,6336,288,13,2026-08-20T09:00:00Z
2023-10-22,paid_social,386.46,13604,358,9,2026-08-20T09:00:00Z
2023-10-22,retargeting,184.40,8550,225,13,2026-08-20T09:00:00Z
2023-10-22,email,51.57,10868,286,21,2026-08-20T09:00:00Z
2023-10-23,paid_search,482.25,6160,280,12,2026-08-20T09:00:00Z
2023-10-23,paid_social,352.18,12388,326,8,2026-08-20T09:00:00Z
2023-10-23,retargeting,169.70,7866,207,12,2026-08-20T09:00:00Z
2023-10-23,email,46.22,9766,257,20,2026-08-20T09:00:00Z
2023-10-24,paid_search,512.99,6556,298,13,2026-08-20T09:00:00Z
2023-10-24,paid_social,405.97,14288,376,10,2026-08-20T09:00:00Z
2023-10-24,retargeting,172.96,8018,211,13,2026-08-20T09:00:00Z
2023-10-24,email,52.76,11134,293,21,2026-08-20T09:00:00Z
2023-10-25,paid_search,496.40,6358,289,13,2026-08-20T09:00:00Z
2023-10-25,paid_social,405.80,14288,376,10,2026-08-20T09:00:00Z
2023-10-25,retargeting,180.70,8360,220,13,2026-08-20T09:00:00Z
2023-10-25,email,46.69,9842,259,19,2026-08-20T09:00:00Z
2023-10-26,paid_search,500.49,6402,291,13,2026-08-20T09:00:00Z
2023-10-26,paid_social,413.55,14554,383,10,2026-08-20T09:00:00Z
2023-10-26,retargeting,185.90,8626,227,14,2026-08-20T09:00:00Z
2023-10-26,email,48.70,10298,271,19,2026-08-20T09:00:00Z
2023-10-27,paid_search,541.11,6930,315,13,2026-08-20T09:00:00Z
2023-10-27,paid_social,410.17,14440,380,10,2026-08-20T09:00:00Z
2023-10-27,retargeting,193.27,8968,236,14,2026-08-20T09:00:00Z
2023-10-27,email,52.09,10982,289,21,2026-08-20T09:00:00Z
2023-10-28,paid_search,547.15,6996,318,13,2026-08-20T09:00:00Z
2023-10-28,paid_social,393.72,13870,365,9,2026-08-20T09:00:00Z
2023-10-28,retargeting,181.85,8436,222,14,2026-08-20T09:00:00Z
2023-10-28,email,46.37,9804,258,19,2026-08-20T09:00:00Z
2023-10-29,paid_search,499.25,6380,290,13,2026-08-20T09:00:00Z
2023-10-29,paid_social,387.97,13642,359,9,2026-08-20T09:00:00Z
2023-10-29,retargeting,185.37,8588,226,14,2026-08-20T09:00:00Z
2023-10-29,email,46.14,9728,256,18,2026-08-20T09:00:00Z
2023-10-30,paid_search,509.24,6512,296,13,2026-08-20T09:00:00Z
2023-10-30,paid_social,376.83,13262,349,9,2026-08-20T09:00:00Z
2023-10-30,retargeting,170.69,7904,208,13,2026-08-20T09:00:00Z
2023-10-30,email,49.04,10336,272,20,2026-08-20T09:00:00Z
2023-10-31,paid_search,500.79,6402,291,12,2026-08-20T09:00:00Z
2023-10-31,paid_social,374.85,13186,347,9,2026-08-20T09:00:00Z
2023-10-31,retargeting,194.10,9006,237,15,2026-08-20T09:00:00Z
2023-10-31,email,52.97,11172,294,21,2026-08-20T09:00:00Z
2023-11-01,paid_search,551.23,7040,320,13,2026-08-20T09:00:00Z
2023-11-01,paid_social,405.46,14250,375,10,2026-08-20T09:00:00Z
2023-11-01,retargeting,198.56,9196,242,15,2026-08-20T09:00:00Z
2023-11-01,email,53.97,11400,300,22,2026-08-20T09:00:00Z
2023-11-02,paid_search,512.92,6556,298,12,2026-08-20T09:00:00Z
2023-11-02,paid_social,414.33,14592,384,10,2026-08-20T09:00:00Z
2023-11-02,retargeting,185.19,8588,226,13,2026-08-20T09:00:00Z
2023-11-02,email,50.26,10602,279,21,2026-08-20T09:00:00Z
2023-11-03,paid_search,472.25,6050,275,12,2026-08-20T09:00:00Z
2023-11-03,paid_social,408.82,14402,379,10,2026-08-20T09:00:00Z
2023-11-03,retargeting,189.46,8778,231,15,2026-08-20T09:00:00Z
2023-11-03,email,48.03,10146,267,19,2026-08-20T09:00:00Z
2023-11-04,paid_search,533.36,6820,310,14,2026-08-20T09:00:00Z
2023-11-04,paid_social,401.28,14136,372,9,2026-08-20T09:00:00Z
2023-11-04,retargeting,183.95,8512,224,14,2026-08-20T09:00:00Z
2023-11-04,email,53.22,11248,296,22,2026-08-20T09:00:00Z
2023-11-05,paid_search,519.78,6644,302,13,2026-08-20T09:00:00Z
2023-11-05,paid_social,374.49,13186,347,9,2026-08-20T09:00:00Z
2023-11-05,retargeting,183.47,8512,224,14,2026-08-20T09:00:00Z
2023-11-05,email,50.66,10678,281,21,2026-08-20T09:00:00Z
2023-11-06,paid_search,553.95,7084,322,14,2026-08-20T09:00:00Z
2023-11-06,paid_social,358.93,12616,332,9,2026-08-20T09:00:00Z
2023-11-06,retargeting,192.98,8930,235,14,2026-08-20T09:00:00Z
2023-11-06,email,51.50,10868,286,21,2026-08-20T09:00:00Z
2023-11-07,paid_search,548.28,7018,319,13,2026-08-20T09:00:00Z
2023-11-07,paid_social,379.92,13376,352,9,2026-08-20T09:00:00Z
2023-11-07,retargeting,174.08,8056,212,13,2026-08-20T09:00:00Z
2023-11-07,email,51.01,10754,283,20,2026-08-20T09:00:00Z
2023-11-08,paid_search,498.57,6380,290,12,2026-08-20T09:00:00Z
2023-11-08,paid_social,416.26,14630,385,10,2026-08-20T09:00:00Z
2023-11-08,retargeting,174.20,8056,212,13,2026-08-20T09:00:00Z
2023-11-08,email,46.43,9804,258,19,2026-08-20T09:00:00Z
2023-11-09,paid_search,492.45,6292,286,12,2026-08-20T09:00:00Z
2023-11-09,paid_social,375.01,13186,347,9,2026-08-20T09:00:00Z
2023-11-09,retargeting,188.32,8740,230,14,2026-08-20T09:00:00Z
2023-11-09,email,53.43,11286,297,23,2026-08-20T09:00:00Z
2023-11-10,paid_search,551.61,7062,321,13,2026-08-20T09:00:00Z
2023-11-10,paid_social,387.91,13642,359,9,2026-08-20T09:00:00Z
2023-11-10,retargeting,177.86,8246,217,14,2026-08-20T09:00:00Z
2023-11-10,email,52.60,11096,292,22,2026-08-20T09:00:00Z
2023-11-11,paid_search,498.77,6380,290,12,2026-08-20T09:00:00Z
2023-11-11,paid_social,409.21,14402,379,10,2026-08-20T09:00:00Z
2023-11-11,retargeting,196.89,9120,240,15,2026-08-20T09:00:00Z
2023-11-11,email,52.24,11020,290,22,2026-08-20T09:00:00Z
2023-11-12,paid_search,484.35,6204,282,12,2026-08-20T09:00:00Z
2023-11-12,paid_social,405.92,14288,376,10,2026-08-20T09:00:00Z
2023-11-12,retargeting,182.02,8436,222,14,2026-08-20T09:00:00Z
2023-11-12,email,49.51,10450,275,19,2026-08-20T09:00:00Z
2023-11-13,paid_search,523.68,6688,304,14,2026-08-20T09:00:00Z
2023-11-13,paid_social,416.65,14668,386,10,2026-08-20T09:00:00Z
2023-11-13,retargeting,182.86,8474,223,14,2026-08-20T09:00:00Z
2023-11-13,email,48.70,10298,271,20,2026-08-20T09:00:00Z
2023-11-14,paid_search,569.73,7282,331,15,2026-08-20T09:00:00Z
2023-11-14,paid_social,461.62,16226,427,12,2026-08-20T09:00:00Z
2023-11-14,retargeting,207.75,9614,253,17,2026-08-20T09:00:00Z
2023-11-14,email,52.69,11134,293,24,2026-08-20T09:00:00Z
2023-11-15,paid_search,601.35,7700,350,17,2026-08-20T09:00:00Z
2023-11-15,paid_social,471.27,16568,436,12,2026-08-20T09:00:00Z
2023-11-15,retargeting,211.09,9766,257,18,2026-08-20T09:00:00Z
2023-11-15,email,51.01,10754,283,22,2026-08-20T09:00:00Z
2023-11-16,paid_search,568.21,7260,330,15,2026-08-20T09:00:00Z
2023-11-16,paid_social,446.69,15732,414,12,2026-08-20T09:00:00Z
2023-11-16,retargeting,199.80,9272,244,16,2026-08-20T09:00:00Z
2023-11-16,email,55.81,11780,310,25,2026-08-20T09:00:00Z
2023-11-17,paid_search,494.95,6336,288,13,2026-08-20T09:00:00Z
2023-11-17,paid_social,395.44,13908,366,9,2026-08-20T09:00:00Z
2023-11-17,retargeting,177.22,8208,216,13,2026-08-20T09:00:00Z
2023-11-17,email,51.04,10792,284,21,2026-08-20T09:00:00Z
2023-11-18,paid_search,491.23,6292,286,13,2026-08-20T09:00:00Z
2023-11-18,paid_social,397.42,13984,368,10,2026-08-20T09:00:00Z
2023-11-18,retargeting,192.64,8930,235,14,2026-08-20T09:00:00Z
2023-11-18,email,54.33,11476,302,23,2026-08-20T09:00:00Z
2023-11-19,paid_search,530.60,6776,308,13,2026-08-20T09:00:00Z
2023-11-19,paid_social,402.40,14174,373,10,2026-08-20T09:00:00Z
2023-11-19,retargeting,180.69,8360,220,14,2026-08-20T09:00:00Z
2023-11-19,email,54.57,11514,303,22,2026-08-20T09:00:00Z
2023-11-20,paid_search,720.09,9218,419,24,2026-08-20T09:00:00Z
2023-11-20,paid_social,597.82,21052,554,19,2026-08-20T09:00:00Z
2023-11-20,retargeting,263.07,12198,321,25,2026-08-20T09:00:00Z
2023-11-20,email,67.18,14174,373,36,2026-08-20T09:00:00Z
2023-11-21,paid_search,717.00,9174,417,24,2026-08-20T09:00:00Z
2023-11-21,paid_social,565.36,19874,523,18,2026-08-20T09:00:00Z
2023-11-21,retargeting,276.23,12806,337,27,2026-08-20T09:00:00Z
2023-11-21,email,67.01,14136,372,37,2026-08-20T09:00:00Z
2023-11-22,paid_search,754.67,9658,439,26,2026-08-20T09:00:00Z
2023-11-22,paid_social,571.88,20140,530,19,2026-08-20T09:00:00Z
2023-11-22,retargeting,264.81,12274,323,25,2026-08-20T09:00:00Z
2023-11-22,email,62.24,13148,346,36,2026-08-20T09:00:00Z
2023-11-23,paid_search,800.00,10230,465,27,2026-08-20T09:00:00Z
2023-11-23,paid_social,603.85,21242,559,20,2026-08-20T09:00:00Z
2023-11-23,retargeting,284.37,13186,347,29,2026-08-20T09:00:00Z
2023-11-23,email,61.34,12958,341,33,2026-08-20T09:00:00Z
2023-11-24,paid_search,747.05,9548,434,26,2026-08-20T09:00:00Z
2023-11-24,paid_social,538.55,18962,499,18,2026-08-20T09:00:00Z
2023-11-24,retargeting,254.31,11780,310,25,2026-08-20T09:00:00Z
2023-11-24,email,58.79,12426,327,31,2026-08-20T09:00:00Z
2023-11-25,paid_search,775.91,9922,451,26,2026-08-20T09:00:00Z
2023-11-25,paid_social,546.47,19228,506,18,2026-08-20T09:00:00Z
2023-11-25,retargeting,279.30,12958,341,27,2026-08-20T09:00:00Z
2023-11-25,email,58.43,12350,325,32,2026-08-20T09:00:00Z
2023-11-26,paid_search,765.48,9790,445,27,2026-08-20T09:00:00Z
2023-11-26,paid_social,595.11,20938,551,19,2026-08-20T09:00:00Z
2023-11-26,retargeting,258.30,11970,315,26,2026-08-20T09:00:00Z
2023-11-26,email,66.20,13984,368,36,2026-08-20T09:00:00Z
2023-11-27,paid_search,788.28,10076,458,28,2026-08-20T09:00:00Z
2023-11-27,paid_social,569.75,20064,528,18,2026-08-20T09:00:00Z
2023-11-27,retargeting,284.94,13186,347,27,2026-08-20T09:00:00Z
2023-11-27,email,61.02,12882,339,34,2026-08-20T09:00:00Z
2023-11-28,paid_search,720.96,9218,419,25,2026-08-20T09:00:00Z
2023-11-28,paid_social,560.72,19722,519,17,2026-08-20T09:00:00Z
2023-11-28,retargeting,285.12,13224,348,29,2026-08-20T09:00:00Z
2023-11-28,email,64.08,13528,356,37,2026-08-20T09:00:00Z
2023-11-29,paid_search,753.50,9636,438,25,2026-08-20T09:00:00Z
2023-11-29,paid_social,606.36,21318,561,20,2026-08-20T09:00:00Z
2023-11-29,retargeting,281.57,13034,343,29,2026-08-20T09:00:00Z
2023-11-29,email,63.06,13300,350,36,2026-08-20T09:00:00Z
2023-11-30,paid_search,758.43,9702,441,25,2026-08-20T09:00:00Z
2023-11-30,paid_social,520.12,18316,482,17,2026-08-20T09:00:00Z
2023-11-30,retargeting,248.88,11552,304,25,2026-08-20T09:00:00Z
2023-11-30,email,63.87,13490,355,35,2026-08-20T09:00:00Z
2023-12-01,paid_search,648.54,8294,377,20,2026-08-20T09:00:00Z
2023-12-01,paid_social,495.68,17442,459,15,2026-08-20T09:00:00Z
2023-12-01,retargeting,270.79,12540,330,25,2026-08-20T09:00:00Z
2023-12-01,email,61.07,12882,339,31,2026-08-20T09:00:00Z
2023-12-02,paid_search,686.87,8778,399,22,2026-08-20T09:00:00Z
2023-12-02,paid_social,564.53,19874,523,16,2026-08-20T09:00:00Z
2023-12-02,retargeting,271.41,12578,331,24,2026-08-20T09:00:00Z
2023-12-02,email,61.69,13034,343,32,2026-08-20T09:00:00Z
2023-12-03,paid_search,717.63,9174,417,23,2026-08-20T09:00:00Z
2023-12-03,paid_social,533.34,18772,494,17,2026-08-20T09:00:00Z
2023-12-03,retargeting,258.12,11970,315,23,2026-08-20T09:00:00Z
2023-12-03,email,59.80,12616,332,33,2026-08-20T09:00:00Z
2023-12-04,paid_search,713.24,9130,415,22,2026-08-20T09:00:00Z
2023-12-04,paid_social,527.27,18544,488,16,2026-08-20T09:00:00Z
2023-12-04,retargeting,252.10,11666,307,23,2026-08-20T09:00:00Z
2023-12-04,email,62.12,13110,345,31,2026-08-20T09:00:00Z
2023-12-05,paid_search,650.93,8316,378,20,2026-08-20T09:00:00Z
2023-12-05,paid_social,519.99,18278,481,16,2026-08-20T09:00:00Z
2023-12-05,retargeting,271.44,12578,331,27,2026-08-20T09:00:00Z
2023-12-05,email,58.12,12274,323,31,2026-08-20T09:00:00Z
2023-12-06,paid_search,646.97,8272,376,20,2026-08-20T09:00:00Z
2023-12-06,paid_social,490.08,17252,454,15,2026-08-20T09:00:00Z
2023-12-06,retargeting,235.19,10906,287,23,2026-08-20T09:00:00Z
2023-12-06,email,62.65,13224,348,33,2026-08-20T09:00:00Z
2023-12-07,paid_search,651.91,8338,379,20,2026-08-20T09:00:00Z
2023-12-07,paid_social,539.77,19000,500,17,2026-08-20T09:00:00Z
2023-12-07,retargeting,267.96,12426,327,26,2026-08-20T09:00:00Z
2023-12-07,email,58.09,12274,323,31,2026-08-20T09:00:00Z
2023-12-08,paid_search,735.27,9394,427,23,2026-08-20T09:00:00Z
2023-12-08,paid_social,530.36,18658,491,16,2026-08-20T09:00:00Z
2023-12-08,retargeting,260.57,12084,318,24,2026-08-20T09:00:00Z
2023-12-08,email,65.21,13756,362,34,2026-08-20T09:00:00Z
2023-12-09,paid_search,715.55,9152,416,22,2026-08-20T09:00:00Z
2023-12-09,paid_social,491.36,17290,455,14,2026-08-20T09:00:00Z
2023-12-09,retargeting,235.99,10944,288,21,2026-08-20T09:00:00Z
2023-12-09,email,63.29,13376,352,32,2026-08-20T09:00:00Z
2023-12-10,paid_search,681.79,8712,396,22,2026-08-20T09:00:00Z
2023-12-10,paid_social,548.80,19304,508,16,2026-08-20T09:00:00Z
2023-12-10,retargeting,253.14,11742,309,25,2026-08-20T09:00:00Z
2023-12-10,email,63.38,13376,352,32,2026-08-20T09:00:00Z
2023-12-11,paid_search,740.92,9482,431,24,2026-08-20T09:00:00Z
2023-12-11,paid_social,487.84,17176,452,15,2026-08-20T09:00:00Z
2023-12-11,retargeting,269.72,12502,329,26,2026-08-20T09:00:00Z
2023-12-11,email,63.56,13414,353,32,2026-08-20T09:00:00Z
2023-12-12,paid_search,735.16,9394,427,24,2026-08-20T09:00:00Z
2023-12-12,paid_social,532.81,18734,493,16,2026-08-20T09:00:00Z
2023-12-12,retargeting,237.33,10982,289,23,2026-08-20T09:00:00Z
2023-12-12,email,61.79,13034,343,33,2026-08-20T09:00:00Z
2023-12-13,paid_search,658.43,8426,383,22,2026-08-20T09:00:00Z
2023-12-13,paid_social,516.93,18202,479,16,2026-08-20T09:00:00Z
2023-12-13,retargeting,244.59,11324,298,23,2026-08-20T09:00:00Z
2023-12-13,email,57.67,12160,320,29,2026-08-20T09:00:00Z
2023-12-14,paid_search,723.57,9262,421,24,2026-08-20T09:00:00Z
2023-12-14,paid_social,505.05,17784,468,16,2026-08-20T09:00:00Z
2023-12-14,retargeting,249.10,11552,304,23,2026-08-20T09:00:00Z
2023-12-14,email,64.86,13680,360,34,2026-08-20T09:00:00Z
2023-12-15,paid_search,702.13,8976,408,23,2026-08-20T09:00:00Z
2023-12-15,paid_social,561.87,19760,520,18,2026-08-20T09:00:00Z
2023-12-15,retargeting,268.84,12464,328,26,2026-08-20T09:00:00Z
2023-12-15,email,58.46,12350,325,31,2026-08-20T09:00:00Z
2023-12-16,paid_search,666.61,8536,388,21,2026-08-20T09:00:00Z
2023-12-16,paid_social,522.87,18392,484,16,2026-08-20T09:00:00Z
2023-12-16,retargeting,267.14,12388,326,25,2026-08-20T09:00:00Z
2023-12-16,email,55.91,11818,311,29,2026-08-20T09:00:00Z
2023-12-17,paid_search,717.59,9174,417,24,2026-08-20T09:00:00Z
2023-12-17,paid_social,557.41,19608,516,17,2026-08-20T09:00:00Z
2023-12-17,retargeting,259.30,12008,316,24,2026-08-20T09:00:00Z
2023-12-17,email,62.84,13262,349,33,2026-08-20T09:00:00Z
2023-12-18,paid_search,709.13,9064,412,24,2026-08-20T09:00:00Z
2023-12-18,paid_social,543.94,19152,504,16,2026-08-20T09:00:00Z
2023-12-18,retargeting,263.43,12198,321,25,2026-08-20T09:00:00Z
2023-12-18,email,60.09,12692,334,31,2026-08-20T09:00:00Z
2023-12-19,paid_search,532.55,6820,310,13,2026-08-20T09:00:00Z
2023-12-19,paid_social,410.34,14440,380,10,2026-08-20T09:00:00Z
2023-12-19,retargeting,197.18,9120,240,14,2026-08-20T09:00:00Z
2023-12-19,email,50.74,10716,282,20,2026-08-20T09:00:00Z
2023-12-20,paid_search,480.48,6138,279,12,2026-08-20T09:00:00Z
2023-12-20,paid_social,387.74,13642,359,9,2026-08-20T09:00:00Z
2023-12-20,retargeting,179.14,8284,218,14,2026-08-20T09:00:00Z
2023-12-20,email,50.29,10602,279,21,2026-08-20T09:00:00Z
2023-12-21,paid_search,501.84,6424,292,12,2026-08-20T09:00:00Z
2023-12-21,paid_social,406.09,14288,376,10,2026-08-20T09:00:00Z
2023-12-21,retargeting,179.33,8322,219,13,2026-08-20T09:00:00Z
2023-12-21,email,47.20,9956,262,19,2026-08-20T09:00:00Z
2023-12-22,paid_search,534.65,6842,311,14,2026-08-20T09:00:00Z
2023-12-22,paid_social,415.51,14630,385,10,2026-08-20T09:00:00Z
2023-12-22,retargeting,179.91,8322,219,13,2026-08-20T09:00:00Z
2023-12-22,email,51.06,10792,284,20,2026-08-20T09:00:00Z
2023-12-23,paid_search,483.70,6182,281,12,2026-08-20T09:00:00Z
2023-12-23,paid_social,405.85,14288,376,10,2026-08-20T09:00:00Z
2023-12-23,retargeting,183.35,8512,224,13,2026-08-20T09:00:00Z
2023-12-23,email,54.49,11514,303,22,2026-08-20T09:00:00Z
2023-12-24,paid_search,554.34,7084,322,14,2026-08-20T09:00:00Z
2023-12-24,paid_social,362.43,12768,336,9,2026-08-20T09:00:00Z
2023-12-24,retargeting,190.18,8816,232,15,2026-08-20T09:00:00Z
2023-12-24,email,49.20,10374,273,20,2026-08-20T09:00:00Z
2023-12-25,paid_search,558.77,7150,325,15,2026-08-20T09:00:00Z
2023-12-25,paid_social,360.60,12692,334,8,2026-08-20T09:00:00Z
2023-12-25,retargeting,172.83,8018,211,13,2026-08-20T09:00:00Z
2023-12-25,email,53.39,11286,297,22,2026-08-20T09:00:00Z
2023-12-26,paid_search,514.99,6578,299,13,2026-08-20T09:00:00Z
2023-12-26,paid_social,389.05,13680,360,9,2026-08-20T09:00:00Z
2023-12-26,retargeting,199.08,9234,243,15,2026-08-20T09:00:00Z
2023-12-26,email,51.56,10868,286,22,2026-08-20T09:00:00Z
2023-12-27,paid_search,553.20,7084,322,14,2026-08-20T09:00:00Z
2023-12-27,paid_social,375.92,13224,348,9,2026-08-20T09:00:00Z
2023-12-27,retargeting,177.43,8208,216,14,2026-08-20T09:00:00Z
2023-12-27,email,51.91,10944,288,22,2026-08-20T09:00:00Z
2023-12-28,paid_search,518.13,6622,301,13,2026-08-20T09:00:00Z
2023-12-28,paid_social,408.34,14364,378,10,2026-08-20T09:00:00Z
2023-12-28,retargeting,196.48,9120,240,15,2026-08-20T09:00:00Z
2023-12-28,email,50.76,10716,282,21,2026-08-20T09:00:00Z
2023-12-29,paid_search,516.89,6622,301,13,2026-08-20T09:00:00Z
2023-12-29,paid_social,415.57,14630,385,10,2026-08-20T09:00:00Z
2023-12-29,retargeting,199.58,9234,243,15,2026-08-20T09:00:00Z
2023-12-29,email,53.43,11286,297,22,2026-08-20T09:00:00Z
2023-12-30,paid_search,488.22,6248,284,12,2026-08-20T09:00:00Z
2023-12-30,paid_social,414.35,14592,384,10,2026-08-20T09:00:00Z
2023-12-30,retargeting,186.35,8626,227,13,2026-08-20T09:00:00Z
2023-12-30,email,49.45,10450,275,20,2026-08-20T09:00:00Z
2023-12-31,paid_search,534.90,6842,311,13,2026-08-20T09:00:00Z
2023-12-31,paid_social,360.99,12692,334,9,2026-08-20T09:00:00Z
2023-12-31,retargeting,176.39,8170,215,12,2026-08-20T09:00:00Z
2023-12-31,email,52.25,11020,290,21,2026-08-20T09:00:00Z
2024-01-01,paid_search,491.27,6292,286,12,2026-08-20T09:00:00Z
2024-01-01,paid_social,404.07,14212,374,10,2026-08-20T09:00:00Z
2024-01-01,retargeting,173.88,8056,212,13,2026-08-20T09:00:00Z
2024-01-01,email,47.00,9918,261,20,2026-08-20T09:00:00Z
2024-01-02,paid_search,487.89,6248,284,12,2026-08-20T09:00:00Z
2024-01-02,paid_social,414.12,14554,383,10,2026-08-20T09:00:00Z
2024-01-02,retargeting,190.14,8816,232,14,2026-08-20T09:00:00Z
2024-01-02,email,50.73,10716,282,22,2026-08-20T09:00:00Z
2024-01-03,paid_search,527.22,6754,307,14,2026-08-20T09:00:00Z
2024-01-03,paid_social,405.08,14250,375,10,2026-08-20T09:00:00Z
2024-01-03,retargeting,178.23,8246,217,14,2026-08-20T09:00:00Z
2024-01-03,email,46.91,9918,261,19,2026-08-20T09:00:00Z
2024-01-04,paid_search,488.46,6248,284,12,2026-08-20T09:00:00Z
2024-01-04,paid_social,357.59,12578,331,9,2026-08-20T09:00:00Z
2024-01-04,retargeting,183.65,8512,224,14,2026-08-20T09:00:00Z
2024-01-04,email,49.06,10374,273,20,2026-08-20T09:00:00Z
2024-01-05,paid_search,538.60,6886,313,14,2026-08-20T09:00:00Z
2024-01-05,paid_social,383.97,13528,356,9,2026-08-20T09:00:00Z
2024-01-05,retargeting,197.81,9158,241,15,2026-08-20T09:00:00Z
2024-01-05,email,50.41,10640,280,21,2026-08-20T09:00:00Z
2024-01-06,paid_search,528.71,6754,307,13,2026-08-20T09:00:00Z
2024-01-06,paid_social,397.06,13984,368,10,2026-08-20T09:00:00Z
2024-01-06,retargeting,192.50,8930,235,15,2026-08-20T09:00:00Z
2024-01-06,email,48.99,10336,272,21,2026-08-20T09:00:00Z
2024-01-07,paid_search,497.00,6358,289,12,2026-08-20T09:00:00Z
2024-01-07,paid_social,372.68,13110,345,9,2026-08-20T09:00:00Z
2024-01-07,retargeting,178.67,8284,218,14,2026-08-20T09:00:00Z
2024-01-07,email,53.25,11248,296,22,2026-08-20T09:00:00Z
2024-01-08,paid_search,504.48,6446,293,13,2026-08-20T09:00:00Z
2024-01-08,paid_social,390.41,13718,361,9,2026-08-20T09:00:00Z
2024-01-08,retargeting,197.72,9158,241,15,2026-08-20T09:00:00Z
2024-01-08,email,53.42,11286,297,23,2026-08-20T09:00:00Z
2024-01-09,paid_search,529.89,6776,308,13,2026-08-20T09:00:00Z
2024-01-09,paid_social,388.03,13642,359,9,2026-08-20T09:00:00Z
2024-01-09,retargeting,171.47,7942,209,12,2026-08-20T09:00:00Z
2024-01-09,email,53.10,11210,295,22,2026-08-20T09:00:00Z
2024-01-10,paid_search,541.53,6930,315,14,2026-08-20T09:00:00Z
2024-01-10,paid_social,391.09,13756,362,9,2026-08-20T09:00:00Z
2024-01-10,retargeting,187.89,8702,229,15,2026-08-20T09:00:00Z
2024-01-10,email,48.61,10260,270,20,2026-08-20T09:00:00Z
2024-01-11,paid_search,502.72,6424,292,12,2026-08-20T09:00:00Z
2024-01-11,paid_social,401.30,14136,372,10,2026-08-20T09:00:00Z
2024-01-11,retargeting,187.78,8702,229,14,2026-08-20T09:00:00Z
2024-01-11,email,50.66,10678,281,20,2026-08-20T09:00:00Z
2024-01-12,paid_search,496.98,6358,289,13,2026-08-20T09:00:00Z
2024-01-12,paid_social,400.20,14098,371,10,2026-08-20T09:00:00Z
2024-01-12,retargeting,176.72,8208,216,13,2026-08-20T09:00:00Z
2024-01-12,email,51.34,10830,285,21,2026-08-20T09:00:00Z
2024-01-13,paid_search,502.97,6424,292,13,2026-08-20T09:00:00Z
2024-01-13,paid_social,380.11,13376,352,9,2026-08-20T09:00:00Z
2024-01-13,retargeting,186.03,8626,227,14,2026-08-20T09:00:00Z
2024-01-13,email,50.04,10564,278,20,2026-08-20T09:00:00Z
2024-01-14,paid_search,592.67,7590,345,17,2026-08-20T09:00:00Z
2024-01-14,paid_social,436.74,15352,404,12,2026-08-20T09:00:00Z
2024-01-14,retargeting,202.05,9348,246,16,2026-08-20T09:00:00Z
2024-01-14,email,51.98,10982,289,25,2026-08-20T09:00:00Z
2024-01-15,paid_search,599.22,7656,348,17,2026-08-20T09:00:00Z
2024-01-15,paid_social,421.31,14820,390,11,2026-08-20T09:00:00Z
2024-01-15,retargeting,208.76,9690,255,18,2026-08-20T09:00:00Z
2024-01-15,email,55.55,11742,309,24,2026-08-20T09:00:00Z
2024-01-16,paid_search,558.89,7150,325,16,2026-08-20T09:00:00Z
2024-01-16,paid_social,459.67,16188,426,13,2026-08-20T09:00:00Z
2024-01-16,retargeting,200.82,9310,245,17,2026-08-20T09:00:00Z
2024-01-16,email,55.76,11780,310,26,2026-08-20T09:00:00Z
2024-01-17,paid_search,475.35,6072,276,12,2026-08-20T09:00:00Z
2024-01-17,paid_social,352.89,12426,327,9,2026-08-20T09:00:00Z
2024-01-17,retargeting,172.99,8018,211,13,2026-08-20T09:00:00Z
2024-01-17,email,47.63,10070,265,19,2026-08-20T09:00:00Z
2024-01-18,paid_search,467.13,5984,272,12,2026-08-20T09:00:00Z
2024-01-18,paid_social,398.80,14022,369,10,2026-08-20T09:00:00Z
2024-01-18,retargeting,186.82,8664,228,15,2026-08-20T09:00:00Z
2024-01-18,email,45.68,9652,254,19,2026-08-20T09:00:00Z
2024-01-19,paid_search,515.89,6600,300,13,2026-08-20T09:00:00Z
2024-01-19,paid_social,381.26,13414,353,9,2026-08-20T09:00:00Z
2024-01-19,retargeting,168.10,7790,205,13,2026-08-20T09:00:00Z
2024-01-19,email,47.37,9994,263,19,2026-08-20T09:00:00Z
2024-01-20,paid_search,509.05,6512,296,13,2026-08-20T09:00:00Z
2024-01-20,paid_social,389.35,13718,361,9,2026-08-20T09:00:00Z
2024-01-20,retargeting,180.20,8360,220,13,2026-08-20T09:00:00Z
2024-01-20,email,47.02,9918,261,19,2026-08-20T09:00:00Z
2024-01-21,paid_search,498.24,6380,290,13,2026-08-20T09:00:00Z
2024-01-21,paid_social,355.76,12502,329,9,2026-08-20T09:00:00Z
2024-01-21,retargeting,167.98,7790,205,13,2026-08-20T09:00:00Z
2024-01-21,email,46.83,9880,260,19,2026-08-20T09:00:00Z
2024-01-22,paid_search,474.73,6072,276,12,2026-08-20T09:00:00Z
2024-01-22,paid_social,368.53,12958,341,9,2026-08-20T09:00:00Z
2024-01-22,retargeting,170.37,7904,208,13,2026-08-20T09:00:00Z
2024-01-22,email,50.77,10716,282,21,2026-08-20T09:00:00Z
2024-01-23,paid_search,525.31,6710,305,13,2026-08-20T09:00:00Z
2024-01-23,paid_social,362.71,12768,336,9,2026-08-20T09:00:00Z
2024-01-23,retargeting,172.01,7980,210,13,2026-08-20T09:00:00Z
2024-01-23,email,46.96,9918,261,20,2026-08-20T09:00:00Z
2024-01-24,paid_search,530.34,6776,308,14,2026-08-20T09:00:00Z
2024-01-24,paid_social,354.99,12502,329,9,2026-08-20T09:00:00Z
2024-01-24,retargeting,183.22,8474,223,14,2026-08-20T09:00:00Z
2024-01-24,email,49.57,10450,275,20,2026-08-20T09:00:00Z
2024-01-25,paid_search,512.51,6556,298,13,2026-08-20T09:00:00Z
2024-01-25,paid_social,344.83,12122,319,8,2026-08-20T09:00:00Z
2024-01-25,retargeting,185.52,8588,226,13,2026-08-20T09:00:00Z
2024-01-25,email,44.37,9348,246,18,2026-08-20T09:00:00Z
2024-01-26,paid_search,516.15,6600,300,12,2026-08-20T09:00:00Z
2024-01-26,paid_social,356.30,12540,330,9,2026-08-20T09:00:00Z
2024-01-26,retargeting,166.86,7714,203,12,2026-08-20T09:00:00Z
2024-01-26,email,50.26,10602,279,20,2026-08-20T09:00:00Z
2024-01-27,paid_search,502.20,6424,292,12,2026-08-20T09:00:00Z
2024-01-27,paid_social,370.59,13034,343,9,2026-08-20T09:00:00Z
2024-01-27,retargeting,164.46,7638,201,12,2026-08-20T09:00:00Z
2024-01-27,email,51.12,10792,284,21,2026-08-20T09:00:00Z
2024-01-28,paid_search,477.55,6116,278,12,2026-08-20T09:00:00Z
2024-01-28,paid_social,391.47,13756,362,10,2026-08-20T09:00:00Z
2024-01-28,retargeting,174.43,8094,213,13,2026-08-20T09:00:00Z
2024-01-28,email,49.45,10450,275,21,2026-08-20T09:00:00Z
2024-01-29,paid_search,523.80,6710,305,14,2026-08-20T09:00:00Z
2024-01-29,paid_social,360.02,12654,333,9,2026-08-20T09:00:00Z
2024-01-29,retargeting,173.52,8056,212,13,2026-08-20T09:00:00Z
2024-01-29,email,44.97,9500,250,19,2026-08-20T09:00:00Z
2024-01-30,paid_search,497.22,6358,289,12,2026-08-20T09:00:00Z
2024-01-30,paid_social,345.48,12160,320,8,2026-08-20T09:00:00Z
2024-01-30,retargeting,180.58,8360,220,14,2026-08-20T09:00:00Z
2024-01-30,email,50.43,10640,280,20,2026-08-20T09:00:00Z
2024-01-31,paid_search,495.85,6336,288,13,2026-08-20T09:00:00Z
2024-01-31,paid_social,366.63,12882,339,9,2026-08-20T09:00:00Z
2024-01-31,retargeting,177.49,8208,216,13,2026-08-20T09:00:00Z
2024-01-31,email,50.14,10602,279,21,2026-08-20T09:00:00Z
2024-02-01,paid_search,520.81,6666,303,13,2026-08-20T09:00:00Z
2024-02-01,paid_social,363.02,12768,336,9,2026-08-20T09:00:00Z
2024-02-01,retargeting,169.09,7828,206,12,2026-08-20T09:00:00Z
2024-02-01,email,48.77,10298,271,19,2026-08-20T09:00:00Z
2024-02-02,paid_search,487.95,6248,284,13,2026-08-20T09:00:00Z
2024-02-02,paid_social,358.56,12616,332,9,2026-08-20T09:00:00Z
2024-02-02,retargeting,183.87,8512,224,14,2026-08-20T09:00:00Z
2024-02-02,email,43.86,9272,244,19,2026-08-20T09:00:00Z
2024-02-03,paid_search,503.63,6446,293,13,2026-08-20T09:00:00Z
2024-02-03,paid_social,359.31,12654,333,9,2026-08-20T09:00:00Z
2024-02-03,retargeting,164.37,7600,200,12,2026-08-20T09:00:00Z
2024-02-03,email,50.59,10678,281,20,2026-08-20T09:00:00Z
2024-02-04,paid_search,506.83,6490,295,13,2026-08-20T09:00:00Z
2024-02-04,paid_social,359.14,12654,333,9,2026-08-20T09:00:00Z
2024-02-04,retargeting,170.69,7904,208,13,2026-08-20T09:00:00Z
2024-02-04,email,45.39,9576,252,18,2026-08-20T09:00:00Z
2024-02-05,paid_search,479.69,6138,279,12,2026-08-20T09:00:00Z
2024-02-05,paid_social,354.41,12464,328,9,2026-08-20T09:00:00Z
2024-02-05,retargeting,165.39,7676,202,13,2026-08-20T09:00:00Z
2024-02-05,email,50.41,10640,280,21,2026-08-20T09:00:00Z
2024-02-06,paid_search,507.95,6490,295,13,2026-08-20T09:00:00Z
2024-02-06,paid_social,364.50,12806,337,9,2026-08-20T09:00:00Z
2024-02-06,retargeting,176.13,8170,215,13,2026-08-20T09:00:00Z
2024-02-06,email,44.61,9424,248,18,2026-08-20T09:00:00Z
2024-02-07,paid_search,462.23,5918,269,12,2026-08-20T09:00:00Z
2024-02-07,paid_social,389.50,13718,361,10,2026-08-20T09:00:00Z
2024-02-07,retargeting,171.52,7942,209,12,2026-08-20T09:00:00Z
2024-02-07,email,45.58,9614,253,19,2026-08-20T09:00:00Z
2024-02-08,paid_search,480.67,6138,279,12,2026-08-20T09:00:00Z
2024-02-08,paid_social,375.16,13186,347,9,2026-08-20T09:00:00Z
2024-02-08,retargeting,185.04,8588,226,14,2026-08-20T09:00:00Z
2024-02-08,email,47.83,10108,266,19,2026-08-20T09:00:00Z
2024-02-09,paid_search,486.44,6226,283,12,2026-08-20T09:00:00Z
2024-02-09,paid_social,365.48,12844,338,9,2026-08-20T09:00:00Z
2024-02-09,retargeting,165.06,7638,201,12,2026-08-20T09:00:00Z
2024-02-09,email,49.50,10450,275,20,2026-08-20T09:00:00Z
2024-02-10,paid_search,484.08,6182,281,12,2026-08-20T09:00:00Z
2024-02-10,paid_social,331.18,11666,307,8,2026-08-20T09:00:00Z
2024-02-10,retargeting,158.74,7372,194,12,2026-08-20T09:00:00Z
2024-02-10,email,46.65,9842,259,19,2026-08-20T09:00:00Z
2024-02-11,paid_search,452.84,5786,263,11,2026-08-20T09:00:00Z
2024-02-11,paid_social,359.45,12654,333,8,2026-08-20T09:00:00Z
2024-02-11,retargeting,159.36,7372,194,12,2026-08-20T09:00:00Z
2024-02-11,email,49.73,10488,276,20,2026-08-20T09:00:00Z
2024-02-12,paid_search,475.55,6072,276,12,2026-08-20T09:00:00Z
2024-02-12,paid_social,337.04,11856,312,8,2026-08-20T09:00:00Z
2024-02-12,retargeting,158.30,7334,193,11,2026-08-20T09:00:00Z
2024-02-12,email,48.32,10184,268,20,2026-08-20T09:00:00Z
2024-02-13,paid_search,472.89,6050,275,12,2026-08-20T09:00:00Z
2024-02-13,paid_social,373.22,13148,346,9,2026-08-20T09:00:00Z
2024-02-13,retargeting,169.78,7866,207,13,2026-08-20T09:00:00Z
2024-02-13,email,44.71,9424,248,18,2026-08-20T09:00:00Z
2024-02-14,paid_search,570.33,7304,332,15,2026-08-20T09:00:00Z
2024-02-14,paid_social,420.03,14782,389,11,2026-08-20T09:00:00Z
2024-02-14,retargeting,184.78,8550,225,16,2026-08-20T09:00:00Z
2024-02-14,email,45.74,9652,254,22,2026-08-20T09:00:00Z
2024-02-15,paid_search,498.44,6380,290,14,2026-08-20T09:00:00Z
2024-02-15,paid_social,434.38,15276,402,12,2026-08-20T09:00:00Z
2024-02-15,retargeting,181.25,8398,221,15,2026-08-20T09:00:00Z
2024-02-15,email,45.78,9652,254,21,2026-08-20T09:00:00Z
2024-02-16,paid_search,523.20,6688,304,15,2026-08-20T09:00:00Z
2024-02-16,paid_social,370.19,13034,343,10,2026-08-20T09:00:00Z
2024-02-16,retargeting,179.17,8322,219,15,2026-08-20T09:00:00Z
2024-02-16,email,48.61,10260,270,22,2026-08-20T09:00:00Z
2024-02-17,paid_search,431.14,5522,251,11,2026-08-20T09:00:00Z
2024-02-17,paid_social,368.12,12958,341,9,2026-08-20T09:00:00Z
2024-02-17,retargeting,166.34,7714,203,12,2026-08-20T09:00:00Z
2024-02-17,email,46.20,9766,257,20,2026-08-20T09:00:00Z
2024-02-18,paid_search,450.95,5764,262,11,2026-08-20T09:00:00Z
2024-02-18,paid_social,344.50,12122,319,8,2026-08-20T09:00:00Z
2024-02-18,retargeting,177.80,8246,217,13,2026-08-20T09:00:00Z
2024-02-18,email,47.74,10070,265,20,2026-08-20T09:00:00Z
2024-02-19,paid_search,485.38,6204,282,13,2026-08-20T09:00:00Z
2024-02-19,paid_social,365.77,12882,339,9,2026-08-20T09:00:00Z
2024-02-19,retargeting,156.67,7258,191,11,2026-08-20T09:00:00Z
2024-02-19,email,47.30,9994,263,20,2026-08-20T09:00:00Z
2024-02-20,paid_search,468.35,5984,272,12,2026-08-20T09:00:00Z
2024-02-20,paid_social,322.68,11362,299,7,2026-08-20T09:00:00Z
2024-02-20,retargeting,174.71,8094,213,13,2026-08-20T09:00:00Z
2024-02-20,email,46.83,9880,260,19,2026-08-20T09:00:00Z
2024-02-21,paid_search,496.50,6358,289,12,2026-08-20T09:00:00Z
2024-02-21,paid_social,354.29,12464,328,9,2026-08-20T09:00:00Z
2024-02-21,retargeting,164.24,7600,200,12,2026-08-20T09:00:00Z
2024-02-21,email,46.18,9766,257,19,2026-08-20T09:00:00Z
2024-02-22,paid_search,478.46,6116,278,11,2026-08-20T09:00:00Z
2024-02-22,paid_social,371.20,13072,344,9,2026-08-20T09:00:00Z
2024-02-22,retargeting,155.89,7220,190,11,2026-08-20T09:00:00Z
2024-02-22,email,43.73,9234,243,17,2026-08-20T09:00:00Z
2024-02-23,paid_search,442.91,5676,258,11,2026-08-20T09:00:00Z
2024-02-23,paid_social,330.39,11628,306,8,2026-08-20T09:00:00Z
2024-02-23,retargeting,171.72,7942,209,12,2026-08-20T09:00:00Z
2024-02-23,email,48.30,10184,268,20,2026-08-20T09:00:00Z
2024-02-24,paid_search,491.70,6292,286,13,2026-08-20T09:00:00Z
2024-02-24,paid_social,354.02,12464,328,9,2026-08-20T09:00:00Z
2024-02-24,retargeting,163.67,7600,200,12,2026-08-20T09:00:00Z
2024-02-24,email,46.12,9728,256,19,2026-08-20T09:00:00Z
2024-02-25,paid_search,437.98,5610,255,11,2026-08-20T09:00:00Z
2024-02-25,paid_social,341.32,12008,316,8,2026-08-20T09:00:00Z
2024-02-25,retargeting,174.23,8056,212,13,2026-08-20T09:00:00Z
2024-02-25,email,42.39,8930,235,17,2026-08-20T09:00:00Z
2024-02-26,paid_search,465.39,5962,271,11,2026-08-20T09:00:00Z
2024-02-26,paid_social,349.32,12274,323,8,2026-08-20T09:00:00Z
2024-02-26,retargeting,165.78,7676,202,13,2026-08-20T09:00:00Z
2024-02-26,email,40.95,8626,227,16,2026-08-20T09:00:00Z
2024-02-27,paid_search,421.78,5390,245,10,2026-08-20T09:00:00Z
2024-02-27,paid_social,358.70,12616,332,9,2026-08-20T09:00:00Z
2024-02-27,retargeting,171.53,7942,209,13,2026-08-20T09:00:00Z
2024-02-27,email,41.49,8740,230,17,2026-08-20T09:00:00Z
2024-02-28,paid_search,449.97,5764,262,12,2026-08-20T09:00:00Z
2024-02-28,paid_social,322.13,11324,298,7,2026-08-20T09:00:00Z
2024-02-28,retargeting,152.14,7068,186,11,2026-08-20T09:00:00Z
2024-02-28,email,45.12,9538,251,18,2026-08-20T09:00:00Z
2024-02-29,paid_search,450.73,5764,262,11,2026-08-20T09:00:00Z
2024-02-29,paid_social,317.49,11172,294,7,2026-08-20T09:00:00Z
2024-02-29,retargeting,156.60,7258,191,12,2026-08-20T09:00:00Z
2024-02-29,email,43.44,9158,241,18,2026-08-20T09:00:00Z
2024-03-01,paid_search,416.25,5324,242,10,2026-08-20T09:00:00Z
2024-03-01,paid_social,366.38,12882,339,9,2026-08-20T09:00:00Z
2024-03-01,retargeting,161.90,7486,197,11,2026-08-20T09:00:00Z
2024-03-01,email,40.60,8588,226,16,2026-08-20T09:00:00Z
2024-03-02,paid_search,469.06,6006,273,12,2026-08-20T09:00:00Z
2024-03-02,paid_social,358.19,12616,332,9,2026-08-20T09:00:00Z
2024-03-02,retargeting,157.66,7296,192,12,2026-08-20T09:00:00Z
2024-03-02,email,40.97,8664,228,17,2026-08-20T09:00:00Z
2024-03-03,paid_search,456.29,5830,265,12,2026-08-20T09:00:00Z
2024-03-03,paid_social,350.68,12350,325,9,2026-08-20T09:00:00Z
2024-03-03,retargeting,162.74,7524,198,12,2026-08-20T09:00:00Z
2024-03-03,email,43.10,9082,239,18,2026-08-20T09:00:00Z
2024-03-04,paid_search,428.10,5478,249,11,2026-08-20T09:00:00Z
2024-03-04,paid_social,347.95,12236,322,9,2026-08-20T09:00:00Z
2024-03-04,retargeting,164.02,7600,200,13,2026-08-20T09:00:00Z
2024-03-04,email,45.78,9652,254,19,2026-08-20T09:00:00Z
2024-03-05,paid_search,477.36,6116,278,12,2026-08-20T09:00:00Z
2024-03-05,paid_social,326.08,11476,302,8,2026-08-20T09:00:00Z
2024-03-05,retargeting,154.25,7144,188,11,2026-08-20T09:00:00Z
2024-03-05,email,43.81,9234,243,17,2026-08-20T09:00:00Z
2024-03-06,paid_search,445.27,5698,259,11,2026-08-20T09:00:00Z
2024-03-06,paid_social,346.40,12198,321,8,2026-08-20T09:00:00Z
2024-03-06,retargeting,163.08,7562,199,12,2026-08-20T09:00:00Z
2024-03-06,email,40.00,8436,222,16,2026-08-20T09:00:00Z
2024-03-07,paid_search,459.11,5874,267,12,2026-08-20T09:00:00Z
2024-03-07,paid_social,346.32,12198,321,9,2026-08-20T09:00:00Z
2024-03-07,retargeting,162.22,7524,198,12,2026-08-20T09:00:00Z
2024-03-07,email,42.52,8968,236,18,2026-08-20T09:00:00Z
2024-03-08,paid_search,442.55,5654,257,11,2026-08-20T09:00:00Z
2024-03-08,paid_social,337.07,11856,312,8,2026-08-20T09:00:00Z
2024-03-08,retargeting,165.35,7676,202,13,2026-08-20T09:00:00Z
2024-03-08,email,43.75,9234,243,17,2026-08-20T09:00:00Z
2024-03-09,paid_search,456.97,5852,266,12,2026-08-20T09:00:00Z
2024-03-09,paid_social,343.26,12084,318,8,2026-08-20T09:00:00Z
2024-03-09,retargeting,157.19,7296,192,12,2026-08-20T09:00:00Z
2024-03-09,email,41.12,8664,228,17,2026-08-20T09:00:00Z
2024-03-10,paid_search,440.29,5632,256,10,2026-08-20T09:00:00Z
2024-03-10,paid_social,351.72,12388,326,9,2026-08-20T09:00:00Z
2024-03-10,retargeting,161.46,7486,197,12,2026-08-20T09:00:00Z
2024-03-10,email,39.87,8436,222,16,2026-08-20T09:00:00Z
2024-03-11,paid_search,415.68,5324,242,10,2026-08-20T09:00:00Z
2024-03-11,paid_social,334.78,11780,310,8,2026-08-20T09:00:00Z
2024-03-11,retargeting,169.36,7866,207,12,2026-08-20T09:00:00Z
2024-03-11,email,43.63,9196,242,18,2026-08-20T09:00:00Z
2024-03-12,paid_search,448.57,5742,261,11,2026-08-20T09:00:00Z
2024-03-12,paid_social,312.73,11020,290,7,2026-08-20T09:00:00Z
2024-03-12,retargeting,145.70,6764,178,10,2026-08-20T09:00:00Z
2024-03-12,email,41.66,8778,231,17,2026-08-20T09:00:00Z
2024-03-13,paid_search,410.45,5258,239,10,2026-08-20T09:00:00Z
2024-03-13,paid_social,315.67,11096,292,8,2026-08-20T09:00:00Z
2024-03-13,retargeting,151.87,7030,185,11,2026-08-20T09:00:00Z
2024-03-13,email,41.09,8664,228,17,2026-08-20T09:00:00Z
2024-03-14,paid_search,518.71,6644,302,14,2026-08-20T09:00:00Z
2024-03-14,paid_social,397.04,13984,368,11,2026-08-20T09:00:00Z
2024-03-14,retargeting,183.72,8512,224,15,2026-08-20T09:00:00Z
2024-03-14,email,46.47,9804,258,20,2026-08-20T09:00:00Z
2024-03-15,paid_search,512.32,6556,298,14,2026-08-20T09:00:00Z
2024-03-15,paid_social,357.93,12578,331,9,2026-08-20T09:00:00Z
2024-03-15,retargeting,177.49,8208,216,15,2026-08-20T09:00:00Z
2024-03-15,email,46.59,9842,259,21,2026-08-20T09:00:00Z
2024-03-16,paid_search,492.78,6314,287,14,2026-08-20T09:00:00Z
2024-03-16,paid_social,359.31,12654,333,10,2026-08-20T09:00:00Z
2024-03-16,retargeting,177.90,8246,217,15,2026-08-20T09:00:00Z
2024-03-16,email,47.71,10070,265,22,2026-08-20T09:00:00Z
2024-03-17,paid_search,454.67,5808,264,11,2026-08-20T09:00:00Z
2024-03-17,paid_social,340.11,11970,315,8,2026-08-20T09:00:00Z
2024-03-17,retargeting,158.76,7372,194,11,2026-08-20T09:00:00Z
2024-03-17,email,38.80,8208,216,15,2026-08-20T09:00:00Z
2024-03-18,paid_search,441.95,5654,257,12,2026-08-20T09:00:00Z
2024-03-18,paid_social,324.39,11400,300,7,2026-08-20T09:00:00Z
2024-03-18,retargeting,143.37,6650,175,11,2026-08-20T09:00:00Z
2024-03-18,email,40.58,8550,225,17,2026-08-20T09:00:00Z
2024-03-19,paid_search,451.51,5786,263,12,2026-08-20T09:00:00Z
2024-03-19,paid_social,322.29,11324,298,7,2026-08-20T09:00:00Z
2024-03-19,retargeting,143.66,6650,175,11,2026-08-20T09:00:00Z
2024-03-19,email,44.91,9500,250,18,2026-08-20T09:00:00Z
2024-03-20,paid_search,433.80,5544,252,11,2026-08-20T09:00:00Z
2024-03-20,paid_social,303.05,10678,281,7,2026-08-20T09:00:00Z
2024-03-20,retargeting,149.34,6916,182,11,2026-08-20T09:00:00Z
2024-03-20,email,42.02,8854,233,17,2026-08-20T09:00:00Z
2024-03-21,paid_search,414.36,5302,241,10,2026-08-20T09:00:00Z
2024-03-21,paid_social,298.17,10488,276,7,2026-08-20T09:00:00Z
2024-03-21,retargeting,149.55,6916,182,12,2026-08-20T09:00:00Z
2024-03-21,email,38.32,8094,213,16,2026-08-20T09:00:00Z
2024-03-22,paid_search,432.24,5522,251,11,2026-08-20T09:00:00Z
2024-03-22,paid_social,335.06,11780,310,8,2026-08-20T09:00:00Z
2024-03-22,retargeting,151.99,7030,185,11,2026-08-20T09:00:00Z
2024-03-22,email,39.30,8284,218,16,2026-08-20T09:00:00Z
2024-03-23,paid_search,427.96,5478,249,10,2026-08-20T09:00:00Z
2024-03-23,paid_social,305.33,10754,283,7,2026-08-20T09:00:00Z
2024-03-23,retargeting,163.39,7562,199,13,2026-08-20T09:00:00Z
2024-03-23,email,39.27,8284,218,16,2026-08-20T09:00:00Z
2024-03-24,paid_search,397.49,5082,231,10,2026-08-20T09:00:00Z
2024-03-24,paid_social,295.39,10412,274,7,2026-08-20T09:00:00Z
2024-03-24,retargeting,149.02,6916,182,11,2026-08-20T09:00:00Z
2024-03-24,email,40.40,8512,224,16,2026-08-20T09:00:00Z
2024-03-25,paid_search,406.64,5192,236,11,2026-08-20T09:00:00Z
2024-03-25,paid_social,314.76,11058,291,7,2026-08-20T09:00:00Z
2024-03-25,retargeting,143.41,6650,175,11,2026-08-20T09:00:00Z
2024-03-25,email,40.03,8436,222,17,2026-08-20T09:00:00Z
2024-03-26,paid_search,419.80,5368,244,10,2026-08-20T09:00:00Z
2024-03-26,paid_social,296.57,10450,275,7,2026-08-20T09:00:00Z
2024-03-26,retargeting,145.52,6726,177,11,2026-08-20T09:00:00Z
2024-03-26,email,37.99,8018,211,16,2026-08-20T09:00:00Z
2024-03-27,paid_search,413.42,5280,240,10,2026-08-20T09:00:00Z
2024-03-27,paid_social,293.39,10336,272,7,2026-08-20T09:00:00Z
2024-03-27,retargeting,156.88,7258,191,11,2026-08-20T09:00:00Z
2024-03-27,email,41.41,8740,230,17,2026-08-20T09:00:00Z
2024-03-28,paid_search,449.07,5742,261,11,2026-08-20T09:00:00Z
2024-03-28,paid_social,312.23,10982,289,7,2026-08-20T09:00:00Z
2024-03-28,retargeting,157.93,7334,193,12,2026-08-20T09:00:00Z
2024-03-28,email,42.49,8968,236,17,2026-08-20T09:00:00Z
2024-03-29,paid_search,435.32,5566,253,11,2026-08-20T09:00:00Z
2024-03-29,paid_social,316.37,11134,293,7,2026-08-20T09:00:00Z
2024-03-29,retargeting,151.96,7030,185,11,2026-08-20T09:00:00Z
2024-03-29,email,40.85,8626,227,17,2026-08-20T09:00:00Z
2024-03-30,paid_search,408.36,5214,237,10,2026-08-20T09:00:00Z
2024-03-30,paid_social,302.22,10640,280,7,2026-08-20T09:00:00Z
2024-03-30,retargeting,144.28,6688,176,11,2026-08-20T09:00:00Z
2024-03-30,email,41.78,8816,232,17,2026-08-20T09:00:00Z
2024-03-31,paid_search,431.34,5522,251,11,2026-08-20T09:00:00Z
2024-03-31,paid_social,288.44,10146,267,7,2026-08-20T09:00:00Z
2024-03-31,retargeting,140.79,6536,172,11,2026-08-20T09:00:00Z
2024-03-31,email,38.14,8056,212,16,2026-08-20T09:00:00Z
2024-04-01,paid_search,381.75,4884,222,10,2026-08-20T09:00:00Z
2024-04-01,paid_social,316.93,11134,293,8,2026-08-20T09:00:00Z
2024-04-01,retargeting,154.24,7144,188,11,2026-08-20T09:00:00Z
2024-04-01,email,40.18,8474,223,17,2026-08-20T09:00:00Z
2024-04-02,paid_search,434.93,5566,253,11,2026-08-20T09:00:00Z
2024-04-02,paid_social,288.38,10146,267,7,2026-08-20T09:00:00Z
2024-04-02,retargeting,153.74,7106,187,11,2026-08-20T09:00:00Z
2024-04-02,email,40.15,8474,223,17,2026-08-20T09:00:00Z
2024-04-03,paid_search,427.91,5478,249,11,2026-08-20T09:00:00Z
2024-04-03,paid_social,297.60,10488,276,7,2026-08-20T09:00:00Z
2024-04-03,retargeting,158.49,7334,193,12,2026-08-20T09:00:00Z
2024-04-03,email,41.07,8664,228,17,2026-08-20T09:00:00Z
2024-04-04,paid_search,418.05,5346,243,10,2026-08-20T09:00:00Z
2024-04-04,paid_social,328.45,11552,304,8,2026-08-20T09:00:00Z
2024-04-04,retargeting,138.51,6422,169,11,2026-08-20T09:00:00Z
2024-04-04,email,41.34,8740,230,17,2026-08-20T09:00:00Z
2024-04-05,paid_search,433.79,5544,252,11,2026-08-20T09:00:00Z
2024-04-05,paid_social,284.21,9994,263,7,2026-08-20T09:00:00Z
2024-04-05,retargeting,136.49,6308,166,10,2026-08-20T09:00:00Z
2024-04-05,email,42.87,9044,238,17,2026-08-20T09:00:00Z
2024-04-06,paid_search,406.17,5192,236,10,2026-08-20T09:00:00Z
2024-04-06,paid_social,290.57,10222,269,7,2026-08-20T09:00:00Z
2024-04-06,retargeting,156.92,7258,191,12,2026-08-20T09:00:00Z
2024-04-06,email,37.17,7866,207,16,2026-08-20T09:00:00Z
2024-04-07,paid_search,398.14,5082,231,10,2026-08-20T09:00:00Z
2024-04-07,paid_social,295.67,10412,274,7,2026-08-20T09:00:00Z
2024-04-07,retargeting,137.81,6384,168,10,2026-08-20T09:00:00Z
2024-04-07,email,42.07,8892,234,17,2026-08-20T09:00:00Z
2024-04-08,paid_search,428.59,5478,249,10,2026-08-20T09:00:00Z
2024-04-08,paid_social,284.46,9994,263,7,2026-08-20T09:00:00Z
2024-04-08,retargeting,146.89,6802,179,11,2026-08-20T09:00:00Z
2024-04-08,email,40.61,8588,226,16,2026-08-20T09:00:00Z
2024-04-09,paid_search,380.62,4862,221,9,2026-08-20T09:00:00Z
2024-04-09,paid_social,308.70,10868,286,8,2026-08-20T09:00:00Z
2024-04-09,retargeting,148.90,6916,182,11,2026-08-20T09:00:00Z
2024-04-09,email,38.26,8094,213,16,2026-08-20T09:00:00Z
2024-04-10,paid_search,374.88,4796,218,9,2026-08-20T09:00:00Z
2024-04-10,paid_social,313.07,11020,290,7,2026-08-20T09:00:00Z
2024-04-10,retargeting,141.25,6536,172,10,2026-08-20T09:00:00Z
2024-04-10,email,38.22,8056,212,16,2026-08-20T09:00:00Z
2024-04-11,paid_search,414.55,5302,241,10,2026-08-20T09:00:00Z
2024-04-11,paid_social,298.20,10488,276,7,2026-08-20T09:00:00Z
2024-04-11,retargeting,143.68,6650,175,11,2026-08-20T09:00:00Z
2024-04-11,email,40.15,8474,223,17,2026-08-20T09:00:00Z
2024-04-12,paid_search,373.76,4774,217,9,2026-08-20T09:00:00Z
2024-04-12,paid_social,303.66,10678,281,7,2026-08-20T09:00:00Z
2024-04-12,retargeting,149.41,6916,182,11,2026-08-20T09:00:00Z
2024-04-12,email,37.67,7942,209,16,2026-08-20T09:00:00Z
2024-04-13,paid_search,401.94,5148,234,10,2026-08-20T09:00:00Z
2024-04-13,paid_social,292.27,10298,271,7,2026-08-20T09:00:00Z
2024-04-13,retargeting,133.39,6194,163,10,2026-08-20T09:00:00Z
2024-04-13,email,37.92,8018,211,15,2026-08-20T09:00:00Z
2024-04-14,paid_search,465.41,5962,271,13,2026-08-20T09:00:00Z
2024-04-14,paid_social,354.60,12464,328,10,2026-08-20T09:00:00Z
2024-04-14,retargeting,152.82,7068,186,12,2026-08-20T09:00:00Z
2024-04-14,email,40.23,8512,224,18,2026-08-20T09:00:00Z
2024-04-15,paid_search,490.29,6270,285,13,2026-08-20T09:00:00Z
2024-04-15,paid_social,367.50,12920,340,10,2026-08-20T09:00:00Z
2024-04-15,retargeting,174.84,8094,213,15,2026-08-20T09:00:00Z
2024-04-15,email,39.07,8246,217,18,2026-08-20T09:00:00Z
2024-04-16,paid_search,433.52,5544,252,12,2026-08-20T09:00:00Z
2024-04-16,paid_social,364.00,12806,337,10,2026-08-20T09:00:00Z
2024-04-16,retargeting,175.39,8132,214,15,2026-08-20T09:00:00Z
2024-04-16,email,43.87,9272,244,19,2026-08-20T09:00:00Z
2024-04-17,paid_search,406.57,5192,236,10,2026-08-20T09:00:00Z
2024-04-17,paid_social,310.55,10944,288,7,2026-08-20T09:00:00Z
2024-04-17,retargeting,143.60,6650,175,10,2026-08-20T09:00:00Z
2024-04-17,email,36.94,7790,205,15,2026-08-20T09:00:00Z
2024-04-18,paid_search,379.46,4862,221,9,2026-08-20T09:00:00Z
2024-04-18,paid_social,298.90,10526,277,7,2026-08-20T09:00:00Z
2024-04-18,retargeting,147.80,6840,180,11,2026-08-20T09:00:00Z
2024-04-18,email,37.38,7904,208,16,2026-08-20T09:00:00Z
2024-04-19,paid_search,411.96,5280,240,11,2026-08-20T09:00:00Z
2024-04-19,paid_social,315.67,11096,292,7,2026-08-20T09:00:00Z
2024-04-19,retargeting,152.85,7068,186,11,2026-08-20T09:00:00Z
2024-04-19,email,40.51,8550,225,16,2026-08-20T09:00:00Z
2024-04-20,paid_search,366.75,4686,213,9,2026-08-20T09:00:00Z
2024-04-20,paid_social,306.75,10792,284,8,2026-08-20T09:00:00Z
2024-04-20,retargeting,149.33,6916,182,11,2026-08-20T09:00:00Z
2024-04-20,email,36.24,7638,201,15,2026-08-20T09:00:00Z
2024-04-21,paid_search,387.61,4950,225,10,2026-08-20T09:00:00Z
2024-04-21,paid_social,299.94,10564,278,8,2026-08-20T09:00:00Z
2024-04-21,retargeting,148.82,6878,181,11,2026-08-20T09:00:00Z
2024-04-21,email,40.84,8626,227,17,2026-08-20T09:00:00Z
2024-04-22,paid_search,396.53,5082,231,9,2026-08-20T09:00:00Z
2024-04-22,paid_social,320.35,11286,297,8,2026-08-20T09:00:00Z
2024-04-22,retargeting,134.61,6232,164,10,2026-08-20T09:00:00Z
2024-04-22,email,39.66,8360,220,16,2026-08-20T09:00:00Z
2024-04-23,paid_search,417.44,5346,243,10,2026-08-20T09:00:00Z
2024-04-23,paid_social,304.25,10716,282,7,2026-08-20T09:00:00Z
2024-04-23,retargeting,140.72,6536,172,11,2026-08-20T09:00:00Z
2024-04-23,email,40.14,8474,223,17,2026-08-20T09:00:00Z
2024-04-24,paid_search,396.69,5082,231,10,2026-08-20T09:00:00Z
2024-04-24,paid_social,309.78,10906,287,8,2026-08-20T09:00:00Z
2024-04-24,retargeting,143.12,6650,175,10,2026-08-20T09:00:00Z
2024-04-24,email,40.09,8474,223,17,2026-08-20T09:00:00Z
2024-04-25,paid_search,415.92,5324,242,10,2026-08-20T09:00:00Z
2024-04-25,paid_social,316.17,11134,293,8,2026-08-20T09:00:00Z
2024-04-25,retargeting,137.42,6384,168,11,2026-08-20T09:00:00Z
2024-04-25,email,38.38,8094,213,16,2026-08-20T09:00:00Z
2024-04-26,paid_search,378.99,4840,220,10,2026-08-20T09:00:00Z
2024-04-26,paid_social,310.83,10944,288,7,2026-08-20T09:00:00Z
2024-04-26,retargeting,147.55,6840,180,11,2026-08-20T09:00:00Z
2024-04-26,email,40.87,8626,227,16,2026-08-20T09:00:00Z
2024-04-27,paid_search,408.84,5236,238,10,2026-08-20T09:00:00Z
2024-04-27,paid_social,281.47,9918,261,7,2026-08-20T09:00:00Z
2024-04-27,retargeting,133.05,6156,162,10,2026-08-20T09:00:00Z
2024-04-27,email,35.73,7562,199,15,2026-08-20T09:00:00Z
2024-04-28,paid_search,394.55,5038,229,10,2026-08-20T09:00:00Z
2024-04-28,paid_social,312.41,10982,289,8,2026-08-20T09:00:00Z
2024-04-28,retargeting,149.61,6916,182,11,2026-08-20T09:00:00Z
2024-04-28,email,37.55,7942,209,15,2026-08-20T09:00:00Z
2024-04-29,paid_search,361.82,4620,210,9,2026-08-20T09:00:00Z
2024-04-29,paid_social,272.16,9576,252,6,2026-08-20T09:00:00Z
2024-04-29,retargeting,136.99,6346,167,11,2026-08-20T09:00:00Z
2024-04-29,email,36.25,7638,201,15,2026-08-20T09:00:00Z
2024-04-30,paid_search,377.63,4840,220,9,2026-08-20T09:00:00Z
2024-04-30,paid_social,295.30,10374,273,7,2026-08-20T09:00:00Z
2024-04-30,retargeting,143.97,6688,176,11,2026-08-20T09:00:00Z
2024-04-30,email,40.37,8512,224,17,2026-08-20T09:00:00Z
2024-05-01,paid_search,377.15,4818,219,9,2026-08-20T09:00:00Z
2024-05-01,paid_social,294.31,10374,273,7,2026-08-20T09:00:00Z
2024-05-01,retargeting,135.29,6270,165,10,2026-08-20T09:00:00Z
2024-05-01,email,38.87,8208,216,16,2026-08-20T09:00:00Z
2024-05-02,paid_search,400.50,5126,233,10,2026-08-20T09:00:00Z
2024-05-02,paid_social,294.47,10374,273,7,2026-08-20T09:00:00Z
2024-05-02,retargeting,145.62,6764,178,11,2026-08-20T09:00:00Z
2024-05-02,email,39.34,8322,219,16,2026-08-20T09:00:00Z
2024-05-03,paid_search,360.07,4598,209,9,2026-08-20T09:00:00Z
2024-05-03,paid_social,279.15,9804,258,6,2026-08-20T09:00:00Z
2024-05-03,retargeting,137.52,6384,168,10,2026-08-20T09:00:00Z
2024-05-03,email,35.50,7486,197,14,2026-08-20T09:00:00Z
2024-05-04,paid_search,381.21,4884,222,9,2026-08-20T09:00:00Z
2024-05-04,paid_social,273.68,9614,253,7,2026-08-20T09:00:00Z
2024-05-04,retargeting,129.83,6004,158,10,2026-08-20T09:00:00Z
2024-05-04,email,37.37,7904,208,15,2026-08-20T09:00:00Z
2024-05-05,paid_search,399.73,5104,232,10,2026-08-20T09:00:00Z
2024-05-05,paid_social,312.45,10982,289,8,2026-08-20T09:00:00Z
2024-05-05,retargeting,132.78,6156,162,10,2026-08-20T09:00:00Z
2024-05-05,email,37.21,7866,207,16,2026-08-20T09:00:00Z
2024-05-06,paid_search,387.91,4972,226,9,2026-08-20T09:00:00Z
2024-05-06,paid_social,288.74,10146,267,7,2026-08-20T09:00:00Z
2024-05-06,retargeting,130.26,6042,159,9,2026-08-20T09:00:00Z
2024-05-06,email,38.56,8132,214,16,2026-08-20T09:00:00Z
2024-05-07,paid_search,409.69,5236,238,10,2026-08-20T09:00:00Z
2024-05-07,paid_social,311.56,10944,288,7,2026-08-20T09:00:00Z
2024-05-07,retargeting,129.66,6004,158,10,2026-08-20T09:00:00Z
2024-05-07,email,37.46,7904,208,16,2026-08-20T09:00:00Z
2024-05-08,paid_search,383.15,4906,223,9,2026-08-20T09:00:00Z
2024-05-08,paid_social,311.26,10944,288,8,2026-08-20T09:00:00Z
2024-05-08,retargeting,136.64,6346,167,11,2026-08-20T09:00:00Z
2024-05-08,email,35.21,7448,196,14,2026-08-20T09:00:00Z
2024-05-09,paid_search,367.96,4708,214,10,2026-08-20T09:00:00Z
2024-05-09,paid_social,272.08,9576,252,7,2026-08-20T09:00:00Z
2024-05-09,retargeting,133.03,6156,162,10,2026-08-20T09:00:00Z
2024-05-09,email,38.07,8056,212,16,2026-08-20T09:00:00Z
2024-05-10,paid_search,365.25,4664,212,9,2026-08-20T09:00:00Z
2024-05-10,paid_social,280.59,9880,260,7,2026-08-20T09:00:00Z
2024-05-10,retargeting,133.81,6194,163,10,2026-08-20T09:00:00Z
2024-05-10,email,37.63,7942,209,15,2026-08-20T09:00:00Z
2024-05-11,paid_search,361.65,4620,210,9,2026-08-20T09:00:00Z
2024-05-11,paid_social,292.24,10298,271,7,2026-08-20T09:00:00Z
2024-05-11,retargeting,131.49,6080,160,9,2026-08-20T09:00:00Z
2024-05-11,email,38.95,8208,216,17,2026-08-20T09:00:00Z
2024-05-12,paid_search,366.89,4686,213,9,2026-08-20T09:00:00Z
2024-05-12,paid_social,309.13,10868,286,7,2026-08-20T09:00:00Z
2024-05-12,retargeting,147.37,6840,180,11,2026-08-20T09:00:00Z
2024-05-12,email,38.71,8170,215,16,2026-08-20T09:00:00Z
2024-05-13,paid_search,354.88,4532,206,8,2026-08-20T09:00:00Z
2024-05-13,paid_social,269.10,9462,249,6,2026-08-20T09:00:00Z
2024-05-13,retargeting,142.08,6574,173,10,2026-08-20T09:00:00Z
2024-05-13,email,37.35,7904,208,15,2026-08-20T09:00:00Z
2024-05-14,paid_search,458.05,5852,266,13,2026-08-20T09:00:00Z
2024-05-14,paid_social,347.85,12236,322,9,2026-08-20T09:00:00Z
2024-05-14,retargeting,169.19,7828,206,14,2026-08-20T09:00:00Z
2024-05-14,email,43.10,9082,239,20,2026-08-20T09:00:00Z
2024-05-15,paid_search,448.19,5742,261,12,2026-08-20T09:00:00Z
2024-05-15,paid_social,346.93,12198,321,9,2026-08-20T09:00:00Z
2024-05-15,retargeting,155.36,7182,189,13,2026-08-20T09:00:00Z
2024-05-15,email,41.28,8702,229,20,2026-08-20T09:00:00Z
2024-05-16,paid_search,410.19,5236,238,11,2026-08-20T09:00:00Z
2024-05-16,paid_social,348.42,12274,323,9,2026-08-20T09:00:00Z
2024-05-16,retargeting,151.85,7030,185,13,2026-08-20T09:00:00Z
2024-05-16,email,42.78,9044,238,19,2026-08-20T09:00:00Z
2024-05-17,paid_search,393.68,5038,229,9,2026-08-20T09:00:00Z
2024-05-17,paid_social,281.89,9918,261,6,2026-08-20T09:00:00Z
2024-05-17,retargeting,134.82,6232,164,10,2026-08-20T09:00:00Z
2024-05-17,email,36.93,7790,205,15,2026-08-20T09:00:00Z
2024-05-18,paid_search,375.45,4796,218,10,2026-08-20T09:00:00Z
2024-05-18,paid_social,306.22,10792,284,8,2026-08-20T09:00:00Z
2024-05-18,retargeting,141.27,6536,172,10,2026-08-20T09:00:00Z
2024-05-18,email,35.65,7524,198,14,2026-08-20T09:00:00Z
2024-05-19,paid_search,407.97,5214,237,11,2026-08-20T09:00:00Z
2024-05-19,paid_social,309.61,10906,287,8,2026-08-20T09:00:00Z
2024-05-19,retargeting,131.92,6118,161,10,2026-08-20T09:00:00Z
2024-05-19,email,36.62,7714,203,16,2026-08-20T09:00:00Z
2024-05-20,paid_search,379.42,4862,221,10,2026-08-20T09:00:00Z
2024-05-20,paid_social,278.75,9804,258,7,2026-08-20T09:00:00Z
2024-05-20,retargeting,131.84,6118,161,10,2026-08-20T09:00:00Z
2024-05-20,email,39.06,8246,217,16,2026-08-20T09:00:00Z
2024-05-21,paid_search,361.06,4620,210,9,2026-08-20T09:00:00Z
2024-05-21,paid_social,268.67,9462,249,6,2026-08-20T09:00:00Z
2024-05-21,retargeting,141.81,6574,173,11,2026-08-20T09:00:00Z
2024-05-21,email,39.02,8246,217,15,2026-08-20T09:00:00Z
2024-05-22,paid_search,357.41,4576,208,9,2026-08-20T09:00:00Z
2024-05-22,paid_social,289.87,10184,268,7,2026-08-20T09:00:00Z
2024-05-22,retargeting,127.83,5928,156,9,2026-08-20T09:00:00Z
2024-05-22,email,38.45,8132,214,15,2026-08-20T09:00:00Z
2024-05-23,paid_search,372.48,4774,217,10,2026-08-20T09:00:00Z
2024-05-23,paid_social,284.90,10032,264,7,2026-08-20T09:00:00Z
2024-05-23,retargeting,128.15,5928,156,9,2026-08-20T09:00:00Z
2024-05-23,email,35.08,7410,195,14,2026-08-20T09:00:00Z
2024-05-24,paid_search,365.72,4686,213,9,2026-08-20T09:00:00Z
2024-05-24,paid_social,282.94,9956,262,7,2026-08-20T09:00:00Z
2024-05-24,retargeting,137.03,6346,167,10,2026-08-20T09:00:00Z
2024-05-24,email,37.37,7904,208,15,2026-08-20T09:00:00Z
2024-05-25,paid_search,361.16,4620,210,9,2026-08-20T09:00:00Z
2024-05-25,paid_social,290.72,10222,269,7,2026-08-20T09:00:00Z
2024-05-25,retargeting,140.96,6536,172,11,2026-08-20T09:00:00Z
2024-05-25,email,39.27,8284,218,17,2026-08-20T09:00:00Z
2024-05-26,paid_search,402.14,5148,234,10,2026-08-20T09:00:00Z
2024-05-26,paid_social,280.97,9880,260,7,2026-08-20T09:00:00Z
2024-05-26,retargeting,148.90,6916,182,11,2026-08-20T09:00:00Z
2024-05-26,email,36.66,7752,204,14,2026-08-20T09:00:00Z
2024-05-27,paid_search,355.08,4532,206,8,2026-08-20T09:00:00Z
2024-05-27,paid_social,307.16,10792,284,7,2026-08-20T09:00:00Z
2024-05-27,retargeting,128.93,5966,157,9,2026-08-20T09:00:00Z
2024-05-27,email,37.25,7866,207,15,2026-08-20T09:00:00Z
2024-05-28,paid_search,366.52,4686,213,9,2026-08-20T09:00:00Z
2024-05-28,paid_social,303.09,10678,281,8,2026-08-20T09:00:00Z
2024-05-28,retargeting,148.50,6878,181,11,2026-08-20T09:00:00Z
2024-05-28,email,38.66,8170,215,16,2026-08-20T09:00:00Z
2024-05-29,paid_search,378.05,4840,220,10,2026-08-20T09:00:00Z
2024-05-29,paid_social,308.99,10868,286,8,2026-08-20T09:00:00Z
2024-05-29,retargeting,141.86,6574,173,10,2026-08-20T09:00:00Z
2024-05-29,email,37.05,7828,206,16,2026-08-20T09:00:00Z
2024-05-30,paid_search,362.55,4642,211,9,2026-08-20T09:00:00Z
2024-05-30,paid_social,281.78,9918,261,7,2026-08-20T09:00:00Z
2024-05-30,retargeting,132.19,6118,161,10,2026-08-20T09:00:00Z
2024-05-30,email,36.11,7638,201,15,2026-08-20T09:00:00Z
2024-05-31,paid_search,388.27,4972,226,10,2026-08-20T09:00:00Z
2024-05-31,paid_social,276.70,9728,256,7,2026-08-20T09:00:00Z
2024-05-31,retargeting,128.99,5966,157,9,2026-08-20T09:00:00Z
2024-05-31,email,37.98,8018,211,15,2026-08-20T09:00:00Z
2024-06-01,paid_search,414.85,5302,241,10,2026-08-20T09:00:00Z
2024-06-01,paid_social,312.07,10982,289,8,2026-08-20T09:00:00Z
2024-06-01,retargeting,149.51,6916,182,12,2026-08-20T09:00:00Z
2024-06-01,email,38.48,8132,214,15,2026-08-20T09:00:00Z
2024-06-02,paid_search,382.10,4884,222,9,2026-08-20T09:00:00Z
2024-06-02,paid_social,309.73,10906,287,7,2026-08-20T09:00:00Z
2024-06-02,retargeting,132.14,6118,161,10,2026-08-20T09:00:00Z
2024-06-02,email,36.30,7676,202,15,2026-08-20T09:00:00Z
2024-06-03,paid_search,365.57,4686,213,10,2026-08-20T09:00:00Z
2024-06-03,paid_social,305.23,10754,283,7,2026-08-20T09:00:00Z
2024-06-03,retargeting,146.88,6802,179,11,2026-08-20T09:00:00Z
2024-06-03,email,40.39,8512,224,16,2026-08-20T09:00:00Z
2024-06-04,paid_search,404.00,5170,235,10,2026-08-20T09:00:00Z
2024-06-04,paid_social,277.75,9766,257,6,2026-08-20T09:00:00Z
2024-06-04,retargeting,145.10,6726,177,11,2026-08-20T09:00:00Z
2024-06-04,email,37.44,7904,208,16,2026-08-20T09:00:00Z
2024-06-05,paid_search,394.11,5038,229,10,2026-08-20T09:00:00Z
2024-06-05,paid_social,280.38,9880,260,7,2026-08-20T09:00:00Z
2024-06-05,retargeting,130.65,6042,159,10,2026-08-20T09:00:00Z
2024-06-05,email,37.14,7828,206,15,2026-08-20T09:00:00Z
2024-06-06,paid_search,383.74,4906,223,10,2026-08-20T09:00:00Z
2024-06-06,paid_social,312.70,11020,290,7,2026-08-20T09:00:00Z
2024-06-06,retargeting,139.73,6460,170,11,2026-08-20T09:00:00Z
2024-06-06,email,39.32,8284,218,17,2026-08-20T09:00:00Z
2024-06-07,paid_search,371.98,4752,216,9,2026-08-20T09:00:00Z
2024-06-07,paid_social,271.24,9538,251,6,2026-08-20T09:00:00Z
2024-06-07,retargeting,148.02,6878,181,12,2026-08-20T09:00:00Z
2024-06-07,email,38.79,8170,215,17,2026-08-20T09:00:00Z
2024-06-08,paid_search,416.70,5324,242,11,2026-08-20T09:00:00Z
2024-06-08,paid_social,298.52,10488,276,7,2026-08-20T09:00:00Z
2024-06-08,retargeting,146.65,6802,179,11,2026-08-20T09:00:00Z
2024-06-08,email,35.69,7524,198,15,2026-08-20T09:00:00Z
2024-06-09,paid_search,392.38,5016,228,10,2026-08-20T09:00:00Z
2024-06-09,paid_social,316.68,11134,293,7,2026-08-20T09:00:00Z
2024-06-09,retargeting,136.63,6346,167,10,2026-08-20T09:00:00Z
2024-06-09,email,35.15,7410,195,14,2026-08-20T09:00:00Z
2024-06-10,paid_search,411.79,5258,239,10,2026-08-20T09:00:00Z
2024-06-10,paid_social,279.00,9804,258,7,2026-08-20T09:00:00Z
2024-06-10,retargeting,144.94,6726,177,10,2026-08-20T09:00:00Z
2024-06-10,email,35.78,7562,199,15,2026-08-20T09:00:00Z
2024-06-11,paid_search,387.11,4950,225,9,2026-08-20T09:00:00Z
2024-06-11,paid_social,296.96,10450,275,7,2026-08-20T09:00:00Z
2024-06-11,retargeting,134.12,6232,164,10,2026-08-20T09:00:00Z
2024-06-11,email,35.91,7562,199,14,2026-08-20T09:00:00Z
2024-06-12,paid_search,410.81,5258,239,10,2026-08-20T09:00:00Z
2024-06-12,paid_social,308.26,10830,285,8,2026-08-20T09:00:00Z
2024-06-12,retargeting,147.11,6802,179,11,2026-08-20T09:00:00Z
2024-06-12,email,37.02,7828,206,15,2026-08-20T09:00:00Z
2024-06-13,paid_search,391.15,4994,227,10,2026-08-20T09:00:00Z
2024-06-13,paid_social,283.06,9956,262,7,2026-08-20T09:00:00Z
2024-06-13,retargeting,151.28,6992,184,11,2026-08-20T09:00:00Z
2024-06-13,email,36.54,7714,203,15,2026-08-20T09:00:00Z
2024-06-14,paid_search,466.46,5962,271,13,2026-08-20T09:00:00Z
2024-06-14,paid_social,346.37,12198,321,9,2026-08-20T09:00:00Z
2024-06-14,retargeting,154.64,7182,189,12,2026-08-20T09:00:00Z
2024-06-14,email,42.95,9082,239,20,2026-08-20T09:00:00Z
2024-06-15,paid_search,414.20,5302,241,11,2026-08-20T09:00:00Z
2024-06-15,paid_social,352.90,12426,327,9,2026-08-20T09:00:00Z
2024-06-15,retargeting,151.00,6992,184,13,2026-08-20T09:00:00Z
2024-06-15,email,39.92,8436,222,18,2026-08-20T09:00:00Z
2024-06-16,paid_search,464.16,5940,270,13,2026-08-20T09:00:00Z
2024-06-16,paid_social,360.40,12692,334,9,2026-08-20T09:00:00Z
2024-06-16,retargeting,156.15,7220,190,13,2026-08-20T09:00:00Z
2024-06-16,email,40.43,8550,225,19,2026-08-20T09:00:00Z
2024-06-17,paid_search,365.99,4686,213,9,2026-08-20T09:00:00Z
2024-06-17,paid_social,289.04,10184,268,7,2026-08-20T09:00:00Z
2024-06-17,retargeting,134.76,6232,164,10,2026-08-20T09:00:00Z
2024-06-17,email,41.25,8702,229,16,2026-08-20T09:00:00Z
2024-06-18,paid_search,401.41,5126,233,10,2026-08-20T09:00:00Z
2024-06-18,paid_social,293.56,10336,272,7,2026-08-20T09:00:00Z
2024-06-18,retargeting,131.11,6080,160,9,2026-08-20T09:00:00Z
2024-06-18,email,39.48,8322,219,16,2026-08-20T09:00:00Z
2024-06-19,paid_search,385.42,4928,224,10,2026-08-20T09:00:00Z
2024-06-19,paid_social,305.75,10754,283,7,2026-08-20T09:00:00Z
2024-06-19,retargeting,148.12,6878,181,11,2026-08-20T09:00:00Z
2024-06-19,email,35.90,7562,199,15,2026-08-20T09:00:00Z
2024-06-20,paid_search,417.64,5346,243,10,2026-08-20T09:00:00Z
2024-06-20,paid_social,305.20,10754,283,7,2026-08-20T09:00:00Z
2024-06-20,retargeting,133.53,6194,163,10,2026-08-20T09:00:00Z
2024-06-20,email,39.68,8360,220,16,2026-08-20T09:00:00Z
2024-06-21,paid_search,402.01,5148,234,10,2026-08-20T09:00:00Z
2024-06-21,paid_social,298.81,10526,277,7,2026-08-20T09:00:00Z
2024-06-21,retargeting,134.50,6232,164,10,2026-08-20T09:00:00Z
2024-06-21,email,37.38,7904,208,15,2026-08-20T09:00:00Z
2024-06-22,paid_search,405.31,5192,236,10,2026-08-20T09:00:00Z
2024-06-22,paid_social,316.11,11134,293,8,2026-08-20T09:00:00Z
2024-06-22,retargeting,148.28,6878,181,11,2026-08-20T09:00:00Z
2024-06-22,email,38.84,8208,216,16,2026-08-20T09:00:00Z
2024-06-23,paid_search,380.24,4862,221,10,2026-08-20T09:00:00Z
2024-06-23,paid_social,277.11,9766,257,7,2026-08-20T09:00:00Z
2024-06-23,retargeting,144.82,6726,177,11,2026-08-20T09:00:00Z
2024-06-23,email,37.55,7942,209,16,2026-08-20T09:00:00Z
2024-06-24,paid_search,373.19,4774,217,9,2026-08-20T09:00:00Z
2024-06-24,paid_social,309.76,10906,287,8,2026-08-20T09:00:00Z
2024-06-24,retargeting,146.51,6802,179,11,2026-08-20T09:00:00Z
2024-06-24,email,36.98,7790,205,16,2026-08-20T09:00:00Z
2024-06-25,paid_search,371.63,4752,216,10,2026-08-20T09:00:00Z
2024-06-25,paid_social,298.63,10526,277,7,2026-08-20T09:00:00Z
2024-06-25,retargeting,137.78,6384,168,10,2026-08-20T09:00:00Z
2024-06-25,email,40.15,8474,223,16,2026-08-20T09:00:00Z
2024-06-26,paid_search,406.01,5192,236,10,2026-08-20T09:00:00Z
2024-06-26,paid_social,300.73,10564,278,7,2026-08-20T09:00:00Z
2024-06-26,retargeting,133.36,6194,163,10,2026-08-20T09:00:00Z
2024-06-26,email,36.97,7790,205,15,2026-08-20T09:00:00Z
2024-06-27,paid_search,426.81,5456,248,11,2026-08-20T09:00:00Z
2024-06-27,paid_social,308.72,10868,286,8,2026-08-20T09:00:00Z
2024-06-27,retargeting,134.84,6232,164,10,2026-08-20T09:00:00Z
2024-06-27,email,40.75,8588,226,17,2026-08-20T09:00:00Z
2024-06-28,paid_search,381.20,4884,222,10,2026-08-20T09:00:00Z
2024-06-28,paid_social,282.69,9956,262,7,2026-08-20T09:00:00Z
2024-06-28,retargeting,155.49,7220,190,12,2026-08-20T09:00:00Z
2024-06-28,email,37.44,7904,208,16,2026-08-20T09:00:00Z
2024-06-29,paid_search,379.84,4862,221,9,2026-08-20T09:00:00Z
2024-06-29,paid_social,320.30,11286,297,8,2026-08-20T09:00:00Z
2024-06-29,retargeting,135.38,6270,165,10,2026-08-20T09:00:00Z
2024-06-29,email,40.51,8550,225,17,2026-08-20T09:00:00Z
2024-06-30,paid_search,377.08,4818,219,9,2026-08-20T09:00:00Z
2024-06-30,paid_social,310.13,10906,287,7,2026-08-20T09:00:00Z
2024-06-30,retargeting,152.36,7068,186,11,2026-08-20T09:00:00Z
2024-06-30,email,41.38,8740,230,17,2026-08-20T09:00:00Z
2024-07-01,paid_search,528.14,6754,307,15,2026-08-20T09:00:00Z
2024-07-01,paid_social,373.23,13148,346,10,2026-08-20T09:00:00Z
2024-07-01,retargeting,185.48,8588,226,16,2026-08-20T09:00:00Z
2024-07-01,email,43.89,9272,244,22,2026-08-20T09:00:00Z
2024-07-02,paid_search,518.40,6622,301,15,2026-08-20T09:00:00Z
2024-07-02,paid_social,375.32,13224,348,10,2026-08-20T09:00:00Z
2024-07-02,retargeting,167.55,7752,204,14,2026-08-20T09:00:00Z
2024-07-02,email,43.89,9272,244,20,2026-08-20T09:00:00Z
2024-07-03,paid_search,465.20,5940,270,13,2026-08-20T09:00:00Z
2024-07-03,paid_social,373.93,13148,346,11,2026-08-20T09:00:00Z
2024-07-03,retargeting,191.97,8892,234,17,2026-08-20T09:00:00Z
2024-07-03,email,47.18,9956,262,24,2026-08-20T09:00:00Z
2024-07-04,paid_search,535.45,6842,311,15,2026-08-20T09:00:00Z
2024-07-04,paid_social,371.53,13072,344,10,2026-08-20T09:00:00Z
2024-07-04,retargeting,172.83,8018,211,15,2026-08-20T09:00:00Z
2024-07-04,email,46.05,9728,256,22,2026-08-20T09:00:00Z
2024-07-05,paid_search,506.93,6490,295,14,2026-08-20T09:00:00Z
2024-07-05,paid_social,372.60,13110,345,11,2026-08-20T09:00:00Z
2024-07-05,retargeting,181.31,8398,221,15,2026-08-20T09:00:00Z
2024-07-05,email,42.21,8930,235,21,2026-08-20T09:00:00Z
2024-07-06,paid_search,422.26,5412,246,11,2026-08-20T09:00:00Z
2024-07-06,paid_social,327.81,11552,304,8,2026-08-20T09:00:00Z
2024-07-06,retargeting,140.95,6536,172,10,2026-08-20T09:00:00Z
2024-07-06,email,41.76,8816,232,17,2026-08-20T09:00:00Z
2024-07-07,paid_search,381.57,4884,222,9,2026-08-20T09:00:00Z
2024-07-07,paid_social,326.69,11476,302,7,2026-08-20T09:00:00Z
2024-07-07,retargeting,153.19,7106,187,12,2026-08-20T09:00:00Z
2024-07-07,email,39.01,8246,217,16,2026-08-20T09:00:00Z
2024-07-08,paid_search,390.91,4994,227,9,2026-08-20T09:00:00Z
2024-07-08,paid_social,335.09,11780,310,8,2026-08-20T09:00:00Z
2024-07-08,retargeting,147.74,6840,180,11,2026-08-20T09:00:00Z
2024-07-08,email,39.15,8284,218,17,2026-08-20T09:00:00Z
2024-07-09,paid_search,395.57,5060,230,10,2026-08-20T09:00:00Z
2024-07-09,paid_social,289.65,10184,268,7,2026-08-20T09:00:00Z
2024-07-09,retargeting,154.87,7182,189,11,2026-08-20T09:00:00Z
2024-07-09,email,41.01,8664,228,18,2026-08-20T09:00:00Z
2024-07-10,paid_search,418.95,5368,244,10,2026-08-20T09:00:00Z
2024-07-10,paid_social,334.62,11780,310,8,2026-08-20T09:00:00Z
2024-07-10,retargeting,156.67,7258,191,12,2026-08-20T09:00:00Z
2024-07-10,email,40.38,8512,224,16,2026-08-20T09:00:00Z
2024-07-11,paid_search,387.63,4950,225,9,2026-08-20T09:00:00Z
2024-07-11,paid_social,331.50,11666,307,8,2026-08-20T09:00:00Z
2024-07-11,retargeting,158.68,7372,194,12,2026-08-20T09:00:00Z
2024-07-11,email,43.34,9158,241,19,2026-08-20T09:00:00Z
2024-07-12,paid_search,398.05,5082,231,10,2026-08-20T09:00:00Z
2024-07-12,paid_social,324.95,11438,301,8,2026-08-20T09:00:00Z
2024-07-12,retargeting,160.75,7448,196,12,2026-08-20T09:00:00Z
2024-07-12,email,38.30,8094,213,16,2026-08-20T09:00:00Z
2024-07-13,paid_search,412.65,5280,240,10,2026-08-20T09:00:00Z
2024-07-13,paid_social,295.42,10412,274,7,2026-08-20T09:00:00Z
2024-07-13,retargeting,144.11,6688,176,11,2026-08-20T09:00:00Z
2024-07-13,email,38.14,8056,212,15,2026-08-20T09:00:00Z
2024-07-14,paid_search,456.31,5830,265,13,2026-08-20T09:00:00Z
2024-07-14,paid_social,369.19,12996,342,10,2026-08-20T09:00:00Z
2024-07-14,retargeting,179.74,8322,219,15,2026-08-20T09:00:00Z
2024-07-14,email,41.94,8854,233,20,2026-08-20T09:00:00Z
2024-07-15,paid_search,510.95,6534,297,14,2026-08-20T09:00:00Z
2024-07-15,paid_social,382.20,13452,354,10,2026-08-20T09:00:00Z
2024-07-15,retargeting,160.16,7410,195,13,2026-08-20T09:00:00Z
2024-07-15,email,47.35,9994,263,22,2026-08-20T09:00:00Z
2024-07-16,paid_search,463.03,5918,269,12,2026-08-20T09:00:00Z
2024-07-16,paid_social,333.67,11742,309,9,2026-08-20T09:00:00Z
2024-07-16,retargeting,159.84,7410,195,13,2026-08-20T09:00:00Z
2024-07-16,email,45.42,9576,252,20,2026-08-20T09:00:00Z
2024-07-17,paid_search,417.24,5346,243,11,2026-08-20T09:00:00Z
2024-07-17,paid_social,321.08,11286,297,8,2026-08-20T09:00:00Z
2024-07-17,retargeting,140.53,6498,171,10,2026-08-20T09:00:00Z
2024-07-17,email,38.70,8170,215,17,2026-08-20T09:00:00Z
2024-07-18,paid_search,416.71,5324,242,11,2026-08-20T09:00:00Z
2024-07-18,paid_social,307.85,10830,285,7,2026-08-20T09:00:00Z
2024-07-18,retargeting,140.36,6498,171,11,2026-08-20T09:00:00Z
2024-07-18,email,43.77,9234,243,17,2026-08-20T09:00:00Z
2024-07-19,paid_search,444.43,5676,258,11,2026-08-20T09:00:00Z
2024-07-19,paid_social,296.77,10450,275,7,2026-08-20T09:00:00Z
2024-07-19,retargeting,161.59,7486,197,11,2026-08-20T09:00:00Z
2024-07-19,email,44.05,9310,245,17,2026-08-20T09:00:00Z
2024-07-20,paid_search,416.04,5324,242,11,2026-08-20T09:00:00Z
2024-07-20,paid_social,340.28,11970,315,8,2026-08-20T09:00:00Z
2024-07-20,retargeting,157.38,7296,192,11,2026-08-20T09:00:00Z
2024-07-20,email,44.31,9348,246,19,2026-08-20T09:00:00Z
2024-07-21,paid_search,452.03,5786,263,11,2026-08-20T09:00:00Z
2024-07-21,paid_social,314.64,11058,291,8,2026-08-20T09:00:00Z
2024-07-21,retargeting,165.24,7676,202,12,2026-08-20T09:00:00Z
2024-07-21,email,39.84,8398,221,17,2026-08-20T09:00:00Z
2024-07-22,paid_search,413.96,5302,241,11,2026-08-20T09:00:00Z
2024-07-22,paid_social,336.09,11818,311,8,2026-08-20T09:00:00Z
2024-07-22,retargeting,150.26,6954,183,11,2026-08-20T09:00:00Z
2024-07-22,email,43.34,9158,241,17,2026-08-20T09:00:00Z
2024-07-23,paid_search,429.63,5500,250,10,2026-08-20T09:00:00Z
2024-07-23,paid_social,314.31,11058,291,7,2026-08-20T09:00:00Z
2024-07-23,retargeting,154.77,7182,189,11,2026-08-20T09:00:00Z
2024-07-23,email,44.22,9348,246,18,2026-08-20T09:00:00Z
2024-07-24,paid_search,403.42,5170,235,10,2026-08-20T09:00:00Z
2024-07-24,paid_social,345.03,12122,319,8,2026-08-20T09:00:00Z
2024-07-24,retargeting,144.50,6688,176,10,2026-08-20T09:00:00Z
2024-07-24,email,43.41,9158,241,17,2026-08-20T09:00:00Z
2024-07-25,paid_search,408.45,5214,237,10,2026-08-20T09:00:00Z
2024-07-25,paid_social,309.19,10868,286,7,2026-08-20T09:00:00Z
2024-07-25,retargeting,159.13,7372,194,12,2026-08-20T09:00:00Z
2024-07-25,email,43.42,9158,241,17,2026-08-20T09:00:00Z
2024-07-26,paid_search,444.22,5676,258,12,2026-08-20T09:00:00Z
2024-07-26,paid_social,337.61,11894,313,8,2026-08-20T09:00:00Z
2024-07-26,retargeting,146.28,6764,178,11,2026-08-20T09:00:00Z
2024-07-26,email,45.50,9614,253,19,2026-08-20T09:00:00Z
2024-07-27,paid_search,404.41,5170,235,10,2026-08-20T09:00:00Z
2024-07-27,paid_social,310.88,10944,288,8,2026-08-20T09:00:00Z
2024-07-27,retargeting,151.64,7030,185,11,2026-08-20T09:00:00Z
2024-07-27,email,43.16,9120,240,18,2026-08-20T09:00:00Z
2024-07-28,paid_search,442.70,5654,257,11,2026-08-20T09:00:00Z
2024-07-28,paid_social,320.26,11286,297,8,2026-08-20T09:00:00Z
2024-07-28,retargeting,155.71,7220,190,11,2026-08-20T09:00:00Z
2024-07-28,email,42.99,9082,239,19,2026-08-20T09:00:00Z
2024-07-29,paid_search,412.75,5280,240,10,2026-08-20T09:00:00Z
2024-07-29,paid_social,339.66,11970,315,8,2026-08-20T09:00:00Z
2024-07-29,retargeting,148.35,6878,181,11,2026-08-20T09:00:00Z
2024-07-29,email,42.08,8892,234,18,2026-08-20T09:00:00Z
2024-07-30,paid_search,415.82,5324,242,11,2026-08-20T09:00:00Z
2024-07-30,paid_social,316.10,11134,293,8,2026-08-20T09:00:00Z
2024-07-30,retargeting,169.33,7866,207,13,2026-08-20T09:00:00Z
2024-07-30,email,42.37,8930,235,18,2026-08-20T09:00:00Z
2024-07-31,paid_search,448.63,5742,261,11,2026-08-20T09:00:00Z
2024-07-31,paid_social,344.73,12122,319,8,2026-08-20T09:00:00Z
2024-07-31,retargeting,155.34,7182,189,11,2026-08-20T09:00:00Z
2024-07-31,email,44.76,9462,249,19,2026-08-20T09:00:00Z
2024-08-01,paid_search,407.61,5214,237,10,2026-08-20T09:00:00Z
2024-08-01,paid_social,335.56,11818,311,8,2026-08-20T09:00:00Z
2024-08-01,retargeting,150.18,6954,183,11,2026-08-20T09:00:00Z
2024-08-01,email,40.49,8550,225,16,2026-08-20T09:00:00Z
2024-08-02,paid_search,443.86,5676,258,11,2026-08-20T09:00:00Z
2024-08-02,paid_social,345.13,12160,320,8,2026-08-20T09:00:00Z
2024-08-02,retargeting,153.30,7106,187,12,2026-08-20T09:00:00Z
2024-08-02,email,46.67,9842,259,20,2026-08-20T09:00:00Z
2024-08-03,paid_search,423.50,5412,246,11,2026-08-20T09:00:00Z
2024-08-03,paid_social,317.27,11172,294,8,2026-08-20T09:00:00Z
2024-08-03,retargeting,156.73,7258,191,12,2026-08-20T09:00:00Z
2024-08-03,email,44.90,9462,249,18,2026-08-20T09:00:00Z
2024-08-04,paid_search,421.00,5390,245,11,2026-08-20T09:00:00Z
2024-08-04,paid_social,334.02,11742,309,8,2026-08-20T09:00:00Z
2024-08-04,retargeting,160.55,7448,196,12,2026-08-20T09:00:00Z
2024-08-04,email,45.04,9500,250,19,2026-08-20T09:00:00Z
2024-08-05,paid_search,467.20,5984,272,12,2026-08-20T09:00:00Z
2024-08-05,paid_social,353.03,12426,327,9,2026-08-20T09:00:00Z
2024-08-05,retargeting,160.35,7448,196,12,2026-08-20T09:00:00Z
2024-08-05,email,43.99,9272,244,17,2026-08-20T09:00:00Z
2024-08-06,paid_search,459.53,5874,267,11,2026-08-20T09:00:00Z
2024-08-06,paid_social,332.85,11704,308,8,2026-08-20T09:00:00Z
2024-08-06,retargeting,169.15,7828,206,13,2026-08-20T09:00:00Z
2024-08-06,email,45.38,9576,252,18,2026-08-20T09:00:00Z
2024-08-07,paid_search,475.33,6072,276,12,2026-08-20T09:00:00Z
2024-08-07,paid_social,315.34,11096,292,8,2026-08-20T09:00:00Z
2024-08-07,retargeting,163.68,7600,200,13,2026-08-20T09:00:00Z
2024-08-07,email,47.33,9994,263,20,2026-08-20T09:00:00Z
2024-08-08,paid_search,462.94,5918,269,11,2026-08-20T09:00:00Z
2024-08-08,paid_social,334.79,11780,310,8,2026-08-20T09:00:00Z
2024-08-08,retargeting,166.82,7714,203,13,2026-08-20T09:00:00Z
2024-08-08,email,45.79,9652,254,19,2026-08-20T09:00:00Z
2024-08-09,paid_search,437.55,5588,254,11,2026-08-20T09:00:00Z
2024-08-09,paid_social,361.61,12730,335,9,2026-08-20T09:00:00Z
2024-08-09,retargeting,160.92,7448,196,12,2026-08-20T09:00:00Z
2024-08-09,email,44.46,9386,247,19,2026-08-20T09:00:00Z
2024-08-10,paid_search,468.83,6006,273,12,2026-08-20T09:00:00Z
2024-08-10,paid_social,363.32,12768,336,9,2026-08-20T09:00:00Z
2024-08-10,retargeting,161.90,7486,197,12,2026-08-20T09:00:00Z
2024-08-10,email,41.80,8816,232,17,2026-08-20T09:00:00Z
2024-08-11,paid_search,445.58,5698,259,12,2026-08-20T09:00:00Z
2024-08-11,paid_social,370.36,13034,343,9,2026-08-20T09:00:00Z
2024-08-11,retargeting,157.18,7296,192,12,2026-08-20T09:00:00Z
2024-08-11,email,44.25,9348,246,18,2026-08-20T09:00:00Z
2024-08-12,paid_search,479.05,6138,279,12,2026-08-20T09:00:00Z
2024-08-12,paid_social,362.21,12730,335,9,2026-08-20T09:00:00Z
2024-08-12,retargeting,167.49,7752,204,12,2026-08-20T09:00:00Z
2024-08-12,email,45.76,9652,254,19,2026-08-20T09:00:00Z
2024-08-13,paid_search,425.39,5434,247,11,2026-08-20T09:00:00Z
2024-08-13,paid_social,327.35,11514,303,8,2026-08-20T09:00:00Z
2024-08-13,retargeting,163.62,7600,200,12,2026-08-20T09:00:00Z
2024-08-13,email,43.26,9120,240,18,2026-08-20T09:00:00Z
2024-08-14,paid_search,512.26,6556,298,14,2026-08-20T09:00:00Z
2024-08-14,paid_social,372.69,13110,345,10,2026-08-20T09:00:00Z
2024-08-14,retargeting,177.20,8208,216,15,2026-08-20T09:00:00Z
2024-08-14,email,49.06,10374,273,22,2026-08-20T09:00:00Z
2024-08-15,paid_search,542.63,6930,315,15,2026-08-20T09:00:00Z
2024-08-15,paid_social,385.07,13566,357,10,2026-08-20T09:00:00Z
2024-08-15,retargeting,178.23,8246,217,15,2026-08-20T09:00:00Z
2024-08-15,email,49.62,10488,276,22,2026-08-20T09:00:00Z
2024-08-16,paid_search,561.37,7172,326,16,2026-08-20T09:00:00Z
2024-08-16,paid_social,431.18,15162,399,11,2026-08-20T09:00:00Z
2024-08-16,retargeting,192.93,8930,235,16,2026-08-20T09:00:00Z
2024-08-16,email,49.95,10526,277,24,2026-08-20T09:00:00Z
2024-08-17,paid_search,441.56,5654,257,11,2026-08-20T09:00:00Z
2024-08-17,paid_social,347.28,12236,322,9,2026-08-20T09:00:00Z
2024-08-17,retargeting,165.58,7676,202,13,2026-08-20T09:00:00Z
2024-08-17,email,45.14,9538,251,18,2026-08-20T09:00:00Z
2024-08-18,paid_search,472.81,6050,275,12,2026-08-20T09:00:00Z
2024-08-18,paid_social,358.90,12616,332,8,2026-08-20T09:00:00Z
2024-08-18,retargeting,157.41,7296,192,12,2026-08-20T09:00:00Z
2024-08-18,email,49.27,10412,274,20,2026-08-20T09:00:00Z
2024-08-19,paid_search,451.04,5764,262,11,2026-08-20T09:00:00Z
2024-08-19,paid_social,350.29,12312,324,8,2026-08-20T09:00:00Z
2024-08-19,retargeting,178.20,8246,217,13,2026-08-20T09:00:00Z
2024-08-19,email,47.31,9994,263,20,2026-08-20T09:00:00Z
2024-08-20,paid_search,485.08,6204,282,12,2026-08-20T09:00:00Z
2024-08-20,paid_social,370.94,13034,343,9,2026-08-20T09:00:00Z
2024-08-20,retargeting,156.55,7258,191,11,2026-08-20T09:00:00Z
2024-08-20,email,45.24,9538,251,18,2026-08-20T09:00:00Z
2024-08-21,paid_search,453.85,5808,264,11,2026-08-20T09:00:00Z
2024-08-21,paid_social,374.58,13186,347,9,2026-08-20T09:00:00Z
2024-08-21,retargeting,169.98,7866,207,12,2026-08-20T09:00:00Z
2024-08-21,email,43.12,9120,240,17,2026-08-20T09:00:00Z
2024-08-22,paid_search,473.78,6050,275,12,2026-08-20T09:00:00Z
2024-08-22,paid_social,330.77,11628,306,8,2026-08-20T09:00:00Z
2024-08-22,retargeting,176.71,8170,215,14,2026-08-20T09:00:00Z
2024-08-22,email,48.34,10222,269,20,2026-08-20T09:00:00Z
2024-08-23,paid_search,453.67,5808,264,11,2026-08-20T09:00:00Z
2024-08-23,paid_social,348.95,12274,323,8,2026-08-20T09:00:00Z
2024-08-23,retargeting,164.07,7600,200,12,2026-08-20T09:00:00Z
2024-08-23,email,46.25,9766,257,18,2026-08-20T09:00:00Z
2024-08-24,paid_search,478.20,6116,278,12,2026-08-20T09:00:00Z
2024-08-24,paid_social,360.81,12692,334,8,2026-08-20T09:00:00Z
2024-08-24,retargeting,165.75,7676,202,12,2026-08-20T09:00:00Z
2024-08-24,email,47.73,10070,265,21,2026-08-20T09:00:00Z
2024-08-25,paid_search,501.03,6402,291,13,2026-08-20T09:00:00Z
2024-08-25,paid_social,386.60,13604,358,10,2026-08-20T09:00:00Z
2024-08-25,retargeting,186.02,8626,227,15,2026-08-20T09:00:00Z
2024-08-25,email,43.97,9272,244,17,2026-08-20T09:00:00Z
2024-08-26,paid_search,466.55,5962,271,12,2026-08-20T09:00:00Z
2024-08-26,paid_social,349.73,12312,324,9,2026-08-20T09:00:00Z
2024-08-26,retargeting,176.90,8208,216,13,2026-08-20T09:00:00Z
2024-08-26,email,45.58,9614,253,19,2026-08-20T09:00:00Z
2024-08-27,paid_search,500.33,6402,291,12,2026-08-20T09:00:00Z
2024-08-27,paid_social,379.92,13376,352,10,2026-08-20T09:00:00Z
2024-08-27,retargeting,181.87,8436,222,14,2026-08-20T09:00:00Z
2024-08-27,email,49.96,10564,278,21,2026-08-20T09:00:00Z
2024-08-28,paid_search,465.16,5940,270,12,2026-08-20T09:00:00Z
2024-08-28,paid_social,346.02,12160,320,8,2026-08-20T09:00:00Z
2024-08-28,retargeting,173.13,8018,211,13,2026-08-20T09:00:00Z
2024-08-28,email,44.43,9386,247,19,2026-08-20T09:00:00Z
2024-08-29,paid_search,497.23,6358,289,12,2026-08-20T09:00:00Z
2024-08-29,paid_social,345.39,12160,320,9,2026-08-20T09:00:00Z
2024-08-29,retargeting,179.32,8322,219,13,2026-08-20T09:00:00Z
2024-08-29,email,50.75,10716,282,20,2026-08-20T09:00:00Z
2024-08-30,paid_search,472.99,6050,275,12,2026-08-20T09:00:00Z
2024-08-30,paid_social,366.70,12920,340,9,2026-08-20T09:00:00Z
2024-08-30,retargeting,174.80,8094,213,14,2026-08-20T09:00:00Z
2024-08-30,email,47.18,9956,262,20,2026-08-20T09:00:00Z
2024-08-31,paid_search,527.56,6754,307,13,2026-08-20T09:00:00Z
2024-08-31,paid_social,375.51,13224,348,9,2026-08-20T09:00:00Z
2024-08-31,retargeting,168.19,7790,205,13,2026-08-20T09:00:00Z
2024-08-31,email,50.76,10716,282,20,2026-08-20T09:00:00Z
2024-09-01,paid_search,504.80,6446,293,12,2026-08-20T09:00:00Z
2024-09-01,paid_social,369.34,12996,342,9,2026-08-20T09:00:00Z
2024-09-01,retargeting,187.34,8664,228,13,2026-08-20T09:00:00Z
2024-09-01,email,51.82,10944,288,22,2026-08-20T09:00:00Z
2024-09-02,paid_search,456.32,5830,265,11,2026-08-20T09:00:00Z
2024-09-02,paid_social,382.90,13490,355,9,2026-08-20T09:00:00Z
2024-09-02,retargeting,178.16,8246,217,14,2026-08-20T09:00:00Z
2024-09-02,email,50.59,10678,281,22,2026-08-20T09:00:00Z
2024-09-03,paid_search,497.43,6358,289,12,2026-08-20T09:00:00Z
2024-09-03,paid_social,390.36,13718,361,9,2026-08-20T09:00:00Z
2024-09-03,retargeting,185.38,8588,226,14,2026-08-20T09:00:00Z
2024-09-03,email,44.61,9424,248,19,2026-08-20T09:00:00Z
2024-09-04,paid_search,477.66,6116,278,12,2026-08-20T09:00:00Z
2024-09-04,paid_social,345.56,12160,320,8,2026-08-20T09:00:00Z
2024-09-04,retargeting,167.22,7752,204,12,2026-08-20T09:00:00Z
2024-09-04,email,44.80,9462,249,18,2026-08-20T09:00:00Z
2024-09-05,paid_search,458.18,5852,266,11,2026-08-20T09:00:00Z
2024-09-05,paid_social,399.73,14060,370,9,2026-08-20T09:00:00Z
2024-09-05,retargeting,169.49,7866,207,12,2026-08-20T09:00:00Z
2024-09-05,email,46.50,9804,258,19,2026-08-20T09:00:00Z
2024-09-06,paid_search,533.50,6820,310,13,2026-08-20T09:00:00Z
2024-09-06,paid_social,374.02,13148,346,9,2026-08-20T09:00:00Z
2024-09-06,retargeting,167.93,7790,205,13,2026-08-20T09:00:00Z
2024-09-06,email,45.14,9538,251,19,2026-08-20T09:00:00Z
2024-09-07,paid_search,503.32,6446,293,12,2026-08-20T09:00:00Z
2024-09-07,paid_social,381.38,13414,353,10,2026-08-20T09:00:00Z
2024-09-07,retargeting,167.29,7752,204,12,2026-08-20T09:00:00Z
2024-09-07,email,46.12,9728,256,19,2026-08-20T09:00:00Z
2024-09-08,paid_search,477.47,6116,278,11,2026-08-20T09:00:00Z
2024-09-08,paid_social,374.02,13148,346,9,2026-08-20T09:00:00Z
2024-09-08,retargeting,177.07,8208,216,13,2026-08-20T09:00:00Z
2024-09-08,email,46.39,9804,258,19,2026-08-20T09:00:00Z
2024-09-09,paid_search,467.45,5984,272,11,2026-08-20T09:00:00Z
2024-09-09,paid_social,396.86,13946,367,9,2026-08-20T09:00:00Z
2024-09-09,retargeting,172.99,8018,211,13,2026-08-20T09:00:00Z
2024-09-09,email,48.11,10146,267,20,2026-08-20T09:00:00Z
2024-09-10,paid_search,466.43,5962,271,12,2026-08-20T09:00:00Z
2024-09-10,paid_social,373.51,13148,346,9,2026-08-20T09:00:00Z
2024-09-10,retargeting,168.77,7828,206,12,2026-08-20T09:00:00Z
2024-09-10,email,48.52,10260,270,19,2026-08-20T09:00:00Z
2024-09-11,paid_search,533.55,6820,310,14,2026-08-20T09:00:00Z
2024-09-11,paid_social,371.28,13072,344,9,2026-08-20T09:00:00Z
2024-09-11,retargeting,182.33,8436,222,13,2026-08-20T09:00:00Z
2024-09-11,email,50.89,10754,283,20,2026-08-20T09:00:00Z
2024-09-12,paid_search,503.77,6446,293,12,2026-08-20T09:00:00Z
2024-09-12,paid_social,406.94,14326,377,10,2026-08-20T09:00:00Z
2024-09-12,retargeting,184.27,8550,225,14,2026-08-20T09:00:00Z
2024-09-12,email,53.58,11324,298,22,2026-08-20T09:00:00Z
2024-09-13,paid_search,535.78,6842,311,14,2026-08-20T09:00:00Z
2024-09-13,paid_social,411.86,14478,381,9,2026-08-20T09:00:00Z
2024-09-13,retargeting,187.51,8702,229,13,2026-08-20T09:00:00Z
2024-09-13,email,47.94,10108,266,20,2026-08-20T09:00:00Z
2024-09-14,paid_search,587.06,7502,341,17,2026-08-20T09:00:00Z
2024-09-14,paid_social,424.53,14934,393,11,2026-08-20T09:00:00Z
2024-09-14,retargeting,194.60,9006,237,16,2026-08-20T09:00:00Z
2024-09-14,email,53.41,11286,297,24,2026-08-20T09:00:00Z
2024-09-15,paid_search,580.87,7436,338,16,2026-08-20T09:00:00Z
2024-09-15,paid_social,447.81,15770,415,12,2026-08-20T09:00:00Z
2024-09-15,retargeting,207.96,9652,254,17,2026-08-20T09:00:00Z
2024-09-15,email,55.97,11818,311,25,2026-08-20T09:00:00Z
2024-09-16,paid_search,577.22,7392,336,16,2026-08-20T09:00:00Z
2024-09-16,paid_social,414.21,14592,384,11,2026-08-20T09:00:00Z
2024-09-16,retargeting,222.02,10298,271,19,2026-08-20T09:00:00Z
2024-09-16,email,49.86,10526,277,22,2026-08-20T09:00:00Z
2024-09-17,paid_search,553.63,7084,322,14,2026-08-20T09:00:00Z
2024-09-17,paid_social,375.87,13224,348,9,2026-08-20T09:00:00Z
2024-09-17,retargeting,178.84,8284,218,14,2026-08-20T09:00:00Z
2024-09-17,email,52.90,11172,294,21,2026-08-20T09:00:00Z
2024-09-18,paid_search,508.83,6512,296,13,2026-08-20T09:00:00Z
2024-09-18,paid_social,403.35,14174,373,10,2026-08-20T09:00:00Z
2024-09-18,retargeting,194.99,9044,238,15,2026-08-20T09:00:00Z
2024-09-18,email,52.38,11058,291,21,2026-08-20T09:00:00Z
2024-09-19,paid_search,540.12,6908,314,14,2026-08-20T09:00:00Z
2024-09-19,paid_social,373.65,13148,346,9,2026-08-20T09:00:00Z
2024-09-19,retargeting,185.56,8588,226,14,2026-08-20T09:00:00Z
2024-09-19,email,49.27,10412,274,19,2026-08-20T09:00:00Z
2024-09-20,paid_search,522.46,6688,304,13,2026-08-20T09:00:00Z
2024-09-20,paid_social,385.07,13566,357,9,2026-08-20T09:00:00Z
2024-09-20,retargeting,199.51,9234,243,15,2026-08-20T09:00:00Z
2024-09-20,email,54.43,11476,302,23,2026-08-20T09:00:00Z
2024-09-21,paid_search,558.14,7128,324,14,2026-08-20T09:00:00Z
2024-09-21,paid_social,400.33,14098,371,10,2026-08-20T09:00:00Z
2024-09-21,retargeting,174.95,8094,213,13,2026-08-20T09:00:00Z
2024-09-21,email,49.91,10526,277,20,2026-08-20T09:00:00Z
2024-09-22,paid_search,564.66,7216,328,14,2026-08-20T09:00:00Z
2024-09-22,paid_social,415.91,14630,385,10,2026-08-20T09:00:00Z
2024-09-22,retargeting,198.62,9196,242,15,2026-08-20T09:00:00Z
2024-09-22,email,54.53,11514,303,23,2026-08-20T09:00:00Z
2024-09-23,paid_search,504.29,6446,293,13,2026-08-20T09:00:00Z
2024-09-23,paid_social,416.15,14630,385,10,2026-08-20T09:00:00Z
2024-09-23,retargeting,187.90,8702,229,15,2026-08-20T09:00:00Z
2024-09-23,email,47.88,10108,266,19,2026-08-20T09:00:00Z
2024-09-24,paid_search,540.05,6908,314,14,2026-08-20T09:00:00Z
2024-09-24,paid_social,367.66,12920,340,9,2026-08-20T09:00:00Z
2024-09-24,retargeting,201.72,9348,246,15,2026-08-20T09:00:00Z
2024-09-24,email,48.03,10146,267,19,2026-08-20T09:00:00Z
2024-09-25,paid_search,507.75,6490,295,13,2026-08-20T09:00:00Z
2024-09-25,paid_social,375.10,13186,347,9,2026-08-20T09:00:00Z
2024-09-25,retargeting,176.12,8170,215,14,2026-08-20T09:00:00Z
2024-09-25,email,47.84,10108,266,20,2026-08-20T09:00:00Z
2024-09-26,paid_search,545.27,6974,317,14,2026-08-20T09:00:00Z
2024-09-26,paid_social,383.78,13490,355,9,2026-08-20T09:00:00Z
2024-09-26,retargeting,179.89,8322,219,13,2026-08-20T09:00:00Z
2024-09-26,email,50.09,10564,278,20,2026-08-20T09:00:00Z
2024-09-27,paid_search,538.79,6886,313,13,2026-08-20T09:00:00Z
2024-09-27,paid_social,384.39,13528,356,9,2026-08-20T09:00:00Z
2024-09-27,retargeting,180.80,8360,220,13,2026-08-20T09:00:00Z
2024-09-27,email,52.40,11058,291,22,2026-08-20T09:00:00Z
2024-09-28,paid_search,570.27,7304,332,15,2026-08-20T09:00:00Z
2024-09-28,paid_social,425.31,14972,394,10,2026-08-20T09:00:00Z
2024-09-28,retargeting,205.03,9500,250,15,2026-08-20T09:00:00Z
2024-09-28,email,51.40,10868,286,20,2026-08-20T09:00:00Z
2024-09-29,paid_search,547.42,6996,318,14,2026-08-20T09:00:00Z
2024-09-29,paid_social,387.50,13642,359,10,2026-08-20T09:00:00Z
2024-09-29,retargeting,177.58,8246,217,14,2026-08-20T09:00:00Z
2024-09-29,email,52.98,11172,294,22,2026-08-20T09:00:00Z
2024-09-30,paid_search,517.77,6622,301,13,2026-08-20T09:00:00Z
2024-09-30,paid_social,431.05,15162,399,11,2026-08-20T09:00:00Z
2024-09-30,retargeting,205.22,9500,250,15,2026-08-20T09:00:00Z
2024-09-30,email,55.83,11780,310,22,2026-08-20T09:00:00Z
2024-10-01,paid_search,517.62,6622,301,13,2026-08-20T09:00:00Z
2024-10-01,paid_social,380.70,13414,353,10,2026-08-20T09:00:00Z
2024-10-01,retargeting,189.55,8778,231,14,2026-08-20T09:00:00Z
2024-10-01,email,50.48,10640,280,21,2026-08-20T09:00:00Z
2024-10-02,paid_search,518.72,6644,302,13,2026-08-20T09:00:00Z
2024-10-02,paid_social,380.50,13376,352,9,2026-08-20T09:00:00Z
2024-10-02,retargeting,198.98,9234,243,15,2026-08-20T09:00:00Z
2024-10-02,email,52.07,10982,289,21,2026-08-20T09:00:00Z
2024-10-03,paid_search,497.02,6358,289,13,2026-08-20T09:00:00Z
2024-10-03,paid_social,387.49,13642,359,10,2026-08-20T09:00:00Z
2024-10-03,retargeting,202.71,9386,247,15,2026-08-20T09:00:00Z
2024-10-03,email,55.98,11818,311,24,2026-08-20T09:00:00Z
2024-10-04,paid_search,535.51,6842,311,14,2026-08-20T09:00:00Z
2024-10-04,paid_social,435.07,15314,403,10,2026-08-20T09:00:00Z
2024-10-04,retargeting,185.44,8588,226,14,2026-08-20T09:00:00Z
2024-10-04,email,50.56,10678,281,20,2026-08-20T09:00:00Z
2024-10-05,paid_search,574.83,7348,334,14,2026-08-20T09:00:00Z
2024-10-05,paid_social,425.29,14972,394,10,2026-08-20T09:00:00Z
2024-10-05,retargeting,186.05,8626,227,14,2026-08-20T09:00:00Z
2024-10-05,email,51.82,10944,288,22,2026-08-20T09:00:00Z
2024-10-06,paid_search,547.92,7018,319,14,2026-08-20T09:00:00Z
2024-10-06,paid_social,439.89,15466,407,11,2026-08-20T09:00:00Z
2024-10-06,retargeting,193.71,8968,236,15,2026-08-20T09:00:00Z
2024-10-06,email,52.62,11096,292,23,2026-08-20T09:00:00Z
2024-10-07,paid_search,588.63,7524,342,14,2026-08-20T09:00:00Z
2024-10-07,paid_social,408.79,14402,379,10,2026-08-20T09:00:00Z
2024-10-07,retargeting,201.67,9348,246,16,2026-08-20T09:00:00Z
2024-10-07,email,56.72,11970,315,23,2026-08-20T09:00:00Z
2024-10-08,paid_search,554.17,7084,322,13,2026-08-20T09:00:00Z
2024-10-08,paid_social,443.34,15580,410,11,2026-08-20T09:00:00Z
2024-10-08,retargeting,188.02,8702,229,15,2026-08-20T09:00:00Z
2024-10-08,email,55.07,11628,306,22,2026-08-20T09:00:00Z
2024-10-09,paid_search,512.85,6556,298,13,2026-08-20T09:00:00Z
2024-10-09,paid_social,424.48,14934,393,11,2026-08-20T09:00:00Z
2024-10-09,retargeting,187.82,8702,229,14,2026-08-20T09:00:00Z
2024-10-09,email,55.81,11780,310,22,2026-08-20T09:00:00Z
2024-10-10,paid_search,545.76,6974,317,13,2026-08-20T09:00:00Z
2024-10-10,paid_social,385.38,13566,357,9,2026-08-20T09:00:00Z
2024-10-10,retargeting,206.44,9576,252,16,2026-08-20T09:00:00Z
2024-10-10,email,50.27,10602,279,21,2026-08-20T09:00:00Z
2024-10-11,paid_search,539.94,6908,314,13,2026-08-20T09:00:00Z
2024-10-11,paid_social,388.30,13680,360,10,2026-08-20T09:00:00Z
2024-10-11,retargeting,189.87,8816,232,14,2026-08-20T09:00:00Z
2024-10-11,email,54.56,11514,303,23,2026-08-20T09:00:00Z
2024-10-12,paid_search,534.67,6842,311,14,2026-08-20T09:00:00Z
2024-10-12,paid_social,435.55,15314,403,10,2026-08-20T09:00:00Z
2024-10-12,retargeting,205.71,9538,251,15,2026-08-20T09:00:00Z
2024-10-12,email,54.23,11438,301,23,2026-08-20T09:00:00Z
2024-10-13,paid_search,558.84,7150,325,13,2026-08-20T09:00:00Z
2024-10-13,paid_social,425.14,14972,394,10,2026-08-20T09:00:00Z
2024-10-13,retargeting,193.57,8968,236,14,2026-08-20T09:00:00Z
2024-10-13,email,49.71,10488,276,20,2026-08-20T09:00:00Z
2024-10-14,paid_search,582.16,7436,338,16,2026-08-20T09:00:00Z
2024-10-14,paid_social,490.85,17252,454,13,2026-08-20T09:00:00Z
2024-10-14,retargeting,217.19,10070,265,18,2026-08-20T09:00:00Z
2024-10-14,email,54.04,11400,300,24,2026-08-20T09:00:00Z
2024-10-15,paid_search,643.11,8228,374,18,2026-08-20T09:00:00Z
2024-10-15,paid_social,458.98,16150,425,12,2026-08-20T09:00:00Z
2024-10-15,retargeting,237.57,11020,290,20,2026-08-20T09:00:00Z
2024-10-15,email,62.97,13300,350,28,2026-08-20T09:00:00Z
2024-10-16,paid_search,681.22,8712,396,18,2026-08-20T09:00:00Z
2024-10-16,paid_social,453.86,15960,420,12,2026-08-20T09:00:00Z
2024-10-16,retargeting,214.51,9956,262,18,2026-08-20T09:00:00Z
2024-10-16,email,62.39,13186,347,29,2026-08-20T09:00:00Z
2024-10-17,paid_search,529.65,6776,308,14,2026-08-20T09:00:00Z
2024-10-17,paid_social,407.64,14326,377,9,2026-08-20T09:00:00Z
2024-10-17,retargeting,201.56,9348,246,15,2026-08-20T09:00:00Z
2024-10-17,email,58.42,12350,325,25,2026-08-20T09:00:00Z
2024-10-18,paid_search,599.97,7678,349,15,2026-08-20T09:00:00Z
2024-10-18,paid_social,393.98,13870,365,9,2026-08-20T09:00:00Z
2024-10-18,retargeting,193.35,8968,236,14,2026-08-20T09:00:00Z
2024-10-18,email,53.22,11248,296,21,2026-08-20T09:00:00Z
2024-10-19,paid_search,553.30,7084,322,14,2026-08-20T09:00:00Z
2024-10-19,paid_social,444.66,15656,412,11,2026-08-20T09:00:00Z
2024-10-19,retargeting,201.27,9310,245,15,2026-08-20T09:00:00Z
2024-10-19,email,57.29,12084,318,24,2026-08-20T09:00:00Z
2024-10-20,paid_search,596.47,7634,347,15,2026-08-20T09:00:00Z
2024-10-20,paid_social,419.94,14782,389,10,2026-08-20T09:00:00Z
2024-10-20,retargeting,213.34,9880,260,16,2026-08-20T09:00:00Z
2024-10-20,email,56.72,11970,315,23,2026-08-20T09:00:00Z
2024-10-21,paid_search,587.82,7524,342,15,2026-08-20T09:00:00Z
2024-10-21,paid_social,424.09,14934,393,11,2026-08-20T09:00:00Z
2024-10-21,retargeting,189.69,8778,231,14,2026-08-20T09:00:00Z
2024-10-21,email,57.56,12160,320,23,2026-08-20T09:00:00Z
2024-10-22,paid_search,547.07,6996,318,14,2026-08-20T09:00:00Z
2024-10-22,paid_social,429.48,15124,398,10,2026-08-20T09:00:00Z
2024-10-22,retargeting,200.15,9272,244,15,2026-08-20T09:00:00Z
2024-10-22,email,55.63,11742,309,24,2026-08-20T09:00:00Z
2024-10-23,paid_search,604.55,7722,351,15,2026-08-20T09:00:00Z
2024-10-23,paid_social,416.47,14668,386,10,2026-08-20T09:00:00Z
2024-10-23,retargeting,194.13,9006,237,15,2026-08-20T09:00:00Z
2024-10-23,email,51.31,10830,285,22,2026-08-20T09:00:00Z
2024-10-24,paid_search,563.85,7216,328,15,2026-08-20T09:00:00Z
2024-10-24,paid_social,449.95,15846,417,11,2026-08-20T09:00:00Z
2024-10-24,retargeting,207.97,9652,254,16,2026-08-20T09:00:00Z
2024-10-24,email,56.59,11932,314,23,2026-08-20T09:00:00Z
2024-10-25,paid_search,597.62,7634,347,14,2026-08-20T09:00:00Z
2024-10-25,paid_social,413.19,14554,383,10,2026-08-20T09:00:00Z
2024-10-25,retargeting,219.59,10184,268,16,2026-08-20T09:00:00Z
2024-10-25,email,55.83,11780,310,24,2026-08-20T09:00:00Z
2024-10-26,paid_search,546.17,6996,318,13,2026-08-20T09:00:00Z
2024-10-26,paid_social,442.73,15580,410,11,2026-08-20T09:00:00Z
2024-10-26,retargeting,193.74,8968,236,15,2026-08-20T09:00:00Z
2024-10-26,email,54.59,11514,303,23,2026-08-20T09:00:00Z
2024-10-27,paid_search,530.36,6776,308,13,2026-08-20T09:00:00Z
2024-10-27,paid_social,423.26,14896,392,10,2026-08-20T09:00:00Z
2024-10-27,retargeting,200.99,9310,245,15,2026-08-20T09:00:00Z
2024-10-27,email,51.18,10792,284,21,2026-08-20T09:00:00Z
2024-10-28,paid_search,602.60,7700,350,15,2026-08-20T09:00:00Z
2024-10-28,paid_social,427.89,15048,396,11,2026-08-20T09:00:00Z
2024-10-28,retargeting,219.73,10184,268,16,2026-08-20T09:00:00Z
2024-10-28,email,51.03,10792,284,22,2026-08-20T09:00:00Z
2024-10-29,paid_search,563.93,7216,328,14,2026-08-20T09:00:00Z
2024-10-29,paid_social,398.31,14022,369,9,2026-08-20T09:00:00Z
2024-10-29,retargeting,188.84,8740,230,14,2026-08-20T09:00:00Z
2024-10-29,email,57.09,12046,317,23,2026-08-20T09:00:00Z
2024-10-30,paid_search,597.92,7656,348,15,2026-08-20T09:00:00Z
2024-10-30,paid_social,432.01,15200,400,10,2026-08-20T09:00:00Z
2024-10-30,retargeting,192.65,8930,235,14,2026-08-20T09:00:00Z
2024-10-30,email,56.21,11856,312,23,2026-08-20T09:00:00Z
2024-10-31,paid_search,547.36,6996,318,13,2026-08-20T09:00:00Z
2024-10-31,paid_social,437.32,15390,405,11,2026-08-20T09:00:00Z
2024-10-31,retargeting,191.99,8892,234,14,2026-08-20T09:00:00Z
2024-10-31,email,57.32,12084,318,23,2026-08-20T09:00:00Z
2024-11-01,paid_search,526.03,6732,306,13,2026-08-20T09:00:00Z
2024-11-01,paid_social,433.17,15238,401,11,2026-08-20T09:00:00Z
2024-11-01,retargeting,205.99,9538,251,15,2026-08-20T09:00:00Z
2024-11-01,email,60.14,12692,334,25,2026-08-20T09:00:00Z
2024-11-02,paid_search,544.32,6952,316,13,2026-08-20T09:00:00Z
2024-11-02,paid_social,448.48,15770,415,11,2026-08-20T09:00:00Z
2024-11-02,retargeting,201.06,9310,245,14,2026-08-20T09:00:00Z
2024-11-02,email,55.99,11818,311,22,2026-08-20T09:00:00Z
2024-11-03,paid_search,562.73,7194,327,14,2026-08-20T09:00:00Z
2024-11-03,paid_social,404.99,14250,375,9,2026-08-20T09:00:00Z
2024-11-03,retargeting,218.12,10108,266,16,2026-08-20T09:00:00Z
2024-11-03,email,53.31,11248,296,22,2026-08-20T09:00:00Z
2024-11-04,paid_search,537.89,6886,313,13,2026-08-20T09:00:00Z
2024-11-04,paid_social,400.59,14098,371,9,2026-08-20T09:00:00Z
2024-11-04,retargeting,211.92,9804,258,16,2026-08-20T09:00:00Z
2024-11-04,email,52.60,11096,292,22,2026-08-20T09:00:00Z
2024-11-05,paid_search,566.80,7260,330,15,2026-08-20T09:00:00Z
2024-11-05,paid_social,443.61,15618,411,11,2026-08-20T09:00:00Z
2024-11-05,retargeting,209.48,9690,255,15,2026-08-20T09:00:00Z
2024-11-05,email,54.59,11514,303,23,2026-08-20T09:00:00Z
2024-11-06,paid_search,557.47,7128,324,15,2026-08-20T09:00:00Z
2024-11-06,paid_social,402.49,14174,373,10,2026-08-20T09:00:00Z
2024-11-06,retargeting,199.16,9234,243,15,2026-08-20T09:00:00Z
2024-11-06,email,57.70,12198,321,24,2026-08-20T09:00:00Z
2024-11-07,paid_search,538.69,6886,313,13,2026-08-20T09:00:00Z
2024-11-07,paid_social,434.35,15276,402,10,2026-08-20T09:00:00Z
2024-11-07,retargeting,217.21,10070,265,16,2026-08-20T09:00:00Z
2024-11-07,email,58.30,12312,324,23,2026-08-20T09:00:00Z
2024-11-08,paid_search,556.31,7106,323,14,2026-08-20T09:00:00Z
2024-11-08,paid_social,461.70,16264,428,11,2026-08-20T09:00:00Z
2024-11-08,retargeting,195.74,9082,239,15,2026-08-20T09:00:00Z
2024-11-08,email,53.84,11362,299,22,2026-08-20T09:00:00Z
2024-11-09,paid_search,584.11,7480,340,15,2026-08-20T09:00:00Z
2024-11-09,paid_social,443.52,15618,411,10,2026-08-20T09:00:00Z
2024-11-09,retargeting,213.74,9918,261,16,2026-08-20T09:00:00Z
2024-11-09,email,59.96,12654,333,26,2026-08-20T09:00:00Z
2024-11-10,paid_search,607.51,7766,353,14,2026-08-20T09:00:00Z
2024-11-10,paid_social,433.09,15238,401,11,2026-08-20T09:00:00Z
2024-11-10,retargeting,205.16,9500,250,16,2026-08-20T09:00:00Z
2024-11-10,email,59.37,12540,330,24,2026-08-20T09:00:00Z
2024-11-11,paid_search,584.84,7480,340,14,2026-08-20T09:00:00Z
2024-11-11,paid_social,458.37,16112,424,12,2026-08-20T09:00:00Z
2024-11-11,retargeting,206.45,9576,252,15,2026-08-20T09:00:00Z
2024-11-11,email,59.88,12654,333,25,2026-08-20T09:00:00Z
2024-11-12,paid_search,614.74,7854,357,15,2026-08-20T09:00:00Z
2024-11-12,paid_social,466.38,16416,432,11,2026-08-20T09:00:00Z
2024-11-12,retargeting,217.06,10070,265,17,2026-08-20T09:00:00Z
2024-11-12,email,60.42,12768,336,24,2026-08-20T09:00:00Z
2024-11-13,paid_search,619.19,7920,360,16,2026-08-20T09:00:00Z
2024-11-13,paid_social,462.06,16264,428,11,2026-08-20T09:00:00Z
2024-11-13,retargeting,217.67,10070,265,15,2026-08-20T09:00:00Z
2024-11-13,email,56.33,11894,313,24,2026-08-20T09:00:00Z
2024-11-14,paid_search,672.08,8602,391,19,2026-08-20T09:00:00Z
2024-11-14,paid_social,499.02,17556,462,13,2026-08-20T09:00:00Z
2024-11-14,retargeting,235.36,10906,287,20,2026-08-20T09:00:00Z
2024-11-14,email,64.86,13680,360,31,2026-08-20T09:00:00Z
2024-11-15,paid_search,656.75,8404,382,18,2026-08-20T09:00:00Z
2024-11-15,paid_social,507.74,17860,470,13,2026-08-20T09:00:00Z
2024-11-15,retargeting,250.95,11628,306,21,2026-08-20T09:00:00Z
2024-11-15,email,61.78,13034,343,27,2026-08-20T09:00:00Z
2024-11-16,paid_search,666.42,8514,387,19,2026-08-20T09:00:00Z
2024-11-16,paid_social,522.57,18392,484,15,2026-08-20T09:00:00Z
2024-11-16,retargeting,224.66,10412,274,19,2026-08-20T09:00:00Z
2024-11-16,email,59.97,12654,333,28,2026-08-20T09:00:00Z
2024-11-17,paid_search,579.20,7414,337,14,2026-08-20T09:00:00Z
2024-11-17,paid_social,458.06,16112,424,11,2026-08-20T09:00:00Z
2024-11-17,retargeting,206.21,9538,251,15,2026-08-20T09:00:00Z
2024-11-17,email,61.14,12920,340,24,2026-08-20T09:00:00Z
2024-11-18,paid_search,559.46,7150,325,14,2026-08-20T09:00:00Z
2024-11-18,paid_social,433.70,15276,402,10,2026-08-20T09:00:00Z
2024-11-18,retargeting,209.79,9728,256,15,2026-08-20T09:00:00Z
2024-11-18,email,53.05,11210,295,22,2026-08-20T09:00:00Z
2024-11-19,paid_search,560.39,7172,326,14,2026-08-20T09:00:00Z
2024-11-19,paid_social,435.83,15352,404,11,2026-08-20T09:00:00Z
2024-11-19,retargeting,209.76,9728,256,15,2026-08-20T09:00:00Z
2024-11-19,email,53.12,11210,295,22,2026-08-20T09:00:00Z
2024-11-20,paid_search,878.07,11242,511,30,2026-08-20T09:00:00Z
2024-11-20,paid_social,612.52,21546,567,19,2026-08-20T09:00:00Z
2024-11-20,retargeting,307.02,14212,374,31,2026-08-20T09:00:00Z
2024-11-20,email,66.81,14098,371,37,2026-08-20T09:00:00Z
2024-11-21,paid_search,797.06,10186,463,25,2026-08-20T09:00:00Z
2024-11-21,paid_social,604.70,21280,560,19,2026-08-20T09:00:00Z
2024-11-21,retargeting,287.20,13300,350,29,2026-08-20T09:00:00Z
2024-11-21,email,72.33,15276,402,40,2026-08-20T09:00:00Z
2024-11-22,paid_search,790.81,10120,460,27,2026-08-20T09:00:00Z
2024-11-22,paid_social,659.13,23180,610,21,2026-08-20T09:00:00Z
2024-11-22,retargeting,277.72,12882,339,28,2026-08-20T09:00:00Z
2024-11-22,email,67.55,14250,375,37,2026-08-20T09:00:00Z
2024-11-23,paid_search,871.00,11132,506,28,2026-08-20T09:00:00Z
2024-11-23,paid_social,659.89,23218,611,21,2026-08-20T09:00:00Z
2024-11-23,retargeting,293.08,13566,357,29,2026-08-20T09:00:00Z
2024-11-23,email,72.38,15276,402,40,2026-08-20T09:00:00Z
2024-11-24,paid_search,857.04,10956,498,29,2026-08-20T09:00:00Z
2024-11-24,paid_social,653.06,22990,605,22,2026-08-20T09:00:00Z
2024-11-24,retargeting,289.80,13414,353,29,2026-08-20T09:00:00Z
2024-11-24,email,73.30,15466,407,39,2026-08-20T09:00:00Z
2024-11-25,paid_search,799.59,10230,465,27,2026-08-20T09:00:00Z
2024-11-25,paid_social,631.11,22192,584,20,2026-08-20T09:00:00Z
2024-11-25,retargeting,285.37,13224,348,29,2026-08-20T09:00:00Z
2024-11-25,email,72.71,15352,404,41,2026-08-20T09:00:00Z
2024-11-26,paid_search,883.31,11308,514,29,2026-08-20T09:00:00Z
2024-11-26,paid_social,588.35,20710,545,19,2026-08-20T09:00:00Z
2024-11-26,retargeting,316.97,14706,387,31,2026-08-20T09:00:00Z
2024-11-26,email,68.99,14554,383,38,2026-08-20T09:00:00Z
2024-11-27,paid_search,784.86,10032,456,27,2026-08-20T09:00:00Z
2024-11-27,paid_social,604.64,21280,560,19,2026-08-20T09:00:00Z
2024-11-27,retargeting,286.01,13262,349,28,2026-08-20T09:00:00Z
2024-11-27,email,73.02,15428,406,41,2026-08-20T09:00:00Z
2024-11-28,paid_search,842.61,10780,490,27,2026-08-20T09:00:00Z
2024-11-28,paid_social,661.81,23294,613,21,2026-08-20T09:00:00Z
2024-11-28,retargeting,322.84,14972,394,32,2026-08-20T09:00:00Z
2024-11-28,email,72.62,15314,403,39,2026-08-20T09:00:00Z
2024-11-29,paid_search,870.30,11132,506,30,2026-08-20T09:00:00Z
2024-11-29,paid_social,610.74,21470,565,19,2026-08-20T09:00:00Z
2024-11-29,retargeting,283.99,13148,346,29,2026-08-20T09:00:00Z
2024-11-29,email,72.82,15390,405,38,2026-08-20T09:00:00Z
2024-11-30,paid_search,866.88,11088,504,29,2026-08-20T09:00:00Z
2024-11-30,paid_social,672.04,23636,622,22,2026-08-20T09:00:00Z
2024-11-30,retargeting,310.81,14402,379,30,2026-08-20T09:00:00Z
2024-11-30,email,72.31,15276,402,38,2026-08-20T09:00:00Z
2024-12-01,paid_search,836.40,10692,486,25,2026-08-20T09:00:00Z
2024-12-01,paid_social,592.69,20862,549,19,2026-08-20T09:00:00Z
2024-12-01,retargeting,289.01,13376,352,27,2026-08-20T09:00:00Z
2024-12-01,email,71.38,15086,397,36,2026-08-20T09:00:00Z
2024-12-02,paid_search,733.28,9372,426,24,2026-08-20T09:00:00Z
2024-12-02,paid_social,614.35,21622,569,19,2026-08-20T09:00:00Z
2024-12-02,retargeting,300.56,13946,367,29,2026-08-20T09:00:00Z
2024-12-02,email,72.85,15390,405,38,2026-08-20T09:00:00Z
2024-12-03,paid_search,801.92,10252,466,26,2026-08-20T09:00:00Z
2024-12-03,paid_social,591.34,20824,548,17,2026-08-20T09:00:00Z
2024-12-03,retargeting,284.06,13148,346,28,2026-08-20T09:00:00Z
2024-12-03,email,67.35,14212,374,35,2026-08-20T09:00:00Z
2024-12-04,paid_search,807.92,10340,470,26,2026-08-20T09:00:00Z
2024-12-04,paid_social,545.12,19190,505,16,2026-08-20T09:00:00Z
2024-12-04,retargeting,303.09,14060,370,30,2026-08-20T09:00:00Z
2024-12-04,email,69.21,14592,384,35,2026-08-20T09:00:00Z
2024-12-05,paid_search,792.39,10142,461,24,2026-08-20T09:00:00Z
2024-12-05,paid_social,620.83,21850,575,18,2026-08-20T09:00:00Z
2024-12-05,retargeting,274.50,12730,335,25,2026-08-20T09:00:00Z
2024-12-05,email,71.56,15124,398,37,2026-08-20T09:00:00Z
2024-12-06,paid_search,725.70,9284,422,24,2026-08-20T09:00:00Z
2024-12-06,paid_social,626.60,22040,580,19,2026-08-20T09:00:00Z
2024-12-06,retargeting,276.96,12844,338,25,2026-08-20T09:00:00Z
2024-12-06,email,71.09,15010,395,36,2026-08-20T09:00:00Z
2024-12-07,paid_search,805.15,10296,468,25,2026-08-20T09:00:00Z
2024-12-07,paid_social,570.10,20064,528,18,2026-08-20T09:00:00Z
2024-12-07,retargeting,294.55,13642,359,27,2026-08-20T09:00:00Z
2024-12-07,email,64.05,13528,356,32,2026-08-20T09:00:00Z
2024-12-08,paid_search,739.03,9460,430,23,2026-08-20T09:00:00Z
2024-12-08,paid_social,560.58,19722,519,17,2026-08-20T09:00:00Z
2024-12-08,retargeting,297.89,13794,363,30,2026-08-20T09:00:00Z
2024-12-08,email,65.94,13908,366,36,2026-08-20T09:00:00Z
2024-12-09,paid_search,740.58,9482,431,24,2026-08-20T09:00:00Z
2024-12-09,paid_social,584.89,20596,542,18,2026-08-20T09:00:00Z
2024-12-09,retargeting,287.90,13338,351,27,2026-08-20T09:00:00Z
2024-12-09,email,63.97,13490,355,34,2026-08-20T09:00:00Z
2024-12-10,paid_search,736.00,9416,428,24,2026-08-20T09:00:00Z
2024-12-10,paid_social,554.50,19494,513,16,2026-08-20T09:00:00Z
2024-12-10,retargeting,271.63,12578,331,25,2026-08-20T09:00:00Z
2024-12-10,email,64.96,13718,361,35,2026-08-20T09:00:00Z
2024-12-11,paid_search,835.59,10692,486,26,2026-08-20T09:00:00Z
2024-12-11,paid_social,592.71,20862,549,18,2026-08-20T09:00:00Z
2024-12-11,retargeting,260.43,12084,318,25,2026-08-20T09:00:00Z
2024-12-11,email,64.71,13642,359,35,2026-08-20T09:00:00Z
2024-12-12,paid_search,815.81,10428,474,26,2026-08-20T09:00:00Z
2024-12-12,paid_social,632.65,22268,586,20,2026-08-20T09:00:00Z
2024-12-12,retargeting,282.89,13110,345,25,2026-08-20T09:00:00Z
2024-12-12,email,62.19,13110,345,33,2026-08-20T09:00:00Z
2024-12-13,paid_search,818.74,10472,476,26,2026-08-20T09:00:00Z
2024-12-13,paid_social,593.57,20900,550,18,2026-08-20T09:00:00Z
2024-12-13,retargeting,264.42,12236,322,25,2026-08-20T09:00:00Z
2024-12-13,email,70.71,14934,393,38,2026-08-20T09:00:00Z
2024-12-14,paid_search,773.20,9900,450,24,2026-08-20T09:00:00Z
2024-12-14,paid_social,554.45,19494,513,17,2026-08-20T09:00:00Z
2024-12-14,retargeting,292.63,13566,357,28,2026-08-20T09:00:00Z
2024-12-14,email,71.20,15048,396,37,2026-08-20T09:00:00Z
2024-12-15,paid_search,802.02,10252,466,24,2026-08-20T09:00:00Z
2024-12-15,paid_social,629.78,22154,583,19,2026-08-20T09:00:00Z
2024-12-15,retargeting,264.99,12274,323,25,2026-08-20T09:00:00Z
2024-12-15,email,71.68,15124,398,39,2026-08-20T09:00:00Z
2024-12-16,paid_search,791.96,10120,460,26,2026-08-20T09:00:00Z
2024-12-16,paid_social,539.93,19000,500,16,2026-08-20T09:00:00Z
2024-12-16,retargeting,282.26,13072,344,26,2026-08-20T09:00:00Z
2024-12-16,email,62.80,13262,349,33,2026-08-20T09:00:00Z
2024-12-17,paid_search,769.04,9834,447,24,2026-08-20T09:00:00Z
2024-12-17,paid_social,596.93,21014,553,17,2026-08-20T09:00:00Z
2024-12-17,retargeting,257.52,11932,314,23,2026-08-20T09:00:00Z
2024-12-17,email,63.30,13376,352,32,2026-08-20T09:00:00Z
2024-12-18,paid_search,735.99,9416,428,23,2026-08-20T09:00:00Z
2024-12-18,paid_social,539.05,18962,499,16,2026-08-20T09:00:00Z
2024-12-18,retargeting,294.94,13680,360,28,2026-08-20T09:00:00Z
2024-12-18,email,64.30,13566,357,34,2026-08-20T09:00:00Z
2024-12-19,paid_search,615.86,7876,358,15,2026-08-20T09:00:00Z
2024-12-19,paid_social,458.36,16112,424,11,2026-08-20T09:00:00Z
2024-12-19,retargeting,214.92,9956,262,17,2026-08-20T09:00:00Z
2024-12-19,email,53.35,11248,296,22,2026-08-20T09:00:00Z
2024-12-20,paid_search,586.17,7502,341,14,2026-08-20T09:00:00Z
2024-12-20,paid_social,455.45,16036,422,11,2026-08-20T09:00:00Z
2024-12-20,retargeting,198.69,9196,242,15,2026-08-20T09:00:00Z
2024-12-20,email,52.03,10982,289,21,2026-08-20T09:00:00Z
2024-12-21,paid_search,561.44,7172,326,14,2026-08-20T09:00:00Z
2024-12-21,paid_social,446.63,15732,414,11,2026-08-20T09:00:00Z
2024-12-21,retargeting,216.76,10032,264,16,2026-08-20T09:00:00Z
2024-12-21,email,54.71,11552,304,23,2026-08-20T09:00:00Z
2024-12-22,paid_search,585.51,7480,340,15,2026-08-20T09:00:00Z
2024-12-22,paid_social,428.84,15086,397,11,2026-08-20T09:00:00Z
2024-12-22,retargeting,214.58,9956,262,15,2026-08-20T09:00:00Z
2024-12-22,email,59.28,12502,329,24,2026-08-20T09:00:00Z
2024-12-23,paid_search,619.38,7920,360,16,2026-08-20T09:00:00Z
2024-12-23,paid_social,418.19,14706,387,10,2026-08-20T09:00:00Z
2024-12-23,retargeting,197.04,9120,240,14,2026-08-20T09:00:00Z
2024-12-23,email,59.11,12464,328,25,2026-08-20T09:00:00Z
2024-12-24,paid_search,560.71,7172,326,14,2026-08-20T09:00:00Z
2024-12-24,paid_social,407.19,14326,377,10,2026-08-20T09:00:00Z
2024-12-24,retargeting,218.57,10146,267,16,2026-08-20T09:00:00Z
2024-12-24,email,51.91,10944,288,21,2026-08-20T09:00:00Z
2024-12-25,paid_search,578.05,7392,336,15,2026-08-20T09:00:00Z
2024-12-25,paid_social,454.60,15998,421,11,2026-08-20T09:00:00Z
2024-12-25,retargeting,193.59,8968,236,14,2026-08-20T09:00:00Z
2024-12-25,email,55.23,11666,307,22,2026-08-20T09:00:00Z
2024-12-26,paid_search,543.49,6952,316,13,2026-08-20T09:00:00Z
2024-12-26,paid_social,468.33,16492,434,11,2026-08-20T09:00:00Z
2024-12-26,retargeting,217.15,10070,265,15,2026-08-20T09:00:00Z
2024-12-26,email,56.27,11894,313,24,2026-08-20T09:00:00Z
2024-12-27,paid_search,572.83,7326,333,15,2026-08-20T09:00:00Z
2024-12-27,paid_social,468.57,16492,434,11,2026-08-20T09:00:00Z
2024-12-27,retargeting,206.18,9538,251,15,2026-08-20T09:00:00Z
2024-12-27,email,54.17,11438,301,22,2026-08-20T09:00:00Z
2024-12-28,paid_search,542.46,6930,315,14,2026-08-20T09:00:00Z
2024-12-28,paid_social,464.53,16340,430,11,2026-08-20T09:00:00Z
2024-12-28,retargeting,192.45,8930,235,15,2026-08-20T09:00:00Z
2024-12-28,email,59.48,12540,330,25,2026-08-20T09:00:00Z
2024-12-29,paid_search,578.08,7392,336,14,2026-08-20T09:00:00Z
2024-12-29,paid_social,435.93,15352,404,11,2026-08-20T09:00:00Z
2024-12-29,retargeting,209.66,9728,256,16,2026-08-20T09:00:00Z
2024-12-29,email,54.38,11476,302,22,2026-08-20T09:00:00Z
2024-12-30,paid_search,556.00,7106,323,14,2026-08-20T09:00:00Z
2024-12-30,paid_social,400.71,14098,371,10,2026-08-20T09:00:00Z
2024-12-30,retargeting,218.55,10146,267,16,2026-08-20T09:00:00Z
2024-12-30,email,51.57,10906,287,22,2026-08-20T09:00:00Z
2024-12-31,paid_search,599.77,7678,349,15,2026-08-20T09:00:00Z
2024-12-31,paid_social,421.05,14820,390,10,2026-08-20T09:00:00Z
2024-12-31,retargeting,212.24,9842,259,16,2026-08-20T09:00:00Z
2024-12-31,email,59.10,12464,328,25,2026-08-20T09:00:00Z
2025-01-01,paid_search,615.92,7876,358,16,2026-08-20T09:00:00Z
2025-01-01,paid_social,466.09,16416,432,11,2026-08-20T09:00:00Z
2025-01-01,retargeting,192.88,8930,235,14,2026-08-20T09:00:00Z
2025-01-01,email,56.61,11932,314,24,2026-08-20T09:00:00Z
2025-01-02,paid_search,606.80,7766,353,15,2026-08-20T09:00:00Z
2025-01-02,paid_social,401.59,14136,372,10,2026-08-20T09:00:00Z
2025-01-02,retargeting,208.49,9652,254,15,2026-08-20T09:00:00Z
2025-01-02,email,59.73,12616,332,23,2026-08-20T09:00:00Z
2025-01-03,paid_search,571.72,7304,332,14,2026-08-20T09:00:00Z
2025-01-03,paid_social,457.04,16074,423,11,2026-08-20T09:00:00Z
2025-01-03,retargeting,205.41,9500,250,15,2026-08-20T09:00:00Z
2025-01-03,email,57.27,12084,318,24,2026-08-20T09:00:00Z
2025-01-04,paid_search,586.26,7502,341,15,2026-08-20T09:00:00Z
2025-01-04,paid_social,453.50,15960,420,10,2026-08-20T09:00:00Z
2025-01-04,retargeting,189.21,8778,231,13,2026-08-20T09:00:00Z
2025-01-04,email,53.13,11210,295,22,2026-08-20T09:00:00Z
2025-01-05,paid_search,602.92,7722,351,15,2026-08-20T09:00:00Z
2025-01-05,paid_social,415.77,14630,385,10,2026-08-20T09:00:00Z
2025-01-05,retargeting,197.62,9158,241,15,2026-08-20T09:00:00Z
2025-01-05,email,56.71,11970,315,24,2026-08-20T09:00:00Z
2025-01-06,paid_search,604.13,7722,351,15,2026-08-20T09:00:00Z
2025-01-06,paid_social,421.82,14858,391,10,2026-08-20T09:00:00Z
2025-01-06,retargeting,203.19,9424,248,15,2026-08-20T09:00:00Z
2025-01-06,email,57.55,12160,320,23,2026-08-20T09:00:00Z
2025-01-07,paid_search,556.04,7106,323,14,2026-08-20T09:00:00Z
2025-01-07,paid_social,430.27,15124,398,11,2026-08-20T09:00:00Z
2025-01-07,retargeting,209.15,9690,255,15,2026-08-20T09:00:00Z
2025-01-07,email,56.96,12008,316,24,2026-08-20T09:00:00Z
2025-01-08,paid_search,570.57,7304,332,15,2026-08-20T09:00:00Z
2025-01-08,paid_social,456.51,16074,423,11,2026-08-20T09:00:00Z
2025-01-08,retargeting,217.38,10070,265,16,2026-08-20T09:00:00Z
2025-01-08,email,51.89,10944,288,21,2026-08-20T09:00:00Z
2025-01-09,paid_search,531.61,6798,309,13,2026-08-20T09:00:00Z
2025-01-09,paid_social,420.32,14782,389,10,2026-08-20T09:00:00Z
2025-01-09,retargeting,211.76,9804,258,16,2026-08-20T09:00:00Z
2025-01-09,email,52.38,11058,291,22,2026-08-20T09:00:00Z
2025-01-10,paid_search,568.40,7260,330,14,2026-08-20T09:00:00Z
2025-01-10,paid_social,416.55,14668,386,10,2026-08-20T09:00:00Z
2025-01-10,retargeting,200.70,9310,245,15,2026-08-20T09:00:00Z
2025-01-10,email,58.65,12388,326,25,2026-08-20T09:00:00Z
2025-01-11,paid_search,567.05,7260,330,14,2026-08-20T09:00:00Z
2025-01-11,paid_social,415.94,14630,385,10,2026-08-20T09:00:00Z
2025-01-11,retargeting,195.32,9044,238,15,2026-08-20T09:00:00Z
2025-01-11,email,58.26,12312,324,24,2026-08-20T09:00:00Z
2025-01-12,paid_search,583.08,7458,339,14,2026-08-20T09:00:00Z
2025-01-12,paid_social,424.41,14934,393,10,2026-08-20T09:00:00Z
2025-01-12,retargeting,191.27,8854,233,14,2026-08-20T09:00:00Z
2025-01-12,email,57.23,12084,318,24,2026-08-20T09:00:00Z
2025-01-13,paid_search,602.55,7700,350,15,2026-08-20T09:00:00Z
2025-01-13,paid_social,396.40,13946,367,10,2026-08-20T09:00:00Z
2025-01-13,retargeting,214.80,9956,262,16,2026-08-20T09:00:00Z
2025-01-13,email,56.61,11932,314,22,2026-08-20T09:00:00Z
2025-01-14,paid_search,637.17,8140,370,17,2026-08-20T09:00:00Z
2025-01-14,paid_social,477.62,16796,442,13,2026-08-20T09:00:00Z
2025-01-14,retargeting,229.28,10640,280,19,2026-08-20T09:00:00Z
2025-01-14,email,61.54,12996,342,28,2026-08-20T09:00:00Z
2025-01-15,paid_search,636.18,8140,370,18,2026-08-20T09:00:00Z
2025-01-15,paid_social,507.92,17860,470,14,2026-08-20T09:00:00Z
2025-01-15,retargeting,224.56,10412,274,19,2026-08-20T09:00:00Z
2025-01-15,email,58.08,12274,323,26,2026-08-20T09:00:00Z
2025-01-16,paid_search,595.09,7612,346,17,2026-08-20T09:00:00Z
2025-01-16,paid_social,512.28,18012,474,14,2026-08-20T09:00:00Z
2025-01-16,retargeting,212.55,9842,259,18,2026-08-20T09:00:00Z
2025-01-16,email,57.74,12198,321,26,2026-08-20T09:00:00Z
2025-01-17,paid_search,593.30,7590,345,15,2026-08-20T09:00:00Z
2025-01-17,paid_social,423.29,14896,392,10,2026-08-20T09:00:00Z
2025-01-17,retargeting,201.85,9348,246,16,2026-08-20T09:00:00Z
2025-01-17,email,53.50,11286,297,21,2026-08-20T09:00:00Z
2025-01-18,paid_search,591.90,7568,344,14,2026-08-20T09:00:00Z
2025-01-18,paid_social,428.46,15086,397,10,2026-08-20T09:00:00Z
2025-01-18,retargeting,215.21,9956,262,17,2026-08-20T09:00:00Z
2025-01-18,email,51.16,10792,284,21,2026-08-20T09:00:00Z
2025-01-19,paid_search,553.66,7084,322,14,2026-08-20T09:00:00Z
2025-01-19,paid_social,411.77,14478,381,10,2026-08-20T09:00:00Z
2025-01-19,retargeting,185.92,8626,227,14,2026-08-20T09:00:00Z
2025-01-19,email,53.07,11210,295,23,2026-08-20T09:00:00Z
2025-01-20,paid_search,582.55,7458,339,14,2026-08-20T09:00:00Z
2025-01-20,paid_social,424.70,14934,393,11,2026-08-20T09:00:00Z
2025-01-20,retargeting,189.13,8778,231,14,2026-08-20T09:00:00Z
2025-01-20,email,54.77,11552,304,22,2026-08-20T09:00:00Z
2025-01-21,paid_search,559.58,7150,325,14,2026-08-20T09:00:00Z
2025-01-21,paid_social,443.67,15618,411,11,2026-08-20T09:00:00Z
2025-01-21,retargeting,187.52,8702,229,14,2026-08-20T09:00:00Z
2025-01-21,email,55.65,11742,309,22,2026-08-20T09:00:00Z
2025-01-22,paid_search,588.31,7524,342,15,2026-08-20T09:00:00Z
2025-01-22,paid_social,417.11,14668,386,10,2026-08-20T09:00:00Z
2025-01-22,retargeting,183.65,8512,224,14,2026-08-20T09:00:00Z
2025-01-22,email,51.95,10982,289,20,2026-08-20T09:00:00Z
2025-01-23,paid_search,552.49,7062,321,14,2026-08-20T09:00:00Z
2025-01-23,paid_social,420.61,14782,389,10,2026-08-20T09:00:00Z
2025-01-23,retargeting,204.85,9500,250,15,2026-08-20T09:00:00Z
2025-01-23,email,53.16,11210,295,22,2026-08-20T09:00:00Z
2025-01-24,paid_search,507.51,6490,295,12,2026-08-20T09:00:00Z
2025-01-24,paid_social,444.91,15656,412,10,2026-08-20T09:00:00Z
2025-01-24,retargeting,213.45,9880,260,17,2026-08-20T09:00:00Z
2025-01-24,email,49.73,10488,276,21,2026-08-20T09:00:00Z
2025-01-25,paid_search,531.06,6798,309,14,2026-08-20T09:00:00Z
2025-01-25,paid_social,387.98,13642,359,9,2026-08-20T09:00:00Z
2025-01-25,retargeting,204.25,9462,249,15,2026-08-20T09:00:00Z
2025-01-25,email,57.29,12084,318,23,2026-08-20T09:00:00Z
2025-01-26,paid_search,544.53,6974,317,14,2026-08-20T09:00:00Z
2025-01-26,paid_social,396.69,13946,367,9,2026-08-20T09:00:00Z
2025-01-26,retargeting,205.39,9500,250,16,2026-08-20T09:00:00Z
2025-01-26,email,52.01,10982,289,22,2026-08-20T09:00:00Z
2025-01-27,paid_search,579.56,7414,337,14,2026-08-20T09:00:00Z
2025-01-27,paid_social,379.41,13338,351,9,2026-08-20T09:00:00Z
2025-01-27,retargeting,192.73,8930,235,15,2026-08-20T09:00:00Z
2025-01-27,email,55.73,11780,310,24,2026-08-20T09:00:00Z
2025-01-28,paid_search,582.82,7458,339,15,2026-08-20T09:00:00Z
2025-01-28,paid_social,390.03,13718,361,10,2026-08-20T09:00:00Z
2025-01-28,retargeting,185.42,8588,226,13,2026-08-20T09:00:00Z
2025-01-28,email,55.77,11780,310,22,2026-08-20T09:00:00Z
2025-01-29,paid_search,534.82,6842,311,14,2026-08-20T09:00:00Z
2025-01-29,paid_social,387.49,13642,359,10,2026-08-20T09:00:00Z
2025-01-29,retargeting,210.79,9766,257,15,2026-08-20T09:00:00Z
2025-01-29,email,54.29,11476,302,23,2026-08-20T09:00:00Z
2025-01-30,paid_search,536.83,6864,312,13,2026-08-20T09:00:00Z
2025-01-30,paid_social,420.17,14782,389,10,2026-08-20T09:00:00Z
2025-01-30,retargeting,185.13,8588,226,13,2026-08-20T09:00:00Z
2025-01-30,email,53.42,11286,297,23,2026-08-20T09:00:00Z
2025-01-31,paid_search,526.68,6732,306,14,2026-08-20T09:00:00Z
2025-01-31,paid_social,411.71,14478,381,10,2026-08-20T09:00:00Z
2025-01-31,retargeting,187.12,8664,228,14,2026-08-20T09:00:00Z
2025-01-31,email,50.70,10716,282,21,2026-08-20T09:00:00Z
2025-02-01,paid_search,503.73,6446,293,13,2026-08-20T09:00:00Z
2025-02-01,paid_social,382.23,13452,354,9,2026-08-20T09:00:00Z
2025-02-01,retargeting,187.71,8702,229,14,2026-08-20T09:00:00Z
2025-02-01,email,52.92,11172,294,23,2026-08-20T09:00:00Z
2025-02-02,paid_search,545.09,6974,317,14,2026-08-20T09:00:00Z
2025-02-02,paid_social,397.62,13984,368,9,2026-08-20T09:00:00Z
2025-02-02,retargeting,189.88,8816,232,15,2026-08-20T09:00:00Z
2025-02-02,email,55.36,11704,308,23,2026-08-20T09:00:00Z
2025-02-03,paid_search,517.77,6622,301,13,2026-08-20T09:00:00Z
2025-02-03,paid_social,431.30,15162,399,10,2026-08-20T09:00:00Z
2025-02-03,retargeting,183.13,8474,223,13,2026-08-20T09:00:00Z
2025-02-03,email,53.76,11362,299,22,2026-08-20T09:00:00Z
2025-02-04,paid_search,560.96,7172,326,14,2026-08-20T09:00:00Z
2025-02-04,paid_social,403.92,14212,374,10,2026-08-20T09:00:00Z
2025-02-04,retargeting,191.08,8854,233,14,2026-08-20T09:00:00Z
2025-02-04,email,53.53,11286,297,23,2026-08-20T09:00:00Z
2025-02-05,paid_search,504.74,6446,293,12,2026-08-20T09:00:00Z
2025-02-05,paid_social,396.90,13946,367,10,2026-08-20T09:00:00Z
2025-02-05,retargeting,186.83,8664,228,13,2026-08-20T09:00:00Z
2025-02-05,email,49.41,10450,275,20,2026-08-20T09:00:00Z
2025-02-06,paid_search,544.13,6952,316,13,2026-08-20T09:00:00Z
2025-02-06,paid_social,387.18,13604,358,9,2026-08-20T09:00:00Z
2025-02-06,retargeting,193.92,8968,236,14,2026-08-20T09:00:00Z
2025-02-06,email,50.64,10678,281,20,2026-08-20T09:00:00Z
2025-02-07,paid_search,514.75,6578,299,13,2026-08-20T09:00:00Z
2025-02-07,paid_social,381.17,13414,353,9,2026-08-20T09:00:00Z
2025-02-07,retargeting,189.43,8778,231,14,2026-08-20T09:00:00Z
2025-02-07,email,51.86,10944,288,22,2026-08-20T09:00:00Z
2025-02-08,paid_search,557.48,7128,324,13,2026-08-20T09:00:00Z
2025-02-08,paid_social,384.35,13528,356,9,2026-08-20T09:00:00Z
2025-02-08,retargeting,203.24,9424,248,15,2026-08-20T09:00:00Z
2025-02-08,email,55.19,11666,307,23,2026-08-20T09:00:00Z
2025-02-09,paid_search,520.62,6666,303,13,2026-08-20T09:00:00Z
2025-02-09,paid_social,415.83,14630,385,10,2026-08-20T09:00:00Z
2025-02-09,retargeting,182.04,8436,222,13,2026-08-20T09:00:00Z
2025-02-09,email,50.70,10716,282,20,2026-08-20T09:00:00Z
2025-02-10,paid_search,564.15,7216,328,14,2026-08-20T09:00:00Z
2025-02-10,paid_social,421.44,14820,390,10,2026-08-20T09:00:00Z
2025-02-10,retargeting,198.50,9196,242,15,2026-08-20T09:00:00Z
2025-02-10,email,54.97,11590,305,22,2026-08-20T09:00:00Z
2025-02-11,paid_search,511.73,6556,298,12,2026-08-20T09:00:00Z
2025-02-11,paid_social,403.85,14212,374,10,2026-08-20T09:00:00Z
2025-02-11,retargeting,179.80,8322,219,14,2026-08-20T09:00:00Z
2025-02-11,email,51.90,10944,288,20,2026-08-20T09:00:00Z
2025-02-12,paid_search,485.54,6204,282,12,2026-08-20T09:00:00Z
2025-02-12,paid_social,384.98,13528,356,10,2026-08-20T09:00:00Z
2025-02-12,retargeting,193.63,8968,236,14,2026-08-20T09:00:00Z
2025-02-12,email,55.23,11666,307,22,2026-08-20T09:00:00Z
2025-02-13,paid_search,557.85,7128,324,14,2026-08-20T09:00:00Z
2025-02-13,paid_social,419.60,14782,389,10,2026-08-20T09:00:00Z
2025-02-13,retargeting,181.52,8398,221,14,2026-08-20T09:00:00Z
2025-02-13,email,51.71,10906,287,21,2026-08-20T09:00:00Z
2025-02-14,paid_search,588.61,7524,342,16,2026-08-20T09:00:00Z
2025-02-14,paid_social,470.12,16530,435,12,2026-08-20T09:00:00Z
2025-02-14,retargeting,218.36,10108,266,18,2026-08-20T09:00:00Z
2025-02-14,email,56.32,11894,313,26,2026-08-20T09:00:00Z
2025-02-15,paid_search,554.61,7084,322,15,2026-08-20T09:00:00Z
2025-02-15,paid_social,470.09,16530,435,12,2026-08-20T09:00:00Z
2025-02-15,retargeting,222.97,10336,272,19,2026-08-20T09:00:00Z
2025-02-15,email,53.07,11210,295,23,2026-08-20T09:00:00Z
2025-02-16,paid_search,560.76,7172,326,16,2026-08-20T09:00:00Z
2025-02-16,paid_social,477.76,16796,442,13,2026-08-20T09:00:00Z
2025-02-16,retargeting,218.69,10146,267,18,2026-08-20T09:00:00Z
2025-02-16,email,52.02,10982,289,24,2026-08-20T09:00:00Z
2025-02-17,paid_search,549.53,7018,319,14,2026-08-20T09:00:00Z
2025-02-17,paid_social,388.13,13642,359,10,2026-08-20T09:00:00Z
2025-02-17,retargeting,188.58,8740,230,13,2026-08-20T09:00:00Z
2025-02-17,email,51.70,10906,287,22,2026-08-20T09:00:00Z
2025-02-18,paid_search,490.80,6270,285,12,2026-08-20T09:00:00Z
2025-02-18,paid_social,420.62,14782,389,10,2026-08-20T09:00:00Z
2025-02-18,retargeting,195.90,9082,239,15,2026-08-20T09:00:00Z
2025-02-18,email,50.18,10602,279,22,2026-08-20T09:00:00Z
2025-02-19,paid_search,497.28,6358,289,12,2026-08-20T09:00:00Z
2025-02-19,paid_social,408.41,14364,378,9,2026-08-20T09:00:00Z
2025-02-19,retargeting,181.64,8436,222,14,2026-08-20T09:00:00Z
2025-02-19,email,52.84,11172,294,22,2026-08-20T09:00:00Z
2025-02-20,paid_search,527.66,6754,307,13,2026-08-20T09:00:00Z
2025-02-20,paid_social,376.33,13224,348,9,2026-08-20T09:00:00Z
2025-02-20,retargeting,183.60,8512,224,14,2026-08-20T09:00:00Z
2025-02-20,email,50.81,10716,282,22,2026-08-20T09:00:00Z
2025-02-21,paid_search,521.33,6666,303,13,2026-08-20T09:00:00Z
2025-02-21,paid_social,404.82,14250,375,9,2026-08-20T09:00:00Z
2025-02-21,retargeting,192.70,8930,235,15,2026-08-20T09:00:00Z
2025-02-21,email,46.48,9804,258,18,2026-08-20T09:00:00Z
2025-02-22,paid_search,522.42,6688,304,12,2026-08-20T09:00:00Z
2025-02-22,paid_social,411.62,14478,381,10,2026-08-20T09:00:00Z
2025-02-22,retargeting,187.35,8664,228,14,2026-08-20T09:00:00Z
2025-02-22,email,49.74,10488,276,20,2026-08-20T09:00:00Z
2025-02-23,paid_search,474.99,6072,276,12,2026-08-20T09:00:00Z
2025-02-23,paid_social,361.81,12730,335,9,2026-08-20T09:00:00Z
2025-02-23,retargeting,179.60,8322,219,14,2026-08-20T09:00:00Z
2025-02-23,email,50.38,10640,280,22,2026-08-20T09:00:00Z
2025-02-24,paid_search,545.68,6974,317,14,2026-08-20T09:00:00Z
2025-02-24,paid_social,379.72,13376,352,9,2026-08-20T09:00:00Z
2025-02-24,retargeting,170.59,7904,208,13,2026-08-20T09:00:00Z
2025-02-24,email,47.37,9994,263,20,2026-08-20T09:00:00Z
2025-02-25,paid_search,528.20,6754,307,14,2026-08-20T09:00:00Z
2025-02-25,paid_social,356.29,12540,330,9,2026-08-20T09:00:00Z
2025-02-25,retargeting,193.56,8968,236,15,2026-08-20T09:00:00Z
2025-02-25,email,47.26,9994,263,19,2026-08-20T09:00:00Z
2025-02-26,paid_search,499.89,6402,291,13,2026-08-20T09:00:00Z
2025-02-26,paid_social,411.97,14478,381,10,2026-08-20T09:00:00Z
2025-02-26,retargeting,181.59,8398,221,13,2026-08-20T09:00:00Z
2025-02-26,email,51.23,10830,285,22,2026-08-20T09:00:00Z
2025-02-27,paid_search,503.08,6424,292,12,2026-08-20T09:00:00Z
2025-02-27,paid_social,397.09,13984,368,10,2026-08-20T09:00:00Z
2025-02-27,retargeting,183.12,8474,223,14,2026-08-20T09:00:00Z
2025-02-27,email,46.39,9804,258,19,2026-08-20T09:00:00Z
2025-02-28,paid_search,482.64,6182,281,12,2026-08-20T09:00:00Z
2025-02-28,paid_social,352.44,12388,326,9,2026-08-20T09:00:00Z
2025-02-28,retargeting,182.78,8474,223,13,2026-08-20T09:00:00Z
2025-02-28,email,49.97,10564,278,20,2026-08-20T09:00:00Z
2025-03-01,paid_search,513.55,6578,299,13,2026-08-20T09:00:00Z
2025-03-01,paid_social,406.94,14326,377,10,2026-08-20T09:00:00Z
2025-03-01,retargeting,182.39,8436,222,14,2026-08-20T09:00:00Z
2025-03-01,email,49.37,10412,274,20,2026-08-20T09:00:00Z
2025-03-02,paid_search,491.36,6292,286,12,2026-08-20T09:00:00Z
2025-03-02,paid_social,365.24,12844,338,9,2026-08-20T09:00:00Z
2025-03-02,retargeting,182.98,8474,223,13,2026-08-20T09:00:00Z
2025-03-02,email,52.33,11058,291,21,2026-08-20T09:00:00Z
2025-03-03,paid_search,505.61,6468,294,12,2026-08-20T09:00:00Z
2025-03-03,paid_social,389.88,13718,361,9,2026-08-20T09:00:00Z
2025-03-03,retargeting,174.79,8094,213,13,2026-08-20T09:00:00Z
2025-03-03,email,51.82,10944,288,21,2026-08-20T09:00:00Z
2025-03-04,paid_search,493.50,6314,287,12,2026-08-20T09:00:00Z
2025-03-04,paid_social,388.72,13680,360,9,2026-08-20T09:00:00Z
2025-03-04,retargeting,188.53,8740,230,14,2026-08-20T09:00:00Z
2025-03-04,email,45.28,9576,252,19,2026-08-20T09:00:00Z
2025-03-05,paid_search,469.44,6006,273,12,2026-08-20T09:00:00Z
2025-03-05,paid_social,374.80,13186,347,9,2026-08-20T09:00:00Z
2025-03-05,retargeting,181.30,8398,221,13,2026-08-20T09:00:00Z
2025-03-05,email,49.20,10374,273,20,2026-08-20T09:00:00Z
2025-03-06,paid_search,462.06,5918,269,11,2026-08-20T09:00:00Z
2025-03-06,paid_social,376.20,13224,348,9,2026-08-20T09:00:00Z
2025-03-06,retargeting,176.36,8170,215,13,2026-08-20T09:00:00Z
2025-03-06,email,45.55,9614,253,18,2026-08-20T09:00:00Z
2025-03-07,paid_search,487.70,6248,284,12,2026-08-20T09:00:00Z
2025-03-07,paid_social,346.29,12198,321,8,2026-08-20T09:00:00Z
2025-03-07,retargeting,163.72,7600,200,12,2026-08-20T09:00:00Z
2025-03-07,email,46.78,9880,260,19,2026-08-20T09:00:00Z
2025-03-08,paid_search,528.14,6754,307,14,2026-08-20T09:00:00Z
2025-03-08,paid_social,384.73,13528,356,9,2026-08-20T09:00:00Z
2025-03-08,retargeting,169.36,7866,207,13,2026-08-20T09:00:00Z
2025-03-08,email,49.69,10488,276,20,2026-08-20T09:00:00Z
2025-03-09,paid_search,481.09,6160,280,12,2026-08-20T09:00:00Z
2025-03-09,paid_social,373.38,13148,346,9,2026-08-20T09:00:00Z
2025-03-09,retargeting,189.85,8816,232,14,2026-08-20T09:00:00Z
2025-03-09,email,49.77,10488,276,21,2026-08-20T09:00:00Z
2025-03-10,paid_search,454.32,5808,264,11,2026-08-20T09:00:00Z
2025-03-10,paid_social,359.74,12654,333,9,2026-08-20T09:00:00Z
2025-03-10,retargeting,168.66,7828,206,13,2026-08-20T09:00:00Z
2025-03-10,email,44.56,9424,248,18,2026-08-20T09:00:00Z
2025-03-11,paid_search,465.90,5962,271,12,2026-08-20T09:00:00Z
2025-03-11,paid_social,348.04,12236,322,8,2026-08-20T09:00:00Z
2025-03-11,retargeting,178.78,8284,218,14,2026-08-20T09:00:00Z
2025-03-11,email,49.08,10374,273,21,2026-08-20T09:00:00Z
2025-03-12,paid_search,471.57,6028,274,12,2026-08-20T09:00:00Z
2025-03-12,paid_social,345.50,12160,320,8,2026-08-20T09:00:00Z
2025-03-12,retargeting,166.85,7714,203,13,2026-08-20T09:00:00Z
2025-03-12,email,50.64,10678,281,20,2026-08-20T09:00:00Z
2025-03-13,paid_search,468.83,6006,273,12,2026-08-20T09:00:00Z
2025-03-13,paid_social,373.44,13148,346,9,2026-08-20T09:00:00Z
2025-03-13,retargeting,162.02,7524,198,12,2026-08-20T09:00:00Z
2025-03-13,email,45.52,9614,253,18,2026-08-20T09:00:00Z
2025-03-14,paid_search,546.53,6996,318,16,2026-08-20T09:00:00Z
2025-03-14,paid_social,407.71,14364,378,11,2026-08-20T09:00:00Z
2025-03-14,retargeting,190.16,8816,232,16,2026-08-20T09:00:00Z
2025-03-14,email,49.80,10526,277,24,2026-08-20T09:00:00Z
2025-03-15,paid_search,563.77,7216,328,16,2026-08-20T09:00:00Z
2025-03-15,paid_social,395.30,13908,366,10,2026-08-20T09:00:00Z
2025-03-15,retargeting,189.98,8816,232,16,2026-08-20T09:00:00Z
2025-03-15,email,54.12,11438,301,24,2026-08-20T09:00:00Z
2025-03-16,paid_search,519.93,6644,302,15,2026-08-20T09:00:00Z
2025-03-16,paid_social,441.03,15504,408,12,2026-08-20T09:00:00Z
2025-03-16,retargeting,203.59,9424,248,16,2026-08-20T09:00:00Z
2025-03-16,email,53.17,11210,295,24,2026-08-20T09:00:00Z
2025-03-17,paid_search,460.63,5896,268,12,2026-08-20T09:00:00Z
2025-03-17,paid_social,361.60,12730,335,9,2026-08-20T09:00:00Z
2025-03-17,retargeting,176.11,8170,215,13,2026-08-20T09:00:00Z
2025-03-17,email,45.95,9690,255,19,2026-08-20T09:00:00Z
2025-03-18,paid_search,509.32,6512,296,13,2026-08-20T09:00:00Z
2025-03-18,paid_social,371.41,13072,344,9,2026-08-20T09:00:00Z
2025-03-18,retargeting,176.64,8170,215,13,2026-08-20T09:00:00Z
2025-03-18,email,46.36,9804,258,19,2026-08-20T09:00:00Z
2025-03-19,paid_search,446.44,5720,260,11,2026-08-20T09:00:00Z
2025-03-19,paid_social,378.65,13338,351,10,2026-08-20T09:00:00Z
2025-03-19,retargeting,174.43,8094,213,13,2026-08-20T09:00:00Z
2025-03-19,email,49.82,10526,277,20,2026-08-20T09:00:00Z
2025-03-20,paid_search,443.08,5676,258,11,2026-08-20T09:00:00Z
2025-03-20,paid_social,385.73,13566,357,9,2026-08-20T09:00:00Z
2025-03-20,retargeting,164.53,7638,201,12,2026-08-20T09:00:00Z
2025-03-20,email,44.34,9348,246,19,2026-08-20T09:00:00Z
2025-03-21,paid_search,454.33,5808,264,11,2026-08-20T09:00:00Z
2025-03-21,paid_social,374.19,13148,346,9,2026-08-20T09:00:00Z
2025-03-21,retargeting,182.58,8474,223,14,2026-08-20T09:00:00Z
2025-03-21,email,48.39,10222,269,21,2026-08-20T09:00:00Z
2025-03-22,paid_search,487.98,6248,284,12,2026-08-20T09:00:00Z
2025-03-22,paid_social,382.46,13452,354,10,2026-08-20T09:00:00Z
2025-03-22,retargeting,157.57,7296,192,12,2026-08-20T09:00:00Z
2025-03-22,email,43.58,9196,242,18,2026-08-20T09:00:00Z
2025-03-23,paid_search,478.08,6116,278,12,2026-08-20T09:00:00Z
2025-03-23,paid_social,367.75,12958,341,9,2026-08-20T09:00:00Z
2025-03-23,retargeting,164.54,7638,201,12,2026-08-20T09:00:00Z
2025-03-23,email,46.12,9728,256,20,2026-08-20T09:00:00Z
2025-03-24,paid_search,480.48,6138,279,13,2026-08-20T09:00:00Z
2025-03-24,paid_social,350.73,12350,325,9,2026-08-20T09:00:00Z
2025-03-24,retargeting,180.28,8360,220,14,2026-08-20T09:00:00Z
2025-03-24,email,43.34,9158,241,18,2026-08-20T09:00:00Z
2025-03-25,paid_search,463.84,5940,270,11,2026-08-20T09:00:00Z
2025-03-25,paid_social,343.79,12084,318,8,2026-08-20T09:00:00Z
2025-03-25,retargeting,174.94,8094,213,13,2026-08-20T09:00:00Z
2025-03-25,email,47.68,10070,265,19,2026-08-20T09:00:00Z
2025-03-26,paid_search,443.32,5676,258,11,2026-08-20T09:00:00Z
2025-03-26,paid_social,360.63,12692,334,9,2026-08-20T09:00:00Z
2025-03-26,retargeting,159.53,7410,195,11,2026-08-20T09:00:00Z
2025-03-26,email,47.08,9956,262,19,2026-08-20T09:00:00Z
2025-03-27,paid_search,431.92,5522,251,10,2026-08-20T09:00:00Z
2025-03-27,paid_social,344.35,12122,319,8,2026-08-20T09:00:00Z
2025-03-27,retargeting,172.16,7980,210,13,2026-08-20T09:00:00Z
2025-03-27,email,46.26,9766,257,20,2026-08-20T09:00:00Z
2025-03-28,paid_search,462.74,5918,269,11,2026-08-20T09:00:00Z
2025-03-28,paid_social,351.12,12350,325,9,2026-08-20T09:00:00Z
2025-03-28,retargeting,176.88,8208,216,13,2026-08-20T09:00:00Z
2025-03-28,email,46.84,9880,260,20,2026-08-20T09:00:00Z
2025-03-29,paid_search,470.15,6006,273,12,2026-08-20T09:00:00Z
2025-03-29,paid_social,354.34,12464,328,9,2026-08-20T09:00:00Z
2025-03-29,retargeting,163.63,7600,200,13,2026-08-20T09:00:00Z
2025-03-29,email,47.22,9956,262,19,2026-08-20T09:00:00Z
2025-03-30,paid_search,449.36,5742,261,11,2026-08-20T09:00:00Z
2025-03-30,paid_social,322.15,11324,298,8,2026-08-20T09:00:00Z
2025-03-30,retargeting,155.56,7220,190,12,2026-08-20T09:00:00Z
2025-03-30,email,45.05,9500,250,19,2026-08-20T09:00:00Z
2025-03-31,paid_search,461.15,5896,268,12,2026-08-20T09:00:00Z
2025-03-31,paid_social,372.55,13110,345,9,2026-08-20T09:00:00Z
2025-03-31,retargeting,159.36,7372,194,12,2026-08-20T09:00:00Z
2025-03-31,email,47.36,9994,263,19,2026-08-20T09:00:00Z
2025-04-01,paid_search,458.54,5874,267,12,2026-08-20T09:00:00Z
2025-04-01,paid_social,334.77,11780,310,8,2026-08-20T09:00:00Z
2025-04-01,retargeting,163.68,7600,200,12,2026-08-20T09:00:00Z
2025-04-01,email,44.14,9310,245,19,2026-08-20T09:00:00Z
2025-04-02,paid_search,455.10,5830,265,11,2026-08-20T09:00:00Z
2025-04-02,paid_social,359.35,12654,333,9,2026-08-20T09:00:00Z
2025-04-02,retargeting,175.01,8094,213,13,2026-08-20T09:00:00Z
2025-04-02,email,43.02,9082,239,17,2026-08-20T09:00:00Z
2025-04-03,paid_search,443.66,5676,258,11,2026-08-20T09:00:00Z
2025-04-03,paid_social,345.15,12160,320,8,2026-08-20T09:00:00Z
2025-04-03,retargeting,169.31,7828,206,12,2026-08-20T09:00:00Z
2025-04-03,email,46.92,9918,261,19,2026-08-20T09:00:00Z
2025-04-04,paid_search,458.24,5852,266,12,2026-08-20T09:00:00Z
2025-04-04,paid_social,332.65,11704,308,8,2026-08-20T09:00:00Z
2025-04-04,retargeting,164.87,7638,201,12,2026-08-20T09:00:00Z
2025-04-04,email,42.35,8930,235,17,2026-08-20T09:00:00Z
2025-04-05,paid_search,462.40,5918,269,12,2026-08-20T09:00:00Z
2025-04-05,paid_social,360.64,12692,334,9,2026-08-20T09:00:00Z
2025-04-05,retargeting,174.19,8056,212,13,2026-08-20T09:00:00Z
2025-04-05,email,44.61,9424,248,18,2026-08-20T09:00:00Z
2025-04-06,paid_search,483.87,6182,281,12,2026-08-20T09:00:00Z
2025-04-06,paid_social,316.67,11134,293,8,2026-08-20T09:00:00Z
2025-04-06,retargeting,157.30,7296,192,11,2026-08-20T09:00:00Z
2025-04-06,email,43.69,9234,243,18,2026-08-20T09:00:00Z
2025-04-07,paid_search,471.11,6028,274,12,2026-08-20T09:00:00Z
2025-04-07,paid_social,320.08,11248,296,7,2026-08-20T09:00:00Z
2025-04-07,retargeting,176.01,8170,215,13,2026-08-20T09:00:00Z
2025-04-07,email,42.68,9006,237,18,2026-08-20T09:00:00Z
2025-04-08,paid_search,449.97,5764,262,12,2026-08-20T09:00:00Z
2025-04-08,paid_social,364.03,12806,337,9,2026-08-20T09:00:00Z
2025-04-08,retargeting,154.47,7144,188,12,2026-08-20T09:00:00Z
2025-04-08,email,43.46,9158,241,18,2026-08-20T09:00:00Z
2025-04-09,paid_search,442.39,5654,257,12,2026-08-20T09:00:00Z
2025-04-09,paid_social,351.40,12350,325,9,2026-08-20T09:00:00Z
2025-04-09,retargeting,167.95,7790,205,12,2026-08-20T09:00:00Z
2025-04-09,email,42.65,9006,237,18,2026-08-20T09:00:00Z
2025-04-10,paid_search,454.68,5808,264,11,2026-08-20T09:00:00Z
2025-04-10,paid_social,329.80,11590,305,8,2026-08-20T09:00:00Z
2025-04-10,retargeting,170.70,7904,208,13,2026-08-20T09:00:00Z
2025-04-10,email,42.42,8968,236,18,2026-08-20T09:00:00Z
2025-04-11,paid_search,430.80,5500,250,11,2026-08-20T09:00:00Z
2025-04-11,paid_social,312.46,10982,289,7,2026-08-20T09:00:00Z
2025-04-11,retargeting,163.30,7562,199,12,2026-08-20T09:00:00Z
2025-04-11,email,47.17,9956,262,19,2026-08-20T09:00:00Z
2025-04-12,paid_search,422.18,5390,245,11,2026-08-20T09:00:00Z
2025-04-12,paid_social,318.03,11172,294,8,2026-08-20T09:00:00Z
2025-04-12,retargeting,163.54,7562,199,12,2026-08-20T09:00:00Z
2025-04-12,email,45.89,9690,255,19,2026-08-20T09:00:00Z
2025-04-13,paid_search,461.56,5896,268,11,2026-08-20T09:00:00Z
2025-04-13,paid_social,342.55,12046,317,8,2026-08-20T09:00:00Z
2025-04-13,retargeting,155.34,7182,189,11,2026-08-20T09:00:00Z
2025-04-13,email,43.54,9196,242,17,2026-08-20T09:00:00Z
2025-04-14,paid_search,481.75,6160,280,13,2026-08-20T09:00:00Z
2025-04-14,paid_social,367.92,12958,341,10,2026-08-20T09:00:00Z
2025-04-14,retargeting,182.69,8474,223,15,2026-08-20T09:00:00Z
2025-04-14,email,44.20,9348,246,19,2026-08-20T09:00:00Z
2025-04-15,paid_search,541.47,6930,315,15,2026-08-20T09:00:00Z
2025-04-15,paid_social,380.62,13376,352,10,2026-08-20T09:00:00Z
2025-04-15,retargeting,173.68,8056,212,14,2026-08-20T09:00:00Z
2025-04-15,email,48.46,10222,269,22,2026-08-20T09:00:00Z
2025-04-16,paid_search,476.54,6094,277,13,2026-08-20T09:00:00Z
2025-04-16,paid_social,402.74,14174,373,10,2026-08-20T09:00:00Z
2025-04-16,retargeting,193.91,8968,236,16,2026-08-20T09:00:00Z
2025-04-16,email,44.02,9310,245,19,2026-08-20T09:00:00Z
2025-04-17,paid_search,456.53,5830,265,11,2026-08-20T09:00:00Z
2025-04-17,paid_social,313.18,11020,290,7,2026-08-20T09:00:00Z
2025-04-17,retargeting,170.51,7904,208,13,2026-08-20T09:00:00Z
2025-04-17,email,39.86,8398,221,17,2026-08-20T09:00:00Z
2025-04-18,paid_search,442.87,5654,257,11,2026-08-20T09:00:00Z
2025-04-18,paid_social,333.59,11742,309,8,2026-08-20T09:00:00Z
2025-04-18,retargeting,150.99,6992,184,12,2026-08-20T09:00:00Z
2025-04-18,email,44.72,9424,248,18,2026-08-20T09:00:00Z
2025-04-19,paid_search,436.32,5588,254,11,2026-08-20T09:00:00Z
2025-04-19,paid_social,357.41,12578,331,9,2026-08-20T09:00:00Z
2025-04-19,retargeting,152.87,7068,186,12,2026-08-20T09:00:00Z
2025-04-19,email,42.54,8968,236,17,2026-08-20T09:00:00Z
2025-04-20,paid_search,406.43,5192,236,10,2026-08-20T09:00:00Z
2025-04-20,paid_social,331.06,11666,307,8,2026-08-20T09:00:00Z
2025-04-20,retargeting,154.84,7182,189,11,2026-08-20T09:00:00Z
2025-04-20,email,41.63,8778,231,18,2026-08-20T09:00:00Z
2025-04-21,paid_search,427.72,5478,249,11,2026-08-20T09:00:00Z
2025-04-21,paid_social,349.42,12312,324,8,2026-08-20T09:00:00Z
2025-04-21,retargeting,149.01,6916,182,11,2026-08-20T09:00:00Z
2025-04-21,email,45.96,9690,255,19,2026-08-20T09:00:00Z
2025-04-22,paid_search,451.91,5786,263,11,2026-08-20T09:00:00Z
2025-04-22,paid_social,322.41,11362,299,8,2026-08-20T09:00:00Z
2025-04-22,retargeting,168.31,7790,205,12,2026-08-20T09:00:00Z
2025-04-22,email,41.94,8854,233,18,2026-08-20T09:00:00Z
2025-04-23,paid_search,431.36,5522,251,11,2026-08-20T09:00:00Z
2025-04-23,paid_social,330.87,11628,306,8,2026-08-20T09:00:00Z
2025-04-23,retargeting,148.58,6878,181,11,2026-08-20T09:00:00Z
2025-04-23,email,39.64,8360,220,16,2026-08-20T09:00:00Z
2025-04-24,paid_search,405.28,5192,236,10,2026-08-20T09:00:00Z
2025-04-24,paid_social,341.00,12008,316,8,2026-08-20T09:00:00Z
2025-04-24,retargeting,161.58,7486,197,12,2026-08-20T09:00:00Z
2025-04-24,email,41.25,8702,229,17,2026-08-20T09:00:00Z
2025-04-25,paid_search,415.82,5324,242,10,2026-08-20T09:00:00Z
2025-04-25,paid_social,340.98,12008,316,8,2026-08-20T09:00:00Z
2025-04-25,retargeting,146.44,6802,179,10,2026-08-20T09:00:00Z
2025-04-25,email,39.57,8360,220,17,2026-08-20T09:00:00Z
2025-04-26,paid_search,438.17,5610,255,11,2026-08-20T09:00:00Z
2025-04-26,paid_social,330.66,11628,306,8,2026-08-20T09:00:00Z
2025-04-26,retargeting,146.40,6802,179,11,2026-08-20T09:00:00Z
2025-04-26,email,43.22,9120,240,18,2026-08-20T09:00:00Z
2025-04-27,paid_search,444.21,5676,258,11,2026-08-20T09:00:00Z
2025-04-27,paid_social,335.09,11780,310,8,2026-08-20T09:00:00Z
2025-04-27,retargeting,168.71,7828,206,13,2026-08-20T09:00:00Z
2025-04-27,email,40.00,8436,222,17,2026-08-20T09:00:00Z
2025-04-28,paid_search,420.34,5368,244,11,2026-08-20T09:00:00Z
2025-04-28,paid_social,312.35,10982,289,7,2026-08-20T09:00:00Z
2025-04-28,retargeting,149.56,6916,182,11,2026-08-20T09:00:00Z
2025-04-28,email,39.32,8284,218,17,2026-08-20T09:00:00Z
2025-04-29,paid_search,440.13,5632,256,11,2026-08-20T09:00:00Z
2025-04-29,paid_social,347.55,12236,322,8,2026-08-20T09:00:00Z
2025-04-29,retargeting,168.52,7828,206,12,2026-08-20T09:00:00Z
2025-04-29,email,39.32,8284,218,16,2026-08-20T09:00:00Z
2025-04-30,paid_search,421.14,5390,245,11,2026-08-20T09:00:00Z
2025-04-30,paid_social,342.31,12046,317,8,2026-08-20T09:00:00Z
2025-04-30,retargeting,162.77,7562,199,13,2026-08-20T09:00:00Z
2025-04-30,email,40.42,8550,225,16,2026-08-20T09:00:00Z
2025-05-01,paid_search,398.86,5104,232,10,2026-08-20T09:00:00Z
2025-05-01,paid_social,319.14,11248,296,8,2026-08-20T09:00:00Z
2025-05-01,retargeting,146.08,6764,178,11,2026-08-20T09:00:00Z
2025-05-01,email,40.86,8626,227,17,2026-08-20T09:00:00Z
2025-05-02,paid_search,411.54,5258,239,11,2026-08-20T09:00:00Z
2025-05-02,paid_social,350.20,12312,324,9,2026-08-20T09:00:00Z
2025-05-02,retargeting,165.02,7638,201,13,2026-08-20T09:00:00Z
2025-05-02,email,38.99,8246,217,16,2026-08-20T09:00:00Z
2025-05-03,paid_search,409.65,5236,238,10,2026-08-20T09:00:00Z
2025-05-03,paid_social,325.82,11476,302,7,2026-08-20T09:00:00Z
2025-05-03,retargeting,159.33,7372,194,12,2026-08-20T09:00:00Z
2025-05-03,email,40.97,8664,228,16,2026-08-20T09:00:00Z
2025-05-04,paid_search,434.19,5544,252,10,2026-08-20T09:00:00Z
2025-05-04,paid_social,322.54,11362,299,8,2026-08-20T09:00:00Z
2025-05-04,retargeting,154.17,7144,188,11,2026-08-20T09:00:00Z
2025-05-04,email,42.01,8854,233,17,2026-08-20T09:00:00Z
2025-05-05,paid_search,444.79,5698,259,11,2026-08-20T09:00:00Z
2025-05-05,paid_social,348.15,12236,322,9,2026-08-20T09:00:00Z
2025-05-05,retargeting,164.41,7600,200,13,2026-08-20T09:00:00Z
2025-05-05,email,38.75,8170,215,16,2026-08-20T09:00:00Z
2025-05-06,paid_search,436.03,5588,254,11,2026-08-20T09:00:00Z
2025-05-06,paid_social,316.09,11134,293,7,2026-08-20T09:00:00Z
2025-05-06,retargeting,165.66,7676,202,13,2026-08-20T09:00:00Z
2025-05-06,email,44.57,9424,248,19,2026-08-20T09:00:00Z
2025-05-07,paid_search,434.77,5566,253,11,2026-08-20T09:00:00Z
2025-05-07,paid_social,343.29,12084,318,8,2026-08-20T09:00:00Z
2025-05-07,retargeting,152.74,7068,186,12,2026-08-20T09:00:00Z
2025-05-07,email,43.06,9082,239,18,2026-08-20T09:00:00Z
2025-05-08,paid_search,417.51,5346,243,10,2026-08-20T09:00:00Z
2025-05-08,paid_social,323.60,11400,300,7,2026-08-20T09:00:00Z
2025-05-08,retargeting,156.05,7220,190,11,2026-08-20T09:00:00Z
2025-05-08,email,42.50,8968,236,17,2026-08-20T09:00:00Z
2025-05-09,paid_search,459.13,5874,267,11,2026-08-20T09:00:00Z
2025-05-09,paid_social,345.81,12160,320,8,2026-08-20T09:00:00Z
2025-05-09,retargeting,148.00,6840,180,11,2026-08-20T09:00:00Z
2025-05-09,email,43.57,9196,242,18,2026-08-20T09:00:00Z
2025-05-10,paid_search,411.56,5258,239,11,2026-08-20T09:00:00Z
2025-05-10,paid_social,313.65,11020,290,8,2026-08-20T09:00:00Z
2025-05-10,retargeting,146.70,6802,179,11,2026-08-20T09:00:00Z
2025-05-10,email,44.49,9386,247,18,2026-08-20T09:00:00Z
2025-05-11,paid_search,404.78,5170,235,10,2026-08-20T09:00:00Z
2025-05-11,paid_social,328.88,11590,305,8,2026-08-20T09:00:00Z
2025-05-11,retargeting,159.48,7372,194,12,2026-08-20T09:00:00Z
2025-05-11,email,39.79,8398,221,17,2026-08-20T09:00:00Z
2025-05-12,paid_search,412.26,5280,240,10,2026-08-20T09:00:00Z
2025-05-12,paid_social,298.08,10488,276,7,2026-08-20T09:00:00Z
2025-05-12,retargeting,148.34,6878,181,11,2026-08-20T09:00:00Z
2025-05-12,email,40.87,8626,227,16,2026-08-20T09:00:00Z
2025-05-13,paid_search,420.94,5390,245,11,2026-08-20T09:00:00Z
2025-05-13,paid_social,313.34,11020,290,7,2026-08-20T09:00:00Z
2025-05-13,retargeting,147.37,6840,180,11,2026-08-20T09:00:00Z
2025-05-13,email,40.57,8550,225,16,2026-08-20T09:00:00Z
2025-05-14,paid_search,495.79,6336,288,14,2026-08-20T09:00:00Z
2025-05-14,paid_social,382.87,13490,355,10,2026-08-20T09:00:00Z
2025-05-14,retargeting,185.53,8588,226,15,2026-08-20T09:00:00Z
2025-05-14,email,48.00,10146,267,23,2026-08-20T09:00:00Z
2025-05-15,paid_search,480.35,6138,279,14,2026-08-20T09:00:00Z
2025-05-15,paid_social,392.71,13832,364,10,2026-08-20T09:00:00Z
2025-05-15,retargeting,176.43,8170,215,14,2026-08-20T09:00:00Z
2025-05-15,email,46.85,9880,260,21,2026-08-20T09:00:00Z
2025-05-16,paid_search,499.86,6402,291,14,2026-08-20T09:00:00Z
2025-05-16,paid_social,355.24,12502,329,9,2026-08-20T09:00:00Z
2025-05-16,retargeting,173.24,8018,211,14,2026-08-20T09:00:00Z
2025-05-16,email,43.35,9158,241,20,2026-08-20T09:00:00Z
2025-05-17,paid_search,444.62,5676,258,11,2026-08-20T09:00:00Z
2025-05-17,paid_social,307.37,10830,285,8,2026-08-20T09:00:00Z
2025-05-17,retargeting,148.04,6878,181,11,2026-08-20T09:00:00Z
2025-05-17,email,44.44,9386,247,18,2026-08-20T09:00:00Z
2025-05-18,paid_search,458.09,5852,266,12,2026-08-20T09:00:00Z
2025-05-18,paid_social,321.42,11324,298,8,2026-08-20T09:00:00Z
2025-05-18,retargeting,162.14,7524,198,12,2026-08-20T09:00:00Z
2025-05-18,email,40.61,8588,226,17,2026-08-20T09:00:00Z
2025-05-19,paid_search,432.76,5544,252,11,2026-08-20T09:00:00Z
2025-05-19,paid_social,332.12,11704,308,8,2026-08-20T09:00:00Z
2025-05-19,retargeting,152.59,7068,186,11,2026-08-20T09:00:00Z
2025-05-19,email,43.11,9082,239,18,2026-08-20T09:00:00Z
2025-05-20,paid_search,445.48,5698,259,11,2026-08-20T09:00:00Z
2025-05-20,paid_social,328.99,11590,305,8,2026-08-20T09:00:00Z
2025-05-20,retargeting,154.66,7182,189,12,2026-08-20T09:00:00Z
2025-05-20,email,43.94,9272,244,19,2026-08-20T09:00:00Z
2025-05-21,paid_search,443.83,5676,258,11,2026-08-20T09:00:00Z
2025-05-21,paid_social,340.12,11970,315,8,2026-08-20T09:00:00Z
2025-05-21,retargeting,146.34,6764,178,11,2026-08-20T09:00:00Z
2025-05-21,email,44.35,9348,246,18,2026-08-20T09:00:00Z
2025-05-22,paid_search,436.63,5588,254,11,2026-08-20T09:00:00Z
2025-05-22,paid_social,329.26,11590,305,8,2026-08-20T09:00:00Z
2025-05-22,retargeting,155.25,7182,189,12,2026-08-20T09:00:00Z
2025-05-22,email,41.28,8702,229,17,2026-08-20T09:00:00Z
2025-05-23,paid_search,444.84,5698,259,11,2026-08-20T09:00:00Z
2025-05-23,paid_social,325.70,11476,302,8,2026-08-20T09:00:00Z
2025-05-23,retargeting,157.93,7334,193,12,2026-08-20T09:00:00Z
2025-05-23,email,39.74,8398,221,17,2026-08-20T09:00:00Z
2025-05-24,paid_search,417.76,5346,243,11,2026-08-20T09:00:00Z
2025-05-24,paid_social,309.43,10906,287,8,2026-08-20T09:00:00Z
2025-05-24,retargeting,148.13,6878,181,12,2026-08-20T09:00:00Z
2025-05-24,email,43.39,9158,241,17,2026-08-20T09:00:00Z
2025-05-25,paid_search,394.29,5038,229,9,2026-08-20T09:00:00Z
2025-05-25,paid_social,343.26,12084,318,9,2026-08-20T09:00:00Z
2025-05-25,retargeting,151.42,7030,185,11,2026-08-20T09:00:00Z
2025-05-25,email,43.59,9196,242,17,2026-08-20T09:00:00Z
2025-05-26,paid_search,428.22,5478,249,11,2026-08-20T09:00:00Z
2025-05-26,paid_social,304.63,10716,282,7,2026-08-20T09:00:00Z
2025-05-26,retargeting,143.21,6650,175,10,2026-08-20T09:00:00Z
2025-05-26,email,42.31,8930,235,18,2026-08-20T09:00:00Z
2025-05-27,paid_search,400.82,5126,233,10,2026-08-20T09:00:00Z
2025-05-27,paid_social,342.62,12046,317,8,2026-08-20T09:00:00Z
2025-05-27,retargeting,152.93,7106,187,11,2026-08-20T09:00:00Z
2025-05-27,email,38.73,8170,215,16,2026-08-20T09:00:00Z
2025-05-28,paid_search,428.58,5478,249,10,2026-08-20T09:00:00Z
2025-05-28,paid_social,338.56,11894,313,8,2026-08-20T09:00:00Z
2025-05-28,retargeting,148.21,6878,181,11,2026-08-20T09:00:00Z
2025-05-28,email,39.61,8360,220,16,2026-08-20T09:00:00Z
2025-05-29,paid_search,449.12,5742,261,11,2026-08-20T09:00:00Z
2025-05-29,paid_social,324.29,11400,300,8,2026-08-20T09:00:00Z
2025-05-29,retargeting,144.55,6688,176,11,2026-08-20T09:00:00Z
2025-05-29,email,44.63,9424,248,18,2026-08-20T09:00:00Z
2025-05-30,paid_search,427.67,5478,249,10,2026-08-20T09:00:00Z
2025-05-30,paid_social,342.10,12046,317,8,2026-08-20T09:00:00Z
2025-05-30,retargeting,165.25,7676,202,13,2026-08-20T09:00:00Z
2025-05-30,email,43.54,9196,242,18,2026-08-20T09:00:00Z
2025-05-31,paid_search,453.54,5808,264,11,2026-08-20T09:00:00Z
2025-05-31,paid_social,333.59,11742,309,8,2026-08-20T09:00:00Z
2025-05-31,retargeting,149.01,6916,182,11,2026-08-20T09:00:00Z
2025-05-31,email,41.89,8854,233,17,2026-08-20T09:00:00Z
2025-06-01,paid_search,416.69,5324,242,11,2026-08-20T09:00:00Z
2025-06-01,paid_social,346.67,12198,321,8,2026-08-20T09:00:00Z
2025-06-01,retargeting,154.09,7144,188,11,2026-08-20T09:00:00Z
2025-06-01,email,40.49,8550,225,16,2026-08-20T09:00:00Z
2025-06-02,paid_search,446.59,5720,260,11,2026-08-20T09:00:00Z
2025-06-02,paid_social,308.34,10830,285,7,2026-08-20T09:00:00Z
2025-06-02,retargeting,154.75,7182,189,11,2026-08-20T09:00:00Z
2025-06-02,email,38.50,8132,214,16,2026-08-20T09:00:00Z
2025-06-03,paid_search,413.09,5280,240,10,2026-08-20T09:00:00Z
2025-06-03,paid_social,319.34,11248,296,8,2026-08-20T09:00:00Z
2025-06-03,retargeting,164.11,7600,200,13,2026-08-20T09:00:00Z
2025-06-03,email,38.39,8094,213,16,2026-08-20T09:00:00Z
2025-06-04,paid_search,457.64,5852,266,12,2026-08-20T09:00:00Z
2025-06-04,paid_social,332.52,11704,308,8,2026-08-20T09:00:00Z
2025-06-04,retargeting,146.49,6802,179,10,2026-08-20T09:00:00Z
2025-06-04,email,41.38,8740,230,17,2026-08-20T09:00:00Z
2025-06-05,paid_search,460.93,5896,268,11,2026-08-20T09:00:00Z
2025-06-05,paid_social,336.99,11856,312,8,2026-08-20T09:00:00Z
2025-06-05,retargeting,157.07,7296,192,12,2026-08-20T09:00:00Z
2025-06-05,email,39.13,8246,217,16,2026-08-20T09:00:00Z
2025-06-06,paid_search,422.64,5412,246,11,2026-08-20T09:00:00Z
2025-06-06,paid_social,311.94,10982,289,7,2026-08-20T09:00:00Z
2025-06-06,retargeting,162.96,7562,199,12,2026-08-20T09:00:00Z
2025-06-06,email,41.04,8664,228,17,2026-08-20T09:00:00Z
2025-06-07,paid_search,412.85,5280,240,11,2026-08-20T09:00:00Z
2025-06-07,paid_social,298.58,10488,276,7,2026-08-20T09:00:00Z
2025-06-07,retargeting,150.28,6954,183,12,2026-08-20T09:00:00Z
2025-06-07,email,38.86,8208,216,16,2026-08-20T09:00:00Z
2025-06-08,paid_search,435.26,5566,253,10,2026-08-20T09:00:00Z
2025-06-08,paid_social,337.86,11894,313,8,2026-08-20T09:00:00Z
2025-06-08,retargeting,161.41,7486,197,12,2026-08-20T09:00:00Z
2025-06-08,email,42.85,9044,238,17,2026-08-20T09:00:00Z
2025-06-09,paid_search,408.39,5214,237,11,2026-08-20T09:00:00Z
2025-06-09,paid_social,314.41,11058,291,7,2026-08-20T09:00:00Z
2025-06-09,retargeting,149.94,6954,183,11,2026-08-20T09:00:00Z
2025-06-09,email,44.68,9424,248,19,2026-08-20T09:00:00Z
2025-06-10,paid_search,452.59,5786,263,11,2026-08-20T09:00:00Z
2025-06-10,paid_social,316.77,11134,293,8,2026-08-20T09:00:00Z
2025-06-10,retargeting,152.30,7068,186,11,2026-08-20T09:00:00Z
2025-06-10,email,38.90,8208,216,16,2026-08-20T09:00:00Z
2025-06-11,paid_search,407.42,5214,237,10,2026-08-20T09:00:00Z
2025-06-11,paid_social,331.45,11666,307,8,2026-08-20T09:00:00Z
2025-06-11,retargeting,153.88,7144,188,11,2026-08-20T09:00:00Z
2025-06-11,email,40.39,8512,224,16,2026-08-20T09:00:00Z
2025-06-12,paid_search,432.97,5544,252,11,2026-08-20T09:00:00Z
2025-06-12,paid_social,306.95,10792,284,7,2026-08-20T09:00:00Z
2025-06-12,retargeting,150.11,6954,183,11,2026-08-20T09:00:00Z
2025-06-12,email,40.43,8550,225,17,2026-08-20T09:00:00Z
2025-06-13,paid_search,447.10,5720,260,11,2026-08-20T09:00:00Z
2025-06-13,paid_social,330.45,11628,306,8,2026-08-20T09:00:00Z
2025-06-13,retargeting,147.25,6840,180,11,2026-08-20T09:00:00Z
2025-06-13,email,45.05,9500,250,19,2026-08-20T09:00:00Z
2025-06-14,paid_search,522.92,6688,304,15,2026-08-20T09:00:00Z
2025-06-14,paid_social,356.75,12540,330,10,2026-08-20T09:00:00Z
2025-06-14,retargeting,189.31,8778,231,16,2026-08-20T09:00:00Z
2025-06-14,email,43.21,9120,240,19,2026-08-20T09:00:00Z
2025-06-15,paid_search,457.08,5852,266,13,2026-08-20T09:00:00Z
2025-06-15,paid_social,398.68,14022,369,11,2026-08-20T09:00:00Z
2025-06-15,retargeting,187.40,8702,229,16,2026-08-20T09:00:00Z
2025-06-15,email,44.15,9310,245,20,2026-08-20T09:00:00Z
2025-06-16,paid_search,456.68,5852,266,13,2026-08-20T09:00:00Z
2025-06-16,paid_social,376.58,13262,349,10,2026-08-20T09:00:00Z
2025-06-16,retargeting,174.79,8094,213,14,2026-08-20T09:00:00Z
2025-06-16,email,46.07,9728,256,22,2026-08-20T09:00:00Z
2025-06-17,paid_search,454.02,5808,264,11,2026-08-20T09:00:00Z
2025-06-17,paid_social,325.42,11438,301,8,2026-08-20T09:00:00Z
2025-06-17,retargeting,168.31,7790,205,12,2026-08-20T09:00:00Z
2025-06-17,email,39.38,8322,219,17,2026-08-20T09:00:00Z
2025-06-18,paid_search,416.04,5324,242,11,2026-08-20T09:00:00Z
2025-06-18,paid_social,335.17,11780,310,8,2026-08-20T09:00:00Z
2025-06-18,retargeting,148.76,6878,181,11,2026-08-20T09:00:00Z
2025-06-18,email,42.97,9082,239,17,2026-08-20T09:00:00Z
2025-06-19,paid_search,424.73,5434,247,10,2026-08-20T09:00:00Z
2025-06-19,paid_social,354.22,12464,328,8,2026-08-20T09:00:00Z
2025-06-19,retargeting,149.77,6954,183,11,2026-08-20T09:00:00Z
2025-06-19,email,43.42,9158,241,18,2026-08-20T09:00:00Z
2025-06-20,paid_search,420.66,5390,245,11,2026-08-20T09:00:00Z
2025-06-20,paid_social,319.53,11248,296,8,2026-08-20T09:00:00Z
2025-06-20,retargeting,161.26,7486,197,12,2026-08-20T09:00:00Z
2025-06-20,email,44.12,9310,245,18,2026-08-20T09:00:00Z
2025-06-21,paid_search,463.98,5940,270,12,2026-08-20T09:00:00Z
2025-06-21,paid_social,354.51,12464,328,9,2026-08-20T09:00:00Z
2025-06-21,retargeting,149.28,6916,182,11,2026-08-20T09:00:00Z
2025-06-21,email,39.72,8398,221,17,2026-08-20T09:00:00Z
2025-06-22,paid_search,414.52,5302,241,10,2026-08-20T09:00:00Z
2025-06-22,paid_social,339.56,11932,314,8,2026-08-20T09:00:00Z
2025-06-22,retargeting,159.76,7410,195,11,2026-08-20T09:00:00Z
2025-06-22,email,42.59,9006,237,18,2026-08-20T09:00:00Z
2025-06-23,paid_search,455.77,5830,265,11,2026-08-20T09:00:00Z
2025-06-23,paid_social,306.52,10792,284,8,2026-08-20T09:00:00Z
2025-06-23,retargeting,161.49,7486,197,12,2026-08-20T09:00:00Z
2025-06-23,email,42.71,9006,237,18,2026-08-20T09:00:00Z
2025-06-24,paid_search,437.16,5588,254,11,2026-08-20T09:00:00Z
2025-06-24,paid_social,341.08,12008,316,8,2026-08-20T09:00:00Z
2025-06-24,retargeting,149.91,6954,183,12,2026-08-20T09:00:00Z
2025-06-24,email,39.94,8436,222,16,2026-08-20T09:00:00Z
2025-06-25,paid_search,418.59,5346,243,10,2026-08-20T09:00:00Z
2025-06-25,paid_social,325.97,11476,302,8,2026-08-20T09:00:00Z
2025-06-25,retargeting,170.82,7904,208,12,2026-08-20T09:00:00Z
2025-06-25,email,40.64,8588,226,17,2026-08-20T09:00:00Z
2025-06-26,paid_search,421.51,5390,245,11,2026-08-20T09:00:00Z
2025-06-26,paid_social,332.54,11704,308,8,2026-08-20T09:00:00Z
2025-06-26,retargeting,168.32,7790,205,13,2026-08-20T09:00:00Z
2025-06-26,email,41.18,8702,229,17,2026-08-20T09:00:00Z
2025-06-27,paid_search,457.12,5852,266,11,2026-08-20T09:00:00Z
2025-06-27,paid_social,308.45,10868,286,7,2026-08-20T09:00:00Z
2025-06-27,retargeting,166.13,7714,203,12,2026-08-20T09:00:00Z
2025-06-27,email,40.26,8512,224,17,2026-08-20T09:00:00Z
2025-06-28,paid_search,424.31,5434,247,11,2026-08-20T09:00:00Z
2025-06-28,paid_social,319.08,11210,295,8,2026-08-20T09:00:00Z
2025-06-28,retargeting,167.02,7752,204,13,2026-08-20T09:00:00Z
2025-06-28,email,46.05,9728,256,19,2026-08-20T09:00:00Z
2025-06-29,paid_search,452.36,5786,263,11,2026-08-20T09:00:00Z
2025-06-29,paid_social,323.65,11400,300,8,2026-08-20T09:00:00Z
2025-06-29,retargeting,166.32,7714,203,12,2026-08-20T09:00:00Z
2025-06-29,email,45.96,9690,255,19,2026-08-20T09:00:00Z
2025-06-30,paid_search,450.29,5764,262,11,2026-08-20T09:00:00Z
2025-06-30,paid_social,346.89,12198,321,8,2026-08-20T09:00:00Z
2025-06-30,retargeting,156.22,7258,191,12,2026-08-20T09:00:00Z
2025-06-30,email,40.03,8436,222,17,2026-08-20T09:00:00Z
2025-07-01,paid_search,576.75,7370,335,17,2026-08-20T09:00:00Z
2025-07-01,paid_social,391.70,13794,363,11,2026-08-20T09:00:00Z
2025-07-01,retargeting,193.12,8968,236,17,2026-08-20T09:00:00Z
2025-07-01,email,45.21,9538,251,21,2026-08-20T09:00:00Z
2025-07-02,paid_search,540.67,6908,314,16,2026-08-20T09:00:00Z
2025-07-02,paid_social,407.02,14326,377,11,2026-08-20T09:00:00Z
2025-07-02,retargeting,191.22,8854,233,17,2026-08-20T09:00:00Z
2025-07-02,email,52.57,11096,292,26,2026-08-20T09:00:00Z
2025-07-03,paid_search,562.48,7194,327,17,2026-08-20T09:00:00Z
2025-07-03,paid_social,423.05,14896,392,11,2026-08-20T09:00:00Z
2025-07-03,retargeting,199.05,9234,243,18,2026-08-20T09:00:00Z
2025-07-03,email,47.12,9956,262,24,2026-08-20T09:00:00Z
2025-07-04,paid_search,549.94,7040,320,17,2026-08-20T09:00:00Z
2025-07-04,paid_social,401.94,14136,372,12,2026-08-20T09:00:00Z
2025-07-04,retargeting,188.93,8740,230,17,2026-08-20T09:00:00Z
2025-07-04,email,49.52,10450,275,24,2026-08-20T09:00:00Z
2025-07-05,paid_search,523.91,6710,305,15,2026-08-20T09:00:00Z
2025-07-05,paid_social,447.57,15732,414,13,2026-08-20T09:00:00Z
2025-07-05,retargeting,210.43,9766,257,19,2026-08-20T09:00:00Z
2025-07-05,email,52.23,11020,290,26,2026-08-20T09:00:00Z
2025-07-06,paid_search,454.08,5808,264,12,2026-08-20T09:00:00Z
2025-07-06,paid_social,318.69,11210,295,8,2026-08-20T09:00:00Z
2025-07-06,retargeting,157.39,7296,192,11,2026-08-20T09:00:00Z
2025-07-06,email,42.81,9044,238,17,2026-08-20T09:00:00Z
2025-07-07,paid_search,448.55,5742,261,12,2026-08-20T09:00:00Z
2025-07-07,paid_social,359.91,12654,333,9,2026-08-20T09:00:00Z
2025-07-07,retargeting,174.67,8094,213,14,2026-08-20T09:00:00Z
2025-07-07,email,43.34,9158,241,18,2026-08-20T09:00:00Z
2025-07-08,paid_search,450.67,5764,262,11,2026-08-20T09:00:00Z
2025-07-08,paid_social,318.23,11210,295,8,2026-08-20T09:00:00Z
2025-07-08,retargeting,163.75,7600,200,12,2026-08-20T09:00:00Z
2025-07-08,email,42.62,9006,237,18,2026-08-20T09:00:00Z
2025-07-09,paid_search,456.89,5852,266,11,2026-08-20T09:00:00Z
2025-07-09,paid_social,324.13,11400,300,8,2026-08-20T09:00:00Z
2025-07-09,retargeting,162.58,7524,198,12,2026-08-20T09:00:00Z
2025-07-09,email,42.34,8930,235,17,2026-08-20T09:00:00Z
2025-07-10,paid_search,459.22,5874,267,12,2026-08-20T09:00:00Z
2025-07-10,paid_social,366.58,12882,339,9,2026-08-20T09:00:00Z
2025-07-10,retargeting,154.73,7182,189,11,2026-08-20T09:00:00Z
2025-07-10,email,43.04,9082,239,18,2026-08-20T09:00:00Z
2025-07-11,paid_search,464.45,5940,270,12,2026-08-20T09:00:00Z
2025-07-11,paid_social,349.65,12312,324,8,2026-08-20T09:00:00Z
2025-07-11,retargeting,162.11,7524,198,13,2026-08-20T09:00:00Z
2025-07-11,email,47.09,9956,262,19,2026-08-20T09:00:00Z
2025-07-12,paid_search,462.20,5918,269,11,2026-08-20T09:00:00Z
2025-07-12,paid_social,351.44,12350,325,9,2026-08-20T09:00:00Z
2025-07-12,retargeting,156.39,7258,191,11,2026-08-20T09:00:00Z
2025-07-12,email,46.55,9842,259,19,2026-08-20T09:00:00Z
2025-07-13,paid_search,453.66,5808,264,11,2026-08-20T09:00:00Z
2025-07-13,paid_social,342.36,12046,317,8,2026-08-20T09:00:00Z
2025-07-13,retargeting,154.19,7144,188,12,2026-08-20T09:00:00Z
2025-07-13,email,43.37,9158,241,17,2026-08-20T09:00:00Z
2025-07-14,paid_search,519.15,6644,302,15,2026-08-20T09:00:00Z
2025-07-14,paid_social,419.64,14782,389,11,2026-08-20T09:00:00Z
2025-07-14,retargeting,187.01,8664,228,16,2026-08-20T09:00:00Z
2025-07-14,email,50.27,10602,279,22,2026-08-20T09:00:00Z
2025-07-15,paid_search,511.96,6556,298,14,2026-08-20T09:00:00Z
2025-07-15,paid_social,423.60,14896,392,11,2026-08-20T09:00:00Z
2025-07-15,retargeting,190.00,8816,232,16,2026-08-20T09:00:00Z
2025-07-15,email,47.32,9994,263,22,2026-08-20T09:00:00Z
2025-07-16,paid_search,545.73,6974,317,15,2026-08-20T09:00:00Z
2025-07-16,paid_social,376.69,13262,349,10,2026-08-20T09:00:00Z
2025-07-16,retargeting,176.57,8170,215,14,2026-08-20T09:00:00Z
2025-07-16,email,46.91,9918,261,21,2026-08-20T09:00:00Z
2025-07-17,paid_search,500.32,6402,291,12,2026-08-20T09:00:00Z
2025-07-17,paid_social,368.32,12958,341,9,2026-08-20T09:00:00Z
2025-07-17,retargeting,170.96,7904,208,13,2026-08-20T09:00:00Z
2025-07-17,email,47.29,9994,263,19,2026-08-20T09:00:00Z
2025-07-18,paid_search,490.31,6270,285,13,2026-08-20T09:00:00Z
2025-07-18,paid_social,377.75,13300,350,9,2026-08-20T09:00:00Z
2025-07-18,retargeting,177.40,8208,216,13,2026-08-20T09:00:00Z
2025-07-18,email,45.53,9614,253,20,2026-08-20T09:00:00Z
2025-07-19,paid_search,443.96,5676,258,11,2026-08-20T09:00:00Z
2025-07-19,paid_social,376.57,13262,349,9,2026-08-20T09:00:00Z
2025-07-19,retargeting,175.73,8132,214,13,2026-08-20T09:00:00Z
2025-07-19,email,49.20,10374,273,21,2026-08-20T09:00:00Z
2025-07-20,paid_search,470.74,6028,274,12,2026-08-20T09:00:00Z
2025-07-20,paid_social,366.39,12882,339,9,2026-08-20T09:00:00Z
2025-07-20,retargeting,163.49,7562,199,12,2026-08-20T09:00:00Z
2025-07-20,email,48.28,10184,268,19,2026-08-20T09:00:00Z
2025-07-21,paid_search,489.34,6248,284,13,2026-08-20T09:00:00Z
2025-07-21,paid_social,357.16,12578,331,8,2026-08-20T09:00:00Z
2025-07-21,retargeting,182.97,8474,223,13,2026-08-20T09:00:00Z
2025-07-21,email,46.14,9728,256,19,2026-08-20T09:00:00Z
2025-07-22,paid_search,459.18,5874,267,11,2026-08-20T09:00:00Z
2025-07-22,paid_social,377.25,13262,349,9,2026-08-20T09:00:00Z
2025-07-22,retargeting,171.35,7942,209,12,2026-08-20T09:00:00Z
2025-07-22,email,48.75,10298,271,20,2026-08-20T09:00:00Z
2025-07-23,paid_search,457.67,5852,266,11,2026-08-20T09:00:00Z
2025-07-23,paid_social,386.31,13604,358,9,2026-08-20T09:00:00Z
2025-07-23,retargeting,178.48,8284,218,14,2026-08-20T09:00:00Z
2025-07-23,email,45.37,9576,252,19,2026-08-20T09:00:00Z
2025-07-24,paid_search,483.42,6182,281,12,2026-08-20T09:00:00Z
2025-07-24,paid_social,344.62,12122,319,8,2026-08-20T09:00:00Z
2025-07-24,retargeting,179.16,8284,218,13,2026-08-20T09:00:00Z
2025-07-24,email,43.24,9120,240,17,2026-08-20T09:00:00Z
2025-07-25,paid_search,483.93,6182,281,12,2026-08-20T09:00:00Z
2025-07-25,paid_social,356.94,12578,331,9,2026-08-20T09:00:00Z
2025-07-25,retargeting,160.39,7448,196,11,2026-08-20T09:00:00Z
2025-07-25,email,45.84,9690,255,20,2026-08-20T09:00:00Z
2025-07-26,paid_search,441.58,5654,257,11,2026-08-20T09:00:00Z
2025-07-26,paid_social,361.07,12692,334,8,2026-08-20T09:00:00Z
2025-07-26,retargeting,167.17,7752,204,13,2026-08-20T09:00:00Z
2025-07-26,email,45.16,9538,251,18,2026-08-20T09:00:00Z
2025-07-27,paid_search,481.41,6160,280,12,2026-08-20T09:00:00Z
2025-07-27,paid_social,389.39,13718,361,10,2026-08-20T09:00:00Z
2025-07-27,retargeting,178.83,8284,218,13,2026-08-20T09:00:00Z
2025-07-27,email,44.60,9424,248,18,2026-08-20T09:00:00Z
2025-07-28,paid_search,487.18,6226,283,12,2026-08-20T09:00:00Z
2025-07-28,paid_social,372.94,13110,345,9,2026-08-20T09:00:00Z
2025-07-28,retargeting,173.93,8056,212,13,2026-08-20T09:00:00Z
2025-07-28,email,50.22,10602,279,20,2026-08-20T09:00:00Z
2025-07-29,paid_search,475.12,6072,276,12,2026-08-20T09:00:00Z
2025-07-29,paid_social,340.30,11970,315,8,2026-08-20T09:00:00Z
2025-07-29,retargeting,177.33,8208,216,13,2026-08-20T09:00:00Z
2025-07-29,email,44.98,9500,250,18,2026-08-20T09:00:00Z
2025-07-30,paid_search,515.78,6600,300,12,2026-08-20T09:00:00Z
2025-07-30,paid_social,376.08,13224,348,9,2026-08-20T09:00:00Z
2025-07-30,retargeting,172.75,8018,211,13,2026-08-20T09:00:00Z
2025-07-30,email,49.25,10412,274,20,2026-08-20T09:00:00Z
2025-07-31,paid_search,475.07,6072,276,12,2026-08-20T09:00:00Z
2025-07-31,paid_social,389.51,13718,361,9,2026-08-20T09:00:00Z
2025-07-31,retargeting,163.36,7562,199,12,2026-08-20T09:00:00Z
2025-07-31,email,48.52,10260,270,21,2026-08-20T09:00:00Z
2025-08-01,paid_search,477.37,6116,278,12,2026-08-20T09:00:00Z
2025-08-01,paid_social,363.22,12768,336,9,2026-08-20T09:00:00Z
2025-08-01,retargeting,169.77,7866,207,12,2026-08-20T09:00:00Z
2025-08-01,email,46.75,9880,260,19,2026-08-20T09:00:00Z
2025-08-02,paid_search,453.14,5786,263,11,2026-08-20T09:00:00Z
2025-08-02,paid_social,391.49,13756,362,9,2026-08-20T09:00:00Z
2025-08-02,retargeting,164.27,7600,200,12,2026-08-20T09:00:00Z
2025-08-02,email,49.37,10412,274,21,2026-08-20T09:00:00Z
2025-08-03,paid_search,480.21,6138,279,12,2026-08-20T09:00:00Z
2025-08-03,paid_social,346.08,12160,320,8,2026-08-20T09:00:00Z
2025-08-03,retargeting,168.06,7790,205,13,2026-08-20T09:00:00Z
2025-08-03,email,44.55,9386,247,18,2026-08-20T09:00:00Z
2025-08-04,paid_search,483.83,6182,281,13,2026-08-20T09:00:00Z
2025-08-04,paid_social,374.81,13186,347,9,2026-08-20T09:00:00Z
2025-08-04,retargeting,170.96,7904,208,13,2026-08-20T09:00:00Z
2025-08-04,email,46.49,9804,258,19,2026-08-20T09:00:00Z
2025-08-05,paid_search,510.48,6534,297,12,2026-08-20T09:00:00Z
2025-08-05,paid_social,397.31,13984,368,10,2026-08-20T09:00:00Z
2025-08-05,retargeting,177.97,8246,217,14,2026-08-20T09:00:00Z
2025-08-05,email,45.82,9690,255,19,2026-08-20T09:00:00Z
2025-08-06,paid_search,498.38,6380,290,13,2026-08-20T09:00:00Z
2025-08-06,paid_social,344.53,12122,319,8,2026-08-20T09:00:00Z
2025-08-06,retargeting,164.73,7638,201,13,2026-08-20T09:00:00Z
2025-08-06,email,46.06,9728,256,19,2026-08-20T09:00:00Z
2025-08-07,paid_search,519.05,6644,302,13,2026-08-20T09:00:00Z
2025-08-07,paid_social,389.45,13718,361,10,2026-08-20T09:00:00Z
2025-08-07,retargeting,177.60,8246,217,13,2026-08-20T09:00:00Z
2025-08-07,email,50.86,10754,283,21,2026-08-20T09:00:00Z
2025-08-08,paid_search,527.60,6754,307,13,2026-08-20T09:00:00Z
2025-08-08,paid_social,350.42,12312,324,8,2026-08-20T09:00:00Z
2025-08-08,retargeting,190.63,8816,232,15,2026-08-20T09:00:00Z
2025-08-08,email,51.11,10792,284,21,2026-08-20T09:00:00Z
2025-08-09,paid_search,461.78,5896,268,11,2026-08-20T09:00:00Z
2025-08-09,paid_social,380.10,13376,352,9,2026-08-20T09:00:00Z
2025-08-09,retargeting,192.94,8930,235,14,2026-08-20T09:00:00Z
2025-08-09,email,46.93,9918,261,20,2026-08-20T09:00:00Z
2025-08-10,paid_search,508.33,6512,296,12,2026-08-20T09:00:00Z
2025-08-10,paid_social,355.20,12502,329,9,2026-08-20T09:00:00Z
2025-08-10,retargeting,176.39,8170,215,13,2026-08-20T09:00:00Z
2025-08-10,email,46.10,9728,256,20,2026-08-20T09:00:00Z
2025-08-11,paid_search,485.96,6226,283,13,2026-08-20T09:00:00Z
2025-08-11,paid_social,367.52,12920,340,9,2026-08-20T09:00:00Z
2025-08-11,retargeting,188.77,8740,230,14,2026-08-20T09:00:00Z
2025-08-11,email,48.01,10146,267,20,2026-08-20T09:00:00Z
2025-08-12,paid_search,482.23,6160,280,12,2026-08-20T09:00:00Z
2025-08-12,paid_social,395.68,13908,366,10,2026-08-20T09:00:00Z
2025-08-12,retargeting,195.20,9044,238,15,2026-08-20T09:00:00Z
2025-08-12,email,47.36,9994,263,19,2026-08-20T09:00:00Z
2025-08-13,paid_search,500.84,6402,291,12,2026-08-20T09:00:00Z
2025-08-13,paid_social,394.65,13870,365,9,2026-08-20T09:00:00Z
2025-08-13,retargeting,188.03,8702,229,14,2026-08-20T09:00:00Z
2025-08-13,email,52.53,11096,292,21,2026-08-20T09:00:00Z
2025-08-14,paid_search,541.28,6930,315,15,2026-08-20T09:00:00Z
2025-08-14,paid_social,468.60,16492,434,13,2026-08-20T09:00:00Z
2025-08-14,retargeting,212.61,9842,259,17,2026-08-20T09:00:00Z
2025-08-14,email,53.10,11210,295,25,2026-08-20T09:00:00Z
2025-08-15,paid_search,554.41,7084,322,15,2026-08-20T09:00:00Z
2025-08-15,paid_social,437.28,15390,405,12,2026-08-20T09:00:00Z
2025-08-15,retargeting,195.43,9044,238,17,2026-08-20T09:00:00Z
2025-08-15,email,56.15,11856,312,26,2026-08-20T09:00:00Z
2025-08-16,paid_search,606.55,7766,353,18,2026-08-20T09:00:00Z
2025-08-16,paid_social,426.82,15010,395,12,2026-08-20T09:00:00Z
2025-08-16,retargeting,206.77,9576,252,16,2026-08-20T09:00:00Z
2025-08-16,email,51.79,10944,288,23,2026-08-20T09:00:00Z
2025-08-17,paid_search,493.10,6314,287,13,2026-08-20T09:00:00Z
2025-08-17,paid_social,368.76,12958,341,9,2026-08-20T09:00:00Z
2025-08-17,retargeting,185.57,8588,226,14,2026-08-20T09:00:00Z
2025-08-17,email,53.23,11248,296,21,2026-08-20T09:00:00Z
2025-08-18,paid_search,494.26,6314,287,12,2026-08-20T09:00:00Z
2025-08-18,paid_social,380.54,13376,352,9,2026-08-20T09:00:00Z
2025-08-18,retargeting,195.94,9082,239,15,2026-08-20T09:00:00Z
2025-08-18,email,48.46,10222,269,20,2026-08-20T09:00:00Z
2025-08-19,paid_search,519.85,6644,302,13,2026-08-20T09:00:00Z
2025-08-19,paid_social,366.36,12882,339,9,2026-08-20T09:00:00Z
2025-08-19,retargeting,193.49,8968,236,14,2026-08-20T09:00:00Z
2025-08-19,email,52.03,10982,289,22,2026-08-20T09:00:00Z
2025-08-20,paid_search,537.96,6886,313,14,2026-08-20T09:00:00Z
2025-08-20,paid_social,390.59,13756,362,10,2026-08-20T09:00:00Z
2025-08-20,retargeting,196.44,9120,240,14,2026-08-20T09:00:00Z
2025-08-20,email,46.83,9880,260,19,2026-08-20T09:00:00Z
2025-08-21,paid_search,539.69,6908,314,14,2026-08-20T09:00:00Z
2025-08-21,paid_social,418.00,14706,387,10,2026-08-20T09:00:00Z
2025-08-21,retargeting,201.13,9310,245,14,2026-08-20T09:00:00Z
2025-08-21,email,54.07,11400,300,22,2026-08-20T09:00:00Z
2025-08-22,paid_search,558.34,7150,325,14,2026-08-20T09:00:00Z
2025-08-22,paid_social,417.23,14668,386,10,2026-08-20T09:00:00Z
2025-08-22,retargeting,176.41,8170,215,13,2026-08-20T09:00:00Z
2025-08-22,email,48.13,10146,267,19,2026-08-20T09:00:00Z
2025-08-23,paid_search,488.15,6248,284,12,2026-08-20T09:00:00Z
2025-08-23,paid_social,388.85,13680,360,9,2026-08-20T09:00:00Z
2025-08-23,retargeting,191.80,8892,234,14,2026-08-20T09:00:00Z
2025-08-23,email,53.34,11248,296,21,2026-08-20T09:00:00Z
2025-08-24,paid_search,522.25,6688,304,13,2026-08-20T09:00:00Z
2025-08-24,paid_social,386.35,13604,358,9,2026-08-20T09:00:00Z
2025-08-24,retargeting,189.93,8816,232,14,2026-08-20T09:00:00Z
2025-08-24,email,47.88,10108,266,20,2026-08-20T09:00:00Z
2025-08-25,paid_search,542.13,6930,315,14,2026-08-20T09:00:00Z
2025-08-25,paid_social,388.80,13680,360,9,2026-08-20T09:00:00Z
2025-08-25,retargeting,187.08,8664,228,13,2026-08-20T09:00:00Z
2025-08-25,email,47.68,10070,265,20,2026-08-20T09:00:00Z
2025-08-26,paid_search,568.56,7282,331,15,2026-08-20T09:00:00Z
2025-08-26,paid_social,396.75,13946,367,10,2026-08-20T09:00:00Z
2025-08-26,retargeting,198.77,9196,242,15,2026-08-20T09:00:00Z
2025-08-26,email,52.38,11058,291,21,2026-08-20T09:00:00Z
2025-08-27,paid_search,559.60,7150,325,14,2026-08-20T09:00:00Z
2025-08-27,paid_social,410.91,14440,380,10,2026-08-20T09:00:00Z
2025-08-27,retargeting,185.18,8588,226,14,2026-08-20T09:00:00Z
2025-08-27,email,49.24,10412,274,20,2026-08-20T09:00:00Z
2025-08-28,paid_search,541.69,6930,315,13,2026-08-20T09:00:00Z
2025-08-28,paid_social,390.05,13718,361,10,2026-08-20T09:00:00Z
2025-08-28,retargeting,185.99,8626,227,13,2026-08-20T09:00:00Z
2025-08-28,email,55.46,11704,308,22,2026-08-20T09:00:00Z
2025-08-29,paid_search,576.97,7370,335,15,2026-08-20T09:00:00Z
2025-08-29,paid_social,406.40,14288,376,10,2026-08-20T09:00:00Z
2025-08-29,retargeting,190.59,8816,232,14,2026-08-20T09:00:00Z
2025-08-29,email,48.49,10222,269,20,2026-08-20T09:00:00Z
2025-08-30,paid_search,547.08,6996,318,14,2026-08-20T09:00:00Z
2025-08-30,paid_social,379.38,13338,351,9,2026-08-20T09:00:00Z
2025-08-30,retargeting,197.74,9158,241,15,2026-08-20T09:00:00Z
2025-08-30,email,48.55,10260,270,19,2026-08-20T09:00:00Z
2025-08-31,paid_search,553.81,7084,322,13,2026-08-20T09:00:00Z
2025-08-31,paid_social,397.76,13984,368,9,2026-08-20T09:00:00Z
2025-08-31,retargeting,199.33,9234,243,15,2026-08-20T09:00:00Z
2025-08-31,email,51.81,10944,288,21,2026-08-20T09:00:00Z
2025-09-01,paid_search,525.98,6732,306,13,2026-08-20T09:00:00Z
2025-09-01,paid_social,414.45,14592,384,10,2026-08-20T09:00:00Z
2025-09-01,retargeting,191.92,8892,234,15,2026-08-20T09:00:00Z
2025-09-01,email,54.76,11552,304,23,2026-08-20T09:00:00Z
2025-09-02,paid_search,561.22,7172,326,13,2026-08-20T09:00:00Z
2025-09-02,paid_social,390.66,13756,362,9,2026-08-20T09:00:00Z
2025-09-02,retargeting,193.91,8968,236,14,2026-08-20T09:00:00Z
2025-09-02,email,53.66,11324,298,23,2026-08-20T09:00:00Z
2025-09-03,paid_search,512.03,6556,298,13,2026-08-20T09:00:00Z
2025-09-03,paid_social,421.49,14820,390,10,2026-08-20T09:00:00Z
2025-09-03,retargeting,189.94,8816,232,14,2026-08-20T09:00:00Z
2025-09-03,email,50.82,10716,282,20,2026-08-20T09:00:00Z
2025-09-04,paid_search,539.36,6908,314,13,2026-08-20T09:00:00Z
2025-09-04,paid_social,396.13,13946,367,9,2026-08-20T09:00:00Z
2025-09-04,retargeting,200.16,9272,244,15,2026-08-20T09:00:00Z
2025-09-04,email,51.24,10830,285,20,2026-08-20T09:00:00Z
2025-09-05,paid_search,514.59,6578,299,13,2026-08-20T09:00:00Z
2025-09-05,paid_social,423.30,14896,392,10,2026-08-20T09:00:00Z
2025-09-05,retargeting,186.51,8626,227,13,2026-08-20T09:00:00Z
2025-09-05,email,56.20,11856,312,23,2026-08-20T09:00:00Z
2025-09-06,paid_search,516.27,6600,300,13,2026-08-20T09:00:00Z
2025-09-06,paid_social,445.30,15656,412,11,2026-08-20T09:00:00Z
2025-09-06,retargeting,189.85,8816,232,14,2026-08-20T09:00:00Z
2025-09-06,email,50.34,10640,280,22,2026-08-20T09:00:00Z
2025-09-07,paid_search,531.20,6798,309,13,2026-08-20T09:00:00Z
2025-09-07,paid_social,446.51,15694,413,11,2026-08-20T09:00:00Z
2025-09-07,retargeting,192.29,8892,234,14,2026-08-20T09:00:00Z
2025-09-07,email,54.39,11476,302,23,2026-08-20T09:00:00Z
2025-09-08,paid_search,532.64,6820,310,13,2026-08-20T09:00:00Z
2025-09-08,paid_social,416.88,14668,386,10,2026-08-20T09:00:00Z
2025-09-08,retargeting,195.84,9082,239,15,2026-08-20T09:00:00Z
2025-09-08,email,51.50,10868,286,21,2026-08-20T09:00:00Z
2025-09-09,paid_search,517.13,6622,301,13,2026-08-20T09:00:00Z
2025-09-09,paid_social,442.63,15580,410,11,2026-08-20T09:00:00Z
2025-09-09,retargeting,197.74,9158,241,15,2026-08-20T09:00:00Z
2025-09-09,email,52.24,11020,290,22,2026-08-20T09:00:00Z
2025-09-10,paid_search,560.73,7172,326,13,2026-08-20T09:00:00Z
2025-09-10,paid_social,415.37,14630,385,10,2026-08-20T09:00:00Z
2025-09-10,retargeting,200.96,9310,245,15,2026-08-20T09:00:00Z
2025-09-10,email,51.65,10906,287,21,2026-08-20T09:00:00Z
2025-09-11,paid_search,517.59,6622,301,13,2026-08-20T09:00:00Z
2025-09-11,paid_social,454.26,15998,421,10,2026-08-20T09:00:00Z
2025-09-11,retargeting,210.09,9728,256,15,2026-08-20T09:00:00Z
2025-09-11,email,52.05,10982,289,20,2026-08-20T09:00:00Z
2025-09-12,paid_search,520.77,6666,303,14,2026-08-20T09:00:00Z
2025-09-12,paid_social,434.96,15314,403,11,2026-08-20T09:00:00Z
2025-09-12,retargeting,189.08,8778,231,14,2026-08-20T09:00:00Z
2025-09-12,email,56.75,11970,315,24,2026-08-20T09:00:00Z
2025-09-13,paid_search,592.25,7568,344,15,2026-08-20T09:00:00Z
2025-09-13,paid_social,407.53,14326,377,10,2026-08-20T09:00:00Z
2025-09-13,retargeting,196.81,9120,240,14,2026-08-20T09:00:00Z
2025-09-13,email,51.22,10830,285,20,2026-08-20T09:00:00Z
2025-09-14,paid_search,642.73,8228,374,18,2026-08-20T09:00:00Z
2025-09-14,paid_social,512.82,18050,475,13,2026-08-20T09:00:00Z
2025-09-14,retargeting,225.77,10450,275,19,2026-08-20T09:00:00Z
2025-09-14,email,55.63,11742,309,24,2026-08-20T09:00:00Z
2025-09-15,paid_search,649.39,8316,378,18,2026-08-20T09:00:00Z
2025-09-15,paid_social,505.13,17784,468,14,2026-08-20T09:00:00Z
2025-09-15,retargeting,228.06,10564,278,19,2026-08-20T09:00:00Z
2025-09-15,email,61.50,12996,342,29,2026-08-20T09:00:00Z
2025-09-16,paid_search,604.71,7744,352,17,2026-08-20T09:00:00Z
2025-09-16,paid_social,477.49,16796,442,13,2026-08-20T09:00:00Z
2025-09-16,retargeting,242.85,11248,296,20,2026-08-20T09:00:00Z
2025-09-16,email,63.30,13376,352,28,2026-08-20T09:00:00Z
2025-09-17,paid_search,564.71,7216,328,14,2026-08-20T09:00:00Z
2025-09-17,paid_social,454.36,15998,421,11,2026-08-20T09:00:00Z
2025-09-17,retargeting,206.47,9576,252,15,2026-08-20T09:00:00Z
2025-09-17,email,59.45,12540,330,24,2026-08-20T09:00:00Z
2025-09-18,paid_search,580.07,7414,337,14,2026-08-20T09:00:00Z
2025-09-18,paid_social,454.73,15998,421,11,2026-08-20T09:00:00Z
2025-09-18,retargeting,214.43,9956,262,16,2026-08-20T09:00:00Z
2025-09-18,email,55.32,11666,307,23,2026-08-20T09:00:00Z
2025-09-19,paid_search,600.07,7678,349,15,2026-08-20T09:00:00Z
2025-09-19,paid_social,400.01,14060,370,9,2026-08-20T09:00:00Z
2025-09-19,retargeting,192.69,8930,235,14,2026-08-20T09:00:00Z
2025-09-19,email,54.99,11590,305,22,2026-08-20T09:00:00Z
2025-09-20,paid_search,539.06,6886,313,14,2026-08-20T09:00:00Z
2025-09-20,paid_social,456.45,16074,423,11,2026-08-20T09:00:00Z
2025-09-20,retargeting,208.68,9652,254,15,2026-08-20T09:00:00Z
2025-09-20,email,60.21,12692,334,24,2026-08-20T09:00:00Z
2025-09-21,paid_search,576.37,7370,335,15,2026-08-20T09:00:00Z
2025-09-21,paid_social,400.31,14098,371,9,2026-08-20T09:00:00Z
2025-09-21,retargeting,206.63,9576,252,16,2026-08-20T09:00:00Z
2025-09-21,email,52.16,11020,290,22,2026-08-20T09:00:00Z
2025-09-22,paid_search,599.50,7678,349,15,2026-08-20T09:00:00Z
2025-09-22,paid_social,412.42,14516,382,10,2026-08-20T09:00:00Z
2025-09-22,retargeting,201.79,9348,246,16,2026-08-20T09:00:00Z
2025-09-22,email,54.48,11514,303,23,2026-08-20T09:00:00Z
2025-09-23,paid_search,601.62,7700,350,14,2026-08-20T09:00:00Z
2025-09-23,paid_social,426.71,15010,395,11,2026-08-20T09:00:00Z
2025-09-23,retargeting,213.28,9880,260,16,2026-08-20T09:00:00Z
2025-09-23,email,58.95,12426,327,23,2026-08-20T09:00:00Z
2025-09-24,paid_search,591.13,7568,344,15,2026-08-20T09:00:00Z
2025-09-24,paid_social,419.27,14744,388,10,2026-08-20T09:00:00Z
2025-09-24,retargeting,212.12,9842,259,16,2026-08-20T09:00:00Z
2025-09-24,email,52.50,11096,292,22,2026-08-20T09:00:00Z
2025-09-25,paid_search,585.51,7480,340,14,2026-08-20T09:00:00Z
2025-09-25,paid_social,409.98,14440,380,10,2026-08-20T09:00:00Z
2025-09-25,retargeting,214.21,9918,261,16,2026-08-20T09:00:00Z
2025-09-25,email,52.32,11058,291,21,2026-08-20T09:00:00Z
2025-09-26,paid_search,593.03,7590,345,15,2026-08-20T09:00:00Z
2025-09-26,paid_social,435.36,15314,403,10,2026-08-20T09:00:00Z
2025-09-26,retargeting,221.44,10260,270,16,2026-08-20T09:00:00Z
2025-09-26,email,57.28,12084,318,23,2026-08-20T09:00:00Z
2025-09-27,paid_search,629.05,8052,366,16,2026-08-20T09:00:00Z
2025-09-27,paid_social,476.50,16758,441,12,2026-08-20T09:00:00Z
2025-09-27,retargeting,224.12,10374,273,17,2026-08-20T09:00:00Z
2025-09-27,email,61.19,12920,340,25,2026-08-20T09:00:00Z
2025-09-28,paid_search,550.96,7040,320,13,2026-08-20T09:00:00Z
2025-09-28,paid_social,438.52,15428,406,11,2026-08-20T09:00:00Z
2025-09-28,retargeting,221.20,10260,270,17,2026-08-20T09:00:00Z
2025-09-28,email,55.23,11666,307,22,2026-08-20T09:00:00Z
2025-09-29,paid_search,602.26,7700,350,16,2026-08-20T09:00:00Z
2025-09-29,paid_social,471.44,16606,437,12,2026-08-20T09:00:00Z
2025-09-29,retargeting,198.86,9234,243,15,2026-08-20T09:00:00Z
2025-09-29,email,57.19,12084,318,25,2026-08-20T09:00:00Z
2025-09-30,paid_search,636.88,8140,370,16,2026-08-20T09:00:00Z
2025-09-30,paid_social,435.17,15314,403,10,2026-08-20T09:00:00Z
2025-09-30,retargeting,203.16,9424,248,15,2026-08-20T09:00:00Z
2025-09-30,email,54.47,11514,303,22,2026-08-20T09:00:00Z
2025-10-01,paid_search,616.29,7876,358,16,2026-08-20T09:00:00Z
2025-10-01,paid_social,472.81,16644,438,12,2026-08-20T09:00:00Z
2025-10-01,retargeting,205.68,9538,251,15,2026-08-20T09:00:00Z
2025-10-01,email,54.01,11400,300,23,2026-08-20T09:00:00Z
2025-10-02,paid_search,616.88,7898,359,16,2026-08-20T09:00:00Z
2025-10-02,paid_social,424.97,14934,393,11,2026-08-20T09:00:00Z
2025-10-02,retargeting,198.53,9196,242,15,2026-08-20T09:00:00Z
2025-10-02,email,56.28,11894,313,23,2026-08-20T09:00:00Z
2025-10-03,paid_search,597.68,7634,347,15,2026-08-20T09:00:00Z
2025-10-03,paid_social,452.83,15922,419,11,2026-08-20T09:00:00Z
2025-10-03,retargeting,202.00,9348,246,16,2026-08-20T09:00:00Z
2025-10-03,email,59.02,12464,328,25,2026-08-20T09:00:00Z
2025-10-04,paid_search,565.44,7238,329,13,2026-08-20T09:00:00Z
2025-10-04,paid_social,454.64,15998,421,11,2026-08-20T09:00:00Z
2025-10-04,retargeting,225.07,10412,274,17,2026-08-20T09:00:00Z
2025-10-04,email,54.95,11590,305,23,2026-08-20T09:00:00Z
2025-10-05,paid_search,620.36,7942,361,15,2026-08-20T09:00:00Z
2025-10-05,paid_social,441.71,15542,409,11,2026-08-20T09:00:00Z
2025-10-05,retargeting,205.81,9538,251,15,2026-08-20T09:00:00Z
2025-10-05,email,59.47,12540,330,25,2026-08-20T09:00:00Z
2025-10-06,paid_search,616.49,7876,358,15,2026-08-20T09:00:00Z
2025-10-06,paid_social,474.37,16682,439,11,2026-08-20T09:00:00Z
2025-10-06,retargeting,206.39,9576,252,15,2026-08-20T09:00:00Z
2025-10-06,email,55.35,11704,308,23,2026-08-20T09:00:00Z
2025-10-07,paid_search,635.73,8140,370,16,2026-08-20T09:00:00Z
2025-10-07,paid_social,466.94,16416,432,11,2026-08-20T09:00:00Z
2025-10-07,retargeting,203.92,9462,249,15,2026-08-20T09:00:00Z
2025-10-07,email,61.37,12958,341,26,2026-08-20T09:00:00Z
2025-10-08,paid_search,638.98,8184,372,16,2026-08-20T09:00:00Z
2025-10-08,paid_social,486.52,17100,450,12,2026-08-20T09:00:00Z
2025-10-08,retargeting,226.34,10488,276,16,2026-08-20T09:00:00Z
2025-10-08,email,56.96,12008,316,22,2026-08-20T09:00:00Z
2025-10-09,paid_search,643.60,8228,374,17,2026-08-20T09:00:00Z
2025-10-09,paid_social,449.51,15808,416,11,2026-08-20T09:00:00Z
2025-10-09,retargeting,215.39,9994,263,17,2026-08-20T09:00:00Z
2025-10-09,email,58.81,12426,327,25,2026-08-20T09:00:00Z
2025-10-10,paid_search,638.81,8162,371,15,2026-08-20T09:00:00Z
2025-10-10,paid_social,440.01,15466,407,11,2026-08-20T09:00:00Z
2025-10-10,retargeting,217.21,10070,265,16,2026-08-20T09:00:00Z
2025-10-10,email,56.43,11932,314,23,2026-08-20T09:00:00Z
2025-10-11,paid_search,584.52,7480,340,15,2026-08-20T09:00:00Z
2025-10-11,paid_social,443.90,15618,411,10,2026-08-20T09:00:00Z
2025-10-11,retargeting,227.97,10564,278,17,2026-08-20T09:00:00Z
2025-10-11,email,63.44,13376,352,26,2026-08-20T09:00:00Z
2025-10-12,paid_search,649.59,8316,378,16,2026-08-20T09:00:00Z
2025-10-12,paid_social,456.03,16036,422,11,2026-08-20T09:00:00Z
2025-10-12,retargeting,214.38,9918,261,16,2026-08-20T09:00:00Z
2025-10-12,email,59.78,12616,332,25,2026-08-20T09:00:00Z
2025-10-13,paid_search,642.24,8206,373,15,2026-08-20T09:00:00Z
2025-10-13,paid_social,450.43,15846,417,11,2026-08-20T09:00:00Z
2025-10-13,retargeting,208.68,9652,254,16,2026-08-20T09:00:00Z
2025-10-13,email,61.46,12958,341,26,2026-08-20T09:00:00Z
2025-10-14,paid_search,728.41,9306,423,20,2026-08-20T09:00:00Z
2025-10-14,paid_social,520.87,18316,482,14,2026-08-20T09:00:00Z
2025-10-14,retargeting,246.87,11438,301,20,2026-08-20T09:00:00Z
2025-10-14,email,61.96,13072,344,29,2026-08-20T09:00:00Z
2025-10-15,paid_search,653.49,8360,380,19,2026-08-20T09:00:00Z
2025-10-15,paid_social,529.19,18620,490,14,2026-08-20T09:00:00Z
2025-10-15,retargeting,233.67,10830,285,18,2026-08-20T09:00:00Z
2025-10-15,email,64.83,13680,360,30,2026-08-20T09:00:00Z
2025-10-16,paid_search,735.80,9416,428,21,2026-08-20T09:00:00Z
2025-10-16,paid_social,556.40,19570,515,14,2026-08-20T09:00:00Z
2025-10-16,retargeting,245.54,11362,299,20,2026-08-20T09:00:00Z
2025-10-16,email,63.61,13414,353,29,2026-08-20T09:00:00Z
2025-10-17,paid_search,587.11,7502,341,15,2026-08-20T09:00:00Z
2025-10-17,paid_social,462.48,16264,428,11,2026-08-20T09:00:00Z
2025-10-17,retargeting,219.37,10184,268,16,2026-08-20T09:00:00Z
2025-10-17,email,62.10,13110,345,24,2026-08-20T09:00:00Z
2025-10-18,paid_search,637.95,8162,371,15,2026-08-20T09:00:00Z
2025-10-18,paid_social,462.24,16264,428,11,2026-08-20T09:00:00Z
2025-10-18,retargeting,207.18,9614,253,15,2026-08-20T09:00:00Z
2025-10-18,email,56.87,12008,316,23,2026-08-20T09:00:00Z
2025-10-19,paid_search,640.48,8184,372,16,2026-08-20T09:00:00Z
2025-10-19,paid_social,488.93,17214,453,12,2026-08-20T09:00:00Z
2025-10-19,retargeting,219.66,10184,268,17,2026-08-20T09:00:00Z
2025-10-19,email,57.09,12046,317,24,2026-08-20T09:00:00Z
2025-10-20,paid_search,617.25,7898,359,15,2026-08-20T09:00:00Z
2025-10-20,paid_social,447.70,15770,415,11,2026-08-20T09:00:00Z
2025-10-20,retargeting,215.37,9994,263,16,2026-08-20T09:00:00Z
2025-10-20,email,63.59,13414,353,26,2026-08-20T09:00:00Z
2025-10-21,paid_search,574.77,7348,334,15,2026-08-20T09:00:00Z
2025-10-21,paid_social,460.68,16226,427,11,2026-08-20T09:00:00Z
2025-10-21,retargeting,205.07,9500,250,15,2026-08-20T09:00:00Z
2025-10-21,email,55.71,11742,309,22,2026-08-20T09:00:00Z
2025-10-22,paid_search,622.02,7964,362,16,2026-08-20T09:00:00Z
2025-10-22,paid_social,457.60,16112,424,11,2026-08-20T09:00:00Z
2025-10-22,retargeting,217.00,10070,265,16,2026-08-20T09:00:00Z
2025-10-22,email,62.57,13224,348,27,2026-08-20T09:00:00Z
2025-10-23,paid_search,635.16,8118,369,16,2026-08-20T09:00:00Z
2025-10-23,paid_social,490.60,17252,454,12,2026-08-20T09:00:00Z
2025-10-23,retargeting,227.64,10564,278,17,2026-08-20T09:00:00Z
2025-10-23,email,63.15,13338,351,25,2026-08-20T09:00:00Z
2025-10-24,paid_search,657.72,8404,382,16,2026-08-20T09:00:00Z
2025-10-24,paid_social,440.95,15504,408,10,2026-08-20T09:00:00Z
2025-10-24,retargeting,237.41,11020,290,18,2026-08-20T09:00:00Z
2025-10-24,email,59.32,12540,330,25,2026-08-20T09:00:00Z
2025-10-25,paid_search,582.08,7436,338,14,2026-08-20T09:00:00Z
2025-10-25,paid_social,470.00,16530,435,11,2026-08-20T09:00:00Z
2025-10-25,retargeting,211.33,9804,258,16,2026-08-20T09:00:00Z
2025-10-25,email,60.26,12730,335,25,2026-08-20T09:00:00Z
2025-10-26,paid_search,664.28,8492,386,17,2026-08-20T09:00:00Z
2025-10-26,paid_social,469.62,16530,435,11,2026-08-20T09:00:00Z
2025-10-26,retargeting,239.49,11096,292,17,2026-08-20T09:00:00Z
2025-10-26,email,56.86,12008,316,25,2026-08-20T09:00:00Z
2025-10-27,paid_search,594.24,7590,345,14,2026-08-20T09:00:00Z
2025-10-27,paid_social,472.57,16644,438,12,2026-08-20T09:00:00Z
2025-10-27,retargeting,210.25,9728,256,16,2026-08-20T09:00:00Z
2025-10-27,email,60.02,12654,333,24,2026-08-20T09:00:00Z
2025-10-28,paid_search,671.96,8602,391,17,2026-08-20T09:00:00Z
2025-10-28,paid_social,437.59,15390,405,11,2026-08-20T09:00:00Z
2025-10-28,retargeting,232.47,10754,283,17,2026-08-20T09:00:00Z
2025-10-28,email,57.76,12198,321,24,2026-08-20T09:00:00Z
2025-10-29,paid_search,666.54,8536,388,16,2026-08-20T09:00:00Z
2025-10-29,paid_social,455.74,16036,422,11,2026-08-20T09:00:00Z
2025-10-29,retargeting,207.75,9614,253,15,2026-08-20T09:00:00Z
2025-10-29,email,62.53,13186,347,25,2026-08-20T09:00:00Z
2025-10-30,paid_search,646.26,8272,376,16,2026-08-20T09:00:00Z
2025-10-30,paid_social,442.85,15580,410,10,2026-08-20T09:00:00Z
2025-10-30,retargeting,228.07,10564,278,16,2026-08-20T09:00:00Z
2025-10-30,email,64.80,13680,360,27,2026-08-20T09:00:00Z
2025-10-31,paid_search,670.81,8580,390,17,2026-08-20T09:00:00Z
2025-10-31,paid_social,480.13,16910,445,12,2026-08-20T09:00:00Z
2025-10-31,retargeting,229.77,10640,280,17,2026-08-20T09:00:00Z
2025-10-31,email,65.21,13756,362,28,2026-08-20T09:00:00Z
2025-11-01,paid_search,635.93,8140,370,16,2026-08-20T09:00:00Z
2025-11-01,paid_social,470.41,16568,436,12,2026-08-20T09:00:00Z
2025-11-01,retargeting,214.93,9956,262,15,2026-08-20T09:00:00Z
2025-11-01,email,60.41,12768,336,26,2026-08-20T09:00:00Z
2025-11-02,paid_search,614.30,7854,357,15,2026-08-20T09:00:00Z
2025-11-02,paid_social,508.53,17898,471,12,2026-08-20T09:00:00Z
2025-11-02,retargeting,212.09,9842,259,16,2026-08-20T09:00:00Z
2025-11-02,email,65.00,13718,361,27,2026-08-20T09:00:00Z
2025-11-03,paid_search,639.93,8184,372,16,2026-08-20T09:00:00Z
2025-11-03,paid_social,448.58,15770,415,11,2026-08-20T09:00:00Z
2025-11-03,retargeting,235.30,10906,287,17,2026-08-20T09:00:00Z
2025-11-03,email,61.58,12996,342,26,2026-08-20T09:00:00Z
2025-11-04,paid_search,620.27,7942,361,15,2026-08-20T09:00:00Z
2025-11-04,paid_social,464.06,16340,430,11,2026-08-20T09:00:00Z
2025-11-04,retargeting,213.66,9918,261,16,2026-08-20T09:00:00Z
2025-11-04,email,58.12,12274,323,24,2026-08-20T09:00:00Z
2025-11-05,paid_search,598.03,7656,348,15,2026-08-20T09:00:00Z
2025-11-05,paid_social,463.26,16302,429,12,2026-08-20T09:00:00Z
2025-11-05,retargeting,223.63,10374,273,16,2026-08-20T09:00:00Z
2025-11-05,email,63.04,13300,350,27,2026-08-20T09:00:00Z
2025-11-06,paid_search,655.97,8382,381,16,2026-08-20T09:00:00Z
2025-11-06,paid_social,453.56,15960,420,11,2026-08-20T09:00:00Z
2025-11-06,retargeting,234.17,10868,286,17,2026-08-20T09:00:00Z
2025-11-06,email,65.96,13908,366,27,2026-08-20T09:00:00Z
2025-11-07,paid_search,586.58,7502,341,14,2026-08-20T09:00:00Z
2025-11-07,paid_social,450.17,15846,417,11,2026-08-20T09:00:00Z
2025-11-07,retargeting,217.67,10070,265,17,2026-08-20T09:00:00Z
2025-11-07,email,57.53,12160,320,24,2026-08-20T09:00:00Z
2025-11-08,paid_search,664.57,8492,386,17,2026-08-20T09:00:00Z
2025-11-08,paid_social,509.87,17936,472,12,2026-08-20T09:00:00Z
2025-11-08,retargeting,226.47,10488,276,17,2026-08-20T09:00:00Z
2025-11-08,email,66.06,13946,367,28,2026-08-20T09:00:00Z
2025-11-09,paid_search,663.67,8492,386,17,2026-08-20T09:00:00Z
2025-11-09,paid_social,498.17,17518,461,12,2026-08-20T09:00:00Z
2025-11-09,retargeting,210.74,9766,257,16,2026-08-20T09:00:00Z
2025-11-09,email,64.32,13566,357,27,2026-08-20T09:00:00Z
2025-11-10,paid_search,638.06,8162,371,17,2026-08-20T09:00:00Z
2025-11-10,paid_social,480.56,16910,445,12,2026-08-20T09:00:00Z
2025-11-10,retargeting,229.27,10640,280,18,2026-08-20T09:00:00Z
2025-11-10,email,64.75,13680,360,27,2026-08-20T09:00:00Z
2025-11-11,paid_search,657.21,8404,382,16,2026-08-20T09:00:00Z
2025-11-11,paid_social,465.54,16378,431,11,2026-08-20T09:00:00Z
2025-11-11,retargeting,235.91,10944,288,18,2026-08-20T09:00:00Z
2025-11-11,email,63.32,13376,352,26,2026-08-20T09:00:00Z
2025-11-12,paid_search,644.34,8250,375,15,2026-08-20T09:00:00Z
2025-11-12,paid_social,452.16,15922,419,11,2026-08-20T09:00:00Z
2025-11-12,retargeting,223.64,10374,273,17,2026-08-20T09:00:00Z
2025-11-12,email,58.69,12388,326,25,2026-08-20T09:00:00Z
2025-11-13,paid_search,670.41,8580,390,16,2026-08-20T09:00:00Z
2025-11-13,paid_social,460.22,16188,426,11,2026-08-20T09:00:00Z
2025-11-13,retargeting,229.22,10640,280,17,2026-08-20T09:00:00Z
2025-11-13,email,61.29,12958,341,24,2026-08-20T09:00:00Z
2025-11-14,paid_search,771.15,9856,448,21,2026-08-20T09:00:00Z
2025-11-14,paid_social,522.39,18392,484,14,2026-08-20T09:00:00Z
2025-11-14,retargeting,265.47,12312,324,22,2026-08-20T09:00:00Z
2025-11-14,email,64.09,13528,356,29,2026-08-20T09:00:00Z
2025-11-15,paid_search,714.82,9152,416,20,2026-08-20T09:00:00Z
2025-11-15,paid_social,547.76,19266,507,15,2026-08-20T09:00:00Z
2025-11-15,retargeting,281.96,13072,344,22,2026-08-20T09:00:00Z
2025-11-15,email,69.85,14744,388,32,2026-08-20T09:00:00Z
2025-11-16,paid_search,740.49,9482,431,21,2026-08-20T09:00:00Z
2025-11-16,paid_social,571.86,20140,530,15,2026-08-20T09:00:00Z
2025-11-16,retargeting,276.34,12806,337,23,2026-08-20T09:00:00Z
2025-11-16,email,62.75,13262,349,29,2026-08-20T09:00:00Z
2025-11-17,paid_search,650.09,8316,378,16,2026-08-20T09:00:00Z
2025-11-17,paid_social,494.79,17404,458,11,2026-08-20T09:00:00Z
2025-11-17,retargeting,215.56,9994,263,16,2026-08-20T09:00:00Z
2025-11-17,email,62.85,13262,349,26,2026-08-20T09:00:00Z
2025-11-18,paid_search,632.60,8096,368,15,2026-08-20T09:00:00Z
2025-11-18,paid_social,447.14,15732,414,10,2026-08-20T09:00:00Z
2025-11-18,retargeting,216.87,10032,264,16,2026-08-20T09:00:00Z
2025-11-18,email,58.21,12274,323,24,2026-08-20T09:00:00Z
2025-11-19,paid_search,676.22,8646,393,16,2026-08-20T09:00:00Z
2025-11-19,paid_social,476.10,16758,441,12,2026-08-20T09:00:00Z
2025-11-19,retargeting,238.06,11020,290,18,2026-08-20T09:00:00Z
2025-11-19,email,62.70,13224,348,27,2026-08-20T09:00:00Z
2025-11-20,paid_search,917.23,11726,533,31,2026-08-20T09:00:00Z
2025-11-20,paid_social,714.52,25156,662,23,2026-08-20T09:00:00Z
2025-11-20,retargeting,326.97,15162,399,32,2026-08-20T09:00:00Z
2025-11-20,email,78.25,16530,435,41,2026-08-20T09:00:00Z
2025-11-21,paid_search,844.35,10802,491,29,2026-08-20T09:00:00Z
2025-11-21,paid_social,706.58,24852,654,23,2026-08-20T09:00:00Z
2025-11-21,retargeting,309.66,14364,378,31,2026-08-20T09:00:00Z
2025-11-21,email,81.48,17214,453,44,2026-08-20T09:00:00Z
2025-11-22,paid_search,972.94,12452,566,32,2026-08-20T09:00:00Z
2025-11-22,paid_social,677.70,23826,627,23,2026-08-20T09:00:00Z
2025-11-22,retargeting,313.43,14516,382,31,2026-08-20T09:00:00Z
2025-11-22,email,80.54,16986,447,43,2026-08-20T09:00:00Z
2025-11-23,paid_search,913.93,11682,531,32,2026-08-20T09:00:00Z
2025-11-23,paid_social,740.65,26068,686,24,2026-08-20T09:00:00Z
2025-11-23,retargeting,318.90,14782,389,33,2026-08-20T09:00:00Z
2025-11-23,email,75.07,15846,417,41,2026-08-20T09:00:00Z
2025-11-24,paid_search,875.35,11198,509,30,2026-08-20T09:00:00Z
2025-11-24,paid_social,743.62,26182,689,25,2026-08-20T09:00:00Z
2025-11-24,retargeting,308.73,14326,377,31,2026-08-20T09:00:00Z
2025-11-24,email,76.74,16188,426,43,2026-08-20T09:00:00Z
2025-11-25,paid_search,927.12,11858,539,31,2026-08-20T09:00:00Z
2025-11-25,paid_social,714.30,25118,661,22,2026-08-20T09:00:00Z
2025-11-25,retargeting,319.45,14820,390,32,2026-08-20T09:00:00Z
2025-11-25,email,83.17,17556,462,46,2026-08-20T09:00:00Z
2025-11-26,paid_search,986.79,12628,574,32,2026-08-20T09:00:00Z
2025-11-26,paid_social,701.42,24662,649,23,2026-08-20T09:00:00Z
2025-11-26,retargeting,304.84,14136,372,29,2026-08-20T09:00:00Z
2025-11-26,email,73.19,15466,407,40,2026-08-20T09:00:00Z
2025-11-27,paid_search,903.33,11550,525,31,2026-08-20T09:00:00Z
2025-11-27,paid_social,646.68,22762,599,20,2026-08-20T09:00:00Z
2025-11-27,retargeting,328.31,15200,400,33,2026-08-20T09:00:00Z
2025-11-27,email,78.21,16492,434,44,2026-08-20T09:00:00Z
2025-11-28,paid_search,939.04,12012,546,32,2026-08-20T09:00:00Z
2025-11-28,paid_social,696.12,24510,645,23,2026-08-20T09:00:00Z
2025-11-28,retargeting,305.42,14136,372,29,2026-08-20T09:00:00Z
2025-11-28,email,74.51,15732,414,42,2026-08-20T09:00:00Z
2025-11-29,paid_search,870.41,11132,506,29,2026-08-20T09:00:00Z
2025-11-29,paid_social,735.94,25878,681,23,2026-08-20T09:00:00Z
2025-11-29,retargeting,309.13,14326,377,32,2026-08-20T09:00:00Z
2025-11-29,email,79.61,16796,442,44,2026-08-20T09:00:00Z
2025-11-30,paid_search,848.82,10868,494,28,2026-08-20T09:00:00Z
2025-11-30,paid_social,729.94,25688,676,23,2026-08-20T09:00:00Z
2025-11-30,retargeting,328.55,15238,401,33,2026-08-20T09:00:00Z
2025-11-30,email,71.88,15162,399,39,2026-08-20T09:00:00Z
2025-12-01,paid_search,819.45,10472,476,25,2026-08-20T09:00:00Z
2025-12-01,paid_social,682.02,23978,631,20,2026-08-20T09:00:00Z
2025-12-01,retargeting,287.95,13338,351,27,2026-08-20T09:00:00Z
2025-12-01,email,69.08,14592,384,37,2026-08-20T09:00:00Z
2025-12-02,paid_search,863.89,11044,502,28,2026-08-20T09:00:00Z
2025-12-02,paid_social,691.23,24320,640,21,2026-08-20T09:00:00Z
2025-12-02,retargeting,317.63,14706,387,31,2026-08-20T09:00:00Z
2025-12-02,email,73.80,15580,410,39,2026-08-20T09:00:00Z
2025-12-03,paid_search,837.37,10714,487,28,2026-08-20T09:00:00Z
2025-12-03,paid_social,648.88,22838,601,21,2026-08-20T09:00:00Z
2025-12-03,retargeting,321.45,14896,392,30,2026-08-20T09:00:00Z
2025-12-03,email,71.98,15200,400,37,2026-08-20T09:00:00Z
2025-12-04,paid_search,887.79,11352,516,29,2026-08-20T09:00:00Z
2025-12-04,paid_social,660.13,23218,611,21,2026-08-20T09:00:00Z
2025-12-04,retargeting,318.17,14744,388,29,2026-08-20T09:00:00Z
2025-12-04,email,71.20,15048,396,37,2026-08-20T09:00:00Z
2025-12-05,paid_search,910.65,11638,529,29,2026-08-20T09:00:00Z
2025-12-05,paid_social,604.22,21242,559,18,2026-08-20T09:00:00Z
2025-12-05,retargeting,327.52,15162,399,30,2026-08-20T09:00:00Z
2025-12-05,email,68.70,14516,382,35,2026-08-20T09:00:00Z
2025-12-06,paid_search,905.97,11594,527,27,2026-08-20T09:00:00Z
2025-12-06,paid_social,633.69,22306,587,20,2026-08-20T09:00:00Z
2025-12-06,retargeting,309.39,14326,377,31,2026-08-20T09:00:00Z
2025-12-06,email,79.01,16682,439,40,2026-08-20T09:00:00Z
2025-12-07,paid_search,882.12,11286,513,29,2026-08-20T09:00:00Z
2025-12-07,paid_social,612.85,21546,567,20,2026-08-20T09:00:00Z
2025-12-07,retargeting,294.26,13642,359,28,2026-08-20T09:00:00Z
2025-12-07,email,76.40,16112,424,38,2026-08-20T09:00:00Z
2025-12-08,paid_search,791.45,10120,460,25,2026-08-20T09:00:00Z
2025-12-08,paid_social,647.04,22762,599,20,2026-08-20T09:00:00Z
2025-12-08,retargeting,331.09,15352,404,32,2026-08-20T09:00:00Z
2025-12-08,email,70.68,14934,393,37,2026-08-20T09:00:00Z
2025-12-09,paid_search,899.93,11506,523,27,2026-08-20T09:00:00Z
2025-12-09,paid_social,609.45,21432,564,19,2026-08-20T09:00:00Z
2025-12-09,retargeting,285.16,13224,348,28,2026-08-20T09:00:00Z
2025-12-09,email,75.30,15884,418,38,2026-08-20T09:00:00Z
2025-12-10,paid_search,794.72,10164,462,25,2026-08-20T09:00:00Z
2025-12-10,paid_social,656.76,23104,608,20,2026-08-20T09:00:00Z
2025-12-10,retargeting,332.78,15428,406,31,2026-08-20T09:00:00Z
2025-12-10,email,74.99,15846,417,38,2026-08-20T09:00:00Z
2025-12-11,paid_search,830.04,10626,483,26,2026-08-20T09:00:00Z
2025-12-11,paid_social,624.30,21964,578,18,2026-08-20T09:00:00Z
2025-12-11,retargeting,310.42,14402,379,31,2026-08-20T09:00:00Z
2025-12-11,email,71.20,15048,396,36,2026-08-20T09:00:00Z
2025-12-12,paid_search,851.71,10890,495,26,2026-08-20T09:00:00Z
2025-12-12,paid_social,605.26,21280,560,18,2026-08-20T09:00:00Z
2025-12-12,retargeting,288.06,13338,351,26,2026-08-20T09:00:00Z
2025-12-12,email,69.11,14592,384,36,2026-08-20T09:00:00Z
2025-12-13,paid_search,822.96,10516,478,27,2026-08-20T09:00:00Z
2025-12-13,paid_social,645.85,22724,598,19,2026-08-20T09:00:00Z
2025-12-13,retargeting,305.00,14136,372,29,2026-08-20T09:00:00Z
2025-12-13,email,73.48,15504,408,39,2026-08-20T09:00:00Z
2025-12-14,paid_search,871.30,11154,507,28,2026-08-20T09:00:00Z
2025-12-14,paid_social,629.34,22154,583,19,2026-08-20T09:00:00Z
2025-12-14,retargeting,284.39,13186,347,27,2026-08-20T09:00:00Z
2025-12-14,email,77.22,16302,429,39,2026-08-20T09:00:00Z
2025-12-15,paid_search,807.65,10340,470,26,2026-08-20T09:00:00Z
2025-12-15,paid_social,609.04,21432,564,19,2026-08-20T09:00:00Z
2025-12-15,retargeting,297.23,13756,362,27,2026-08-20T09:00:00Z
2025-12-15,email,72.87,15390,405,38,2026-08-20T09:00:00Z
2025-12-16,paid_search,828.86,10604,482,26,2026-08-20T09:00:00Z
2025-12-16,paid_social,634.21,22306,587,19,2026-08-20T09:00:00Z
2025-12-16,retargeting,310.52,14402,379,28,2026-08-20T09:00:00Z
2025-12-16,email,73.69,15542,409,39,2026-08-20T09:00:00Z
2025-12-17,paid_search,816.51,10450,475,26,2026-08-20T09:00:00Z
2025-12-17,paid_social,684.29,24092,634,21,2026-08-20T09:00:00Z
2025-12-17,retargeting,283.75,13148,346,27,2026-08-20T09:00:00Z
2025-12-17,email,72.92,15390,405,39,2026-08-20T09:00:00Z
2025-12-18,paid_search,812.33,10384,472,25,2026-08-20T09:00:00Z
2025-12-18,paid_social,628.45,22116,582,20,2026-08-20T09:00:00Z
2025-12-18,retargeting,313.10,14516,382,29,2026-08-20T09:00:00Z
2025-12-18,email,71.44,15086,397,38,2026-08-20T09:00:00Z
2025-12-19,paid_search,673.09,8602,391,18,2026-08-20T09:00:00Z
2025-12-19,paid_social,502.25,17670,465,12,2026-08-20T09:00:00Z
2025-12-19,retargeting,219.93,10184,268,16,2026-08-20T09:00:00Z
2025-12-19,email,60.28,12730,335,25,2026-08-20T09:00:00Z
2025-12-20,paid_search,604.46,7722,351,16,2026-08-20T09:00:00Z
2025-12-20,paid_social,475.29,16720,440,12,2026-08-20T09:00:00Z
2025-12-20,retargeting,247.37,11476,302,18,2026-08-20T09:00:00Z
2025-12-20,email,59.41,12540,330,24,2026-08-20T09:00:00Z
2025-12-21,paid_search,605.97,7744,352,16,2026-08-20T09:00:00Z
2025-12-21,paid_social,448.57,15770,415,11,2026-08-20T09:00:00Z
2025-12-21,retargeting,221.15,10260,270,17,2026-08-20T09:00:00Z
2025-12-21,email,61.70,13034,343,25,2026-08-20T09:00:00Z
2025-12-22,paid_search,618.47,7920,360,15,2026-08-20T09:00:00Z
2025-12-22,paid_social,450.07,15846,417,10,2026-08-20T09:00:00Z
2025-12-22,retargeting,214.27,9918,261,16,2026-08-20T09:00:00Z
2025-12-22,email,60.15,12692,334,25,2026-08-20T09:00:00Z
2025-12-23,paid_search,634.68,8118,369,16,2026-08-20T09:00:00Z
2025-12-23,paid_social,499.90,17594,463,12,2026-08-20T09:00:00Z
2025-12-23,retargeting,237.03,10982,289,17,2026-08-20T09:00:00Z
2025-12-23,email,59.29,12502,329,25,2026-08-20T09:00:00Z
2025-12-24,paid_search,660.33,8448,384,17,2026-08-20T09:00:00Z
2025-12-24,paid_social,502.88,17708,466,12,2026-08-20T09:00:00Z
2025-12-24,retargeting,224.93,10412,274,17,2026-08-20T09:00:00Z
2025-12-24,email,61.46,12958,341,24,2026-08-20T09:00:00Z
2025-12-25,paid_search,670.97,8580,390,17,2026-08-20T09:00:00Z
2025-12-25,paid_social,500.28,17594,463,12,2026-08-20T09:00:00Z
2025-12-25,retargeting,226.01,10488,276,17,2026-08-20T09:00:00Z
2025-12-25,email,65.80,13908,366,26,2026-08-20T09:00:00Z
2025-12-26,paid_search,607.23,7766,353,15,2026-08-20T09:00:00Z
2025-12-26,paid_social,464.75,16340,430,11,2026-08-20T09:00:00Z
2025-12-26,retargeting,239.50,11096,292,18,2026-08-20T09:00:00Z
2025-12-26,email,62.28,13148,346,26,2026-08-20T09:00:00Z
2025-12-27,paid_search,629.82,8052,366,16,2026-08-20T09:00:00Z
2025-12-27,paid_social,506.34,17822,469,12,2026-08-20T09:00:00Z
2025-12-27,retargeting,210.02,9728,256,16,2026-08-20T09:00:00Z
2025-12-27,email,62.35,13148,346,25,2026-08-20T09:00:00Z
2025-12-28,paid_search,628.82,8052,366,15,2026-08-20T09:00:00Z
2025-12-28,paid_social,501.65,17632,464,12,2026-08-20T09:00:00Z
2025-12-28,retargeting,231.31,10716,282,18,2026-08-20T09:00:00Z
2025-12-28,email,62.63,13224,348,26,2026-08-20T09:00:00Z
2025-12-29,paid_search,679.50,8690,395,17,2026-08-20T09:00:00Z
2025-12-29,paid_social,501.08,17632,464,12,2026-08-20T09:00:00Z
2025-12-29,retargeting,234.53,10868,286,18,2026-08-20T09:00:00Z
2025-12-29,email,62.08,13110,345,26,2026-08-20T09:00:00Z
2025-12-30,paid_search,649.16,8294,377,16,2026-08-20T09:00:00Z
2025-12-30,paid_social,507.72,17860,470,12,2026-08-20T09:00:00Z
2025-12-30,retargeting,224.37,10412,274,17,2026-08-20T09:00:00Z
2025-12-30,email,62.24,13148,346,25,2026-08-20T09:00:00Z
2025-12-31,paid_search,594.80,7612,346,15,2026-08-20T09:00:00Z
2025-12-31,paid_social,445.85,15694,413,11,2026-08-20T09:00:00Z
2025-12-31,retargeting,216.98,10070,265,16,2026-08-20T09:00:00Z
2025-12-31,email,58.20,12274,323,23,2026-08-20T09:00:00Z
2026-01-01,paid_search,656.41,8404,382,17,2026-08-20T09:00:00Z
2026-01-01,paid_social,461.12,16226,427,11,2026-08-20T09:00:00Z
2026-01-01,retargeting,215.12,9956,262,16,2026-08-20T09:00:00Z
2026-01-01,email,62.43,13186,347,25,2026-08-20T09:00:00Z
2026-01-02,paid_search,593.30,7590,345,15,2026-08-20T09:00:00Z
2026-01-02,paid_social,489.36,17214,453,12,2026-08-20T09:00:00Z
2026-01-02,retargeting,241.90,11210,295,17,2026-08-20T09:00:00Z
2026-01-02,email,62.68,13224,348,27,2026-08-20T09:00:00Z
2026-01-03,paid_search,634.49,8118,369,16,2026-08-20T09:00:00Z
2026-01-03,paid_social,501.89,17670,465,12,2026-08-20T09:00:00Z
2026-01-03,retargeting,241.16,11172,294,17,2026-08-20T09:00:00Z
2026-01-03,email,65.54,13832,364,27,2026-08-20T09:00:00Z
2026-01-04,paid_search,671.97,8602,391,17,2026-08-20T09:00:00Z
2026-01-04,paid_social,502.24,17670,465,12,2026-08-20T09:00:00Z
2026-01-04,retargeting,223.32,10336,272,16,2026-08-20T09:00:00Z
2026-01-04,email,58.19,12274,323,24,2026-08-20T09:00:00Z
2026-01-05,paid_search,590.99,7568,344,15,2026-08-20T09:00:00Z
2026-01-05,paid_social,500.68,17632,464,12,2026-08-20T09:00:00Z
2026-01-05,retargeting,231.05,10716,282,17,2026-08-20T09:00:00Z
2026-01-05,email,63.03,13300,350,25,2026-08-20T09:00:00Z
2026-01-06,paid_search,646.27,8272,376,16,2026-08-20T09:00:00Z
2026-01-06,paid_social,436.21,15352,404,10,2026-08-20T09:00:00Z
2026-01-06,retargeting,211.25,9804,258,16,2026-08-20T09:00:00Z
2026-01-06,email,57.25,12084,318,23,2026-08-20T09:00:00Z
2026-01-07,paid_search,623.78,7986,363,15,2026-08-20T09:00:00Z
2026-01-07,paid_social,449.29,15808,416,10,2026-08-20T09:00:00Z
2026-01-07,retargeting,240.81,11172,294,18,2026-08-20T09:00:00Z
2026-01-07,email,65.41,13794,363,26,2026-08-20T09:00:00Z
2026-01-08,paid_search,602.25,7700,350,15,2026-08-20T09:00:00Z
2026-01-08,paid_social,453.60,15960,420,11,2026-08-20T09:00:00Z
2026-01-08,retargeting,235.78,10944,288,18,2026-08-20T09:00:00Z
2026-01-08,email,60.89,12844,338,26,2026-08-20T09:00:00Z
2026-01-09,paid_search,578.99,7414,337,15,2026-08-20T09:00:00Z
2026-01-09,paid_social,469.97,16530,435,12,2026-08-20T09:00:00Z
2026-01-09,retargeting,237.32,10982,289,17,2026-08-20T09:00:00Z
2026-01-09,email,57.52,12160,320,24,2026-08-20T09:00:00Z
2026-01-10,paid_search,637.27,8162,371,17,2026-08-20T09:00:00Z
2026-01-10,paid_social,471.18,16568,436,11,2026-08-20T09:00:00Z
2026-01-10,retargeting,216.62,10032,264,16,2026-08-20T09:00:00Z
2026-01-10,email,61.96,13072,344,26,2026-08-20T09:00:00Z
2026-01-11,paid_search,626.41,8008,364,16,2026-08-20T09:00:00Z
2026-01-11,paid_social,447.31,15732,414,11,2026-08-20T09:00:00Z
2026-01-11,retargeting,215.10,9956,262,16,2026-08-20T09:00:00Z
2026-01-11,email,61.66,13034,343,25,2026-08-20T09:00:00Z
2026-01-12,paid_search,643.59,8228,374,15,2026-08-20T09:00:00Z
2026-01-12,paid_social,479.40,16872,444,12,2026-08-20T09:00:00Z
2026-01-12,retargeting,210.56,9766,257,15,2026-08-20T09:00:00Z
2026-01-12,email,61.75,13034,343,26,2026-08-20T09:00:00Z
2026-01-13,paid_search,591.68,7568,344,15,2026-08-20T09:00:00Z
2026-01-13,paid_social,462.41,16264,428,12,2026-08-20T09:00:00Z
2026-01-13,retargeting,233.42,10830,285,17,2026-08-20T09:00:00Z
2026-01-13,email,59.05,12464,328,25,2026-08-20T09:00:00Z
2026-01-14,paid_search,710.03,9086,413,19,2026-08-20T09:00:00Z
2026-01-14,paid_social,560.16,19722,519,15,2026-08-20T09:00:00Z
2026-01-14,retargeting,245.18,11362,299,19,2026-08-20T09:00:00Z
2026-01-14,email,64.04,13528,356,30,2026-08-20T09:00:00Z
2026-01-15,paid_search,713.28,9130,415,21,2026-08-20T09:00:00Z
2026-01-15,paid_social,523.69,18430,485,14,2026-08-20T09:00:00Z
2026-01-15,retargeting,247.38,11476,302,20,2026-08-20T09:00:00Z
2026-01-15,email,66.37,14022,369,32,2026-08-20T09:00:00Z
2026-01-16,paid_search,720.74,9218,419,21,2026-08-20T09:00:00Z
2026-01-16,paid_social,519.52,18278,481,14,2026-08-20T09:00:00Z
2026-01-16,retargeting,237.62,11020,290,20,2026-08-20T09:00:00Z
2026-01-16,email,60.36,12730,335,27,2026-08-20T09:00:00Z
2026-01-17,paid_search,642.15,8206,373,16,2026-08-20T09:00:00Z
2026-01-17,paid_social,476.57,16758,441,11,2026-08-20T09:00:00Z
2026-01-17,retargeting,210.32,9728,256,15,2026-08-20T09:00:00Z
2026-01-17,email,61.49,12996,342,26,2026-08-20T09:00:00Z
2026-01-18,paid_search,593.78,7590,345,15,2026-08-20T09:00:00Z
2026-01-18,paid_social,453.87,15960,420,11,2026-08-20T09:00:00Z
2026-01-18,retargeting,236.51,10944,288,18,2026-08-20T09:00:00Z
2026-01-18,email,62.00,13072,344,26,2026-08-20T09:00:00Z
2026-01-19,paid_search,578.89,7414,337,15,2026-08-20T09:00:00Z
2026-01-19,paid_social,476.35,16758,441,11,2026-08-20T09:00:00Z
2026-01-19,retargeting,222.23,10298,271,16,2026-08-20T09:00:00Z
2026-01-19,email,59.93,12654,333,23,2026-08-20T09:00:00Z
2026-01-20,paid_search,597.93,7656,348,15,2026-08-20T09:00:00Z
2026-01-20,paid_social,468.66,16492,434,12,2026-08-20T09:00:00Z
2026-01-20,retargeting,225.61,10450,275,16,2026-08-20T09:00:00Z
2026-01-20,email,57.19,12084,318,24,2026-08-20T09:00:00Z
2026-01-21,paid_search,628.55,8030,365,15,2026-08-20T09:00:00Z
2026-01-21,paid_social,472.48,16606,437,12,2026-08-20T09:00:00Z
2026-01-21,retargeting,202.44,9386,247,15,2026-08-20T09:00:00Z
2026-01-21,email,56.74,11970,315,24,2026-08-20T09:00:00Z
2026-01-22,paid_search,610.17,7810,355,15,2026-08-20T09:00:00Z
2026-01-22,paid_social,457.86,16112,424,12,2026-08-20T09:00:00Z
2026-01-22,retargeting,210.87,9766,257,16,2026-08-20T09:00:00Z
2026-01-22,email,61.74,13034,343,26,2026-08-20T09:00:00Z
2026-01-23,paid_search,583.03,7458,339,14,2026-08-20T09:00:00Z
2026-01-23,paid_social,459.35,16150,425,11,2026-08-20T09:00:00Z
2026-01-23,retargeting,204.99,9500,250,16,2026-08-20T09:00:00Z
2026-01-23,email,62.11,13110,345,25,2026-08-20T09:00:00Z
2026-01-24,paid_search,579.79,7414,337,15,2026-08-20T09:00:00Z
2026-01-24,paid_social,475.64,16720,440,11,2026-08-20T09:00:00Z
2026-01-24,retargeting,204.28,9462,249,15,2026-08-20T09:00:00Z
2026-01-24,email,54.77,11552,304,22,2026-08-20T09:00:00Z
2026-01-25,paid_search,623.33,7964,362,16,2026-08-20T09:00:00Z
2026-01-25,paid_social,421.90,14858,391,11,2026-08-20T09:00:00Z
2026-01-25,retargeting,213.98,9918,261,16,2026-08-20T09:00:00Z
2026-01-25,email,55.51,11704,308,22,2026-08-20T09:00:00Z
2026-01-26,paid_search,601.93,7700,350,15,2026-08-20T09:00:00Z
2026-01-26,paid_social,473.17,16644,438,12,2026-08-20T09:00:00Z
2026-01-26,retargeting,233.34,10830,285,17,2026-08-20T09:00:00Z
2026-01-26,email,59.03,12464,328,24,2026-08-20T09:00:00Z
2026-01-27,paid_search,629.46,8052,366,16,2026-08-20T09:00:00Z
2026-01-27,paid_social,447.40,15732,414,11,2026-08-20T09:00:00Z
2026-01-27,retargeting,217.64,10070,265,16,2026-08-20T09:00:00Z
2026-01-27,email,54.52,11514,303,24,2026-08-20T09:00:00Z
2026-01-28,paid_search,601.89,7700,350,15,2026-08-20T09:00:00Z
2026-01-28,paid_social,443.63,15618,411,10,2026-08-20T09:00:00Z
2026-01-28,retargeting,224.77,10412,274,16,2026-08-20T09:00:00Z
2026-01-28,email,61.95,13072,344,26,2026-08-20T09:00:00Z
2026-01-29,paid_search,556.65,7128,324,14,2026-08-20T09:00:00Z
2026-01-29,paid_social,420.99,14820,390,10,2026-08-20T09:00:00Z
2026-01-29,retargeting,217.37,10070,265,16,2026-08-20T09:00:00Z
2026-01-29,email,60.43,12768,336,24,2026-08-20T09:00:00Z
2026-01-30,paid_search,621.14,7942,361,15,2026-08-20T09:00:00Z
2026-01-30,paid_social,463.15,16302,429,11,2026-08-20T09:00:00Z
2026-01-30,retargeting,224.94,10412,274,17,2026-08-20T09:00:00Z
2026-01-30,email,56.09,11856,312,24,2026-08-20T09:00:00Z
2026-01-31,paid_search,592.81,7590,345,15,2026-08-20T09:00:00Z
2026-01-31,paid_social,427.86,15048,396,10,2026-08-20T09:00:00Z
2026-01-31,retargeting,209.51,9728,256,16,2026-08-20T09:00:00Z
2026-01-31,email,53.56,11324,298,23,2026-08-20T09:00:00Z
2026-02-01,paid_search,610.09,7810,355,15,2026-08-20T09:00:00Z
2026-02-01,paid_social,445.87,15694,413,11,2026-08-20T09:00:00Z
2026-02-01,retargeting,203.66,9424,248,15,2026-08-20T09:00:00Z
2026-02-01,email,58.63,12388,326,24,2026-08-20T09:00:00Z
2026-02-02,paid_search,633.16,8096,368,16,2026-08-20T09:00:00Z
2026-02-02,paid_social,421.60,14820,390,10,2026-08-20T09:00:00Z
2026-02-02,retargeting,213.60,9880,260,15,2026-08-20T09:00:00Z
2026-02-02,email,57.45,12122,319,24,2026-08-20T09:00:00Z
2026-02-03,paid_search,597.95,7656,348,15,2026-08-20T09:00:00Z
2026-02-03,paid_social,433.37,15238,401,11,2026-08-20T09:00:00Z
2026-02-03,retargeting,216.37,10032,264,16,2026-08-20T09:00:00Z
2026-02-03,email,58.01,12236,322,24,2026-08-20T09:00:00Z
2026-02-04,paid_search,547.10,6996,318,14,2026-08-20T09:00:00Z
2026-02-04,paid_social,450.89,15846,417,11,2026-08-20T09:00:00Z
2026-02-04,retargeting,227.42,10526,277,16,2026-08-20T09:00:00Z
2026-02-04,email,56.67,11970,315,24,2026-08-20T09:00:00Z
2026-02-05,paid_search,553.65,7084,322,14,2026-08-20T09:00:00Z
2026-02-05,paid_social,441.91,15542,409,10,2026-08-20T09:00:00Z
2026-02-05,retargeting,227.68,10564,278,17,2026-08-20T09:00:00Z
2026-02-05,email,60.48,12768,336,26,2026-08-20T09:00:00Z
2026-02-06,paid_search,611.95,7832,356,15,2026-08-20T09:00:00Z
2026-02-06,paid_social,471.66,16606,437,12,2026-08-20T09:00:00Z
2026-02-06,retargeting,217.20,10070,265,17,2026-08-20T09:00:00Z
2026-02-06,email,54.84,11590,305,22,2026-08-20T09:00:00Z
2026-02-07,paid_search,551.29,7062,321,14,2026-08-20T09:00:00Z
2026-02-07,paid_social,437.06,15390,405,11,2026-08-20T09:00:00Z
2026-02-07,retargeting,214.85,9956,262,16,2026-08-20T09:00:00Z
2026-02-07,email,61.31,12958,341,25,2026-08-20T09:00:00Z
2026-02-08,paid_search,562.05,7194,327,13,2026-08-20T09:00:00Z
2026-02-08,paid_social,443.09,15580,410,10,2026-08-20T09:00:00Z
2026-02-08,retargeting,207.53,9614,253,16,2026-08-20T09:00:00Z
2026-02-08,email,61.12,12920,340,24,2026-08-20T09:00:00Z
2026-02-09,paid_search,591.49,7568,344,14,2026-08-20T09:00:00Z
2026-02-09,paid_social,418.22,14706,387,10,2026-08-20T09:00:00Z
2026-02-09,retargeting,224.61,10412,274,16,2026-08-20T09:00:00Z
2026-02-09,email,55.07,11628,306,24,2026-08-20T09:00:00Z
2026-02-10,paid_search,541.55,6930,315,13,2026-08-20T09:00:00Z
2026-02-10,paid_social,439.12,15466,407,11,2026-08-20T09:00:00Z
2026-02-10,retargeting,202.46,9386,247,15,2026-08-20T09:00:00Z
2026-02-10,email,59.93,12654,333,24,2026-08-20T09:00:00Z
2026-02-11,paid_search,537.11,6864,312,13,2026-08-20T09:00:00Z
2026-02-11,paid_social,418.25,14706,387,10,2026-08-20T09:00:00Z
2026-02-11,retargeting,220.28,10222,269,17,2026-08-20T09:00:00Z
2026-02-11,email,52.62,11096,292,22,2026-08-20T09:00:00Z
2026-02-12,paid_search,616.19,7876,358,16,2026-08-20T09:00:00Z
2026-02-12,paid_social,405.46,14250,375,10,2026-08-20T09:00:00Z
2026-02-12,retargeting,208.37,9652,254,16,2026-08-20T09:00:00Z
2026-02-12,email,55.20,11666,307,23,2026-08-20T09:00:00Z
2026-02-13,paid_search,559.94,7172,326,13,2026-08-20T09:00:00Z
2026-02-13,paid_social,414.19,14592,384,10,2026-08-20T09:00:00Z
2026-02-13,retargeting,198.52,9196,242,15,2026-08-20T09:00:00Z
2026-02-13,email,52.60,11096,292,21,2026-08-20T09:00:00Z
2026-02-14,paid_search,605.14,7744,352,18,2026-08-20T09:00:00Z
2026-02-14,paid_social,511.88,18012,474,14,2026-08-20T09:00:00Z
2026-02-14,retargeting,245.65,11400,300,20,2026-08-20T09:00:00Z
2026-02-14,email,57.09,12046,317,25,2026-08-20T09:00:00Z
2026-02-15,paid_search,629.83,8052,366,17,2026-08-20T09:00:00Z
2026-02-15,paid_social,457.95,16112,424,13,2026-08-20T09:00:00Z
2026-02-15,retargeting,217.52,10070,265,17,2026-08-20T09:00:00Z
2026-02-15,email,55.93,11818,311,26,2026-08-20T09:00:00Z
2026-02-16,paid_search,655.17,8382,381,18,2026-08-20T09:00:00Z
2026-02-16,paid_social,482.97,16986,447,13,2026-08-20T09:00:00Z
2026-02-16,retargeting,215.90,9994,263,18,2026-08-20T09:00:00Z
2026-02-16,email,62.50,13186,347,27,2026-08-20T09:00:00Z
2026-02-17,paid_search,578.39,7392,336,14,2026-08-20T09:00:00Z
2026-02-17,paid_social,433.08,15238,401,11,2026-08-20T09:00:00Z
2026-02-17,retargeting,216.58,10032,264,17,2026-08-20T09:00:00Z
2026-02-17,email,58.61,12388,326,23,2026-08-20T09:00:00Z
2026-02-18,paid_search,560.80,7172,326,14,2026-08-20T09:00:00Z
2026-02-18,paid_social,445.68,15694,413,10,2026-08-20T09:00:00Z
2026-02-18,retargeting,200.62,9310,245,15,2026-08-20T09:00:00Z
2026-02-18,email,58.92,12426,327,25,2026-08-20T09:00:00Z
2026-02-19,paid_search,585.96,7502,341,15,2026-08-20T09:00:00Z
2026-02-19,paid_social,450.20,15846,417,10,2026-08-20T09:00:00Z
2026-02-19,retargeting,203.92,9462,249,15,2026-08-20T09:00:00Z
2026-02-19,email,56.64,11970,315,24,2026-08-20T09:00:00Z
2026-02-20,paid_search,567.67,7260,330,14,2026-08-20T09:00:00Z
2026-02-20,paid_social,399.93,14060,370,10,2026-08-20T09:00:00Z
2026-02-20,retargeting,199.77,9272,244,16,2026-08-20T09:00:00Z
2026-02-20,email,51.40,10868,286,20,2026-08-20T09:00:00Z
2026-02-21,paid_search,566.92,7260,330,15,2026-08-20T09:00:00Z
2026-02-21,paid_social,438.20,15428,406,10,2026-08-20T09:00:00Z
2026-02-21,retargeting,205.57,9538,251,16,2026-08-20T09:00:00Z
2026-02-21,email,55.38,11704,308,22,2026-08-20T09:00:00Z
2026-02-22,paid_search,560.88,7172,326,14,2026-08-20T09:00:00Z
2026-02-22,paid_social,420.54,14782,389,10,2026-08-20T09:00:00Z
2026-02-22,retargeting,215.67,9994,263,16,2026-08-20T09:00:00Z
2026-02-22,email,57.97,12236,322,24,2026-08-20T09:00:00Z
2026-02-23,paid_search,566.36,7238,329,14,2026-08-20T09:00:00Z
2026-02-23,paid_social,413.51,14554,383,10,2026-08-20T09:00:00Z
2026-02-23,retargeting,201.76,9348,246,15,2026-08-20T09:00:00Z
2026-02-23,email,54.87,11590,305,23,2026-08-20T09:00:00Z
2026-02-24,paid_search,566.85,7260,330,14,2026-08-20T09:00:00Z
2026-02-24,paid_social,423.86,14896,392,10,2026-08-20T09:00:00Z
2026-02-24,retargeting,198.34,9196,242,15,2026-08-20T09:00:00Z
2026-02-24,email,58.46,12350,325,23,2026-08-20T09:00:00Z
2026-02-25,paid_search,546.78,6996,318,14,2026-08-20T09:00:00Z
2026-02-25,paid_social,453.44,15960,420,11,2026-08-20T09:00:00Z
2026-02-25,retargeting,195.72,9082,239,15,2026-08-20T09:00:00Z
2026-02-25,email,58.67,12388,326,23,2026-08-20T09:00:00Z
2026-02-26,paid_search,555.53,7106,323,14,2026-08-20T09:00:00Z
2026-02-26,paid_social,448.34,15770,415,11,2026-08-20T09:00:00Z
2026-02-26,retargeting,191.02,8854,233,14,2026-08-20T09:00:00Z
2026-02-26,email,56.65,11970,315,24,2026-08-20T09:00:00Z
2026-02-27,paid_search,543.92,6952,316,14,2026-08-20T09:00:00Z
2026-02-27,paid_social,436.03,15352,404,10,2026-08-20T09:00:00Z
2026-02-27,retargeting,205.51,9538,251,15,2026-08-20T09:00:00Z
2026-02-27,email,58.06,12274,323,23,2026-08-20T09:00:00Z
2026-02-28,paid_search,586.90,7502,341,14,2026-08-20T09:00:00Z
2026-02-28,paid_social,432.16,15200,400,10,2026-08-20T09:00:00Z
2026-02-28,retargeting,197.22,9158,241,15,2026-08-20T09:00:00Z
2026-02-28,email,50.92,10754,283,21,2026-08-20T09:00:00Z
2026-03-01,paid_search,538.25,6886,313,14,2026-08-20T09:00:00Z
2026-03-01,paid_social,408.26,14364,378,10,2026-08-20T09:00:00Z
2026-03-01,retargeting,191.23,8854,233,15,2026-08-20T09:00:00Z
2026-03-01,email,56.67,11970,315,23,2026-08-20T09:00:00Z
2026-03-02,paid_search,583.90,7458,339,14,2026-08-20T09:00:00Z
2026-03-02,paid_social,415.24,14592,384,10,2026-08-20T09:00:00Z
2026-03-02,retargeting,209.77,9728,256,15,2026-08-20T09:00:00Z
2026-03-02,email,52.28,11020,290,21,2026-08-20T09:00:00Z
2026-03-03,paid_search,535.90,6864,312,13,2026-08-20T09:00:00Z
2026-03-03,paid_social,383.24,13490,355,9,2026-08-20T09:00:00Z
2026-03-03,retargeting,188.30,8740,230,14,2026-08-20T09:00:00Z
2026-03-03,email,52.43,11058,291,21,2026-08-20T09:00:00Z
2026-03-04,paid_search,579.15,7414,337,14,2026-08-20T09:00:00Z
2026-03-04,paid_social,433.06,15238,401,11,2026-08-20T09:00:00Z
2026-03-04,retargeting,209.40,9690,255,16,2026-08-20T09:00:00Z
2026-03-04,email,49.52,10450,275,19,2026-08-20T09:00:00Z
2026-03-05,paid_search,532.13,6798,309,13,2026-08-20T09:00:00Z
2026-03-05,paid_social,406.45,14288,376,10,2026-08-20T09:00:00Z
2026-03-05,retargeting,186.10,8626,227,14,2026-08-20T09:00:00Z
2026-03-05,email,56.27,11894,313,22,2026-08-20T09:00:00Z
2026-03-06,paid_search,562.22,7194,327,14,2026-08-20T09:00:00Z
2026-03-06,paid_social,397.95,13984,368,10,2026-08-20T09:00:00Z
2026-03-06,retargeting,188.89,8740,230,13,2026-08-20T09:00:00Z
2026-03-06,email,53.34,11248,296,23,2026-08-20T09:00:00Z
2026-03-07,paid_search,573.40,7326,333,15,2026-08-20T09:00:00Z
2026-03-07,paid_social,396.66,13946,367,10,2026-08-20T09:00:00Z
2026-03-07,retargeting,202.48,9386,247,15,2026-08-20T09:00:00Z
2026-03-07,email,49.09,10374,273,21,2026-08-20T09:00:00Z
2026-03-08,paid_search,516.59,6600,300,13,2026-08-20T09:00:00Z
2026-03-08,paid_social,415.13,14592,384,10,2026-08-20T09:00:00Z
2026-03-08,retargeting,182.94,8474,223,14,2026-08-20T09:00:00Z
2026-03-08,email,52.94,11172,294,21,2026-08-20T09:00:00Z
2026-03-09,paid_search,528.30,6754,307,14,2026-08-20T09:00:00Z
2026-03-09,paid_social,412.91,14516,382,10,2026-08-20T09:00:00Z
2026-03-09,retargeting,184.25,8550,225,13,2026-08-20T09:00:00Z
2026-03-09,email,55.99,11818,311,23,2026-08-20T09:00:00Z
2026-03-10,paid_search,559.23,7150,325,13,2026-08-20T09:00:00Z
2026-03-10,paid_social,431.34,15162,399,10,2026-08-20T09:00:00Z
2026-03-10,retargeting,189.52,8778,231,14,2026-08-20T09:00:00Z
2026-03-10,email,54.29,11476,302,21,2026-08-20T09:00:00Z
2026-03-11,paid_search,541.30,6930,315,14,2026-08-20T09:00:00Z
2026-03-11,paid_social,387.89,13642,359,10,2026-08-20T09:00:00Z
2026-03-11,retargeting,198.08,9196,242,15,2026-08-20T09:00:00Z
2026-03-11,email,50.37,10640,280,21,2026-08-20T09:00:00Z
2026-03-12,paid_search,554.41,7084,322,13,2026-08-20T09:00:00Z
2026-03-12,paid_social,423.98,14934,393,10,2026-08-20T09:00:00Z
2026-03-12,retargeting,198.90,9234,243,15,2026-08-20T09:00:00Z
2026-03-12,email,55.28,11666,307,24,2026-08-20T09:00:00Z
2026-03-13,paid_search,506.25,6468,294,13,2026-08-20T09:00:00Z
2026-03-13,paid_social,427.58,15048,396,10,2026-08-20T09:00:00Z
2026-03-13,retargeting,176.87,8208,216,13,2026-08-20T09:00:00Z
2026-03-13,email,49.14,10374,273,21,2026-08-20T09:00:00Z
2026-03-14,paid_search,555.62,7106,323,15,2026-08-20T09:00:00Z
2026-03-14,paid_social,442.50,15580,410,12,2026-08-20T09:00:00Z
2026-03-14,retargeting,206.33,9576,252,17,2026-08-20T09:00:00Z
2026-03-14,email,58.21,12274,323,26,2026-08-20T09:00:00Z
2026-03-15,paid_search,592.47,7568,344,17,2026-08-20T09:00:00Z
2026-03-15,paid_social,463.36,16302,429,13,2026-08-20T09:00:00Z
2026-03-15,retargeting,229.72,10640,280,19,2026-08-20T09:00:00Z
2026-03-15,email,52.22,11020,290,24,2026-08-20T09:00:00Z
2026-03-16,paid_search,641.06,8206,373,18,2026-08-20T09:00:00Z
2026-03-16,paid_social,468.21,16492,434,13,2026-08-20T09:00:00Z
2026-03-16,retargeting,207.40,9614,253,18,2026-08-20T09:00:00Z
2026-03-16,email,56.55,11932,314,26,2026-08-20T09:00:00Z
2026-03-17,paid_search,551.48,7062,321,14,2026-08-20T09:00:00Z
2026-03-17,paid_social,374.48,13186,347,9,2026-08-20T09:00:00Z
2026-03-17,retargeting,189.34,8778,231,14,2026-08-20T09:00:00Z
2026-03-17,email,52.05,10982,289,20,2026-08-20T09:00:00Z
2026-03-18,paid_search,534.21,6842,311,14,2026-08-20T09:00:00Z
2026-03-18,paid_social,370.24,13034,343,9,2026-08-20T09:00:00Z
2026-03-18,retargeting,196.28,9082,239,15,2026-08-20T09:00:00Z
2026-03-18,email,47.74,10070,265,20,2026-08-20T09:00:00Z
2026-03-19,paid_search,523.48,6688,304,14,2026-08-20T09:00:00Z
2026-03-19,paid_social,391.75,13794,363,9,2026-08-20T09:00:00Z
2026-03-19,retargeting,200.05,9272,244,16,2026-08-20T09:00:00Z
2026-03-19,email,51.36,10830,285,21,2026-08-20T09:00:00Z
2026-03-20,paid_search,558.38,7150,325,14,2026-08-20T09:00:00Z
2026-03-20,paid_social,385.88,13566,357,10,2026-08-20T09:00:00Z
2026-03-20,retargeting,186.60,8664,228,14,2026-08-20T09:00:00Z
2026-03-20,email,52.28,11020,290,22,2026-08-20T09:00:00Z
2026-03-21,paid_search,537.82,6886,313,13,2026-08-20T09:00:00Z
2026-03-21,paid_social,389.93,13718,361,10,2026-08-20T09:00:00Z
2026-03-21,retargeting,177.60,8246,217,13,2026-08-20T09:00:00Z
2026-03-21,email,47.93,10108,266,19,2026-08-20T09:00:00Z
2026-03-22,paid_search,495.31,6336,288,12,2026-08-20T09:00:00Z
2026-03-22,paid_social,404.60,14250,375,10,2026-08-20T09:00:00Z
2026-03-22,retargeting,179.08,8284,218,14,2026-08-20T09:00:00Z
2026-03-22,email,51.28,10830,285,21,2026-08-20T09:00:00Z
2026-03-23,paid_search,498.18,6380,290,12,2026-08-20T09:00:00Z
2026-03-23,paid_social,419.27,14744,388,10,2026-08-20T09:00:00Z
2026-03-23,retargeting,174.35,8094,213,13,2026-08-20T09:00:00Z
2026-03-23,email,49.92,10526,277,21,2026-08-20T09:00:00Z
2026-03-24,paid_search,532.78,6820,310,14,2026-08-20T09:00:00Z
2026-03-24,paid_social,372.62,13110,345,9,2026-08-20T09:00:00Z
2026-03-24,retargeting,184.77,8550,225,13,2026-08-20T09:00:00Z
2026-03-24,email,50.67,10678,281,20,2026-08-20T09:00:00Z
2026-03-25,paid_search,534.01,6820,310,13,2026-08-20T09:00:00Z
2026-03-25,paid_social,371.96,13072,344,9,2026-08-20T09:00:00Z
2026-03-25,retargeting,194.17,9006,237,15,2026-08-20T09:00:00Z
2026-03-25,email,49.17,10374,273,20,2026-08-20T09:00:00Z
2026-03-26,paid_search,511.51,6534,297,13,2026-08-20T09:00:00Z
2026-03-26,paid_social,378.03,13300,350,9,2026-08-20T09:00:00Z
2026-03-26,retargeting,170.33,7904,208,13,2026-08-20T09:00:00Z
2026-03-26,email,49.32,10412,274,21,2026-08-20T09:00:00Z
2026-03-27,paid_search,513.02,6556,298,13,2026-08-20T09:00:00Z
2026-03-27,paid_social,378.55,13338,351,9,2026-08-20T09:00:00Z
2026-03-27,retargeting,182.15,8436,222,13,2026-08-20T09:00:00Z
2026-03-27,email,48.27,10184,268,20,2026-08-20T09:00:00Z
2026-03-28,paid_search,479.19,6138,279,12,2026-08-20T09:00:00Z
2026-03-28,paid_social,372.17,13110,345,9,2026-08-20T09:00:00Z
2026-03-28,retargeting,193.79,8968,236,14,2026-08-20T09:00:00Z
2026-03-28,email,48.86,10298,271,20,2026-08-20T09:00:00Z
2026-03-29,paid_search,510.68,6534,297,13,2026-08-20T09:00:00Z
2026-03-29,paid_social,405.61,14288,376,10,2026-08-20T09:00:00Z
2026-03-29,retargeting,187.86,8702,229,13,2026-08-20T09:00:00Z
2026-03-29,email,49.66,10488,276,20,2026-08-20T09:00:00Z
2026-03-30,paid_search,511.42,6534,297,13,2026-08-20T09:00:00Z
2026-03-30,paid_social,360.07,12654,333,9,2026-08-20T09:00:00Z
2026-03-30,retargeting,186.56,8664,228,14,2026-08-20T09:00:00Z
2026-03-30,email,46.41,9804,258,19,2026-08-20T09:00:00Z
2026-03-31,paid_search,507.43,6490,295,13,2026-08-20T09:00:00Z
2026-03-31,paid_social,377.49,13300,350,9,2026-08-20T09:00:00Z
2026-03-31,retargeting,186.82,8664,228,14,2026-08-20T09:00:00Z
2026-03-31,email,52.22,11020,290,21,2026-08-20T09:00:00Z
2026-04-01,paid_search,464.26,5940,270,11,2026-08-20T09:00:00Z
2026-04-01,paid_social,376.57,13262,349,9,2026-08-20T09:00:00Z
2026-04-01,retargeting,192.63,8930,235,14,2026-08-20T09:00:00Z
2026-04-01,email,51.94,10982,289,21,2026-08-20T09:00:00Z
2026-04-02,paid_search,532.47,6820,310,14,2026-08-20T09:00:00Z
2026-04-02,paid_social,395.35,13908,366,9,2026-08-20T09:00:00Z
2026-04-02,retargeting,169.84,7866,207,12,2026-08-20T09:00:00Z
2026-04-02,email,48.78,10298,271,20,2026-08-20T09:00:00Z
2026-04-03,paid_search,529.62,6776,308,13,2026-08-20T09:00:00Z
2026-04-03,paid_social,355.17,12502,329,9,2026-08-20T09:00:00Z
2026-04-03,retargeting,188.66,8740,230,14,2026-08-20T09:00:00Z
2026-04-03,email,47.18,9956,262,19,2026-08-20T09:00:00Z
2026-04-04,paid_search,482.19,6160,280,13,2026-08-20T09:00:00Z
2026-04-04,paid_social,406.25,14288,376,9,2026-08-20T09:00:00Z
2026-04-04,retargeting,169.98,7866,207,13,2026-08-20T09:00:00Z
2026-04-04,email,52.56,11096,292,22,2026-08-20T09:00:00Z
2026-04-05,paid_search,478.51,6116,278,12,2026-08-20T09:00:00Z
2026-04-05,paid_social,366.18,12882,339,9,2026-08-20T09:00:00Z
2026-04-05,retargeting,178.03,8246,217,14,2026-08-20T09:00:00Z
2026-04-05,email,48.04,10146,267,19,2026-08-20T09:00:00Z
2026-04-06,paid_search,509.97,6512,296,12,2026-08-20T09:00:00Z
2026-04-06,paid_social,366.49,12882,339,9,2026-08-20T09:00:00Z
2026-04-06,retargeting,192.29,8930,235,14,2026-08-20T09:00:00Z
2026-04-06,email,45.55,9614,253,20,2026-08-20T09:00:00Z
2026-04-07,paid_search,479.23,6138,279,12,2026-08-20T09:00:00Z
2026-04-07,paid_social,380.44,13376,352,9,2026-08-20T09:00:00Z
2026-04-07,retargeting,170.42,7904,208,13,2026-08-20T09:00:00Z
2026-04-07,email,47.88,10108,266,20,2026-08-20T09:00:00Z
2026-04-08,paid_search,460.33,5896,268,12,2026-08-20T09:00:00Z
2026-04-08,paid_social,384.73,13528,356,9,2026-08-20T09:00:00Z
2026-04-08,retargeting,188.09,8702,229,14,2026-08-20T09:00:00Z
2026-04-08,email,45.83,9690,255,20,2026-08-20T09:00:00Z
2026-04-09,paid_search,474.95,6072,276,12,2026-08-20T09:00:00Z
2026-04-09,paid_social,380.32,13376,352,9,2026-08-20T09:00:00Z
2026-04-09,retargeting,179.48,8322,219,13,2026-08-20T09:00:00Z
2026-04-09,email,47.89,10108,266,19,2026-08-20T09:00:00Z
2026-04-10,paid_search,492.79,6314,287,12,2026-08-20T09:00:00Z
2026-04-10,paid_social,389.34,13718,361,10,2026-08-20T09:00:00Z
2026-04-10,retargeting,164.23,7600,200,12,2026-08-20T09:00:00Z
2026-04-10,email,51.10,10792,284,21,2026-08-20T09:00:00Z
2026-04-11,paid_search,494.60,6336,288,12,2026-08-20T09:00:00Z
2026-04-11,paid_social,367.43,12920,340,9,2026-08-20T09:00:00Z
2026-04-11,retargeting,187.94,8702,229,14,2026-08-20T09:00:00Z
2026-04-11,email,50.52,10678,281,21,2026-08-20T09:00:00Z
2026-04-12,paid_search,464.00,5940,270,12,2026-08-20T09:00:00Z
2026-04-12,paid_social,390.44,13756,362,9,2026-08-20T09:00:00Z
2026-04-12,retargeting,165.76,7676,202,13,2026-08-20T09:00:00Z
2026-04-12,email,50.34,10640,280,21,2026-08-20T09:00:00Z
2026-04-13,paid_search,464.03,5940,270,12,2026-08-20T09:00:00Z
2026-04-13,paid_social,365.06,12844,338,9,2026-08-20T09:00:00Z
2026-04-13,retargeting,171.13,7942,209,12,2026-08-20T09:00:00Z
2026-04-13,email,51.44,10868,286,22,2026-08-20T09:00:00Z
2026-04-14,paid_search,518.56,6622,301,14,2026-08-20T09:00:00Z
2026-04-14,paid_social,433.70,15276,402,11,2026-08-20T09:00:00Z
2026-04-14,retargeting,216.27,10032,264,17,2026-08-20T09:00:00Z
2026-04-14,email,52.77,11134,293,24,2026-08-20T09:00:00Z
2026-04-15,paid_search,542.94,6952,316,15,2026-08-20T09:00:00Z
2026-04-15,paid_social,440.16,15504,408,12,2026-08-20T09:00:00Z
2026-04-15,retargeting,206.46,9576,252,18,2026-08-20T09:00:00Z
2026-04-15,email,49.13,10374,273,23,2026-08-20T09:00:00Z
2026-04-16,paid_search,551.54,7062,321,15,2026-08-20T09:00:00Z
2026-04-16,paid_social,423.74,14896,392,12,2026-08-20T09:00:00Z
2026-04-16,retargeting,183.62,8512,224,15,2026-08-20T09:00:00Z
2026-04-16,email,48.58,10260,270,22,2026-08-20T09:00:00Z
2026-04-17,paid_search,503.56,6446,293,12,2026-08-20T09:00:00Z
2026-04-17,paid_social,342.92,12084,318,8,2026-08-20T09:00:00Z
2026-04-17,retargeting,173.12,8018,211,12,2026-08-20T09:00:00Z
2026-04-17,email,46.18,9766,257,18,2026-08-20T09:00:00Z
2026-04-18,paid_search,497.67,6358,289,12,2026-08-20T09:00:00Z
2026-04-18,paid_social,345.95,12160,320,8,2026-08-20T09:00:00Z
2026-04-18,retargeting,179.29,8322,219,13,2026-08-20T09:00:00Z
2026-04-18,email,44.39,9386,247,18,2026-08-20T09:00:00Z
2026-04-19,paid_search,449.26,5742,261,11,2026-08-20T09:00:00Z
2026-04-19,paid_social,384.62,13528,356,9,2026-08-20T09:00:00Z
2026-04-19,retargeting,188.03,8702,229,13,2026-08-20T09:00:00Z
2026-04-19,email,46.40,9804,258,20,2026-08-20T09:00:00Z
2026-04-20,paid_search,478.07,6116,278,12,2026-08-20T09:00:00Z
2026-04-20,paid_social,371.74,13072,344,9,2026-08-20T09:00:00Z
2026-04-20,retargeting,175.09,8132,214,13,2026-08-20T09:00:00Z
2026-04-20,email,44.40,9386,247,18,2026-08-20T09:00:00Z
2026-04-21,paid_search,461.15,5896,268,11,2026-08-20T09:00:00Z
2026-04-21,paid_social,373.42,13148,346,9,2026-08-20T09:00:00Z
2026-04-21,retargeting,174.68,8094,213,13,2026-08-20T09:00:00Z
2026-04-21,email,46.69,9842,259,18,2026-08-20T09:00:00Z
2026-04-22,paid_search,481.12,6160,280,11,2026-08-20T09:00:00Z
2026-04-22,paid_social,350.42,12312,324,9,2026-08-20T09:00:00Z
2026-04-22,retargeting,179.79,8322,219,13,2026-08-20T09:00:00Z
2026-04-22,email,48.71,10298,271,20,2026-08-20T09:00:00Z
2026-04-23,paid_search,507.94,6490,295,13,2026-08-20T09:00:00Z
2026-04-23,paid_social,364.15,12806,337,9,2026-08-20T09:00:00Z
2026-04-23,retargeting,177.48,8208,216,13,2026-08-20T09:00:00Z
2026-04-23,email,48.86,10298,271,20,2026-08-20T09:00:00Z
2026-04-24,paid_search,485.25,6204,282,12,2026-08-20T09:00:00Z
2026-04-24,paid_social,373.99,13148,346,9,2026-08-20T09:00:00Z
2026-04-24,retargeting,172.28,7980,210,13,2026-08-20T09:00:00Z
2026-04-24,email,48.85,10298,271,20,2026-08-20T09:00:00Z
2026-04-25,paid_search,471.15,6028,274,12,2026-08-20T09:00:00Z
2026-04-25,paid_social,386.63,13604,358,9,2026-08-20T09:00:00Z
2026-04-25,retargeting,164.00,7600,200,13,2026-08-20T09:00:00Z
2026-04-25,email,46.58,9842,259,18,2026-08-20T09:00:00Z
2026-04-26,paid_search,462.02,5918,269,11,2026-08-20T09:00:00Z
2026-04-26,paid_social,386.18,13604,358,10,2026-08-20T09:00:00Z
2026-04-26,retargeting,172.89,8018,211,12,2026-08-20T09:00:00Z
2026-04-26,email,47.30,9994,263,19,2026-08-20T09:00:00Z
2026-04-27,paid_search,493.92,6314,287,13,2026-08-20T09:00:00Z
2026-04-27,paid_social,353.84,12464,328,8,2026-08-20T09:00:00Z
2026-04-27,retargeting,184.92,8588,226,13,2026-08-20T09:00:00Z
2026-04-27,email,49.16,10374,273,21,2026-08-20T09:00:00Z
2026-04-28,paid_search,452.60,5786,263,12,2026-08-20T09:00:00Z
2026-04-28,paid_social,387.29,13642,359,10,2026-08-20T09:00:00Z
2026-04-28,retargeting,161.51,7486,197,12,2026-08-20T09:00:00Z
2026-04-28,email,43.60,9196,242,19,2026-08-20T09:00:00Z
2026-04-29,paid_search,494.95,6336,288,12,2026-08-20T09:00:00Z
2026-04-29,paid_social,367.34,12920,340,9,2026-08-20T09:00:00Z
2026-04-29,retargeting,185.00,8588,226,13,2026-08-20T09:00:00Z
2026-04-29,email,45.64,9652,254,18,2026-08-20T09:00:00Z
2026-04-30,paid_search,471.43,6028,274,12,2026-08-20T09:00:00Z
2026-04-30,paid_social,387.34,13642,359,10,2026-08-20T09:00:00Z
2026-04-30,retargeting,164.85,7638,201,12,2026-08-20T09:00:00Z
2026-04-30,email,44.91,9462,249,18,2026-08-20T09:00:00Z
2026-05-01,paid_search,476.88,6094,277,12,2026-08-20T09:00:00Z
2026-05-01,paid_social,380.23,13376,352,9,2026-08-20T09:00:00Z
2026-05-01,retargeting,174.96,8094,213,12,2026-08-20T09:00:00Z
2026-05-01,email,43.81,9234,243,19,2026-08-20T09:00:00Z
2026-05-02,paid_search,498.27,6380,290,12,2026-08-20T09:00:00Z
2026-05-02,paid_social,330.43,11628,306,8,2026-08-20T09:00:00Z
2026-05-02,retargeting,169.33,7828,206,13,2026-08-20T09:00:00Z
2026-05-02,email,46.87,9880,260,19,2026-08-20T09:00:00Z
2026-05-03,paid_search,466.80,5962,271,11,2026-08-20T09:00:00Z
2026-05-03,paid_social,348.30,12274,323,9,2026-08-20T09:00:00Z
2026-05-03,retargeting,179.56,8322,219,14,2026-08-20T09:00:00Z
2026-05-03,email,47.88,10108,266,19,2026-08-20T09:00:00Z
2026-05-04,paid_search,494.83,6336,288,12,2026-08-20T09:00:00Z
2026-05-04,paid_social,332.43,11704,308,8,2026-08-20T09:00:00Z
2026-05-04,retargeting,165.06,7638,201,12,2026-08-20T09:00:00Z
2026-05-04,email,46.54,9842,259,20,2026-08-20T09:00:00Z
2026-05-05,paid_search,507.53,6490,295,13,2026-08-20T09:00:00Z
2026-05-05,paid_social,360.68,12692,334,9,2026-08-20T09:00:00Z
2026-05-05,retargeting,178.28,8246,217,14,2026-08-20T09:00:00Z
2026-05-05,email,46.91,9918,261,20,2026-08-20T09:00:00Z
2026-05-06,paid_search,484.71,6204,282,12,2026-08-20T09:00:00Z
2026-05-06,paid_social,355.04,12502,329,9,2026-08-20T09:00:00Z
2026-05-06,retargeting,169.27,7828,206,12,2026-08-20T09:00:00Z
2026-05-06,email,42.43,8968,236,17,2026-08-20T09:00:00Z
2026-05-07,paid_search,481.28,6160,280,13,2026-08-20T09:00:00Z
2026-05-07,paid_social,342.31,12046,317,8,2026-08-20T09:00:00Z
2026-05-07,retargeting,181.18,8398,221,14,2026-08-20T09:00:00Z
2026-05-07,email,49.32,10412,274,19,2026-08-20T09:00:00Z
2026-05-08,paid_search,499.05,6380,290,13,2026-08-20T09:00:00Z
2026-05-08,paid_social,375.50,13224,348,9,2026-08-20T09:00:00Z
2026-05-08,retargeting,167.72,7790,205,12,2026-08-20T09:00:00Z
2026-05-08,email,42.95,9082,239,18,2026-08-20T09:00:00Z
2026-05-09,paid_search,487.57,6226,283,12,2026-08-20T09:00:00Z
2026-05-09,paid_social,345.17,12160,320,8,2026-08-20T09:00:00Z
2026-05-09,retargeting,167.10,7752,204,12,2026-08-20T09:00:00Z
2026-05-09,email,45.30,9576,252,19,2026-08-20T09:00:00Z
2026-05-10,paid_search,464.06,5940,270,12,2026-08-20T09:00:00Z
2026-05-10,paid_social,377.97,13300,350,9,2026-08-20T09:00:00Z
2026-05-10,retargeting,181.99,8436,222,14,2026-08-20T09:00:00Z
2026-05-10,email,45.46,9614,253,18,2026-08-20T09:00:00Z
2026-05-11,paid_search,476.07,6094,277,12,2026-08-20T09:00:00Z
2026-05-11,paid_social,374.74,13186,347,9,2026-08-20T09:00:00Z
2026-05-11,retargeting,164.53,7638,201,12,2026-08-20T09:00:00Z
2026-05-11,email,43.03,9082,239,18,2026-08-20T09:00:00Z
2026-05-12,paid_search,463.58,5940,270,12,2026-08-20T09:00:00Z
2026-05-12,paid_social,337.36,11856,312,8,2026-08-20T09:00:00Z
2026-05-12,retargeting,167.62,7752,204,12,2026-08-20T09:00:00Z
2026-05-12,email,45.04,9500,250,19,2026-08-20T09:00:00Z
2026-05-13,paid_search,470.18,6006,273,11,2026-08-20T09:00:00Z
2026-05-13,paid_social,349.68,12312,324,8,2026-08-20T09:00:00Z
2026-05-13,retargeting,172.37,7980,210,13,2026-08-20T09:00:00Z
2026-05-13,email,46.73,9880,260,20,2026-08-20T09:00:00Z
2026-05-14,paid_search,509.96,6512,296,15,2026-08-20T09:00:00Z
2026-05-14,paid_social,420.22,14782,389,12,2026-08-20T09:00:00Z
2026-05-14,retargeting,196.48,9120,240,16,2026-08-20T09:00:00Z
2026-05-14,email,49.84,10526,277,22,2026-08-20T09:00:00Z
2026-05-15,paid_search,524.57,6710,305,15,2026-08-20T09:00:00Z
2026-05-15,paid_social,404.18,14212,374,11,2026-08-20T09:00:00Z
2026-05-15,retargeting,180.83,8398,221,16,2026-08-20T09:00:00Z
2026-05-15,email,49.37,10412,274,23,2026-08-20T09:00:00Z
2026-05-16,paid_search,570.78,7304,332,16,2026-08-20T09:00:00Z
2026-05-16,paid_social,384.31,13528,356,10,2026-08-20T09:00:00Z
2026-05-16,retargeting,186.26,8626,227,16,2026-08-20T09:00:00Z
2026-05-16,email,49.24,10412,274,23,2026-08-20T09:00:00Z
2026-05-17,paid_search,435.61,5566,253,11,2026-08-20T09:00:00Z
2026-05-17,paid_social,354.02,12464,328,9,2026-08-20T09:00:00Z
2026-05-17,retargeting,173.06,8018,211,13,2026-08-20T09:00:00Z
2026-05-17,email,48.01,10146,267,20,2026-08-20T09:00:00Z
2026-05-18,paid_search,450.07,5764,262,12,2026-08-20T09:00:00Z
2026-05-18,paid_social,359.49,12654,333,9,2026-08-20T09:00:00Z
2026-05-18,retargeting,158.73,7372,194,12,2026-08-20T09:00:00Z
2026-05-18,email,47.50,10032,264,20,2026-08-20T09:00:00Z
2026-05-19,paid_search,441.54,5654,257,11,2026-08-20T09:00:00Z
2026-05-19,paid_social,374.39,13186,347,9,2026-08-20T09:00:00Z
2026-05-19,retargeting,154.81,7182,189,11,2026-08-20T09:00:00Z
2026-05-19,email,47.45,10032,264,19,2026-08-20T09:00:00Z
2026-05-20,paid_search,459.94,5874,267,12,2026-08-20T09:00:00Z
2026-05-20,paid_social,341.05,12008,316,8,2026-08-20T09:00:00Z
2026-05-20,retargeting,178.82,8284,218,13,2026-08-20T09:00:00Z
2026-05-20,email,44.64,9424,248,18,2026-08-20T09:00:00Z
2026-05-21,paid_search,477.10,6094,277,12,2026-08-20T09:00:00Z
2026-05-21,paid_social,350.37,12312,324,8,2026-08-20T09:00:00Z
2026-05-21,retargeting,157.19,7296,192,11,2026-08-20T09:00:00Z
2026-05-21,email,48.06,10146,267,19,2026-08-20T09:00:00Z
2026-05-22,paid_search,439.14,5610,255,11,2026-08-20T09:00:00Z
2026-05-22,paid_social,371.63,13072,344,9,2026-08-20T09:00:00Z
2026-05-22,retargeting,157.06,7296,192,11,2026-08-20T09:00:00Z
2026-05-22,email,42.48,8968,236,17,2026-08-20T09:00:00Z
2026-05-23,paid_search,453.75,5808,264,11,2026-08-20T09:00:00Z
2026-05-23,paid_social,340.88,12008,316,8,2026-08-20T09:00:00Z
2026-05-23,retargeting,180.74,8360,220,13,2026-08-20T09:00:00Z
2026-05-23,email,48.22,10184,268,19,2026-08-20T09:00:00Z
2026-05-24,paid_search,486.27,6226,283,12,2026-08-20T09:00:00Z
2026-05-24,paid_social,376.52,13262,349,10,2026-08-20T09:00:00Z
2026-05-24,retargeting,179.50,8322,219,14,2026-08-20T09:00:00Z
2026-05-24,email,43.01,9082,239,18,2026-08-20T09:00:00Z
2026-05-25,paid_search,473.47,6050,275,11,2026-08-20T09:00:00Z
2026-05-25,paid_social,347.19,12198,321,8,2026-08-20T09:00:00Z
2026-05-25,retargeting,177.01,8208,216,14,2026-08-20T09:00:00Z
2026-05-25,email,42.21,8930,235,18,2026-08-20T09:00:00Z
2026-05-26,paid_search,438.69,5610,255,11,2026-08-20T09:00:00Z
2026-05-26,paid_social,339.18,11932,314,8,2026-08-20T09:00:00Z
2026-05-26,retargeting,163.51,7562,199,13,2026-08-20T09:00:00Z
2026-05-26,email,45.72,9652,254,18,2026-08-20T09:00:00Z
2026-05-27,paid_search,500.79,6402,291,12,2026-08-20T09:00:00Z
2026-05-27,paid_social,329.37,11590,305,8,2026-08-20T09:00:00Z
2026-05-27,retargeting,170.24,7904,208,12,2026-08-20T09:00:00Z
2026-05-27,email,49.04,10336,272,20,2026-08-20T09:00:00Z
2026-05-28,paid_search,465.21,5940,270,11,2026-08-20T09:00:00Z
2026-05-28,paid_social,344.18,12122,319,9,2026-08-20T09:00:00Z
2026-05-28,retargeting,167.71,7790,205,12,2026-08-20T09:00:00Z
2026-05-28,email,44.75,9462,249,19,2026-08-20T09:00:00Z
2026-05-29,paid_search,448.43,5742,261,12,2026-08-20T09:00:00Z
2026-05-29,paid_social,335.30,11780,310,8,2026-08-20T09:00:00Z
2026-05-29,retargeting,174.54,8094,213,13,2026-08-20T09:00:00Z
2026-05-29,email,42.26,8930,235,18,2026-08-20T09:00:00Z
2026-05-30,paid_search,495.39,6336,288,12,2026-08-20T09:00:00Z
2026-05-30,paid_social,332.38,11704,308,8,2026-08-20T09:00:00Z
2026-05-30,retargeting,161.19,7486,197,12,2026-08-20T09:00:00Z
2026-05-30,email,44.00,9272,244,18,2026-08-20T09:00:00Z
2026-05-31,paid_search,500.42,6402,291,13,2026-08-20T09:00:00Z
2026-05-31,paid_social,325.67,11476,302,8,2026-08-20T09:00:00Z
2026-05-31,retargeting,165.81,7676,202,12,2026-08-20T09:00:00Z
2026-05-31,email,47.19,9956,262,20,2026-08-20T09:00:00Z
2026-06-01,paid_search,488.25,6248,284,12,2026-08-20T09:00:00Z
2026-06-01,paid_social,326.57,11476,302,8,2026-08-20T09:00:00Z
2026-06-01,retargeting,167.16,7752,204,12,2026-08-20T09:00:00Z
2026-06-01,email,47.80,10108,266,20,2026-08-20T09:00:00Z
2026-06-02,paid_search,457.30,5852,266,11,2026-08-20T09:00:00Z
2026-06-02,paid_social,336.89,11856,312,8,2026-08-20T09:00:00Z
2026-06-02,retargeting,175.13,8132,214,13,2026-08-20T09:00:00Z
2026-06-02,email,46.27,9766,257,19,2026-08-20T09:00:00Z
2026-06-03,paid_search,491.50,6292,286,12,2026-08-20T09:00:00Z
2026-06-03,paid_social,372.39,13110,345,9,2026-08-20T09:00:00Z
2026-06-03,retargeting,163.05,7562,199,12,2026-08-20T09:00:00Z
2026-06-03,email,43.89,9272,244,19,2026-08-20T09:00:00Z
2026-06-04,paid_search,499.12,6380,290,13,2026-08-20T09:00:00Z
2026-06-04,paid_social,336.60,11856,312,8,2026-08-20T09:00:00Z
2026-06-04,retargeting,164.63,7638,201,12,2026-08-20T09:00:00Z
2026-06-04,email,47.44,10032,264,20,2026-08-20T09:00:00Z
2026-06-05,paid_search,448.70,5742,261,11,2026-08-20T09:00:00Z
2026-06-05,paid_social,368.11,12958,341,9,2026-08-20T09:00:00Z
2026-06-05,retargeting,164.80,7638,201,13,2026-08-20T09:00:00Z
2026-06-05,email,48.18,10184,268,20,2026-08-20T09:00:00Z
2026-06-06,paid_search,474.65,6072,276,12,2026-08-20T09:00:00Z
2026-06-06,paid_social,331.98,11666,307,8,2026-08-20T09:00:00Z
2026-06-06,retargeting,180.57,8360,220,13,2026-08-20T09:00:00Z
2026-06-06,email,43.92,9272,244,18,2026-08-20T09:00:00Z
2026-06-07,paid_search,483.05,6182,281,12,2026-08-20T09:00:00Z
2026-06-07,paid_social,345.08,12160,320,8,2026-08-20T09:00:00Z
2026-06-07,retargeting,169.89,7866,207,13,2026-08-20T09:00:00Z
2026-06-07,email,43.58,9196,242,17,2026-08-20T09:00:00Z
2026-06-08,paid_search,447.26,5720,260,11,2026-08-20T09:00:00Z
2026-06-08,paid_social,346.03,12160,320,8,2026-08-20T09:00:00Z
2026-06-08,retargeting,165.77,7676,202,13,2026-08-20T09:00:00Z
2026-06-08,email,47.62,10070,265,20,2026-08-20T09:00:00Z
2026-06-09,paid_search,460.65,5896,268,11,2026-08-20T09:00:00Z
2026-06-09,paid_social,348.05,12236,322,9,2026-08-20T09:00:00Z
2026-06-09,retargeting,161.71,7486,197,12,2026-08-20T09:00:00Z
2026-06-09,email,46.00,9728,256,20,2026-08-20T09:00:00Z
2026-06-10,paid_search,456.10,5830,265,11,2026-08-20T09:00:00Z
2026-06-10,paid_social,352.40,12388,326,9,2026-08-20T09:00:00Z
2026-06-10,retargeting,174.15,8056,212,13,2026-08-20T09:00:00Z
2026-06-10,email,48.55,10260,270,21,2026-08-20T09:00:00Z
2026-06-11,paid_search,448.57,5742,261,12,2026-08-20T09:00:00Z
2026-06-11,paid_social,380.09,13376,352,10,2026-08-20T09:00:00Z
2026-06-11,retargeting,178.26,8246,217,13,2026-08-20T09:00:00Z
2026-06-11,email,45.10,9538,251,19,2026-08-20T09:00:00Z
2026-06-12,paid_search,481.25,6160,280,13,2026-08-20T09:00:00Z
2026-06-12,paid_social,337.18,11856,312,8,2026-08-20T09:00:00Z
2026-06-12,retargeting,183.23,8474,223,13,2026-08-20T09:00:00Z
2026-06-12,email,46.25,9766,257,18,2026-08-20T09:00:00Z
2026-06-13,paid_search,505.47,6468,294,12,2026-08-20T09:00:00Z
2026-06-13,paid_social,360.87,12692,334,9,2026-08-20T09:00:00Z
2026-06-13,retargeting,181.67,8436,222,13,2026-08-20T09:00:00Z
2026-06-13,email,46.43,9804,258,18,2026-08-20T09:00:00Z
2026-06-14,paid_search,520.74,6666,303,14,2026-08-20T09:00:00Z
2026-06-14,paid_social,401.78,14136,372,10,2026-08-20T09:00:00Z
2026-06-14,retargeting,198.03,9158,241,16,2026-08-20T09:00:00Z
2026-06-14,email,52.00,10982,289,24,2026-08-20T09:00:00Z
2026-06-15,paid_search,571.94,7326,333,16,2026-08-20T09:00:00Z
2026-06-15,paid_social,414.66,14592,384,11,2026-08-20T09:00:00Z
2026-06-15,retargeting,201.17,9310,245,17,2026-08-20T09:00:00Z
2026-06-15,email,52.27,11020,290,23,2026-08-20T09:00:00Z
2026-06-16,paid_search,498.24,6380,290,14,2026-08-20T09:00:00Z
2026-06-16,paid_social,408.56,14364,378,11,2026-08-20T09:00:00Z
2026-06-16,retargeting,208.68,9652,254,16,2026-08-20T09:00:00Z
2026-06-16,email,50.12,10564,278,23,2026-08-20T09:00:00Z
2026-06-17,paid_search,437.92,5610,255,10,2026-08-20T09:00:00Z
2026-06-17,paid_social,363.86,12806,337,8,2026-08-20T09:00:00Z
2026-06-17,retargeting,160.95,7448,196,12,2026-08-20T09:00:00Z
2026-06-17,email,42.80,9044,238,18,2026-08-20T09:00:00Z
2026-06-18,paid_search,446.90,5720,260,11,2026-08-20T09:00:00Z
2026-06-18,paid_social,353.77,12464,328,9,2026-08-20T09:00:00Z
2026-06-18,retargeting,172.52,7980,210,13,2026-08-20T09:00:00Z
2026-06-18,email,46.19,9766,257,20,2026-08-20T09:00:00Z
2026-06-19,paid_search,449.49,5742,261,11,2026-08-20T09:00:00Z
2026-06-19,paid_social,351.50,12350,325,9,2026-08-20T09:00:00Z
2026-06-19,retargeting,183.85,8512,224,13,2026-08-20T09:00:00Z
2026-06-19,email,46.40,9804,258,18,2026-08-20T09:00:00Z
2026-06-20,paid_search,457.03,5852,266,12,2026-08-20T09:00:00Z
2026-06-20,paid_social,387.01,13604,358,9,2026-08-20T09:00:00Z
2026-06-20,retargeting,159.68,7410,195,12,2026-08-20T09:00:00Z
2026-06-20,email,47.11,9956,262,19,2026-08-20T09:00:00Z
2026-06-21,paid_search,493.80,6314,287,12,2026-08-20T09:00:00Z
2026-06-21,paid_social,352.96,12426,327,8,2026-08-20T09:00:00Z
2026-06-21,retargeting,174.73,8094,213,12,2026-08-20T09:00:00Z
2026-06-21,email,49.20,10374,273,21,2026-08-20T09:00:00Z
2026-06-22,paid_search,501.06,6402,291,13,2026-08-20T09:00:00Z
2026-06-22,paid_social,333.72,11742,309,8,2026-08-20T09:00:00Z
2026-06-22,retargeting,168.01,7790,205,13,2026-08-20T09:00:00Z
2026-06-22,email,49.98,10564,278,21,2026-08-20T09:00:00Z
2026-06-23,paid_search,456.90,5852,266,11,2026-08-20T09:00:00Z
2026-06-23,paid_social,370.75,13034,343,9,2026-08-20T09:00:00Z
2026-06-23,retargeting,178.81,8284,218,13,2026-08-20T09:00:00Z
2026-06-23,email,46.84,9880,260,20,2026-08-20T09:00:00Z
2026-06-24,paid_search,496.91,6358,289,12,2026-08-20T09:00:00Z
2026-06-24,paid_social,334.99,11780,310,8,2026-08-20T09:00:00Z
2026-06-24,retargeting,171.20,7942,209,12,2026-08-20T09:00:00Z
2026-06-24,email,47.05,9918,261,19,2026-08-20T09:00:00Z
2026-06-25,paid_search,513.85,6578,299,13,2026-08-20T09:00:00Z
2026-06-25,paid_social,367.34,12920,340,9,2026-08-20T09:00:00Z
2026-06-25,retargeting,166.12,7714,203,12,2026-08-20T09:00:00Z
2026-06-25,email,46.11,9728,256,19,2026-08-20T09:00:00Z
2026-06-26,paid_search,451.20,5764,262,12,2026-08-20T09:00:00Z
2026-06-26,paid_social,368.62,12958,341,9,2026-08-20T09:00:00Z
2026-06-26,retargeting,175.84,8132,214,14,2026-08-20T09:00:00Z
2026-06-26,email,47.88,10108,266,19,2026-08-20T09:00:00Z
2026-06-27,paid_search,508.34,6512,296,13,2026-08-20T09:00:00Z
2026-06-27,paid_social,350.04,12312,324,8,2026-08-20T09:00:00Z
2026-06-27,retargeting,178.22,8246,217,13,2026-08-20T09:00:00Z
2026-06-27,email,48.28,10184,268,21,2026-08-20T09:00:00Z
2026-06-28,paid_search,516.07,6600,300,13,2026-08-20T09:00:00Z
2026-06-28,paid_social,341.68,12008,316,8,2026-08-20T09:00:00Z
2026-06-28,retargeting,167.98,7790,205,12,2026-08-20T09:00:00Z
2026-06-28,email,45.44,9576,252,18,2026-08-20T09:00:00Z
2026-06-29,paid_search,486.92,6226,283,12,2026-08-20T09:00:00Z
2026-06-29,paid_social,342.64,12046,317,9,2026-08-20T09:00:00Z
2026-06-29,retargeting,162.78,7562,199,12,2026-08-20T09:00:00Z
2026-06-29,email,48.02,10146,267,21,2026-08-20T09:00:00Z
2026-06-30,paid_search,457.04,5852,266,12,2026-08-20T09:00:00Z
2026-06-30,paid_social,373.72,13148,346,9,2026-08-20T09:00:00Z
2026-06-30,retargeting,162.10,7524,198,12,2026-08-20T09:00:00Z
2026-06-30,email,48.05,10146,267,19,2026-08-20T09:00:00Z
2026-07-01,paid_search,564.85,7216,328,17,2026-08-20T09:00:00Z
2026-07-01,paid_social,416.07,14630,385,12,2026-08-20T09:00:00Z
2026-07-01,retargeting,208.45,9652,254,19,2026-08-20T09:00:00Z
2026-07-01,email,51.91,10944,288,25,2026-08-20T09:00:00Z
2026-07-02,paid_search,573.04,7326,333,17,2026-08-20T09:00:00Z
2026-07-02,paid_social,430.45,15162,399,12,2026-08-20T09:00:00Z
2026-07-02,retargeting,200.23,9272,244,18,2026-08-20T09:00:00Z
2026-07-02,email,57.70,12198,321,29,2026-08-20T09:00:00Z
2026-07-03,paid_search,615.29,7876,358,19,2026-08-20T09:00:00Z
2026-07-03,paid_social,418.99,14744,388,12,2026-08-20T09:00:00Z
2026-07-03,retargeting,227.82,10564,278,20,2026-08-20T09:00:00Z
2026-07-03,email,49.89,10526,277,25,2026-08-20T09:00:00Z
2026-07-04,paid_search,603.71,7722,351,18,2026-08-20T09:00:00Z
2026-07-04,paid_social,476.26,16758,441,13,2026-08-20T09:00:00Z
2026-07-04,retargeting,220.32,10222,269,19,2026-08-20T09:00:00Z
2026-07-04,email,56.79,11970,315,28,2026-08-20T09:00:00Z
2026-07-05,paid_search,626.50,8008,364,19,2026-08-20T09:00:00Z
2026-07-05,paid_social,457.22,16074,423,13,2026-08-20T09:00:00Z
2026-07-05,retargeting,221.93,10298,271,19,2026-08-20T09:00:00Z
2026-07-05,email,58.42,12350,325,28,2026-08-20T09:00:00Z
2026-07-06,paid_search,506.92,6490,295,13,2026-08-20T09:00:00Z
2026-07-06,paid_social,373.19,13148,346,9,2026-08-20T09:00:00Z
2026-07-06,retargeting,184.80,8550,225,14,2026-08-20T09:00:00Z
2026-07-06,email,50.27,10602,279,20,2026-08-20T09:00:00Z
2026-07-07,paid_search,534.45,6842,311,14,2026-08-20T09:00:00Z
2026-07-07,paid_social,353.40,12426,327,8,2026-08-20T09:00:00Z
2026-07-07,retargeting,190.52,8816,232,15,2026-08-20T09:00:00Z
2026-07-07,email,45.21,9538,251,19,2026-08-20T09:00:00Z
2026-07-08,paid_search,486.49,6226,283,12,2026-08-20T09:00:00Z
2026-07-08,paid_social,394.51,13870,365,10,2026-08-20T09:00:00Z
2026-07-08,retargeting,174.84,8094,213,13,2026-08-20T09:00:00Z
2026-07-08,email,48.68,10260,270,20,2026-08-20T09:00:00Z
2026-07-09,paid_search,473.52,6050,275,12,2026-08-20T09:00:00Z
2026-07-09,paid_social,354.68,12464,328,9,2026-08-20T09:00:00Z
2026-07-09,retargeting,178.85,8284,218,13,2026-08-20T09:00:00Z
2026-07-09,email,47.50,10032,264,19,2026-08-20T09:00:00Z
2026-07-10,paid_search,502.42,6424,292,12,2026-08-20T09:00:00Z
2026-07-10,paid_social,351.15,12350,325,9,2026-08-20T09:00:00Z
2026-07-10,retargeting,173.70,8056,212,13,2026-08-20T09:00:00Z
2026-07-10,email,46.03,9728,256,19,2026-08-20T09:00:00Z
2026-07-11,paid_search,473.89,6072,276,12,2026-08-20T09:00:00Z
2026-07-11,paid_social,394.35,13870,365,9,2026-08-20T09:00:00Z
2026-07-11,retargeting,180.99,8398,221,14,2026-08-20T09:00:00Z
2026-07-11,email,52.38,11058,291,21,2026-08-20T09:00:00Z
2026-07-12,paid_search,522.46,6688,304,14,2026-08-20T09:00:00Z
2026-07-12,paid_social,385.78,13566,357,9,2026-08-20T09:00:00Z
2026-07-12,retargeting,172.30,7980,210,12,2026-08-20T09:00:00Z
2026-07-12,email,50.27,10602,279,20,2026-08-20T09:00:00Z
2026-07-13,paid_search,508.84,6512,296,12,2026-08-20T09:00:00Z
2026-07-13,paid_social,367.53,12920,340,9,2026-08-20T09:00:00Z
2026-07-13,retargeting,190.52,8816,232,14,2026-08-20T09:00:00Z
2026-07-13,email,51.38,10830,285,21,2026-08-20T09:00:00Z
2026-07-14,paid_search,609.10,7788,354,16,2026-08-20T09:00:00Z
2026-07-14,paid_social,403.42,14212,374,11,2026-08-20T09:00:00Z
2026-07-14,retargeting,198.71,9196,242,17,2026-08-20T09:00:00Z
2026-07-14,email,55.82,11780,310,26,2026-08-20T09:00:00Z
2026-07-15,paid_search,548.59,7018,319,15,2026-08-20T09:00:00Z
2026-07-15,paid_social,415.51,14630,385,11,2026-08-20T09:00:00Z
2026-07-15,retargeting,199.13,9234,243,16,2026-08-20T09:00:00Z
2026-07-15,email,57.07,12046,317,27,2026-08-20T09:00:00Z
2026-07-16,paid_search,544.17,6952,316,16,2026-08-20T09:00:00Z
2026-07-16,paid_social,425.33,14972,394,12,2026-08-20T09:00:00Z
2026-07-16,retargeting,194.22,9006,237,16,2026-08-20T09:00:00Z
2026-07-16,email,56.46,11932,314,27,2026-08-20T09:00:00Z
2026-07-17,paid_search,495.05,6336,288,13,2026-08-20T09:00:00Z
2026-07-17,paid_social,370.30,13034,343,9,2026-08-20T09:00:00Z
2026-07-17,retargeting,178.05,8246,217,13,2026-08-20T09:00:00Z
2026-07-17,email,46.51,9804,258,19,2026-08-20T09:00:00Z
2026-07-18,paid_search,515.40,6600,300,13,2026-08-20T09:00:00Z
2026-07-18,paid_social,414.62,14592,384,10,2026-08-20T09:00:00Z
2026-07-18,retargeting,185.45,8588,226,14,2026-08-20T09:00:00Z
2026-07-18,email,51.36,10830,285,20,2026-08-20T09:00:00Z
2026-07-19,paid_search,496.82,6358,289,12,2026-08-20T09:00:00Z
2026-07-19,paid_social,383.97,13528,356,9,2026-08-20T09:00:00Z
2026-07-19,retargeting,183.82,8512,224,14,2026-08-20T09:00:00Z
2026-07-19,email,48.94,10336,272,20,2026-08-20T09:00:00Z
2026-07-20,paid_search,485.76,6204,282,13,2026-08-20T09:00:00Z
2026-07-20,paid_social,386.54,13604,358,9,2026-08-20T09:00:00Z
2026-07-20,retargeting,176.82,8208,216,13,2026-08-20T09:00:00Z
2026-07-20,email,51.70,10906,287,21,2026-08-20T09:00:00Z
2026-07-21,paid_search,518.66,6644,302,13,2026-08-20T09:00:00Z
2026-07-21,paid_social,393.39,13832,364,9,2026-08-20T09:00:00Z
2026-07-21,retargeting,189.56,8778,231,15,2026-08-20T09:00:00Z
2026-07-21,email,49.50,10450,275,21,2026-08-20T09:00:00Z
2026-07-22,paid_search,507.99,6490,295,12,2026-08-20T09:00:00Z
2026-07-22,paid_social,405.90,14288,376,10,2026-08-20T09:00:00Z
2026-07-22,retargeting,188.61,8740,230,14,2026-08-20T09:00:00Z
2026-07-22,email,49.07,10374,273,19,2026-08-20T09:00:00Z
2026-07-23,paid_search,531.75,6798,309,13,2026-08-20T09:00:00Z
2026-07-23,paid_social,409.89,14440,380,10,2026-08-20T09:00:00Z
2026-07-23,retargeting,174.74,8094,213,14,2026-08-20T09:00:00Z
2026-07-23,email,52.66,11134,293,23,2026-08-20T09:00:00Z
2026-07-24,paid_search,538.22,6886,313,14,2026-08-20T09:00:00Z
2026-07-24,paid_social,409.87,14440,380,10,2026-08-20T09:00:00Z
2026-07-24,retargeting,180.83,8398,221,14,2026-08-20T09:00:00Z
2026-07-24,email,53.10,11210,295,22,2026-08-20T09:00:00Z
2026-07-25,paid_search,500.73,6402,291,13,2026-08-20T09:00:00Z
2026-07-25,paid_social,369.68,12996,342,9,2026-08-20T09:00:00Z
2026-07-25,retargeting,177.28,8208,216,13,2026-08-20T09:00:00Z
2026-07-25,email,48.57,10260,270,21,2026-08-20T09:00:00Z
2026-07-26,paid_search,522.79,6688,304,13,2026-08-20T09:00:00Z
2026-07-26,paid_social,419.75,14782,389,10,2026-08-20T09:00:00Z
2026-07-26,retargeting,200.64,9310,245,15,2026-08-20T09:00:00Z
2026-07-26,email,49.10,10374,273,20,2026-08-20T09:00:00Z
2026-07-27,paid_search,530.44,6776,308,14,2026-08-20T09:00:00Z
2026-07-27,paid_social,409.97,14440,380,10,2026-08-20T09:00:00Z
2026-07-27,retargeting,176.06,8170,215,14,2026-08-20T09:00:00Z
2026-07-27,email,49.37,10412,274,19,2026-08-20T09:00:00Z
2026-07-28,paid_search,566.76,7260,330,14,2026-08-20T09:00:00Z
2026-07-28,paid_social,389.71,13718,361,9,2026-08-20T09:00:00Z
2026-07-28,retargeting,187.61,8702,229,14,2026-08-20T09:00:00Z
2026-07-28,email,48.34,10222,269,20,2026-08-20T09:00:00Z
2026-07-29,paid_search,507.58,6490,295,13,2026-08-20T09:00:00Z
2026-07-29,paid_social,397.02,13984,368,10,2026-08-20T09:00:00Z
2026-07-29,retargeting,189.49,8778,231,14,2026-08-20T09:00:00Z
2026-07-29,email,55.57,11742,309,22,2026-08-20T09:00:00Z
2026-07-30,paid_search,565.27,7238,329,14,2026-08-20T09:00:00Z
2026-07-30,paid_social,393.08,13832,364,9,2026-08-20T09:00:00Z
2026-07-30,retargeting,178.18,8246,217,14,2026-08-20T09:00:00Z
2026-07-30,email,50.23,10602,279,21,2026-08-20T09:00:00Z
2026-07-31,paid_search,519.40,6644,302,13,2026-08-20T09:00:00Z
2026-07-31,paid_social,425.88,14972,394,10,2026-08-20T09:00:00Z
2026-07-31,retargeting,196.90,9120,240,15,2026-08-20T09:00:00Z
2026-07-31,email,55.19,11666,307,22,2026-08-20T09:00:00Z
2026-08-01,paid_search,525.38,6710,305,13,2026-08-20T09:00:00Z
2026-08-01,paid_social,429.34,15124,398,11,2026-08-20T09:00:00Z
2026-08-01,retargeting,198.07,9196,242,14,2026-08-20T09:00:00Z
2026-08-01,email,54.87,11590,305,23,2026-08-20T09:00:00Z
2026-08-02,paid_search,514.94,6578,299,13,2026-08-20T09:00:00Z
2026-08-02,paid_social,404.50,14250,375,9,2026-08-20T09:00:00Z
2026-08-02,retargeting,208.36,9652,254,16,2026-08-20T09:00:00Z
2026-08-02,email,51.85,10944,288,21,2026-08-20T09:00:00Z
2026-08-03,paid_search,520.33,6666,303,12,2026-08-20T09:00:00Z
2026-08-03,paid_social,411.09,14478,381,10,2026-08-20T09:00:00Z
2026-08-03,retargeting,191.03,8854,233,14,2026-08-20T09:00:00Z
2026-08-03,email,48.82,10298,271,19,2026-08-20T09:00:00Z
2026-08-04,paid_search,514.04,6578,299,13,2026-08-20T09:00:00Z
2026-08-04,paid_social,390.52,13756,362,10,2026-08-20T09:00:00Z
2026-08-04,retargeting,202.16,9386,247,14,2026-08-20T09:00:00Z
2026-08-04,email,52.98,11172,294,22,2026-08-20T09:00:00Z
2026-08-05,paid_search,501.10,6402,291,13,2026-08-20T09:00:00Z
2026-08-05,paid_social,389.45,13718,361,9,2026-08-20T09:00:00Z
2026-08-05,retargeting,180.65,8360,220,14,2026-08-20T09:00:00Z
2026-08-05,email,56.01,11818,311,24,2026-08-20T09:00:00Z
2026-08-06,paid_search,559.26,7150,325,14,2026-08-20T09:00:00Z
2026-08-06,paid_social,392.30,13794,363,10,2026-08-20T09:00:00Z
2026-08-06,retargeting,188.68,8740,230,15,2026-08-20T09:00:00Z
2026-08-06,email,51.19,10792,284,20,2026-08-20T09:00:00Z
2026-08-07,paid_search,571.86,7304,332,15,2026-08-20T09:00:00Z
2026-08-07,paid_social,406.08,14288,376,9,2026-08-20T09:00:00Z
2026-08-07,retargeting,194.45,9006,237,14,2026-08-20T09:00:00Z
2026-08-07,email,56.76,11970,315,24,2026-08-20T09:00:00Z
2026-08-08,paid_search,534.66,6842,311,14,2026-08-20T09:00:00Z
2026-08-08,paid_social,429.77,15124,398,11,2026-08-20T09:00:00Z
2026-08-08,retargeting,212.31,9842,259,16,2026-08-20T09:00:00Z
2026-08-08,email,52.82,11134,293,21,2026-08-20T09:00:00Z
2026-08-09,paid_search,541.50,6930,315,13,2026-08-20T09:00:00Z
2026-08-09,paid_social,422.74,14858,391,10,2026-08-20T09:00:00Z
2026-08-09,retargeting,182.57,8474,223,13,2026-08-20T09:00:00Z
2026-08-09,email,51.09,10792,284,21,2026-08-20T09:00:00Z
2026-08-10,paid_search,540.18,6908,314,14,2026-08-20T09:00:00Z
2026-08-10,paid_social,389.46,13718,361,9,2026-08-20T09:00:00Z
2026-08-10,retargeting,191.32,8854,233,15,2026-08-20T09:00:00Z
2026-08-10,email,53.37,11248,296,23,2026-08-20T09:00:00Z
2026-08-11,paid_search,521.62,6666,303,13,2026-08-20T09:00:00Z
2026-08-11,paid_social,444.23,15618,411,10,2026-08-20T09:00:00Z
2026-08-11,retargeting,207.91,9652,254,15,2026-08-20T09:00:00Z
2026-08-11,email,49.95,10564,278,21,2026-08-20T09:00:00Z
2026-08-12,paid_search,572.51,7326,333,15,2026-08-20T09:00:00Z
2026-08-12,paid_social,431.73,15200,400,11,2026-08-20T09:00:00Z
2026-08-12,retargeting,196.65,9120,240,15,2026-08-20T09:00:00Z
2026-08-12,email,57.60,12160,320,23,2026-08-20T09:00:00Z
2026-08-13,paid_search,516.49,6600,300,13,2026-08-20T09:00:00Z
2026-08-13,paid_social,419.15,14744,388,10,2026-08-20T09:00:00Z
2026-08-13,retargeting,185.35,8588,226,14,2026-08-20T09:00:00Z
2026-08-13,email,55.61,11742,309,23,2026-08-20T09:00:00Z
2026-08-14,paid_search,615.34,7876,358,18,2026-08-20T09:00:00Z
2026-08-14,paid_social,445.72,15694,413,12,2026-08-20T09:00:00Z
2026-08-14,retargeting,238.41,11058,291,20,2026-08-20T09:00:00Z
2026-08-14,email,60.83,12844,338,29,2026-08-20T09:00:00Z
2026-08-15,paid_search,593.01,7590,345,17,2026-08-20T09:00:00Z
2026-08-15,paid_social,492.32,17328,456,13,2026-08-20T09:00:00Z
2026-08-15,retargeting,238.62,11058,291,20,2026-08-20T09:00:00Z
2026-08-15,email,62.61,13224,348,30,2026-08-20T09:00:00Z
2026-08-16,paid_search,652.00,8338,379,19,2026-08-20T09:00:00Z
2026-08-16,paid_social,444.49,15656,412,12,2026-08-20T09:00:00Z
2026-08-16,retargeting,246.11,11400,300,20,2026-08-20T09:00:00Z
2026-08-16,email,61.44,12958,341,29,2026-08-20T09:00:00Z
2026-08-17,paid_search,598.87,7656,348,15,2026-08-20T09:00:00Z
2026-08-17,paid_social,436.38,15352,404,10,2026-08-20T09:00:00Z
2026-08-17,retargeting,212.89,9880,260,16,2026-08-20T09:00:00Z
2026-08-17,email,52.03,10982,289,22,2026-08-20T09:00:00Z
2026-08-18,paid_search,534.38,6842,311,14,2026-08-20T09:00:00Z
2026-08-18,paid_social,451.57,15884,418,11,2026-08-20T09:00:00Z
2026-08-18,retargeting,219.55,10184,268,16,2026-08-20T09:00:00Z
2026-08-18,email,54.95,11590,305,21,2026-08-20T09:00:00Z
2026-08-19,paid_search,560.39,7172,326,14,2026-08-20T09:00:00Z
2026-08-19,paid_social,458.57,16150,425,11,2026-08-20T09:00:00Z
2026-08-19,retargeting,208.50,9652,254,15,2026-08-20T09:00:00Z
2026-08-19,email,54.06,11400,300,21,2026-08-20T09:00:00Z
2026-08-20,paid_search,558.16,7150,325,15,2026-08-20T09:00:00Z
2026-08-20,paid_social,426.41,15010,395,10,2026-08-20T09:00:00Z
2026-08-20,retargeting,204.40,9462,249,16,2026-08-20T09:00:00Z
2026-08-20,email,54.94,11590,305,23,2026-08-20T09:00:00Z
