activity_date,gross_revenue_usd,refunds_usd,net_revenue_usd,orders,units_sold,shipped_revenue_usd,units_shipped,ending_backlog_revenue_usd,stockout_rate,event_name,updated_at
2023-08-21,5869.20,206.06,5663.14,66,88,5663.14,84,0.00,0.0180,none,2026-08-20T09:00:00Z
2023-08-22,6105.68,221.64,5884.05,69,89,5884.05,87,0.00,0.0180,none,2026-08-20T09:00:00Z
2023-08-23,6335.31,229.34,6105.97,70,90,6105.97,88,0.00,0.0180,none,2026-08-20T09:00:00Z
2023-08-24,6575.31,230.96,6344.34,73,94,6344.34,92,0.00,0.0180,none,2026-08-20T09:00:00Z
2023-08-25,7175.65,279.13,6896.52,78,100,6896.52,98,0.00,0.0180,none,2026-08-20T09:00:00Z
2023-08-26,7180.55,217.89,6962.66,77,98,4957.92,70,2004.74,0.0180,none,2026-08-20T09:00:00Z
2023-08-27,6470.11,237.02,6233.09,73,94,3787.26,56,4450.57,0.0180,none,2026-08-20T09:00:00Z
2023-08-28,5854.61,236.77,5617.84,63,82,9741.77,137,326.64,0.0180,none,2026-08-20T09:00:00Z
2023-08-29,6157.91,254.18,5903.73,67,87,6230.37,89,0.00,0.0180,none,2026-08-20T09:00:00Z
2023-08-30,6479.71,290.94,6188.77,70,93,6188.77,87,0.00,0.0180,none,2026-08-20T09:00:00Z
2023-08-31,6638.03,293.33,6344.70,74,96,6344.70,93,0.00,0.0180,none,2026-08-20T09:00:00Z
2023-09-01,7489.68,249.30,7240.38,81,105,7240.38,102,0.00,0.0180,none,2026-08-20T09:00:00Z
2023-09-02,7289.78,207.81,7081.97,78,103,4969.01,70,2112.96,0.0180,none,2026-08-20T09:00:00Z
2023-09-03,6780.11,239.31,6540.80,74,99,3795.72,54,4858.04,0.0180,none,2026-08-20T09:00:00Z
2023-09-04,6158.02,265.56,5892.46,69,89,9763.55,142,986.95,0.0180,none,2026-08-20T09:00:00Z
2023-09-05,6360.07,262.76,6097.31,68,88,7084.26,100,0.00,0.0180,none,2026-08-20T09:00:00Z
2023-09-06,6655.63,265.18,6390.45,72,97,6390.45,91,0.00,0.0180,none,2026-08-20T09:00:00Z
2023-09-07,6765.64,273.46,6492.18,73,96,6492.18,92,0.00,0.0180,none,2026-08-20T09:00:00Z
2023-09-08,7354.92,277.82,7077.10,82,109,7077.10,103,0.00,0.0180,none,2026-08-20T09:00:00Z
2023-09-09,7380.98,248.13,7132.85,83,107,4980.10,73,2152.75,0.0180,none,2026-08-20T09:00:00Z
2023-09-10,7007.72,242.43,6765.29,76,101,3804.19,54,5113.85,0.0180,none,2026-08-20T09:00:00Z
2023-09-11,6262.86,250.62,6012.24,68,88,9785.32,139,1340.77,0.0180,none,2026-08-20T09:00:00Z
2023-09-12,6445.45,250.38,6195.07,70,90,7535.84,107,0.00,0.0180,none,2026-08-20T09:00:00Z
2023-09-13,6900.58,258.21,6642.38,76,99,6642.38,96,0.00,0.0180,none,2026-08-20T09:00:00Z
2023-09-14,7881.02,286.06,7594.96,89,119,7594.96,112,0.00,0.0360,monthly_promotion,2026-08-20T09:00:00Z
2023-09-15,8179.31,271.52,7907.79,90,116,7907.79,115,0.00,0.0360,monthly_promotion,2026-08-20T09:00:00Z
2023-09-16,8564.60,240.10,8324.51,92,119,4991.18,70,3333.32,0.0360,monthly_promotion,2026-08-20T09:00:00Z
2023-09-17,6913.95,228.61,6685.34,75,98,3812.66,54,6206.00,0.0180,none,2026-08-20T09:00:00Z
2023-09-18,6330.16,271.01,6059.15,70,89,9807.09,142,2458.06,0.0180,none,2026-08-20T09:00:00Z
2023-09-19,6669.34,298.07,6371.27,73,98,8829.33,127,0.00,0.0180,none,2026-08-20T09:00:00Z
2023-09-20,7126.08,312.19,6813.89,76,102,6813.89,95,0.00,0.0180,none,2026-08-20T09:00:00Z
2023-09-21,7162.10,312.48,6849.62,81,105,6849.62,101,0.00,0.0180,none,2026-08-20T09:00:00Z
2023-09-22,7992.08,256.78,7735.30,87,115,7735.30,111,0.00,0.0180,none,2026-08-20T09:00:00Z
2023-09-23,8165.11,250.78,7914.32,89,116,5002.27,71,2912.05,0.0180,none,2026-08-20T09:00:00Z
2023-09-24,7012.10,267.43,6744.67,79,106,3821.13,57,5835.59,0.0180,none,2026-08-20T09:00:00Z
2023-09-25,6540.49,292.02,6248.47,71,92,9828.86,140,2255.19,0.0180,none,2026-08-20T09:00:00Z
2023-09-26,6968.81,259.59,6709.22,78,103,8964.41,132,0.00,0.0180,none,2026-08-20T09:00:00Z
2023-09-27,7282.08,317.36,6964.72,79,103,6964.72,99,0.00,0.0180,none,2026-08-20T09:00:00Z
2023-09-28,7121.26,330.45,6790.81,81,105,6790.81,101,0.00,0.0180,none,2026-08-20T09:00:00Z
2023-09-29,8056.32,286.86,7769.46,90,117,7769.46,114,0.00,0.0180,none,2026-08-20T09:00:00Z
2023-09-30,8076.39,246.40,7829.99,92,122,5013.36,75,2816.63,0.0180,none,2026-08-20T09:00:00Z
2023-10-01,7183.15,262.58,6920.57,77,102,3829.59,54,5907.61,0.0180,none,2026-08-20T09:00:00Z
2023-10-02,6505.90,287.29,6218.61,72,93,9850.64,143,2275.59,0.0180,none,2026-08-20T09:00:00Z
2023-10-03,6873.64,253.42,6620.22,76,100,8895.80,129,0.00,0.0180,none,2026-08-20T09:00:00Z
2023-10-04,7347.72,326.23,7021.48,79,102,7021.48,99,0.00,0.0180,none,2026-08-20T09:00:00Z
2023-10-05,7454.77,319.08,7135.68,79,104,7135.68,100,0.00,0.0180,none,2026-08-20T09:00:00Z
2023-10-06,7914.51,282.02,7632.49,88,115,7632.49,112,0.00,0.0180,none,2026-08-20T09:00:00Z
2023-10-07,8270.31,236.64,8033.67,94,124,5024.45,75,3009.22,0.0180,none,2026-08-20T09:00:00Z
2023-10-08,7219.36,255.70,6963.66,77,100,3838.06,54,6134.82,0.0180,none,2026-08-20T09:00:00Z
2023-10-09,6639.08,260.52,6378.56,73,93,9872.41,142,2640.97,0.0180,none,2026-08-20T09:00:00Z
2023-10-10,7184.44,274.78,6909.66,80,102,9550.63,139,0.00,0.0180,none,2026-08-20T09:00:00Z
2023-10-11,7248.11,298.68,6949.43,79,106,6949.43,99,0.00,0.0180,none,2026-08-20T09:00:00Z
2023-10-12,7599.79,324.83,7274.96,82,108,7274.96,102,0.00,0.0180,none,2026-08-20T09:00:00Z
2023-10-13,7902.43,267.81,7634.62,90,117,7634.62,114,0.00,0.0180,none,2026-08-20T09:00:00Z
2023-10-14,9090.10,250.68,8839.41,101,131,5035.54,73,3803.88,0.0360,monthly_promotion,2026-08-20T09:00:00Z
2023-10-15,8334.75,279.45,8055.30,89,115,3846.53,54,8012.65,0.0360,monthly_promotion,2026-08-20T09:00:00Z
2023-10-16,7805.34,267.71,7537.64,87,114,9894.18,145,5656.10,0.0360,monthly_promotion,2026-08-20T09:00:00Z
2023-10-17,7177.98,276.37,6901.60,78,100,9897.29,140,2660.41,0.0180,none,2026-08-20T09:00:00Z
2023-10-18,7650.79,296.87,7353.93,86,111,9717.06,144,297.28,0.0180,none,2026-08-20T09:00:00Z
2023-10-19,7761.19,362.29,7398.90,84,112,7696.18,109,0.00,0.0180,none,2026-08-20T09:00:00Z
2023-10-20,8455.38,337.02,8118.35,95,125,8118.35,119,0.00,0.0180,none,2026-08-20T09:00:00Z
2023-10-21,8634.60,295.20,8339.39,97,126,5046.62,74,3292.77,0.0180,none,2026-08-20T09:00:00Z
2023-10-22,7446.89,287.53,7159.36,80,105,3855.00,54,6597.13,0.0180,none,2026-08-20T09:00:00Z
2023-10-23,6769.72,281.54,6488.18,76,100,9915.96,146,3169.36,0.0180,none,2026-08-20T09:00:00Z
2023-10-24,7324.50,281.37,7043.12,79,101,9919.07,140,293.42,0.0180,none,2026-08-20T09:00:00Z
2023-10-25,7822.21,327.97,7494.24,85,111,7787.66,110,0.00,0.0180,none,2026-08-20T09:00:00Z
2023-10-26,7993.43,307.86,7685.57,87,117,7685.57,109,0.00,0.0180,none,2026-08-20T09:00:00Z
2023-10-27,8628.43,295.59,8332.84,92,123,8332.84,117,0.00,0.0180,none,2026-08-20T09:00:00Z
2023-10-28,8633.96,267.37,8366.59,93,121,5057.71,72,3308.88,0.0180,none,2026-08-20T09:00:00Z
2023-10-29,7406.15,257.56,7148.59,84,111,3863.46,57,6594.01,0.0180,none,2026-08-20T09:00:00Z
2023-10-30,6880.78,310.49,6570.29,75,98,9937.73,141,3226.57,0.0180,none,2026-08-20T09:00:00Z
2023-10-31,7369.20,303.24,7065.96,82,106,9940.84,145,351.70,0.0180,none,2026-08-20T09:00:00Z
2023-11-01,8044.45,315.73,7728.71,90,116,8080.41,118,0.00,0.0180,none,2026-08-20T09:00:00Z
2023-11-02,7825.14,345.34,7479.80,85,112,7479.80,106,0.00,0.0180,none,2026-08-20T09:00:00Z
2023-11-03,8554.24,272.22,8282.02,93,123,8282.02,118,0.00,0.0180,none,2026-08-20T09:00:00Z
2023-11-04,8670.72,272.43,8398.29,94,124,5068.80,72,3329.49,0.0180,none,2026-08-20T09:00:00Z
2023-11-05,7533.58,264.49,7269.09,83,107,3871.93,56,6726.65,0.0180,none,2026-08-20T09:00:00Z
2023-11-06,7173.30,301.25,6872.05,81,104,9959.50,147,3639.21,0.0180,none,2026-08-20T09:00:00Z
2023-11-07,7606.37,285.24,7321.13,85,113,9962.61,145,997.73,0.0180,none,2026-08-20T09:00:00Z
2023-11-08,7949.95,333.85,7616.11,90,117,8613.83,128,0.00,0.0180,none,2026-08-20T09:00:00Z
2023-11-09,8075.84,351.93,7723.91,87,112,7723.91,109,0.00,0.0180,none,2026-08-20T09:00:00Z
2023-11-10,8591.12,308.93,8282.19,93,121,8282.19,117,0.00,0.0180,none,2026-08-20T09:00:00Z
2023-11-11,8551.00,256.12,8294.88,92,121,5079.89,71,3214.99,0.0180,none,2026-08-20T09:00:00Z
2023-11-12,7670.12,300.13,7369.99,86,112,3880.40,57,6704.59,0.0180,none,2026-08-20T09:00:00Z
2023-11-13,7274.42,294.91,6979.51,79,106,9981.27,142,3702.82,0.0180,none,2026-08-20T09:00:00Z
2023-11-14,8571.96,328.10,8243.87,93,124,9984.38,142,1962.31,0.0360,monthly_promotion,2026-08-20T09:00:00Z
2023-11-15,9066.94,316.26,8750.67,102,134,9802.54,145,910.44,0.0360,monthly_promotion,2026-08-20T09:00:00Z
2023-11-16,9176.44,332.29,8844.15,100,131,9620.58,138,134.01,0.0360,monthly_promotion,2026-08-20T09:00:00Z
2023-11-17,8493.68,292.25,8201.43,96,123,8335.44,124,0.00,0.0180,none,2026-08-20T09:00:00Z
2023-11-18,8666.26,272.39,8393.87,94,123,5090.98,72,3302.90,0.0180,none,2026-08-20T09:00:00Z
2023-11-19,7732.38,327.79,7404.59,84,111,3888.86,55,6818.63,0.0180,none,2026-08-20T09:00:00Z
2023-11-20,9968.52,391.72,9576.80,106,141,9002.74,126,7392.69,0.0730,holiday_peak,2026-08-20T09:00:00Z
2023-11-21,10607.25,434.42,10172.84,118,153,9005.54,132,8559.98,0.0730,holiday_peak,2026-08-20T09:00:00Z
2023-11-22,10700.36,397.12,10303.25,115,147,8841.52,124,10021.71,0.0730,holiday_peak,2026-08-20T09:00:00Z
2023-11-23,10994.53,404.18,10590.35,119,157,8677.39,123,11934.67,0.0730,holiday_peak,2026-08-20T09:00:00Z
2023-11-24,11367.23,357.66,11009.57,127,170,8179.32,120,14764.92,0.0730,holiday_peak,2026-08-20T09:00:00Z
2023-11-25,11801.35,474.55,11326.81,129,166,4591.86,66,21499.87,0.0730,holiday_peak,2026-08-20T09:00:00Z
2023-11-26,10659.09,521.23,10137.86,116,152,3507.60,50,28130.13,0.0730,holiday_peak,2026-08-20T09:00:00Z
2023-11-27,9785.48,509.50,9275.99,107,141,9022.34,130,28383.78,0.0730,holiday_peak,2026-08-20T09:00:00Z
2023-11-28,10234.98,539.58,9695.40,110,143,9025.14,127,29054.04,0.0730,holiday_peak,2026-08-20T09:00:00Z
2023-11-29,11106.89,521.59,10585.30,126,167,8860.75,132,30778.59,0.0730,holiday_peak,2026-08-20T09:00:00Z
2023-11-30,10940.04,570.83,10369.21,119,154,8696.26,124,32451.54,0.0730,holiday_peak,2026-08-20T09:00:00Z
2023-12-01,10806.70,506.40,10300.30,116,155,8197.10,115,34554.74,0.0730,holiday_peak,2026-08-20T09:00:00Z
2023-12-02,11650.55,441.09,11209.46,125,163,4601.84,65,41162.37,0.0730,holiday_peak,2026-08-20T09:00:00Z
2023-12-03,9979.06,488.54,9490.52,106,140,3515.22,49,47137.67,0.0730,holiday_peak,2026-08-20T09:00:00Z
2023-12-04,9462.97,513.65,8949.32,101,132,9041.93,127,47045.06,0.0730,holiday_peak,2026-08-20T09:00:00Z
2023-12-05,9538.65,496.18,9042.47,103,134,9044.73,128,47042.80,0.0730,holiday_peak,2026-08-20T09:00:00Z
2023-12-06,10090.44,525.45,9564.99,112,147,8879.98,129,47727.80,0.0730,holiday_peak,2026-08-20T09:00:00Z
2023-12-07,10234.16,558.23,9675.93,112,144,8715.13,125,48688.59,0.0730,holiday_peak,2026-08-20T09:00:00Z
2023-12-08,11280.34,457.12,10823.23,125,167,8214.88,119,51296.94,0.0730,holiday_peak,2026-08-20T09:00:00Z
2023-12-09,11415.92,444.37,10971.55,123,163,4611.82,65,57656.68,0.0730,holiday_peak,2026-08-20T09:00:00Z
2023-12-10,10103.82,444.65,9659.17,115,149,3522.84,52,63793.00,0.0730,holiday_peak,2026-08-20T09:00:00Z
2023-12-11,9513.35,452.93,9060.42,102,136,9061.53,127,63791.89,0.0730,holiday_peak,2026-08-20T09:00:00Z
2023-12-12,9959.72,458.62,9501.10,107,139,9064.33,128,64228.66,0.0730,holiday_peak,2026-08-20T09:00:00Z
2023-12-13,10118.10,555.48,9562.62,114,147,8899.22,131,64892.07,0.0730,holiday_peak,2026-08-20T09:00:00Z
2023-12-14,10685.84,526.21,10159.63,117,151,8734.00,125,66317.69,0.0730,holiday_peak,2026-08-20T09:00:00Z
2023-12-15,10969.33,460.22,10509.11,117,154,8232.66,115,68594.14,0.0730,holiday_peak,2026-08-20T09:00:00Z
2023-12-16,11128.00,403.11,10724.88,123,158,4621.80,67,74697.23,0.0730,holiday_peak,2026-08-20T09:00:00Z
2023-12-17,10064.28,473.34,9590.95,109,145,3530.46,50,80757.72,0.0730,holiday_peak,2026-08-20T09:00:00Z
2023-12-18,9385.93,435.04,8950.90,105,135,9081.12,134,80627.49,0.0730,holiday_peak,2026-08-20T09:00:00Z
2023-12-19,7537.26,400.79,7136.48,85,109,10093.25,149,77670.72,0.0180,none,2026-08-20T09:00:00Z
2023-12-20,7856.34,423.02,7433.32,85,109,9909.39,141,75194.65,0.0180,none,2026-08-20T09:00:00Z
2023-12-21,7985.64,401.90,7583.74,85,114,9725.41,135,73052.98,0.0180,none,2026-08-20T09:00:00Z
2023-12-22,8776.51,387.02,8389.48,97,127,9167.16,133,72275.31,0.0180,none,2026-08-20T09:00:00Z
2023-12-23,8738.78,377.89,8360.89,99,130,5146.42,76,75489.79,0.0180,none,2026-08-20T09:00:00Z
2023-12-24,7644.38,291.06,7353.32,85,114,3931.20,57,78911.91,0.0180,none,2026-08-20T09:00:00Z
2023-12-25,7210.66,289.06,6921.60,78,102,10111.91,143,75721.60,0.0180,none,2026-08-20T09:00:00Z
2023-12-26,7403.28,290.99,7112.29,84,109,10115.02,150,72718.87,0.0180,none,2026-08-20T09:00:00Z
2023-12-27,7688.11,357.10,7331.01,87,117,9930.76,147,70119.12,0.0180,none,2026-08-20T09:00:00Z
2023-12-28,8076.03,319.61,7756.42,89,116,9746.38,141,68129.16,0.0180,none,2026-08-20T09:00:00Z
2023-12-29,8703.12,313.00,8390.12,97,130,9186.91,134,67332.37,0.0180,none,2026-08-20T09:00:00Z
2023-12-30,8885.43,281.11,8604.32,101,132,5157.50,77,70779.18,0.0180,none,2026-08-20T09:00:00Z
2023-12-31,7576.24,303.25,7272.99,84,109,3939.67,57,74112.50,0.0180,none,2026-08-20T09:00:00Z
2024-01-01,7089.56,285.83,6803.72,75,98,10133.68,141,70782.54,0.0180,none,2026-08-20T09:00:00Z
2024-01-02,7441.02,297.06,7143.97,83,106,10136.79,147,67789.71,0.0180,none,2026-08-20T09:00:00Z
2024-01-03,7658.34,345.22,7313.12,85,113,9952.13,145,65150.71,0.0180,none,2026-08-20T09:00:00Z
2024-01-04,7882.54,313.66,7568.88,89,118,9767.35,145,62952.24,0.0180,none,2026-08-20T09:00:00Z
2024-01-05,8302.13,267.88,8034.25,90,116,9206.67,131,61779.83,0.0180,none,2026-08-20T09:00:00Z
2024-01-06,8551.31,273.82,8277.48,91,120,5168.59,72,64888.72,0.0180,none,2026-08-20T09:00:00Z
2024-01-07,7729.46,294.19,7435.27,85,110,3948.13,57,68375.86,0.0180,none,2026-08-20T09:00:00Z
2024-01-08,7066.49,312.20,6754.28,76,101,10155.46,143,64974.68,0.0180,none,2026-08-20T09:00:00Z
2024-01-09,7197.34,279.62,6917.72,79,106,10158.57,146,61733.84,0.0180,none,2026-08-20T09:00:00Z
2024-01-10,7848.34,307.38,7540.96,85,110,9973.50,141,59301.30,0.0180,none,2026-08-20T09:00:00Z
2024-01-11,7762.43,336.90,7425.53,87,116,9788.31,143,56938.52,0.0180,none,2026-08-20T09:00:00Z
2024-01-12,8205.47,284.41,7921.06,88,117,9226.43,129,55633.15,0.0180,none,2026-08-20T09:00:00Z
2024-01-13,8360.30,284.86,8075.44,93,123,5179.68,76,58528.91,0.0180,none,2026-08-20T09:00:00Z
2024-01-14,8231.28,293.31,7937.97,91,121,3956.60,57,62510.28,0.0360,monthly_promotion,2026-08-20T09:00:00Z
2024-01-15,7857.94,320.59,7537.36,88,117,10177.23,149,59870.41,0.0360,monthly_promotion,2026-08-20T09:00:00Z
2024-01-16,7960.97,312.29,7648.69,88,118,10180.34,147,57338.76,0.0360,monthly_promotion,2026-08-20T09:00:00Z
2024-01-17,7347.09,331.00,7016.09,82,109,9994.87,147,54359.98,0.0180,none,2026-08-20T09:00:00Z
2024-01-18,7757.40,297.12,7460.28,83,109,9809.28,137,52010.98,0.0180,none,2026-08-20T09:00:00Z
2024-01-19,8040.62,323.10,7717.51,86,113,9246.18,130,50482.31,0.0180,none,2026-08-20T09:00:00Z
2024-01-20,8374.54,309.33,8065.22,90,118,5190.77,73,53356.76,0.0180,none,2026-08-20T09:00:00Z
2024-01-21,7135.42,299.49,6835.94,76,101,3965.07,56,56227.63,0.0180,none,2026-08-20T09:00:00Z
2024-01-22,6805.83,296.94,6508.89,75,98,10199.00,147,52537.51,0.0180,none,2026-08-20T09:00:00Z
2024-01-23,7341.10,316.53,7024.57,80,104,10202.11,146,49359.97,0.0180,none,2026-08-20T09:00:00Z
2024-01-24,7563.54,289.15,7274.39,86,112,10016.24,149,46618.13,0.0180,none,2026-08-20T09:00:00Z
2024-01-25,7704.08,324.33,7379.75,86,115,9830.25,144,44167.63,0.0180,none,2026-08-20T09:00:00Z
2024-01-26,7991.12,265.24,7725.88,89,119,9265.94,135,42627.57,0.0180,none,2026-08-20T09:00:00Z
2024-01-27,8363.57,275.10,8088.46,94,123,5201.86,77,45514.18,0.0180,none,2026-08-20T09:00:00Z
2024-01-28,7346.80,272.94,7073.87,80,107,3973.54,56,48614.51,0.0180,none,2026-08-20T09:00:00Z
2024-01-29,6894.46,265.23,6629.23,77,102,10220.77,150,45022.97,0.0180,none,2026-08-20T09:00:00Z
2024-01-30,7059.73,300.28,6759.46,79,105,10223.88,150,41558.54,0.0180,none,2026-08-20T09:00:00Z
2024-01-31,7317.79,294.69,7023.10,82,109,10037.61,148,38544.04,0.0180,none,2026-08-20T09:00:00Z
2024-02-01,7546.75,338.08,7208.68,81,106,9851.21,139,35901.50,0.0180,none,2026-08-20T09:00:00Z
2024-02-02,7868.08,263.22,7604.85,85,114,9285.70,132,34220.66,0.0180,none,2026-08-20T09:00:00Z
2024-02-03,8367.75,252.90,8114.85,92,122,5212.94,75,37122.56,0.0180,none,2026-08-20T09:00:00Z
2024-02-04,7243.11,263.42,6979.69,78,100,3982.00,56,40120.25,0.0180,none,2026-08-20T09:00:00Z
2024-02-05,6680.83,287.68,6393.15,71,94,10242.55,143,36270.85,0.0180,none,2026-08-20T09:00:00Z
2024-02-06,7080.24,295.52,6784.73,77,99,10245.66,146,32809.92,0.0180,none,2026-08-20T09:00:00Z
2024-02-07,7274.81,295.89,6978.92,79,101,10058.98,144,29729.87,0.0180,none,2026-08-20T09:00:00Z
2024-02-08,7316.30,321.69,6994.61,83,110,9872.18,147,26852.30,0.0180,none,2026-08-20T09:00:00Z
2024-02-09,7929.41,296.28,7633.13,87,115,9305.45,133,25179.97,0.0180,none,2026-08-20T09:00:00Z
2024-02-10,7781.99,270.84,7511.15,86,114,5224.03,75,27467.09,0.0180,none,2026-08-20T09:00:00Z
2024-02-11,7045.75,270.56,6775.18,80,105,3990.47,59,30251.80,0.0180,none,2026-08-20T09:00:00Z
2024-02-12,6383.55,287.58,6095.97,70,90,10264.32,148,26083.45,0.0180,none,2026-08-20T09:00:00Z
2024-02-13,6716.88,296.26,6420.62,75,98,10267.43,150,22236.65,0.0180,none,2026-08-20T09:00:00Z
2024-02-14,8107.40,292.99,7814.41,91,120,10080.35,148,19970.71,0.0360,monthly_promotion,2026-08-20T09:00:00Z
2024-02-15,7905.13,272.38,7632.75,89,115,9893.15,146,17710.31,0.0360,monthly_promotion,2026-08-20T09:00:00Z
2024-02-16,8607.28,284.80,8322.48,94,120,9325.21,133,16707.58,0.0360,monthly_promotion,2026-08-20T09:00:00Z
2024-02-17,7713.29,249.51,7463.78,84,111,5235.12,75,18936.24,0.0180,none,2026-08-20T09:00:00Z
2024-02-18,7104.55,268.95,6835.59,79,105,3998.94,58,21772.90,0.0180,none,2026-08-20T09:00:00Z
2024-02-19,6644.15,325.43,6318.72,72,95,10286.09,145,17805.53,0.0180,none,2026-08-20T09:00:00Z
2024-02-20,6869.89,312.37,6557.52,77,100,10289.20,151,14073.84,0.0180,none,2026-08-20T09:00:00Z
2024-02-21,7266.90,339.37,6927.53,81,105,10101.72,148,10899.65,0.0180,none,2026-08-20T09:00:00Z
2024-02-22,7337.28,287.09,7050.19,81,107,9914.11,143,8035.73,0.0180,none,2026-08-20T09:00:00Z
2024-02-23,7704.66,289.03,7415.63,86,110,9344.97,136,6106.40,0.0180,none,2026-08-20T09:00:00Z
2024-02-24,7700.95,252.71,7448.24,83,109,5246.21,74,8308.43,0.0180,none,2026-08-20T09:00:00Z
2024-02-25,6586.31,246.76,6339.55,70,92,4007.40,56,10640.57,0.0180,none,2026-08-20T09:00:00Z
2024-02-26,6351.24,269.60,6081.64,70,91,10307.87,150,6414.34,0.0180,none,2026-08-20T09:00:00Z
2024-02-27,6582.54,261.53,6321.01,72,96,10310.98,148,2424.38,0.0180,none,2026-08-20T09:00:00Z
2024-02-28,6586.85,311.57,6275.28,72,92,8699.66,124,0.00,0.0180,none,2026-08-20T09:00:00Z
2024-02-29,6941.24,298.07,6643.17,78,105,6643.17,98,0.00,0.0180,none,2026-08-20T09:00:00Z
2024-03-01,7091.83,246.36,6845.47,77,103,6845.47,98,0.00,0.0180,none,2026-08-20T09:00:00Z
2024-03-02,7627.36,255.18,7372.19,81,104,5257.30,73,2114.89,0.0180,none,2026-08-20T09:00:00Z
2024-03-03,6897.87,247.50,6650.36,74,96,4015.87,56,4749.38,0.0180,none,2026-08-20T09:00:00Z
2024-03-04,6062.11,269.07,5793.05,67,89,10329.64,150,212.79,0.0180,none,2026-08-20T09:00:00Z
2024-03-05,6376.73,253.06,6123.67,70,91,6336.46,92,0.00,0.0180,none,2026-08-20T09:00:00Z
2024-03-06,6734.19,253.55,6480.64,73,95,6480.64,91,0.00,0.0180,none,2026-08-20T09:00:00Z
2024-03-07,6798.35,269.27,6529.08,76,100,6529.08,96,0.00,0.0180,none,2026-08-20T09:00:00Z
2024-03-08,7234.97,278.87,6956.10,82,105,6956.10,104,0.00,0.0180,none,2026-08-20T09:00:00Z
2024-03-09,7549.25,224.73,7324.52,83,107,5268.38,76,2056.13,0.0180,none,2026-08-20T09:00:00Z
2024-03-10,6450.79,229.52,6221.27,70,92,4024.34,57,4253.07,0.0180,none,2026-08-20T09:00:00Z
2024-03-11,6021.30,246.70,5774.60,68,88,10027.67,148,0.00,0.0180,none,2026-08-20T09:00:00Z
2024-03-12,6514.45,252.34,6262.12,73,97,6262.12,92,0.00,0.0180,none,2026-08-20T09:00:00Z
2024-03-13,6438.55,270.16,6168.39,69,88,6168.39,86,0.00,0.0180,none,2026-08-20T09:00:00Z
2024-03-14,7848.12,288.59,7559.53,84,112,7559.53,106,0.00,0.0360,monthly_promotion,2026-08-20T09:00:00Z
2024-03-15,8079.38,261.62,7817.77,86,115,7817.77,109,0.00,0.0360,monthly_promotion,2026-08-20T09:00:00Z
2024-03-16,8200.58,220.89,7979.69,92,120,5279.47,77,2700.22,0.0360,monthly_promotion,2026-08-20T09:00:00Z
2024-03-17,6522.96,266.65,6256.31,74,98,4032.81,60,4923.71,0.0180,none,2026-08-20T09:00:00Z
2024-03-18,6043.82,247.35,5796.47,66,89,10373.18,148,347.00,0.0180,none,2026-08-20T09:00:00Z
2024-03-19,6293.98,308.52,5985.46,68,88,6332.46,89,0.00,0.0180,none,2026-08-20T09:00:00Z
2024-03-20,6334.73,290.56,6044.17,69,91,6044.17,87,0.00,0.0180,none,2026-08-20T09:00:00Z
2024-03-21,6692.30,308.92,6383.38,75,98,6383.38,93,0.00,0.0180,none,2026-08-20T09:00:00Z
2024-03-22,7100.65,262.81,6837.84,81,105,6837.84,102,0.00,0.0180,none,2026-08-20T09:00:00Z
2024-03-23,6949.71,237.44,6712.28,79,102,5290.56,79,1421.72,0.0180,none,2026-08-20T09:00:00Z
2024-03-24,6015.40,225.97,5789.43,68,89,4041.27,60,3169.88,0.0180,none,2026-08-20T09:00:00Z
2024-03-25,5900.34,238.46,5661.88,63,83,8831.75,124,0.00,0.0180,none,2026-08-20T09:00:00Z
2024-03-26,6072.21,270.45,5801.76,68,88,5801.76,85,0.00,0.0180,none,2026-08-20T09:00:00Z
2024-03-27,6277.84,252.15,6025.69,67,89,6025.69,85,0.00,0.0180,none,2026-08-20T09:00:00Z
2024-03-28,6718.63,243.10,6475.53,72,95,6475.53,91,0.00,0.0180,none,2026-08-20T09:00:00Z
2024-03-29,6944.34,211.56,6732.78,75,99,6732.78,95,0.00,0.0180,none,2026-08-20T09:00:00Z
2024-03-30,7054.08,233.83,6820.25,80,104,5301.65,78,1518.60,0.0180,none,2026-08-20T09:00:00Z
2024-03-31,6107.66,219.38,5888.28,67,87,4049.74,58,3357.13,0.0180,none,2026-08-20T09:00:00Z
2024-04-01,5583.09,248.02,5335.07,60,78,8692.21,123,0.00,0.0180,none,2026-08-20T09:00:00Z
2024-04-02,6141.57,274.41,5867.16,66,88,5867.16,82,0.00,0.0180,none,2026-08-20T09:00:00Z
2024-04-03,6313.48,260.43,6053.06,68,90,6053.06,85,0.00,0.0180,none,2026-08-20T09:00:00Z
2024-04-04,6362.20,272.99,6089.21,69,90,6089.21,86,0.00,0.0180,none,2026-08-20T09:00:00Z
2024-04-05,6649.79,234.09,6415.69,74,99,6415.69,94,0.00,0.0180,none,2026-08-20T09:00:00Z
2024-04-06,6777.35,219.20,6558.15,72,92,5312.74,74,1245.41,0.0180,none,2026-08-20T09:00:00Z
2024-04-07,6139.34,215.87,5923.47,66,86,4058.21,57,3110.68,0.0180,none,2026-08-20T09:00:00Z
2024-04-08,5718.81,222.70,5496.10,62,81,8606.79,122,0.00,0.0180,none,2026-08-20T09:00:00Z
2024-04-09,5945.58,227.86,5717.72,66,87,5717.72,84,0.00,0.0180,none,2026-08-20T09:00:00Z
2024-04-10,6026.61,253.63,5772.98,67,86,5772.98,84,0.00,0.0180,none,2026-08-20T09:00:00Z
2024-04-11,6211.08,273.80,5937.29,67,88,5937.29,84,0.00,0.0180,none,2026-08-20T09:00:00Z
2024-04-12,6533.39,218.53,6314.86,70,93,6314.86,88,0.00,0.0180,none,2026-08-20T09:00:00Z
2024-04-13,6678.81,228.32,6450.49,75,98,5323.82,78,1126.66,0.0180,none,2026-08-20T09:00:00Z
2024-04-14,6748.65,234.26,6514.39,74,96,4066.68,58,3574.38,0.0360,monthly_promotion,2026-08-20T09:00:00Z
2024-04-15,6398.94,241.23,6157.71,69,89,9732.09,137,0.00,0.0360,monthly_promotion,2026-08-20T09:00:00Z
2024-04-16,6598.74,227.43,6371.31,73,97,6371.31,92,0.00,0.0360,monthly_promotion,2026-08-20T09:00:00Z
2024-04-17,6061.69,231.82,5829.87,64,85,5829.87,81,0.00,0.0180,none,2026-08-20T09:00:00Z
2024-04-18,6190.49,238.52,5951.97,67,86,5951.97,84,0.00,0.0180,none,2026-08-20T09:00:00Z
2024-04-19,6707.20,271.89,6435.31,73,97,6435.31,92,0.00,0.0180,none,2026-08-20T09:00:00Z
2024-04-20,6614.51,231.44,6383.07,75,99,5334.91,79,1048.16,0.0180,none,2026-08-20T09:00:00Z
2024-04-21,5845.53,252.21,5593.32,66,87,4075.14,60,2566.34,0.0180,none,2026-08-20T09:00:00Z
2024-04-22,5317.99,245.99,5072.00,60,77,7638.34,113,0.00,0.0180,none,2026-08-20T09:00:00Z
2024-04-23,5798.66,237.51,5561.15,65,87,5561.15,81,0.00,0.0180,none,2026-08-20T09:00:00Z
2024-04-24,5996.44,261.08,5735.36,64,83,5735.36,80,0.00,0.0180,none,2026-08-20T09:00:00Z
2024-04-25,5942.82,243.21,5699.61,67,89,5699.61,84,0.00,0.0180,none,2026-08-20T09:00:00Z
2024-04-26,6587.64,219.79,6367.85,70,91,6367.85,89,0.00,0.0180,none,2026-08-20T09:00:00Z
2024-04-27,6726.27,215.53,6510.74,76,98,5346.00,79,1164.74,0.0180,none,2026-08-20T09:00:00Z
2024-04-28,6082.11,216.00,5866.11,66,85,4083.61,58,2947.24,0.0180,none,2026-08-20T09:00:00Z
2024-04-29,5320.21,235.90,5084.31,58,77,8031.55,114,0.00,0.0180,none,2026-08-20T09:00:00Z
2024-04-30,5656.13,214.29,5441.84,64,85,5441.84,80,0.00,0.0180,none,2026-08-20T09:00:00Z
2024-05-01,5977.96,266.87,5711.09,65,87,5711.09,81,0.00,0.0180,none,2026-08-20T09:00:00Z
2024-05-02,6110.28,268.30,5841.98,67,87,5841.98,83,0.00,0.0180,none,2026-08-20T09:00:00Z
2024-05-03,6130.47,219.85,5910.62,68,89,5910.62,86,0.00,0.0180,none,2026-08-20T09:00:00Z
2024-05-04,6389.70,194.34,6195.36,71,92,5357.09,78,838.27,0.0180,none,2026-08-20T09:00:00Z
2024-05-05,5817.85,207.85,5609.99,63,84,4092.08,58,2356.19,0.0180,none,2026-08-20T09:00:00Z
2024-05-06,5285.76,238.32,5047.44,58,75,7403.63,107,0.00,0.0180,none,2026-08-20T09:00:00Z
2024-05-07,5732.49,232.98,5499.51,64,85,5499.51,80,0.00,0.0180,none,2026-08-20T09:00:00Z
2024-05-08,5705.47,230.32,5475.15,61,78,5475.15,77,0.00,0.0180,none,2026-08-20T09:00:00Z
2024-05-09,5905.87,232.20,5673.66,65,87,5673.66,82,0.00,0.0180,none,2026-08-20T09:00:00Z
2024-05-10,6278.34,204.11,6074.24,70,92,6074.24,89,0.00,0.0180,none,2026-08-20T09:00:00Z
2024-05-11,6344.17,208.05,6136.12,72,95,5368.18,80,767.95,0.0180,none,2026-08-20T09:00:00Z
2024-05-12,5595.88,214.96,5380.92,62,83,4100.54,59,2048.32,0.0180,none,2026-08-20T09:00:00Z
2024-05-13,5294.94,208.90,5086.05,58,76,7134.37,103,0.00,0.0180,none,2026-08-20T09:00:00Z
2024-05-14,6368.39,227.16,6141.23,68,91,6141.23,86,0.00,0.0360,monthly_promotion,2026-08-20T09:00:00Z
2024-05-15,6429.82,247.88,6181.93,69,91,6181.93,87,0.00,0.0360,monthly_promotion,2026-08-20T09:00:00Z
2024-05-16,6591.14,256.17,6334.98,72,94,6334.98,91,0.00,0.0360,monthly_promotion,2026-08-20T09:00:00Z
2024-05-17,6343.73,210.01,6133.72,69,93,6133.72,87,0.00,0.0180,none,2026-08-20T09:00:00Z
2024-05-18,6597.88,189.96,6407.92,71,92,5379.26,76,1028.65,0.0180,none,2026-08-20T09:00:00Z
2024-05-19,5911.85,223.17,5688.68,67,90,4109.01,61,2608.33,0.0180,none,2026-08-20T09:00:00Z
2024-05-20,5307.20,229.52,5077.68,58,75,7686.01,110,0.00,0.0180,none,2026-08-20T09:00:00Z
2024-05-21,5379.37,267.67,5111.70,58,78,5111.70,72,0.00,0.0180,none,2026-08-20T09:00:00Z
2024-05-22,5682.64,245.23,5437.41,62,80,5437.41,78,0.00,0.0180,none,2026-08-20T09:00:00Z
2024-05-23,6027.08,234.45,5792.63,66,88,5792.63,83,0.00,0.0180,none,2026-08-20T09:00:00Z
2024-05-24,6312.02,210.20,6101.82,71,93,6101.82,90,0.00,0.0180,none,2026-08-20T09:00:00Z
2024-05-25,6503.12,215.58,6287.54,72,97,5390.35,78,897.19,0.0180,none,2026-08-20T09:00:00Z
2024-05-26,5884.61,219.54,5665.07,63,82,4117.48,57,2444.78,0.0180,none,2026-08-20T09:00:00Z
2024-05-27,5341.50,223.28,5118.22,58,77,7563.00,107,0.00,0.0180,none,2026-08-20T09:00:00Z
2024-05-28,5547.61,245.02,5302.58,61,81,5302.58,76,0.00,0.0180,none,2026-08-20T09:00:00Z
2024-05-29,5876.71,237.89,5638.82,65,87,5638.82,82,0.00,0.0180,none,2026-08-20T09:00:00Z
2024-05-30,5919.32,240.74,5678.58,63,82,5678.58,79,0.00,0.0180,none,2026-08-20T09:00:00Z
2024-05-31,6148.35,231.65,5916.70,69,89,5916.70,87,0.00,0.0180,none,2026-08-20T09:00:00Z
2024-06-01,6773.39,194.65,6578.74,72,92,5401.44,75,1177.30,0.0180,none,2026-08-20T09:00:00Z
2024-06-02,5796.45,194.45,5602.00,62,81,4125.95,58,2653.36,0.0180,none,2026-08-20T09:00:00Z
2024-06-03,5367.12,223.73,5143.39,60,80,7796.75,113,0.00,0.0180,none,2026-08-20T09:00:00Z
2024-06-04,5699.51,221.69,5477.82,63,82,5477.82,79,0.00,0.0180,none,2026-08-20T09:00:00Z
2024-06-05,5928.29,238.47,5689.81,63,81,5689.81,79,0.00,0.0180,none,2026-08-20T09:00:00Z
2024-06-06,6080.07,268.91,5811.16,65,84,5811.16,81,0.00,0.0180,none,2026-08-20T09:00:00Z
2024-06-07,6330.26,226.77,6103.49,70,93,6103.49,88,0.00,0.0180,none,2026-08-20T09:00:00Z
2024-06-08,6730.38,194.22,6536.16,72,94,5412.53,76,1123.64,0.0180,none,2026-08-20T09:00:00Z
2024-06-09,5749.27,205.04,5544.23,64,84,4134.41,61,2533.46,0.0180,none,2026-08-20T09:00:00Z
2024-06-10,5537.17,219.78,5317.40,60,78,7850.85,112,0.00,0.0180,none,2026-08-20T09:00:00Z
2024-06-11,5588.74,248.86,5339.89,63,82,5339.89,79,0.00,0.0180,none,2026-08-20T09:00:00Z
2024-06-12,5865.77,243.39,5622.38,65,87,5622.38,81,0.00,0.0180,none,2026-08-20T09:00:00Z
2024-06-13,6010.67,254.63,5756.03,64,84,5756.03,80,0.00,0.0180,none,2026-08-20T09:00:00Z
2024-06-14,7254.36,234.18,7020.18,82,110,7020.18,104,0.00,0.0360,monthly_promotion,2026-08-20T09:00:00Z
2024-06-15,7073.05,199.93,6873.12,79,103,5423.62,79,1449.51,0.0360,monthly_promotion,2026-08-20T09:00:00Z
2024-06-16,6536.29,216.29,6319.99,72,92,4142.88,60,3626.62,0.0360,monthly_promotion,2026-08-20T09:00:00Z
2024-06-17,5521.69,207.15,5314.55,62,80,8941.16,132,0.00,0.0180,none,2026-08-20T09:00:00Z
2024-06-18,5703.61,221.72,5481.89,63,83,5481.89,79,0.00,0.0180,none,2026-08-20T09:00:00Z
2024-06-19,6130.47,276.12,5854.35,69,92,5854.35,87,0.00,0.0180,none,2026-08-20T09:00:00Z
2024-06-20,6015.22,261.50,5753.72,67,86,5753.72,84,0.00,0.0180,none,2026-08-20T09:00:00Z
2024-06-21,6521.06,240.83,6280.23,73,98,6280.23,93,0.00,0.0180,none,2026-08-20T09:00:00Z
2024-06-22,6563.18,214.29,6348.89,70,90,5434.70,76,914.19,0.0180,none,2026-08-20T09:00:00Z
2024-06-23,5878.60,200.08,5678.52,65,87,4151.35,60,2441.36,0.0180,none,2026-08-20T09:00:00Z
2024-06-24,5356.43,236.56,5119.88,57,74,7561.24,105,0.00,0.0180,none,2026-08-20T09:00:00Z
2024-06-25,5648.92,228.48,5420.44,63,83,5420.44,79,0.00,0.0180,none,2026-08-20T09:00:00Z
2024-06-26,6015.34,243.53,5771.81,66,87,5771.81,82,0.00,0.0180,none,2026-08-20T09:00:00Z
2024-06-27,6217.74,238.57,5979.17,69,88,5979.17,87,0.00,0.0180,none,2026-08-20T09:00:00Z
2024-06-28,6480.01,231.30,6248.71,73,97,6248.71,92,0.00,0.0180,none,2026-08-20T09:00:00Z
2024-06-29,6732.53,196.44,6536.09,74,99,5445.79,79,1090.29,0.0180,none,2026-08-20T09:00:00Z
2024-06-30,6031.16,226.42,5804.74,66,87,4159.81,60,2735.22,0.0180,none,2026-08-20T09:00:00Z
2024-07-01,7013.14,237.84,6775.30,78,102,9510.52,139,0.00,0.0180,summer_event,2026-08-20T09:00:00Z
2024-07-02,6922.57,248.43,6674.14,76,98,6674.14,96,0.00,0.0180,summer_event,2026-08-20T09:00:00Z
2024-07-03,7068.86,239.51,6829.35,77,100,6829.35,98,0.00,0.0180,summer_event,2026-08-20T09:00:00Z
2024-07-04,7638.55,242.89,7395.66,81,106,7395.66,103,0.00,0.0180,summer_event,2026-08-20T09:00:00Z
2024-07-05,7944.10,228.19,7715.91,90,116,7715.91,114,0.00,0.0180,summer_event,2026-08-20T09:00:00Z
2024-07-06,6878.34,247.94,6630.40,76,102,5456.88,79,1173.52,0.0180,none,2026-08-20T09:00:00Z
2024-07-07,6190.66,279.54,5911.11,68,88,4168.28,60,2916.35,0.0180,none,2026-08-20T09:00:00Z
2024-07-08,5620.96,287.55,5333.41,63,82,8249.77,121,0.00,0.0180,none,2026-08-20T09:00:00Z
2024-07-09,5864.36,294.14,5570.22,63,81,5570.22,78,0.00,0.0180,none,2026-08-20T09:00:00Z
2024-07-10,6215.13,316.85,5898.28,66,85,5898.28,83,0.00,0.0180,none,2026-08-20T09:00:00Z
2024-07-11,6317.09,275.69,6041.40,67,89,6041.40,84,0.00,0.0180,none,2026-08-20T09:00:00Z
2024-07-12,6789.35,236.23,6553.12,74,96,6553.12,94,0.00,0.0180,none,2026-08-20T09:00:00Z
2024-07-13,7183.15,200.68,6982.47,76,99,5467.97,76,1514.50,0.0180,none,2026-08-20T09:00:00Z
2024-07-14,6924.68,222.92,6701.76,78,102,4176.75,61,4039.51,0.0360,monthly_promotion,2026-08-20T09:00:00Z
2024-07-15,6553.65,247.60,6306.05,73,94,10345.56,152,0.00,0.0360,monthly_promotion,2026-08-20T09:00:00Z
2024-07-16,6864.21,241.83,6622.38,75,98,6622.38,95,0.00,0.0360,monthly_promotion,2026-08-20T09:00:00Z
2024-07-17,6525.01,259.31,6265.70,73,95,6265.70,91,0.00,0.0180,none,2026-08-20T09:00:00Z
2024-07-18,6548.18,271.04,6277.14,71,92,6277.14,90,0.00,0.0180,none,2026-08-20T09:00:00Z
2024-07-19,7092.11,249.42,6842.70,77,99,6842.70,97,0.00,0.0180,none,2026-08-20T09:00:00Z
2024-07-20,7042.29,235.21,6807.08,79,101,5479.06,80,1328.02,0.0180,none,2026-08-20T09:00:00Z
2024-07-21,6470.66,248.33,6222.33,72,94,4185.22,61,3365.14,0.0180,none,2026-08-20T09:00:00Z
2024-07-22,5946.96,234.00,5712.96,66,86,9078.10,133,0.00,0.0180,none,2026-08-20T09:00:00Z
2024-07-23,6143.74,247.24,5896.50,65,84,5896.50,82,0.00,0.0180,none,2026-08-20T09:00:00Z
2024-07-24,6336.32,266.79,6069.53,69,91,6069.53,86,0.00,0.0180,none,2026-08-20T09:00:00Z
2024-07-25,6614.20,253.23,6360.97,71,91,6360.97,90,0.00,0.0180,none,2026-08-20T09:00:00Z
2024-07-26,7224.26,250.18,6974.08,77,100,6974.08,98,0.00,0.0180,none,2026-08-20T09:00:00Z
2024-07-27,7287.01,220.66,7066.35,81,108,5490.14,80,1576.21,0.0180,none,2026-08-20T09:00:00Z
2024-07-28,6354.35,232.67,6121.68,68,91,4193.68,59,3504.20,0.0180,none,2026-08-20T09:00:00Z
2024-07-29,5947.42,234.03,5713.39,66,88,9217.60,133,0.00,0.0180,none,2026-08-20T09:00:00Z
2024-07-30,6495.27,245.48,6249.79,72,94,6249.79,90,0.00,0.0180,none,2026-08-20T09:00:00Z
2024-07-31,6881.98,266.85,6615.13,77,102,6615.13,97,0.00,0.0180,none,2026-08-20T09:00:00Z
2024-08-01,6897.81,290.22,6607.59,75,100,6607.59,94,0.00,0.0180,none,2026-08-20T09:00:00Z
2024-08-02,7119.54,242.74,6876.80,78,102,6876.80,99,0.00,0.0180,none,2026-08-20T09:00:00Z
2024-08-03,7434.32,212.15,7222.17,82,105,5501.23,79,1720.94,0.0180,none,2026-08-20T09:00:00Z
2024-08-04,6675.57,230.95,6444.61,71,92,4202.15,59,3963.40,0.0180,none,2026-08-20T09:00:00Z
2024-08-05,6278.75,249.42,6029.32,71,94,9992.72,149,0.00,0.0180,none,2026-08-20T09:00:00Z
2024-08-06,6289.80,277.40,6012.40,67,89,6012.40,84,0.00,0.0180,none,2026-08-20T09:00:00Z
2024-08-07,6673.66,272.11,6401.55,74,97,6401.55,93,0.00,0.0180,none,2026-08-20T09:00:00Z
2024-08-08,7128.63,289.46,6839.16,76,101,6839.16,96,0.00,0.0180,none,2026-08-20T09:00:00Z
2024-08-09,7225.87,233.62,6992.25,81,107,6992.25,103,0.00,0.0180,none,2026-08-20T09:00:00Z
2024-08-10,7840.11,254.73,7585.38,87,117,5512.32,80,2073.06,0.0180,none,2026-08-20T09:00:00Z
2024-08-11,6936.13,238.15,6697.98,78,103,4210.62,62,4560.42,0.0180,none,2026-08-20T09:00:00Z
2024-08-12,6446.60,238.03,6208.56,69,92,10768.99,152,0.00,0.0180,none,2026-08-20T09:00:00Z
2024-08-13,6575.13,290.12,6285.00,70,90,6285.00,88,0.00,0.0180,none,2026-08-20T09:00:00Z
2024-08-14,7533.59,253.35,7280.24,80,107,7280.24,101,0.00,0.0360,monthly_promotion,2026-08-20T09:00:00Z
2024-08-15,8274.51,306.24,7968.27,91,119,7968.27,114,0.00,0.0360,monthly_promotion,2026-08-20T09:00:00Z
2024-08-16,8756.96,248.86,8508.10,94,125,8508.10,120,0.00,0.0360,monthly_promotion,2026-08-20T09:00:00Z
2024-08-17,7707.82,249.62,7458.20,84,112,5523.41,78,1934.79,0.0180,none,2026-08-20T09:00:00Z
2024-08-18,7050.39,253.39,6797.00,75,99,4219.08,59,4512.70,0.0180,none,2026-08-20T09:00:00Z
2024-08-19,6646.34,298.27,6348.07,74,98,10852.19,158,8.59,0.0180,none,2026-08-20T09:00:00Z
2024-08-20,6660.03,318.98,6341.05,71,93,6349.64,89,0.00,0.0180,none,2026-08-20T09:00:00Z
2024-08-21,7207.70,346.96,6860.74,81,106,6860.74,101,0.00,0.0180,none,2026-08-20T09:00:00Z
2024-08-22,7509.33,303.59,7205.74,81,104,7205.74,102,0.00,0.0180,none,2026-08-20T09:00:00Z
2024-08-23,7837.52,259.99,7577.53,87,112,7577.53,110,0.00,0.0180,none,2026-08-20T09:00:00Z
2024-08-24,7895.84,238.42,7657.41,88,116,5534.50,81,2122.91,0.0180,none,2026-08-20T09:00:00Z
2024-08-25,7283.65,247.01,7036.64,81,105,4227.55,61,4932.00,0.0180,none,2026-08-20T09:00:00Z
2024-08-26,6473.22,293.33,6179.89,74,96,10873.96,162,237.93,0.0180,none,2026-08-20T09:00:00Z
2024-08-27,6951.83,277.77,6674.06,79,103,6911.99,103,0.00,0.0180,none,2026-08-20T09:00:00Z
2024-08-28,7159.94,302.90,6857.05,80,104,6857.05,101,0.00,0.0180,none,2026-08-20T09:00:00Z
2024-08-29,7531.96,302.49,7229.48,82,108,7229.48,103,0.00,0.0180,none,2026-08-20T09:00:00Z
2024-08-30,7988.60,274.12,7714.47,87,114,7714.47,110,0.00,0.0180,none,2026-08-20T09:00:00Z
2024-08-31,8375.00,257.78,8117.22,93,121,5545.58,81,2571.64,0.0180,none,2026-08-20T09:00:00Z
2024-09-01,7528.60,263.91,7264.69,83,110,4236.02,62,5600.31,0.0180,none,2026-08-20T09:00:00Z
2024-09-02,6793.27,268.31,6524.97,74,99,10895.73,155,1229.54,0.0180,none,2026-08-20T09:00:00Z
2024-09-03,7201.89,263.72,6938.18,80,106,8167.72,119,0.00,0.0180,none,2026-08-20T09:00:00Z
2024-09-04,7410.73,292.54,7118.19,80,104,7118.19,101,0.00,0.0180,none,2026-08-20T09:00:00Z
2024-09-05,7581.80,296.07,7285.73,86,112,7285.73,108,0.00,0.0180,none,2026-08-20T09:00:00Z
2024-09-06,8104.36,274.54,7829.82,89,115,7829.82,112,0.00,0.0180,none,2026-08-20T09:00:00Z
2024-09-07,8470.97,243.86,8227.10,92,121,5556.67,79,2670.43,0.0180,none,2026-08-20T09:00:00Z
2024-09-08,7342.45,272.12,7070.33,79,106,4244.49,60,5496.28,0.0180,none,2026-08-20T09:00:00Z
2024-09-09,6826.42,281.70,6544.72,77,99,10917.50,162,1123.49,0.0180,none,2026-08-20T09:00:00Z
2024-09-10,7234.76,296.69,6938.06,81,104,8061.56,119,0.00,0.0180,none,2026-08-20T09:00:00Z
2024-09-11,7811.56,324.01,7487.56,86,111,7487.56,108,0.00,0.0180,none,2026-08-20T09:00:00Z
2024-09-12,7697.39,302.10,7395.28,84,111,7395.28,106,0.00,0.0180,none,2026-08-20T09:00:00Z
2024-09-13,8467.28,295.09,8172.19,95,123,8172.19,120,0.00,0.0180,none,2026-08-20T09:00:00Z
2024-09-14,9519.97,250.74,9269.23,103,132,5567.76,79,3701.47,0.0360,monthly_promotion,2026-08-20T09:00:00Z
2024-09-15,8390.85,262.99,8127.87,91,121,4252.95,60,7576.39,0.0360,monthly_promotion,2026-08-20T09:00:00Z
2024-09-16,8073.85,279.80,7794.06,89,118,10939.28,158,4431.17,0.0360,monthly_promotion,2026-08-20T09:00:00Z
2024-09-17,7352.19,313.55,7038.65,81,107,10942.39,157,527.42,0.0180,none,2026-08-20T09:00:00Z
2024-09-18,8020.14,308.33,7711.80,86,111,8239.23,116,0.00,0.0180,none,2026-08-20T09:00:00Z
2024-09-19,8241.33,371.27,7870.06,94,124,7870.06,117,0.00,0.0180,none,2026-08-20T09:00:00Z
2024-09-20,8837.05,294.04,8543.01,96,125,8543.01,122,0.00,0.0180,none,2026-08-20T09:00:00Z
2024-09-21,8837.74,287.41,8550.33,96,125,5578.85,80,2971.48,0.0180,none,2026-08-20T09:00:00Z
2024-09-22,7934.73,259.70,7675.03,87,116,4261.42,62,6385.09,0.0180,none,2026-08-20T09:00:00Z
2024-09-23,7132.76,311.37,6821.40,78,100,10961.05,156,2245.44,0.0180,none,2026-08-20T09:00:00Z
2024-09-24,7773.67,323.34,7450.34,88,115,9695.78,144,0.00,0.0180,none,2026-08-20T09:00:00Z
2024-09-25,7898.52,353.59,7544.93,86,112,7544.93,107,0.00,0.0180,none,2026-08-20T09:00:00Z
2024-09-26,8239.80,328.28,7911.52,93,125,7911.52,117,0.00,0.0180,none,2026-08-20T09:00:00Z
2024-09-27,8883.14,292.77,8590.37,100,131,8590.37,127,0.00,0.0180,none,2026-08-20T09:00:00Z
2024-09-28,9048.50,275.71,8772.79,100,134,5589.94,81,3182.85,0.0180,none,2026-08-20T09:00:00Z
2024-09-29,8026.68,279.85,7746.83,86,112,4269.89,60,6659.79,0.0180,none,2026-08-20T09:00:00Z
2024-09-30,7560.16,323.61,7236.55,86,111,10982.82,164,2913.51,0.0180,none,2026-08-20T09:00:00Z
2024-10-01,7582.34,289.84,7292.50,81,107,10206.01,144,0.00,0.0180,none,2026-08-20T09:00:00Z
2024-10-02,8172.71,316.77,7855.94,89,115,7855.94,112,0.00,0.0180,none,2026-08-20T09:00:00Z
2024-10-03,8492.44,337.09,8155.35,93,123,8155.35,117,0.00,0.0180,none,2026-08-20T09:00:00Z
2024-10-04,8699.89,306.48,8393.41,99,131,8393.41,125,0.00,0.0180,none,2026-08-20T09:00:00Z
2024-10-05,9219.40,271.79,8947.62,104,136,5601.02,83,3346.59,0.0180,none,2026-08-20T09:00:00Z
2024-10-06,8228.37,284.10,7944.27,88,117,4278.36,60,7012.51,0.0180,none,2026-08-20T09:00:00Z
2024-10-07,7814.49,329.20,7485.29,86,115,11004.60,158,3493.21,0.0180,none,2026-08-20T09:00:00Z
2024-10-08,7741.91,308.45,7433.46,85,111,10926.66,157,0.00,0.0180,none,2026-08-20T09:00:00Z
2024-10-09,8392.57,326.57,8066.00,89,118,8066.00,112,0.00,0.0180,none,2026-08-20T09:00:00Z
2024-10-10,8234.60,344.26,7890.34,90,119,7890.34,113,0.00,0.0180,none,2026-08-20T09:00:00Z
2024-10-11,8773.01,320.38,8452.63,95,123,8452.63,120,0.00,0.0180,none,2026-08-20T09:00:00Z
2024-10-12,9149.07,312.44,8836.63,102,132,5612.11,82,3224.52,0.0180,none,2026-08-20T09:00:00Z
2024-10-13,8033.11,296.31,7736.79,89,114,4286.82,62,6674.49,0.0180,none,2026-08-20T09:00:00Z
2024-10-14,8637.94,339.32,8298.62,92,120,11026.37,154,3946.74,0.0360,monthly_promotion,2026-08-20T09:00:00Z
2024-10-15,8853.67,328.57,8525.10,100,131,11029.48,164,1442.36,0.0360,monthly_promotion,2026-08-20T09:00:00Z
2024-10-16,9314.77,353.18,8961.59,106,138,10403.95,155,0.00,0.0360,monthly_promotion,2026-08-20T09:00:00Z
2024-10-17,8562.25,353.74,8208.51,91,117,8208.51,115,0.00,0.0180,none,2026-08-20T09:00:00Z
2024-10-18,8969.45,286.58,8682.87,100,133,8682.87,127,0.00,0.0180,none,2026-08-20T09:00:00Z
2024-10-19,9518.95,315.82,9203.13,106,136,5623.20,82,3579.93,0.0180,none,2026-08-20T09:00:00Z
2024-10-20,8224.85,309.66,7915.19,90,120,4295.29,61,7199.83,0.0180,none,2026-08-20T09:00:00Z
2024-10-21,7834.24,356.19,7478.05,84,109,11048.14,156,3629.74,0.0180,none,2026-08-20T09:00:00Z
2024-10-22,8231.96,338.52,7893.45,93,124,11051.25,163,471.93,0.0180,none,2026-08-20T09:00:00Z
2024-10-23,8538.55,354.07,8184.48,97,125,8656.42,128,0.00,0.0180,none,2026-08-20T09:00:00Z
2024-10-24,8787.85,342.31,8445.54,94,124,8445.54,119,0.00,0.0180,none,2026-08-20T09:00:00Z
2024-10-25,9407.86,294.18,9113.68,101,133,9113.68,128,0.00,0.0180,none,2026-08-20T09:00:00Z
2024-10-26,9706.15,311.86,9394.29,104,133,5634.29,79,3760.00,0.0180,none,2026-08-20T09:00:00Z
2024-10-27,8317.59,307.34,8010.24,92,123,4303.76,63,7466.48,0.0180,none,2026-08-20T09:00:00Z
2024-10-28,7842.92,334.90,7508.02,88,114,11069.91,163,3904.58,0.0180,none,2026-08-20T09:00:00Z
2024-10-29,8228.23,332.06,7896.17,90,119,11073.02,159,727.73,0.0180,none,2026-08-20T09:00:00Z
2024-10-30,8487.66,373.35,8114.31,96,125,8842.04,131,0.00,0.0180,none,2026-08-20T09:00:00Z
2024-10-31,8593.55,379.58,8213.97,97,130,8213.97,121,0.00,0.0180,none,2026-08-20T09:00:00Z
2024-11-01,9297.66,330.61,8967.05,105,138,8967.05,133,0.00,0.0180,none,2026-08-20T09:00:00Z
2024-11-02,9432.98,309.02,9123.96,102,133,5645.38,80,3478.59,0.0180,none,2026-08-20T09:00:00Z
2024-11-03,8545.71,300.43,8245.27,97,128,4312.22,64,7411.64,0.0180,none,2026-08-20T09:00:00Z
2024-11-04,7991.79,322.98,7668.81,85,114,11091.69,155,3988.77,0.0180,none,2026-08-20T09:00:00Z
2024-11-05,8297.26,343.24,7954.02,94,125,11094.80,164,847.99,0.0180,none,2026-08-20T09:00:00Z
2024-11-06,8709.37,360.74,8348.63,94,125,9196.62,129,0.00,0.0180,none,2026-08-20T09:00:00Z
2024-11-07,8759.03,360.15,8398.88,99,132,8398.88,125,0.00,0.0180,none,2026-08-20T09:00:00Z
2024-11-08,9498.47,315.57,9182.90,107,140,9182.90,136,0.00,0.0180,none,2026-08-20T09:00:00Z
2024-11-09,9806.00,280.72,9525.27,105,141,5656.46,79,3868.81,0.0180,none,2026-08-20T09:00:00Z
2024-11-10,8553.53,320.83,8232.70,92,120,4320.69,61,7780.82,0.0180,none,2026-08-20T09:00:00Z
2024-11-11,8020.63,333.94,7686.69,87,114,11113.46,158,4354.05,0.0180,none,2026-08-20T09:00:00Z
2024-11-12,8423.16,337.67,8085.49,92,122,11116.57,160,1322.97,0.0180,none,2026-08-20T09:00:00Z
2024-11-13,8865.72,382.67,8483.06,96,125,9806.03,139,0.00,0.0180,none,2026-08-20T09:00:00Z
2024-11-14,9949.32,371.03,9578.29,107,140,9578.29,135,0.00,0.0360,monthly_promotion,2026-08-20T09:00:00Z
2024-11-15,10403.13,301.35,10101.78,118,156,10095.72,150,6.05,0.0360,monthly_promotion,2026-08-20T09:00:00Z
2024-11-16,10673.54,307.77,10365.77,115,147,5667.55,80,4704.27,0.0360,monthly_promotion,2026-08-20T09:00:00Z
2024-11-17,8514.94,303.47,8211.47,93,122,4329.16,62,8586.58,0.0180,none,2026-08-20T09:00:00Z
2024-11-18,7877.03,337.65,7539.38,88,116,11135.23,163,4990.73,0.0180,none,2026-08-20T09:00:00Z
2024-11-19,8466.37,382.29,8084.08,93,121,11138.34,160,1936.46,0.0180,none,2026-08-20T09:00:00Z
2024-11-20,11716.84,514.33,11202.51,132,171,9841.62,145,3297.36,0.0730,holiday_peak,2026-08-20T09:00:00Z
2024-11-21,12249.81,484.79,11765.02,139,185,9658.62,143,5403.76,0.0730,holiday_peak,2026-08-20T09:00:00Z
2024-11-22,12972.55,402.07,12570.48,146,193,9103.93,134,8870.31,0.0730,holiday_peak,2026-08-20T09:00:00Z
2024-11-23,13070.12,379.95,12690.17,146,189,5110.78,75,16449.71,0.0730,holiday_peak,2026-08-20T09:00:00Z
2024-11-24,12082.52,398.08,11684.43,133,177,3903.86,56,24230.28,0.0730,holiday_peak,2026-08-20T09:00:00Z
2024-11-25,10976.79,569.84,10406.95,119,159,10041.30,143,24595.92,0.0730,holiday_peak,2026-08-20T09:00:00Z
2024-11-26,11613.26,598.42,11014.84,132,175,10044.10,149,25566.65,0.0730,holiday_peak,2026-08-20T09:00:00Z
2024-11-27,11859.37,594.77,11264.60,127,166,9860.85,138,26970.40,0.0730,holiday_peak,2026-08-20T09:00:00Z
2024-11-28,12558.99,634.45,11924.55,137,179,9677.49,139,29217.46,0.0730,holiday_peak,2026-08-20T09:00:00Z
2024-11-29,12781.52,551.14,12230.37,138,179,9121.71,129,32326.11,0.0730,holiday_peak,2026-08-20T09:00:00Z
2024-11-30,13295.73,521.57,12774.16,147,193,5120.76,74,39979.52,0.0730,holiday_peak,2026-08-20T09:00:00Z
2024-12-01,11573.83,575.63,10998.20,126,163,3911.48,56,47066.24,0.0730,holiday_peak,2026-08-20T09:00:00Z
2024-12-02,10173.25,534.53,9638.72,111,144,10060.90,144,46644.06,0.0730,holiday_peak,2026-08-20T09:00:00Z
2024-12-03,11014.21,534.36,10479.86,120,158,10063.70,144,47060.21,0.0730,holiday_peak,2026-08-20T09:00:00Z
2024-12-04,11553.03,577.73,10975.31,131,168,9880.08,146,48155.44,0.0730,holiday_peak,2026-08-20T09:00:00Z
2024-12-05,11715.07,593.62,11121.45,125,165,9696.36,135,49580.53,0.0730,holiday_peak,2026-08-20T09:00:00Z
2024-12-06,12006.50,553.47,11453.03,130,166,9139.50,129,51894.06,0.0730,holiday_peak,2026-08-20T09:00:00Z
2024-12-07,12822.04,497.29,12324.75,141,184,5130.73,74,59088.08,0.0730,holiday_peak,2026-08-20T09:00:00Z
2024-12-08,11269.64,539.60,10730.04,123,162,3919.10,56,65899.01,0.0730,holiday_peak,2026-08-20T09:00:00Z
2024-12-09,10274.24,536.60,9737.64,114,150,10080.50,146,65556.15,0.0730,holiday_peak,2026-08-20T09:00:00Z
2024-12-10,10837.83,501.70,10336.13,121,161,10083.29,147,65808.99,0.0730,holiday_peak,2026-08-20T09:00:00Z
2024-12-11,11639.43,539.26,11100.17,131,170,9899.31,146,67009.84,0.0730,holiday_peak,2026-08-20T09:00:00Z
2024-12-12,11758.96,578.33,11180.63,133,175,9715.23,144,68475.24,0.0730,holiday_peak,2026-08-20T09:00:00Z
2024-12-13,12096.08,517.64,11578.43,133,175,9157.28,131,70896.40,0.0730,holiday_peak,2026-08-20T09:00:00Z
2024-12-14,12580.64,450.35,12130.29,142,188,5140.71,76,77885.97,0.0730,holiday_peak,2026-08-20T09:00:00Z
2024-12-15,11247.45,509.42,10738.02,126,165,3926.72,57,84697.27,0.0730,holiday_peak,2026-08-20T09:00:00Z
2024-12-16,10456.72,532.93,9923.79,116,150,10100.09,146,84520.97,0.0730,holiday_peak,2026-08-20T09:00:00Z
2024-12-17,10758.07,528.38,10229.69,116,151,10102.89,143,84647.76,0.0730,holiday_peak,2026-08-20T09:00:00Z
2024-12-18,11102.84,525.91,10576.93,120,159,9918.55,141,85306.15,0.0730,holiday_peak,2026-08-20T09:00:00Z
2024-12-19,9068.56,466.98,8601.58,101,134,10815.67,157,83092.07,0.0180,none,2026-08-20T09:00:00Z
2024-12-20,9308.03,411.74,8896.29,100,132,10194.51,144,81793.85,0.0180,none,2026-08-20T09:00:00Z
2024-12-21,10013.25,387.29,9625.96,112,145,5722.99,84,85696.82,0.0180,none,2026-08-20T09:00:00Z
2024-12-22,8653.10,407.42,8245.68,97,126,4371.49,64,89571.00,0.0180,none,2026-08-20T09:00:00Z
2024-12-23,7917.29,417.45,7499.84,88,117,11244.10,164,85826.75,0.0180,none,2026-08-20T09:00:00Z
2024-12-24,8425.31,362.64,8062.66,93,120,11247.21,163,82642.21,0.0180,none,2026-08-20T09:00:00Z
2024-12-25,8543.01,359.18,8183.83,93,124,11041.98,158,79784.06,0.0180,none,2026-08-20T09:00:00Z
2024-12-26,8947.09,394.83,8552.26,96,128,10836.63,152,77499.68,0.0180,none,2026-08-20T09:00:00Z
2024-12-27,9160.49,312.00,8848.50,103,138,10214.27,151,76133.92,0.0180,none,2026-08-20T09:00:00Z
2024-12-28,9925.76,324.46,9601.30,112,143,5734.08,85,80001.14,0.0180,none,2026-08-20T09:00:00Z
2024-12-29,8781.52,312.63,8468.89,100,132,4379.96,65,84090.07,0.0180,none,2026-08-20T09:00:00Z
2024-12-30,7863.93,311.55,7552.38,87,116,11265.87,163,80376.58,0.0180,none,2026-08-20T09:00:00Z
2024-12-31,8596.30,322.14,8274.16,92,122,11268.98,158,77381.77,0.0180,none,2026-08-20T09:00:00Z
2025-01-01,8513.62,374.85,8138.77,92,123,11063.35,156,74457.19,0.0180,none,2026-08-20T09:00:00Z
2025-01-02,8684.00,386.90,8297.10,93,122,10857.60,153,71896.69,0.0180,none,2026-08-20T09:00:00Z
2025-01-03,9362.06,337.47,9024.59,106,142,10234.02,151,70687.26,0.0180,none,2026-08-20T09:00:00Z
2025-01-04,9811.21,312.04,9499.17,111,148,5745.17,85,74441.26,0.0180,none,2026-08-20T09:00:00Z
2025-01-05,8316.56,348.22,7968.34,89,117,4388.43,62,78021.17,0.0180,none,2026-08-20T09:00:00Z
2025-01-06,7896.20,336.18,7560.02,85,111,11287.64,159,74293.54,0.0180,none,2026-08-20T09:00:00Z
2025-01-07,8312.15,307.19,8004.96,89,114,11290.75,159,71007.75,0.0180,none,2026-08-20T09:00:00Z
2025-01-08,8723.85,336.93,8386.92,96,128,11084.72,160,68309.96,0.0180,none,2026-08-20T09:00:00Z
2025-01-09,8861.88,388.78,8473.09,96,128,10878.57,155,65904.48,0.0180,none,2026-08-20T09:00:00Z
2025-01-10,9446.62,334.85,9111.77,101,131,10253.78,143,64762.47,0.0180,none,2026-08-20T09:00:00Z
2025-01-11,9308.60,288.09,9020.50,101,131,5756.26,82,68026.72,0.0180,none,2026-08-20T09:00:00Z
2025-01-12,8519.53,295.77,8223.76,91,117,4396.90,61,71853.59,0.0180,none,2026-08-20T09:00:00Z
2025-01-13,7887.65,347.55,7540.10,86,114,11309.41,162,68084.27,0.0180,none,2026-08-20T09:00:00Z
2025-01-14,8991.58,348.81,8642.77,99,131,11312.52,163,65414.51,0.0360,monthly_promotion,2026-08-20T09:00:00Z
2025-01-15,9434.68,359.13,9075.55,105,141,11106.09,161,63383.97,0.0360,monthly_promotion,2026-08-20T09:00:00Z
2025-01-16,9273.82,362.68,8911.15,99,128,10899.53,153,61395.59,0.0360,monthly_promotion,2026-08-20T09:00:00Z
2025-01-17,9005.94,309.13,8696.82,102,131,10273.54,153,59818.87,0.0180,none,2026-08-20T09:00:00Z
2025-01-18,9792.34,286.04,9506.29,111,145,5767.34,85,63557.82,0.0180,none,2026-08-20T09:00:00Z
2025-01-19,8247.48,318.45,7929.03,92,121,4405.36,65,67081.49,0.0180,none,2026-08-20T09:00:00Z
2025-01-20,7661.75,361.42,7300.33,85,112,11331.19,165,63050.63,0.0180,none,2026-08-20T09:00:00Z
2025-01-21,8165.14,364.26,7800.89,91,121,11334.30,165,59517.22,0.0180,none,2026-08-20T09:00:00Z
2025-01-22,8406.91,345.46,8061.45,94,121,11127.46,163,56451.22,0.0180,none,2026-08-20T09:00:00Z
2025-01-23,8612.24,388.63,8223.61,97,126,10920.50,161,53754.33,0.0180,none,2026-08-20T09:00:00Z
2025-01-24,9070.58,326.77,8743.81,102,131,10293.29,152,52204.84,0.0180,none,2026-08-20T09:00:00Z
2025-01-25,9044.95,308.31,8736.63,103,135,5778.43,86,55163.05,0.0180,none,2026-08-20T09:00:00Z
2025-01-26,8052.27,295.38,7756.89,87,112,4413.83,62,58506.10,0.0180,none,2026-08-20T09:00:00Z
2025-01-27,7378.57,327.73,7050.83,81,108,11352.96,164,54203.98,0.0180,none,2026-08-20T09:00:00Z
2025-01-28,7984.19,345.03,7639.16,87,111,11356.07,163,50487.07,0.0180,none,2026-08-20T09:00:00Z
2025-01-29,8400.49,351.27,8049.22,90,117,11148.83,156,47387.47,0.0180,none,2026-08-20T09:00:00Z
2025-01-30,8180.83,355.98,7824.85,89,115,10941.47,156,44270.85,0.0180,none,2026-08-20T09:00:00Z
2025-01-31,8962.38,302.18,8660.20,98,128,10313.05,148,42618.00,0.0180,none,2026-08-20T09:00:00Z
2025-02-01,9185.49,293.31,8892.18,99,131,5789.52,82,45720.66,0.0180,none,2026-08-20T09:00:00Z
2025-02-02,7976.43,290.26,7686.17,90,119,4422.30,65,48984.54,0.0180,none,2026-08-20T09:00:00Z
2025-02-03,7451.13,310.48,7140.64,82,108,11374.73,165,44750.45,0.0180,none,2026-08-20T09:00:00Z
2025-02-04,7781.49,304.75,7476.74,84,112,11377.84,162,40849.34,0.0180,none,2026-08-20T09:00:00Z
2025-02-05,7929.62,314.34,7615.28,89,118,11170.20,164,37294.42,0.0180,none,2026-08-20T09:00:00Z
2025-02-06,8239.06,336.68,7902.37,89,114,10962.43,155,34234.37,0.0180,none,2026-08-20T09:00:00Z
2025-02-07,8616.05,285.99,8330.06,92,122,10332.81,145,32231.62,0.0180,none,2026-08-20T09:00:00Z
2025-02-08,8971.95,280.66,8691.28,100,134,5800.61,85,35122.29,0.0180,none,2026-08-20T09:00:00Z
2025-02-09,8044.74,285.56,7759.17,87,115,4430.76,63,38450.70,0.0180,none,2026-08-20T09:00:00Z
2025-02-10,7333.69,299.96,7033.74,82,107,11396.51,167,34087.93,0.0180,none,2026-08-20T09:00:00Z
2025-02-11,7677.68,319.62,7358.06,83,109,11399.62,162,30046.38,0.0180,none,2026-08-20T09:00:00Z
2025-02-12,7924.42,326.02,7598.40,89,116,11191.56,164,26453.21,0.0180,none,2026-08-20T09:00:00Z
2025-02-13,8324.81,340.67,7984.14,89,117,10983.40,154,23453.95,0.0180,none,2026-08-20T09:00:00Z
2025-02-14,9590.80,325.44,9265.36,103,138,10352.56,146,22366.75,0.0360,monthly_promotion,2026-08-20T09:00:00Z
2025-02-15,9595.22,259.27,9335.95,104,136,5811.70,83,25891.00,0.0360,monthly_promotion,2026-08-20T09:00:00Z
2025-02-16,8810.74,270.70,8540.04,95,126,4439.23,62,29991.81,0.0360,monthly_promotion,2026-08-20T09:00:00Z
2025-02-17,7434.34,286.63,7147.71,81,104,11418.28,163,25721.24,0.0180,none,2026-08-20T09:00:00Z
2025-02-18,7398.64,295.55,7103.10,83,110,11421.39,169,21402.95,0.0180,none,2026-08-20T09:00:00Z
2025-02-19,7807.90,374.93,7432.97,87,113,11212.93,163,17622.99,0.0180,none,2026-08-20T09:00:00Z
2025-02-20,7886.18,364.97,7521.21,87,115,11004.36,159,14139.83,0.0180,none,2026-08-20T09:00:00Z
2025-02-21,8304.36,333.20,7971.16,91,121,10372.32,148,11738.67,0.0180,none,2026-08-20T09:00:00Z
2025-02-22,8712.57,285.27,8427.30,99,128,5822.78,87,14343.19,0.0180,none,2026-08-20T09:00:00Z
2025-02-23,7364.98,280.44,7084.54,82,109,4447.70,65,16980.03,0.0180,none,2026-08-20T09:00:00Z
2025-02-24,7093.58,302.21,6791.37,80,107,11440.05,169,12331.35,0.0180,none,2026-08-20T09:00:00Z
2025-02-25,7225.88,290.24,6935.64,77,99,11443.16,160,7823.83,0.0180,none,2026-08-20T09:00:00Z
2025-02-26,7695.37,292.20,7403.16,85,112,11234.30,163,3992.69,0.0180,none,2026-08-20T09:00:00Z
2025-02-27,7704.92,351.22,7353.70,86,112,11025.33,161,321.05,0.0180,none,2026-08-20T09:00:00Z
2025-02-28,8189.94,266.89,7923.06,90,119,8244.11,118,0.00,0.0180,none,2026-08-20T09:00:00Z
2025-03-01,8356.08,265.09,8091.00,92,119,5833.87,84,2257.13,0.0180,none,2026-08-20T09:00:00Z
2025-03-02,7536.40,254.47,7281.93,85,110,4456.17,66,5082.89,0.0180,none,2026-08-20T09:00:00Z
2025-03-03,7075.40,310.59,6764.81,80,107,11461.82,170,385.88,0.0180,none,2026-08-20T09:00:00Z
2025-03-04,7136.77,275.76,6861.01,79,102,7246.88,105,0.00,0.0180,none,2026-08-20T09:00:00Z
2025-03-05,7245.04,302.48,6942.55,80,106,6942.55,100,0.00,0.0180,none,2026-08-20T09:00:00Z
2025-03-06,7720.02,327.30,7392.72,82,105,7392.72,103,0.00,0.0180,none,2026-08-20T09:00:00Z
2025-03-07,7875.05,301.61,7573.45,84,110,7573.45,106,0.00,0.0180,none,2026-08-20T09:00:00Z
2025-03-08,8298.75,279.12,8019.63,91,120,5844.96,84,2174.67,0.0180,none,2026-08-20T09:00:00Z
2025-03-09,7237.84,275.19,6962.65,79,103,4464.63,64,4672.69,0.0180,none,2026-08-20T09:00:00Z
2025-03-10,6693.95,293.16,6400.78,73,98,11073.47,158,0.00,0.0180,none,2026-08-20T09:00:00Z
2025-03-11,7075.75,279.15,6796.60,78,102,6796.60,98,0.00,0.0180,none,2026-08-20T09:00:00Z
2025-03-12,7304.73,300.84,7003.89,79,105,7003.89,99,0.00,0.0180,none,2026-08-20T09:00:00Z
2025-03-13,7319.86,326.15,6993.71,79,101,6993.71,99,0.00,0.0180,none,2026-08-20T09:00:00Z
2025-03-14,8897.57,279.09,8618.48,101,130,8618.48,128,0.00,0.0360,monthly_promotion,2026-08-20T09:00:00Z
2025-03-15,9220.45,273.34,8947.10,100,132,5856.05,83,3091.06,0.0360,monthly_promotion,2026-08-20T09:00:00Z
2025-03-16,8141.55,252.14,7889.41,90,119,4473.10,65,6507.37,0.0360,monthly_promotion,2026-08-20T09:00:00Z
2025-03-17,6517.70,294.57,6223.13,69,92,11505.37,160,1225.13,0.0180,none,2026-08-20T09:00:00Z
2025-03-18,7070.97,295.68,6775.29,80,106,8000.42,118,0.00,0.0180,none,2026-08-20T09:00:00Z
2025-03-19,7232.99,333.60,6899.39,79,105,6899.39,99,0.00,0.0180,none,2026-08-20T09:00:00Z
2025-03-20,7327.08,367.27,6959.82,82,108,6959.82,102,0.00,0.0180,none,2026-08-20T09:00:00Z
2025-03-21,7707.59,290.91,7416.68,86,114,7416.68,108,0.00,0.0180,none,2026-08-20T09:00:00Z
2025-03-22,7708.94,247.33,7461.61,86,114,5867.14,86,1594.48,0.0180,none,2026-08-20T09:00:00Z
2025-03-23,6983.94,270.57,6713.37,75,99,4481.57,63,3826.28,0.0180,none,2026-08-20T09:00:00Z
2025-03-24,6559.39,293.87,6265.52,70,93,10091.80,141,0.00,0.0180,none,2026-08-20T09:00:00Z
2025-03-25,6909.71,274.87,6634.84,74,98,6634.84,93,0.00,0.0180,none,2026-08-20T09:00:00Z
2025-03-26,7065.66,274.93,6790.73,78,104,6790.73,98,0.00,0.0180,none,2026-08-20T09:00:00Z
2025-03-27,7147.12,283.36,6863.76,79,102,6863.76,99,0.00,0.0180,none,2026-08-20T09:00:00Z
2025-03-28,7609.42,273.10,7336.32,86,115,7336.32,109,0.00,0.0180,none,2026-08-20T09:00:00Z
2025-03-29,7654.70,250.29,7404.42,84,112,5878.22,85,1526.19,0.0180,none,2026-08-20T09:00:00Z
2025-03-30,6856.07,276.83,6579.24,75,97,4490.04,64,3615.39,0.0180,none,2026-08-20T09:00:00Z
2025-03-31,6344.05,266.62,6077.44,71,94,9692.83,142,0.00,0.0180,none,2026-08-20T09:00:00Z
2025-04-01,6885.48,290.09,6595.39,74,98,6595.39,93,0.00,0.0180,none,2026-08-20T09:00:00Z
2025-04-02,6784.24,283.74,6500.51,74,98,6500.51,93,0.00,0.0180,none,2026-08-20T09:00:00Z
2025-04-03,7205.13,303.47,6901.66,80,104,6901.66,100,0.00,0.0180,none,2026-08-20T09:00:00Z
2025-04-04,7274.93,280.26,6994.68,82,109,6994.68,103,0.00,0.0180,none,2026-08-20T09:00:00Z
2025-04-05,7870.20,260.13,7610.08,89,116,5889.31,87,1720.76,0.0180,none,2026-08-20T09:00:00Z
2025-04-06,6758.60,260.99,6497.61,74,96,4498.50,65,3719.87,0.0180,none,2026-08-20T09:00:00Z
2025-04-07,6410.73,245.90,6164.83,73,95,9884.70,146,0.00,0.0180,none,2026-08-20T09:00:00Z
2025-04-08,6376.56,294.35,6082.21,68,90,6082.21,85,0.00,0.0180,none,2026-08-20T09:00:00Z
2025-04-09,6776.34,263.89,6512.45,73,95,6512.45,92,0.00,0.0180,none,2026-08-20T09:00:00Z
2025-04-10,6907.43,299.88,6607.55,74,99,6607.55,92,0.00,0.0180,none,2026-08-20T09:00:00Z
2025-04-11,7115.06,261.01,6854.05,76,100,6854.05,95,0.00,0.0180,none,2026-08-20T09:00:00Z
2025-04-12,7195.24,256.27,6938.97,81,107,5900.40,87,1038.57,0.0180,none,2026-08-20T09:00:00Z
2025-04-13,6822.67,233.93,6588.74,74,95,4506.97,64,3120.34,0.0180,none,2026-08-20T09:00:00Z
2025-04-14,6836.62,269.94,6566.68,77,102,9687.02,143,0.00,0.0360,monthly_promotion,2026-08-20T09:00:00Z
2025-04-15,7222.96,283.39,6939.57,78,100,6939.57,99,0.00,0.0360,monthly_promotion,2026-08-20T09:00:00Z
2025-04-16,7405.54,268.26,7137.28,82,106,7137.28,103,0.00,0.0360,monthly_promotion,2026-08-20T09:00:00Z
2025-04-17,6916.48,284.73,6631.75,79,102,6631.75,99,0.00,0.0180,none,2026-08-20T09:00:00Z
2025-04-18,7413.08,271.84,7141.24,83,107,7141.24,105,0.00,0.0180,none,2026-08-20T09:00:00Z
2025-04-19,7347.81,247.63,7100.18,80,103,5911.49,84,1188.70,0.0180,none,2026-08-20T09:00:00Z
2025-04-20,6330.43,290.41,6040.03,69,90,4515.44,65,2713.29,0.0180,none,2026-08-20T09:00:00Z
2025-04-21,6216.93,259.27,5957.66,71,95,8670.95,129,0.00,0.0180,none,2026-08-20T09:00:00Z
2025-04-22,6501.00,257.12,6243.88,71,92,6243.88,89,0.00,0.0180,none,2026-08-20T09:00:00Z
2025-04-23,6454.16,294.10,6160.06,72,94,6160.06,90,0.00,0.0180,none,2026-08-20T09:00:00Z
2025-04-24,6710.93,299.05,6411.88,72,93,6411.88,90,0.00,0.0180,none,2026-08-20T09:00:00Z
2025-04-25,6955.04,256.47,6698.58,77,101,6698.58,97,0.00,0.0180,none,2026-08-20T09:00:00Z
2025-04-26,7371.35,247.16,7124.19,79,102,5922.58,83,1201.62,0.0180,none,2026-08-20T09:00:00Z
2025-04-27,6499.48,229.21,6270.26,74,95,4523.90,67,2947.97,0.0180,none,2026-08-20T09:00:00Z
2025-04-28,5930.25,254.38,5675.87,65,84,8623.84,124,0.00,0.0180,none,2026-08-20T09:00:00Z
2025-04-29,6316.76,239.87,6076.89,70,92,6076.89,88,0.00,0.0180,none,2026-08-20T09:00:00Z
2025-04-30,6718.16,268.95,6449.21,74,97,6449.21,93,0.00,0.0180,none,2026-08-20T09:00:00Z
2025-05-01,6576.04,296.45,6279.59,71,95,6279.59,89,0.00,0.0180,none,2026-08-20T09:00:00Z
2025-05-02,7067.07,252.22,6814.86,76,97,6814.86,96,0.00,0.0180,none,2026-08-20T09:00:00Z
2025-05-03,7474.78,218.61,7256.17,83,111,5933.66,86,1322.51,0.0180,none,2026-08-20T09:00:00Z
2025-05-04,6366.60,230.12,6136.48,71,92,4532.37,66,2926.62,0.0180,none,2026-08-20T09:00:00Z
2025-05-05,5868.65,273.44,5595.21,63,84,8521.83,120,0.00,0.0180,none,2026-08-20T09:00:00Z
2025-05-06,6311.71,256.57,6055.14,67,89,6055.14,84,0.00,0.0180,none,2026-08-20T09:00:00Z
2025-05-07,6583.03,265.51,6317.52,71,93,6317.52,89,0.00,0.0180,none,2026-08-20T09:00:00Z
2025-05-08,6631.30,270.16,6361.14,71,91,6361.14,90,0.00,0.0180,none,2026-08-20T09:00:00Z
2025-05-09,7222.43,248.73,6973.70,79,103,6973.70,99,0.00,0.0180,none,2026-08-20T09:00:00Z
2025-05-10,7116.59,224.95,6891.63,77,100,5944.75,84,946.88,0.0180,none,2026-08-20T09:00:00Z
2025-05-11,6339.35,246.20,6093.15,70,91,4540.84,65,2499.19,0.0180,none,2026-08-20T09:00:00Z
2025-05-12,5624.89,241.72,5383.17,60,78,7882.36,111,0.00,0.0180,none,2026-08-20T09:00:00Z
2025-05-13,6231.30,257.05,5974.25,71,94,5974.25,89,0.00,0.0180,none,2026-08-20T09:00:00Z
2025-05-14,7211.53,255.89,6955.63,78,100,6955.63,98,0.00,0.0360,monthly_promotion,2026-08-20T09:00:00Z
2025-05-15,7358.21,280.53,7077.68,79,105,7077.68,100,0.00,0.0360,monthly_promotion,2026-08-20T09:00:00Z
2025-05-16,7808.93,245.13,7563.80,88,113,7563.80,111,0.00,0.0360,monthly_promotion,2026-08-20T09:00:00Z
2025-05-17,6957.64,222.22,6735.42,76,98,5955.84,85,779.58,0.0180,none,2026-08-20T09:00:00Z
2025-05-18,6295.46,236.06,6059.40,70,90,4549.31,66,2289.67,0.0180,none,2026-08-20T09:00:00Z
2025-05-19,6035.03,274.44,5760.58,68,87,8050.25,120,0.00,0.0180,none,2026-08-20T09:00:00Z
2025-05-20,6104.95,294.30,5810.66,65,87,5810.66,81,0.00,0.0180,none,2026-08-20T09:00:00Z
2025-05-21,6330.55,295.27,6035.28,68,91,6035.28,85,0.00,0.0180,none,2026-08-20T09:00:00Z
2025-05-22,6484.58,266.67,6217.91,71,95,6217.91,89,0.00,0.0180,none,2026-08-20T09:00:00Z
2025-05-23,6872.98,237.34,6635.64,73,98,6635.64,93,0.00,0.0180,none,2026-08-20T09:00:00Z
2025-05-24,7095.79,219.27,6876.52,78,104,5966.93,86,909.59,0.0180,none,2026-08-20T09:00:00Z
2025-05-25,6321.61,246.59,6075.02,71,95,4557.77,67,2426.83,0.0180,none,2026-08-20T09:00:00Z
2025-05-26,5976.92,249.11,5727.81,64,84,8154.64,114,0.00,0.0180,none,2026-08-20T09:00:00Z
2025-05-27,6005.74,249.43,5756.31,68,88,5756.31,85,0.00,0.0180,none,2026-08-20T09:00:00Z
2025-05-28,6384.04,274.11,6109.94,71,95,6109.94,88,0.00,0.0180,none,2026-08-20T09:00:00Z
2025-05-29,6722.25,267.99,6454.26,76,101,6454.26,95,0.00,0.0180,none,2026-08-20T09:00:00Z
2025-05-30,6920.83,221.94,6698.89,77,100,6698.89,97,0.00,0.0180,none,2026-08-20T09:00:00Z
2025-05-31,7195.98,237.03,6958.96,79,102,5978.02,86,980.94,0.0180,none,2026-08-20T09:00:00Z
2025-06-01,6385.80,241.43,6144.36,71,94,4566.24,67,2559.06,0.0180,none,2026-08-20T09:00:00Z
2025-06-02,5819.43,250.11,5569.32,65,86,8128.39,120,0.00,0.0180,none,2026-08-20T09:00:00Z
2025-06-03,6142.93,255.12,5887.81,69,92,5887.81,86,0.00,0.0180,none,2026-08-20T09:00:00Z
2025-06-04,6418.81,276.62,6142.19,73,98,6142.19,91,0.00,0.0180,none,2026-08-20T09:00:00Z
2025-06-05,6654.75,284.67,6370.08,73,94,6370.08,91,0.00,0.0180,none,2026-08-20T09:00:00Z
2025-06-06,6793.04,259.92,6533.12,73,96,6533.12,92,0.00,0.0180,none,2026-08-20T09:00:00Z
2025-06-07,7037.21,238.46,6798.75,80,106,5989.10,89,809.64,0.0180,none,2026-08-20T09:00:00Z
2025-06-08,6593.48,236.00,6357.48,73,97,4574.71,66,2592.41,0.0180,none,2026-08-20T09:00:00Z
2025-06-09,6084.73,251.25,5833.48,66,84,8425.90,119,0.00,0.0180,none,2026-08-20T09:00:00Z
2025-06-10,6169.01,263.77,5905.24,66,88,5905.24,82,0.00,0.0180,none,2026-08-20T09:00:00Z
2025-06-11,6577.61,255.78,6321.83,74,96,6321.83,93,0.00,0.0180,none,2026-08-20T09:00:00Z
2025-06-12,6618.24,247.76,6370.48,72,93,6370.48,91,0.00,0.0180,none,2026-08-20T09:00:00Z
2025-06-13,6903.28,251.22,6652.06,74,99,6652.06,93,0.00,0.0180,none,2026-08-20T09:00:00Z
2025-06-14,8155.15,235.10,7920.05,87,112,6000.19,84,1919.86,0.0360,monthly_promotion,2026-08-20T09:00:00Z
2025-06-15,7424.32,243.23,7181.09,84,112,4583.17,68,4517.78,0.0360,monthly_promotion,2026-08-20T09:00:00Z
2025-06-16,6559.54,230.47,6329.08,71,93,10846.85,154,0.00,0.0360,monthly_promotion,2026-08-20T09:00:00Z
2025-06-17,6101.65,254.44,5847.21,68,87,5847.21,86,0.00,0.0180,none,2026-08-20T09:00:00Z
2025-06-18,6662.27,283.06,6379.22,71,94,6379.22,90,0.00,0.0180,none,2026-08-20T09:00:00Z
2025-06-19,6567.15,285.27,6281.88,74,95,6281.88,93,0.00,0.0180,none,2026-08-20T09:00:00Z
2025-06-20,7221.57,299.21,6922.35,78,101,6922.35,98,0.00,0.0180,none,2026-08-20T09:00:00Z
2025-06-21,7541.43,268.50,7272.93,81,107,6011.28,84,1261.65,0.0180,none,2026-08-20T09:00:00Z
2025-06-22,6413.80,228.07,6185.73,68,90,4591.64,64,2855.73,0.0180,none,2026-08-20T09:00:00Z
2025-06-23,5988.26,245.33,5742.93,65,83,8598.66,122,0.00,0.0180,none,2026-08-20T09:00:00Z
2025-06-24,6177.21,233.85,5943.36,66,86,5943.36,84,0.00,0.0180,none,2026-08-20T09:00:00Z
2025-06-25,6447.23,291.62,6155.61,71,95,6155.61,88,0.00,0.0180,none,2026-08-20T09:00:00Z
2025-06-26,6603.75,285.39,6318.36,73,97,6318.36,91,0.00,0.0180,none,2026-08-20T09:00:00Z
2025-06-27,7250.23,233.27,7016.96,77,101,7016.96,98,0.00,0.0180,none,2026-08-20T09:00:00Z
2025-06-28,7335.09,217.43,7117.67,80,107,6022.37,86,1095.30,0.0180,none,2026-08-20T09:00:00Z
2025-06-29,6812.07,245.60,6566.47,76,99,4600.11,67,3061.65,0.0180,none,2026-08-20T09:00:00Z
2025-06-30,6007.84,241.14,5766.70,68,90,8828.36,132,0.00,0.0180,none,2026-08-20T09:00:00Z
2025-07-01,7800.20,238.40,7561.80,88,117,7561.80,112,0.00,0.0180,summer_event,2026-08-20T09:00:00Z
2025-07-02,8191.20,258.03,7933.17,92,121,7933.17,116,0.00,0.0180,summer_event,2026-08-20T09:00:00Z
2025-07-03,8204.73,266.69,7938.05,88,117,7938.05,112,0.00,0.0180,summer_event,2026-08-20T09:00:00Z
2025-07-04,8510.78,256.96,8253.82,94,121,8253.82,119,0.00,0.0180,summer_event,2026-08-20T09:00:00Z
2025-07-05,8931.72,236.84,8694.88,99,131,6033.46,88,2661.42,0.0180,summer_event,2026-08-20T09:00:00Z
2025-07-06,6891.59,296.93,6594.66,75,97,4608.58,66,4647.50,0.0180,none,2026-08-20T09:00:00Z
2025-07-07,6300.72,334.44,5966.28,69,92,10613.79,153,0.00,0.0180,none,2026-08-20T09:00:00Z
2025-07-08,6401.03,320.02,6081.01,69,90,6081.01,85,0.00,0.0180,none,2026-08-20T09:00:00Z
2025-07-09,6767.53,339.47,6428.06,76,100,6428.06,95,0.00,0.0180,none,2026-08-20T09:00:00Z
2025-07-10,7013.19,333.71,6679.47,76,100,6679.47,95,0.00,0.0180,none,2026-08-20T09:00:00Z
2025-07-11,7628.61,241.66,7386.95,83,107,7386.95,106,0.00,0.0180,none,2026-08-20T09:00:00Z
2025-07-12,7911.74,237.30,7674.44,88,116,6044.54,88,1629.89,0.0180,none,2026-08-20T09:00:00Z
2025-07-13,6960.44,229.29,6731.15,76,99,4617.04,66,3744.00,0.0180,none,2026-08-20T09:00:00Z
2025-07-14,7170.84,260.43,6910.41,78,101,10654.41,151,0.00,0.0360,monthly_promotion,2026-08-20T09:00:00Z
2025-07-15,7606.19,254.74,7351.45,85,113,7351.45,108,0.00,0.0360,monthly_promotion,2026-08-20T09:00:00Z
2025-07-16,7800.73,267.54,7533.20,88,114,7533.20,111,0.00,0.0360,monthly_promotion,2026-08-20T09:00:00Z
2025-07-17,7297.11,313.77,6983.34,83,108,6983.34,104,0.00,0.0180,none,2026-08-20T09:00:00Z
2025-07-18,7955.25,255.80,7699.45,90,118,7699.45,115,0.00,0.0180,none,2026-08-20T09:00:00Z
2025-07-19,7805.48,282.53,7522.95,84,111,6055.63,85,1467.32,0.0180,none,2026-08-20T09:00:00Z
2025-07-20,6906.40,302.00,6604.41,78,100,4625.51,69,3446.21,0.0180,none,2026-08-20T09:00:00Z
2025-07-21,6420.83,300.00,6120.83,68,88,9567.04,133,0.00,0.0180,none,2026-08-20T09:00:00Z
2025-07-22,6998.87,279.94,6718.93,77,103,6718.93,97,0.00,0.0180,none,2026-08-20T09:00:00Z
2025-07-23,7253.08,304.80,6948.28,81,107,6948.28,102,0.00,0.0180,none,2026-08-20T09:00:00Z
2025-07-24,7325.85,286.55,7039.29,78,104,7039.29,98,0.00,0.0180,none,2026-08-20T09:00:00Z
2025-07-25,7803.01,250.87,7552.14,86,111,7552.14,109,0.00,0.0180,none,2026-08-20T09:00:00Z
2025-07-26,7912.40,245.54,7666.86,88,116,6066.72,89,1600.14,0.0180,none,2026-08-20T09:00:00Z
2025-07-27,7378.57,285.81,7092.76,83,106,4633.98,68,4058.92,0.0180,none,2026-08-20T09:00:00Z
2025-07-28,6735.02,256.71,6478.31,76,102,10537.24,157,0.00,0.0180,none,2026-08-20T09:00:00Z
2025-07-29,7098.14,289.48,6808.66,79,101,6808.66,99,0.00,0.0180,none,2026-08-20T09:00:00Z
2025-07-30,7441.36,298.24,7143.12,83,110,7143.12,104,0.00,0.0180,none,2026-08-20T09:00:00Z
2025-07-31,7578.87,289.30,7289.57,84,111,7289.57,106,0.00,0.0180,none,2026-08-20T09:00:00Z
2025-08-01,8065.32,286.45,7778.86,87,113,7778.86,110,0.00,0.0180,none,2026-08-20T09:00:00Z
2025-08-02,8048.66,255.57,7793.09,91,119,6077.81,90,1715.28,0.0180,none,2026-08-20T09:00:00Z
2025-08-03,7380.08,290.88,7089.20,80,107,4642.44,66,4162.04,0.0180,none,2026-08-20T09:00:00Z
2025-08-04,6707.88,273.40,6434.48,73,95,10596.52,150,0.00,0.0180,none,2026-08-20T09:00:00Z
2025-08-05,7114.57,294.85,6819.71,80,107,6819.71,101,0.00,0.0180,none,2026-08-20T09:00:00Z
2025-08-06,7518.01,298.59,7219.43,83,107,7219.43,104,0.00,0.0180,none,2026-08-20T09:00:00Z
2025-08-07,7708.48,294.61,7413.86,83,110,7413.86,105,0.00,0.0180,none,2026-08-20T09:00:00Z
2025-08-08,8163.47,296.74,7866.74,92,119,7866.74,116,0.00,0.0180,none,2026-08-20T09:00:00Z
2025-08-09,8382.14,243.74,8138.40,92,119,6088.90,88,2049.50,0.0180,none,2026-08-20T09:00:00Z
2025-08-10,7408.13,256.08,7152.05,83,109,4650.91,69,4550.64,0.0180,none,2026-08-20T09:00:00Z
2025-08-11,6895.28,279.40,6615.89,77,100,11166.53,163,0.00,0.0180,none,2026-08-20T09:00:00Z
2025-08-12,7474.15,313.83,7160.33,82,105,7160.33,103,0.00,0.0180,none,2026-08-20T09:00:00Z
2025-08-13,7669.35,322.42,7346.94,84,112,7346.94,106,0.00,0.0180,none,2026-08-20T09:00:00Z
2025-08-14,8635.67,310.68,8324.99,95,126,8324.99,121,0.00,0.0360,monthly_promotion,2026-08-20T09:00:00Z
2025-08-15,9386.34,292.14,9094.20,105,135,9094.20,134,0.00,0.0360,monthly_promotion,2026-08-20T09:00:00Z
2025-08-16,9735.23,261.13,9474.10,109,146,6099.98,89,3374.11,0.0360,monthly_promotion,2026-08-20T09:00:00Z
2025-08-17,7846.84,285.94,7560.90,84,110,4659.38,65,6275.63,0.0180,none,2026-08-20T09:00:00Z
2025-08-18,7147.51,274.96,6872.55,80,105,11984.37,176,1163.81,0.0180,none,2026-08-20T09:00:00Z
2025-08-19,7461.25,327.92,7133.33,85,113,8297.14,124,0.00,0.0180,none,2026-08-20T09:00:00Z
2025-08-20,8077.19,347.09,7730.11,90,116,7730.11,113,0.00,0.0180,none,2026-08-20T09:00:00Z
2025-08-21,8177.35,368.01,7809.33,88,115,7809.33,110,0.00,0.0180,none,2026-08-20T09:00:00Z
2025-08-22,8736.58,318.88,8417.70,96,125,8417.70,122,0.00,0.0180,none,2026-08-20T09:00:00Z
2025-08-23,8481.66,287.86,8193.80,92,118,6111.07,87,2082.73,0.0180,none,2026-08-20T09:00:00Z
2025-08-24,7765.26,261.20,7504.06,83,110,4667.85,66,4918.95,0.0180,none,2026-08-20T09:00:00Z
2025-08-25,7263.93,285.63,6978.30,78,103,11897.25,166,0.00,0.0180,none,2026-08-20T09:00:00Z
2025-08-26,7709.19,290.09,7419.10,83,111,7419.10,105,0.00,0.0180,none,2026-08-20T09:00:00Z
2025-08-27,8006.56,344.96,7661.60,87,115,7661.60,109,0.00,0.0180,none,2026-08-20T09:00:00Z
2025-08-28,8303.77,331.03,7972.74,91,118,7972.74,115,0.00,0.0180,none,2026-08-20T09:00:00Z
2025-08-29,8655.19,308.18,8347.01,97,125,8347.01,122,0.00,0.0180,none,2026-08-20T09:00:00Z
2025-08-30,9113.43,284.72,8828.71,98,129,6122.16,86,2706.55,0.0180,none,2026-08-20T09:00:00Z
2025-08-31,7938.06,278.82,7659.25,85,110,4676.31,66,5689.48,0.0180,none,2026-08-20T09:00:00Z
2025-09-01,7620.00,326.40,7293.59,84,111,12027.92,174,955.16,0.0180,none,2026-08-20T09:00:00Z
2025-09-02,7943.28,298.72,7644.56,89,119,8599.72,126,0.00,0.0180,none,2026-08-20T09:00:00Z
2025-09-03,8129.91,350.77,7779.14,91,117,7779.14,114,0.00,0.0180,none,2026-08-20T09:00:00Z
2025-09-04,8324.79,355.52,7969.26,93,124,7969.26,116,0.00,0.0180,none,2026-08-20T09:00:00Z
2025-09-05,8765.43,291.11,8474.31,99,128,8474.31,126,0.00,0.0180,none,2026-08-20T09:00:00Z
2025-09-06,9275.39,289.64,8985.74,101,132,6133.25,88,2852.49,0.0180,none,2026-08-20T09:00:00Z
2025-09-07,8358.00,292.98,8065.02,90,118,4684.78,66,6232.73,0.0180,none,2026-08-20T09:00:00Z
2025-09-08,7467.23,287.53,7179.70,80,104,12049.69,170,1362.74,0.0180,none,2026-08-20T09:00:00Z
2025-09-09,8310.20,312.19,7998.01,92,120,9360.76,136,0.00,0.0180,none,2026-08-20T09:00:00Z
2025-09-10,8528.34,331.89,8196.44,93,121,8196.44,117,0.00,0.0180,none,2026-08-20T09:00:00Z
2025-09-11,8481.10,341.87,8139.23,95,122,8139.23,120,0.00,0.0180,none,2026-08-20T09:00:00Z
2025-09-12,9373.15,318.10,9055.06,100,128,9055.06,127,0.00,0.0180,none,2026-08-20T09:00:00Z
2025-09-13,9564.48,293.43,9271.06,107,142,6144.34,90,3126.72,0.0180,none,2026-08-20T09:00:00Z
2025-09-14,9550.77,335.57,9215.20,104,139,4693.25,67,7648.68,0.0360,monthly_promotion,2026-08-20T09:00:00Z
2025-09-15,8892.26,309.14,8583.12,95,125,12071.46,168,4160.33,0.0360,monthly_promotion,2026-08-20T09:00:00Z
2025-09-16,9018.20,315.51,8702.69,96,123,12074.57,169,788.45,0.0360,monthly_promotion,2026-08-20T09:00:00Z
2025-09-17,8716.16,352.70,8363.46,97,128,9151.91,134,0.00,0.0180,none,2026-08-20T09:00:00Z
2025-09-18,9087.08,369.26,8717.82,101,130,8717.82,126,0.00,0.0180,none,2026-08-20T09:00:00Z
2025-09-19,9357.95,377.76,8980.18,100,128,8980.18,126,0.00,0.0180,none,2026-08-20T09:00:00Z
2025-09-20,9500.18,313.02,9187.16,103,137,6155.42,87,3031.73,0.0180,none,2026-08-20T09:00:00Z
2025-09-21,8357.52,354.41,8003.11,91,117,4701.72,67,6333.13,0.0180,none,2026-08-20T09:00:00Z
2025-09-22,8007.73,352.21,7655.52,88,115,12093.24,174,1895.42,0.0180,none,2026-08-20T09:00:00Z
2025-09-23,8395.41,319.27,8076.14,94,124,9971.55,147,0.00,0.0180,none,2026-08-20T09:00:00Z
2025-09-24,8570.09,373.68,8196.41,95,122,8196.41,119,0.00,0.0180,none,2026-08-20T09:00:00Z
2025-09-25,9180.55,360.46,8820.09,105,139,8820.09,132,0.00,0.0180,none,2026-08-20T09:00:00Z
2025-09-26,9724.30,297.94,9426.36,107,137,9426.36,136,0.00,0.0180,none,2026-08-20T09:00:00Z
2025-09-27,10132.42,287.24,9845.18,108,144,6166.51,86,3678.67,0.0180,none,2026-08-20T09:00:00Z
2025-09-28,8615.68,331.64,8284.05,93,119,4710.18,67,7252.53,0.0180,none,2026-08-20T09:00:00Z
2025-09-29,7996.42,339.93,7656.49,87,113,12115.01,173,2794.01,0.0180,none,2026-08-20T09:00:00Z
2025-09-30,8867.56,351.89,8515.67,100,131,11309.68,167,0.00,0.0180,none,2026-08-20T09:00:00Z
2025-10-01,9029.65,394.02,8635.63,102,131,8635.63,128,0.00,0.0180,none,2026-08-20T09:00:00Z
2025-10-02,9105.77,411.22,8694.54,98,129,8694.54,123,0.00,0.0180,none,2026-08-20T09:00:00Z
2025-10-03,9747.85,337.27,9410.59,107,142,9410.59,136,0.00,0.0180,none,2026-08-20T09:00:00Z
2025-10-04,10054.44,297.55,9756.89,110,145,6177.60,88,3579.29,0.0180,none,2026-08-20T09:00:00Z
2025-10-05,8996.84,336.22,8660.62,97,124,4718.65,67,7521.26,0.0180,none,2026-08-20T09:00:00Z
2025-10-06,8586.33,351.26,8235.07,97,127,12136.78,180,3619.55,0.0180,none,2026-08-20T09:00:00Z
2025-10-07,8918.27,328.17,8590.11,99,131,12139.89,176,69.76,0.0180,none,2026-08-20T09:00:00Z
2025-10-08,9231.57,371.25,8860.32,100,133,8930.08,127,0.00,0.0180,none,2026-08-20T09:00:00Z
2025-10-09,9416.49,361.81,9054.68,102,132,9054.68,128,0.00,0.0180,none,2026-08-20T09:00:00Z
2025-10-10,10114.95,367.44,9747.50,114,149,9747.50,144,0.00,0.0180,none,2026-08-20T09:00:00Z
2025-10-11,9948.20,302.83,9645.36,110,144,6188.69,90,3456.67,0.0180,none,2026-08-20T09:00:00Z
2025-10-12,9162.68,357.80,8804.88,100,132,4727.12,68,7534.43,0.0180,none,2026-08-20T09:00:00Z
2025-10-13,8232.21,342.10,7890.11,93,121,12158.55,180,3265.99,0.0180,none,2026-08-20T09:00:00Z
2025-10-14,10086.80,382.45,9704.35,110,147,12161.66,173,808.68,0.0360,monthly_promotion,2026-08-20T09:00:00Z
2025-10-15,10529.91,373.19,10156.72,116,155,10965.40,158,0.00,0.0360,monthly_promotion,2026-08-20T09:00:00Z
2025-10-16,10719.42,401.58,10317.85,116,153,10317.85,146,0.00,0.0360,monthly_promotion,2026-08-20T09:00:00Z
2025-10-17,9770.93,372.21,9398.73,109,140,9398.73,137,0.00,0.0180,none,2026-08-20T09:00:00Z
2025-10-18,10476.14,317.46,10158.68,119,154,6199.78,92,3958.91,0.0180,none,2026-08-20T09:00:00Z
2025-10-19,9573.24,368.10,9205.14,107,140,4735.58,69,8428.46,0.0180,none,2026-08-20T09:00:00Z
2025-10-20,8452.89,429.69,8023.20,95,127,12180.33,179,4271.34,0.0180,none,2026-08-20T09:00:00Z
2025-10-21,8722.60,432.94,8289.66,96,124,12183.44,175,377.56,0.0180,none,2026-08-20T09:00:00Z
2025-10-22,9201.79,346.10,8855.69,98,131,9233.25,129,0.00,0.0180,none,2026-08-20T09:00:00Z
2025-10-23,9505.37,413.45,9091.91,102,131,9091.91,128,0.00,0.0180,none,2026-08-20T09:00:00Z
2025-10-24,10270.79,384.25,9886.55,116,156,9886.55,146,0.00,0.0180,none,2026-08-20T09:00:00Z
2025-10-25,10252.65,302.51,9950.14,111,144,6210.86,88,3739.28,0.0180,none,2026-08-20T09:00:00Z
2025-10-26,9357.83,340.65,9017.18,105,140,4744.05,70,8012.40,0.0180,none,2026-08-20T09:00:00Z
2025-10-27,8653.69,328.59,8325.10,95,123,12202.10,175,4135.41,0.0180,none,2026-08-20T09:00:00Z
2025-10-28,9016.62,362.45,8654.17,97,126,12205.21,172,584.37,0.0180,none,2026-08-20T09:00:00Z
2025-10-29,9415.81,397.94,9017.87,101,133,9602.24,135,0.00,0.0180,none,2026-08-20T09:00:00Z
2025-10-30,9524.85,379.94,9144.91,105,135,9144.91,133,0.00,0.0180,none,2026-08-20T09:00:00Z
2025-10-31,10596.54,356.44,10240.10,116,156,10240.10,147,0.00,0.0180,none,2026-08-20T09:00:00Z
2025-11-01,10357.10,348.67,10008.42,111,148,6221.95,88,3786.47,0.0180,none,2026-08-20T09:00:00Z
2025-11-02,9444.81,348.57,9096.24,103,137,4752.52,68,8130.19,0.0180,none,2026-08-20T09:00:00Z
2025-11-03,8568.94,359.43,8209.51,92,122,12223.87,172,4115.83,0.0180,none,2026-08-20T09:00:00Z
2025-11-04,9190.25,334.75,8855.50,100,130,12226.98,174,744.35,0.0180,none,2026-08-20T09:00:00Z
2025-11-05,9542.83,374.49,9168.35,109,146,9912.70,148,0.00,0.0180,none,2026-08-20T09:00:00Z
2025-11-06,9824.86,400.25,9424.61,105,137,9424.61,132,0.00,0.0180,none,2026-08-20T09:00:00Z
2025-11-07,10268.43,345.84,9922.59,114,153,9922.59,145,0.00,0.0180,none,2026-08-20T09:00:00Z
2025-11-08,11072.58,339.17,10733.41,120,154,6233.04,89,4500.37,0.0180,none,2026-08-20T09:00:00Z
2025-11-09,9302.24,359.47,8942.77,99,130,4760.99,66,8682.15,0.0180,none,2026-08-20T09:00:00Z
2025-11-10,8797.50,347.38,8450.12,98,130,12245.64,178,4886.63,0.0180,none,2026-08-20T09:00:00Z
2025-11-11,9374.54,371.41,9003.13,104,138,12248.76,178,1641.00,0.0180,none,2026-08-20T09:00:00Z
2025-11-12,9332.08,415.02,8917.06,104,133,10558.06,154,0.00,0.0180,none,2026-08-20T09:00:00Z
2025-11-13,10042.18,405.15,9637.03,110,145,9637.03,138,0.00,0.0180,none,2026-08-20T09:00:00Z
2025-11-14,11642.07,336.10,11305.97,128,165,11123.08,161,182.89,0.0360,monthly_promotion,2026-08-20T09:00:00Z
2025-11-15,12397.71,321.27,12076.44,138,181,6244.13,91,6015.20,0.0360,monthly_promotion,2026-08-20T09:00:00Z
2025-11-16,10939.73,332.17,10607.56,122,158,4769.45,70,11853.31,0.0360,monthly_promotion,2026-08-20T09:00:00Z
2025-11-17,9003.45,337.31,8666.14,102,134,12267.42,182,8252.03,0.0180,none,2026-08-20T09:00:00Z
2025-11-18,9240.88,373.33,8867.55,100,131,12270.53,175,4849.05,0.0180,none,2026-08-20T09:00:00Z
2025-11-19,9906.99,469.41,9437.58,105,135,12046.35,168,2240.28,0.0180,none,2026-08-20T09:00:00Z
2025-11-20,13288.01,569.53,12718.48,145,194,10639.85,152,4318.91,0.0730,holiday_peak,2026-08-20T09:00:00Z
2025-11-21,13661.29,502.46,13158.83,152,197,10028.55,146,7449.19,0.0730,holiday_peak,2026-08-20T09:00:00Z
2025-11-22,15120.65,409.19,14711.46,162,210,5629.69,79,16530.95,0.0730,holiday_peak,2026-08-20T09:00:00Z
2025-11-23,13440.91,401.50,13039.41,146,190,4300.13,61,25270.23,0.0730,holiday_peak,2026-08-20T09:00:00Z
2025-11-24,11890.16,487.10,11403.06,127,163,11060.27,155,25613.02,0.0730,holiday_peak,2026-08-20T09:00:00Z
2025-11-25,12849.74,608.28,12241.47,137,183,11063.07,155,26791.41,0.0730,holiday_peak,2026-08-20T09:00:00Z
2025-11-26,13179.86,587.23,12592.62,146,188,10860.95,158,28523.09,0.0730,holiday_peak,2026-08-20T09:00:00Z
2025-11-27,13552.32,679.33,12872.99,150,198,10658.72,155,30737.36,0.0730,holiday_peak,2026-08-20T09:00:00Z
2025-11-28,14512.22,661.44,13850.78,159,210,10046.33,144,34541.81,0.0730,holiday_peak,2026-08-20T09:00:00Z
2025-11-29,14393.74,512.07,13881.67,153,203,5639.67,79,42783.82,0.0730,holiday_peak,2026-08-20T09:00:00Z
2025-11-30,13378.85,629.42,12749.43,149,192,4307.75,63,51225.50,0.0730,holiday_peak,2026-08-20T09:00:00Z
2025-12-01,11370.79,591.91,10778.87,121,160,11079.87,154,50924.50,0.0730,holiday_peak,2026-08-20T09:00:00Z
2025-12-02,12169.95,642.83,11527.12,138,185,11082.67,164,51368.96,0.0730,holiday_peak,2026-08-20T09:00:00Z
2025-12-03,12485.47,678.07,11807.40,136,181,10880.18,155,52296.18,0.0730,holiday_peak,2026-08-20T09:00:00Z
2025-12-04,12581.30,707.72,11873.58,142,182,10677.59,157,53492.17,0.0730,holiday_peak,2026-08-20T09:00:00Z
2025-12-05,13963.04,620.85,13342.19,150,197,10064.11,142,56770.25,0.0730,holiday_peak,2026-08-20T09:00:00Z
2025-12-06,13787.04,484.75,13302.29,157,207,5649.65,84,64422.88,0.0730,holiday_peak,2026-08-20T09:00:00Z
2025-12-07,12227.31,573.04,11654.27,135,175,4315.37,62,71761.79,0.0730,holiday_peak,2026-08-20T09:00:00Z
2025-12-08,11376.10,612.11,10763.98,122,161,11099.46,156,71426.31,0.0730,holiday_peak,2026-08-20T09:00:00Z
2025-12-09,12177.43,605.83,11571.60,133,176,11102.26,159,71895.65,0.0730,holiday_peak,2026-08-20T09:00:00Z
2025-12-10,12040.75,642.06,11398.69,131,172,10899.41,156,72394.93,0.0730,holiday_peak,2026-08-20T09:00:00Z
2025-12-11,12597.71,659.07,11938.64,138,178,10696.46,153,73637.11,0.0730,holiday_peak,2026-08-20T09:00:00Z
2025-12-12,12953.71,531.67,12422.04,142,186,10081.90,145,75977.26,0.0730,holiday_peak,2026-08-20T09:00:00Z
2025-12-13,13413.65,492.36,12921.28,147,191,5659.63,81,83238.91,0.0730,holiday_peak,2026-08-20T09:00:00Z
2025-12-14,12392.31,548.77,11843.54,136,177,4322.99,62,90759.46,0.0730,holiday_peak,2026-08-20T09:00:00Z
2025-12-15,11181.40,556.17,10625.23,126,167,11119.06,164,90265.64,0.0730,holiday_peak,2026-08-20T09:00:00Z
2025-12-16,11769.60,618.81,11150.79,133,173,11121.86,165,90294.57,0.0730,holiday_peak,2026-08-20T09:00:00Z
2025-12-17,12415.26,623.70,11791.56,132,173,10918.64,152,91167.49,0.0730,holiday_peak,2026-08-20T09:00:00Z
2025-12-18,12856.94,636.70,12220.24,140,186,10715.33,153,92672.40,0.0730,holiday_peak,2026-08-20T09:00:00Z
2025-12-19,10608.42,448.75,10159.67,116,149,11221.86,161,91610.21,0.0180,none,2026-08-20T09:00:00Z
2025-12-20,10855.42,405.85,10449.57,118,155,6299.57,89,95760.21,0.0180,none,2026-08-20T09:00:00Z
2025-12-21,9352.72,422.57,8930.16,106,139,4811.79,72,99878.58,0.0180,none,2026-08-20T09:00:00Z
2025-12-22,8870.34,504.91,8365.43,100,131,12376.28,182,95867.72,0.0180,none,2026-08-20T09:00:00Z
2025-12-23,9524.33,483.82,9040.51,108,144,12379.39,183,92528.84,0.0180,none,2026-08-20T09:00:00Z
2025-12-24,9787.04,380.20,9406.84,108,139,12153.20,176,89782.49,0.0180,none,2026-08-20T09:00:00Z
2025-12-25,10058.82,392.29,9666.53,112,145,11926.89,175,87522.13,0.0180,none,2026-08-20T09:00:00Z
2025-12-26,10386.13,361.54,10024.58,113,148,11241.62,161,86305.09,0.0180,none,2026-08-20T09:00:00Z
2025-12-27,10581.65,342.24,10239.42,116,151,6310.66,91,90233.85,0.0180,none,2026-08-20T09:00:00Z
2025-12-28,9339.54,335.27,9004.27,101,130,4820.26,68,94417.87,0.0180,none,2026-08-20T09:00:00Z
2025-12-29,8706.82,383.36,8323.45,94,121,12398.05,175,90343.26,0.0180,none,2026-08-20T09:00:00Z
2025-12-30,9182.85,354.67,8828.18,100,128,12401.16,176,86770.28,0.0180,none,2026-08-20T09:00:00Z
2025-12-31,9249.58,419.84,8829.74,101,130,12174.57,175,83425.45,0.0180,none,2026-08-20T09:00:00Z
2026-01-01,9714.72,411.53,9303.18,105,136,11947.85,169,80780.78,0.0180,none,2026-08-20T09:00:00Z
2026-01-02,10507.42,371.55,10135.87,114,151,11261.38,160,79655.27,0.0180,none,2026-08-20T09:00:00Z
2026-01-03,10730.72,330.67,10400.04,118,153,6321.74,91,83733.57,0.0180,none,2026-08-20T09:00:00Z
2026-01-04,9546.35,362.67,9183.68,106,141,4828.72,70,88088.53,0.0180,none,2026-08-20T09:00:00Z
2026-01-05,8875.79,376.75,8499.04,100,131,12419.83,183,84167.74,0.0180,none,2026-08-20T09:00:00Z
2026-01-06,9094.87,393.83,8701.04,99,127,12422.94,177,80445.84,0.0180,none,2026-08-20T09:00:00Z
2026-01-07,9447.40,406.07,9041.33,105,137,12195.94,177,77291.24,0.0180,none,2026-08-20T09:00:00Z
2026-01-08,9705.79,421.02,9284.76,105,139,11968.82,169,74607.18,0.0180,none,2026-08-20T09:00:00Z
2026-01-09,9970.89,369.13,9601.76,108,142,11281.13,160,72927.81,0.0180,none,2026-08-20T09:00:00Z
2026-01-10,10565.48,317.49,10248.00,114,153,6332.83,90,76842.97,0.0180,none,2026-08-20T09:00:00Z
2026-01-11,9188.95,335.54,8853.41,99,132,4837.19,68,80859.20,0.0180,none,2026-08-20T09:00:00Z
2026-01-12,8343.84,352.23,7991.62,92,119,12441.60,180,76409.21,0.0180,none,2026-08-20T09:00:00Z
2026-01-13,9190.51,340.53,8849.98,100,128,12444.71,178,72814.49,0.0180,none,2026-08-20T09:00:00Z
2026-01-14,10585.36,354.82,10230.54,119,159,12217.31,180,70827.72,0.0360,monthly_promotion,2026-08-20T09:00:00Z
2026-01-15,10682.38,428.54,10253.84,120,159,11989.79,177,69091.78,0.0360,monthly_promotion,2026-08-20T09:00:00Z
2026-01-16,11198.37,359.95,10838.42,125,164,11300.89,165,68629.30,0.0360,monthly_promotion,2026-08-20T09:00:00Z
2026-01-17,10163.69,340.92,9822.77,110,141,6343.92,90,72108.15,0.0180,none,2026-08-20T09:00:00Z
2026-01-18,9272.08,346.92,8925.16,103,136,4845.66,70,76187.65,0.0180,none,2026-08-20T09:00:00Z
2026-01-19,8323.27,372.57,7950.71,95,125,12463.37,186,71674.99,0.0180,none,2026-08-20T09:00:00Z
2026-01-20,9046.21,401.57,8644.63,99,127,12466.48,179,67853.14,0.0180,none,2026-08-20T09:00:00Z
2026-01-21,9114.70,410.80,8703.90,97,127,12238.68,171,64318.36,0.0180,none,2026-08-20T09:00:00Z
2026-01-22,9558.72,396.14,9162.58,107,141,12010.75,176,61470.19,0.0180,none,2026-08-20T09:00:00Z
2026-01-23,10059.30,351.90,9707.40,111,144,11320.65,163,59856.95,0.0180,none,2026-08-20T09:00:00Z
2026-01-24,10178.68,311.14,9867.54,110,143,6355.01,90,63369.48,0.0180,none,2026-08-20T09:00:00Z
2026-01-25,8783.21,363.15,8420.06,97,129,4854.12,70,66935.41,0.0180,none,2026-08-20T09:00:00Z
2026-01-26,8226.73,362.50,7864.23,91,120,12485.15,181,62314.50,0.0180,none,2026-08-20T09:00:00Z
2026-01-27,8709.77,375.40,8334.37,99,133,12488.26,186,58160.61,0.0180,none,2026-08-20T09:00:00Z
2026-01-28,9211.44,396.69,8814.74,103,138,12260.04,179,54715.31,0.0180,none,2026-08-20T09:00:00Z
2026-01-29,9129.02,366.25,8762.77,97,126,12031.72,168,51446.36,0.0180,none,2026-08-20T09:00:00Z
2026-01-30,10046.12,316.75,9729.37,109,141,11340.40,161,49835.33,0.0180,none,2026-08-20T09:00:00Z
2026-01-31,9960.53,296.33,9664.19,111,148,6366.10,93,53133.43,0.0180,none,2026-08-20T09:00:00Z
2026-02-01,8925.69,315.92,8609.77,96,128,4862.59,69,56880.61,0.0180,none,2026-08-20T09:00:00Z
2026-02-02,8065.47,336.94,7728.53,90,119,12506.92,183,52102.22,0.0180,none,2026-08-20T09:00:00Z
2026-02-03,8647.52,327.96,8319.56,98,129,12510.03,185,47911.74,0.0180,none,2026-08-20T09:00:00Z
2026-02-04,9023.46,411.69,8611.77,101,134,12281.41,181,44242.10,0.0180,none,2026-08-20T09:00:00Z
2026-02-05,8822.97,399.41,8423.56,96,126,12052.68,173,40612.97,0.0180,none,2026-08-20T09:00:00Z
2026-02-06,9730.40,328.38,9402.01,109,142,11360.16,167,38654.82,0.0180,none,2026-08-20T09:00:00Z
2026-02-07,9988.74,283.61,9705.13,110,141,6377.18,92,41982.77,0.0180,none,2026-08-20T09:00:00Z
2026-02-08,8464.60,305.08,8159.52,95,127,4871.06,72,45271.23,0.0180,none,2026-08-20T09:00:00Z
2026-02-09,8255.81,366.54,7889.27,89,114,12528.69,177,40631.81,0.0180,none,2026-08-20T09:00:00Z
2026-02-10,8480.86,312.93,8167.93,91,119,12531.80,177,36267.94,0.0180,none,2026-08-20T09:00:00Z
2026-02-11,8933.28,376.75,8556.53,100,133,12302.78,180,32521.69,0.0180,none,2026-08-20T09:00:00Z
2026-02-12,9045.13,359.54,8685.59,100,130,12073.65,175,29133.63,0.0180,none,2026-08-20T09:00:00Z
2026-02-13,9396.46,330.75,9065.71,101,135,11379.92,160,26819.42,0.0180,none,2026-08-20T09:00:00Z
2026-02-14,10648.10,331.41,10316.69,121,159,6388.27,95,30747.85,0.0360,monthly_promotion,2026-08-20T09:00:00Z
2026-02-15,9142.23,307.46,8834.77,102,132,4879.53,71,34703.09,0.0360,monthly_promotion,2026-08-20T09:00:00Z
2026-02-16,8863.51,338.03,8525.48,97,128,12550.46,179,30678.11,0.0360,monthly_promotion,2026-08-20T09:00:00Z
2026-02-17,8171.92,336.00,7835.91,88,116,12553.57,178,25960.44,0.0180,none,2026-08-20T09:00:00Z
2026-02-18,8606.28,362.19,8244.09,94,126,12324.15,176,21880.38,0.0180,none,2026-08-20T09:00:00Z
2026-02-19,8792.27,381.05,8411.22,94,123,12094.62,170,18196.98,0.0180,none,2026-08-20T09:00:00Z
2026-02-20,8963.25,360.00,8603.25,100,134,11399.67,166,15400.56,0.0180,none,2026-08-20T09:00:00Z
2026-02-21,9376.66,318.20,9058.46,101,134,6399.36,90,18059.65,0.0180,none,2026-08-20T09:00:00Z
2026-02-22,8510.22,317.53,8192.70,92,121,4887.99,69,21364.36,0.0180,none,2026-08-20T09:00:00Z
2026-02-23,7879.49,326.90,7552.60,89,116,12572.24,186,16344.72,0.0180,none,2026-08-20T09:00:00Z
2026-02-24,7940.78,326.90,7613.88,89,114,12575.35,185,11383.25,0.0180,none,2026-08-20T09:00:00Z
2026-02-25,8398.77,314.65,8084.12,90,118,12345.52,173,7121.84,0.0180,none,2026-08-20T09:00:00Z
2026-02-26,8881.20,334.44,8546.76,95,125,12115.58,169,3553.01,0.0180,none,2026-08-20T09:00:00Z
2026-02-27,8989.29,318.77,8670.52,96,125,11419.43,160,804.10,0.0180,none,2026-08-20T09:00:00Z
2026-02-28,9411.31,280.93,9130.37,101,133,6410.45,90,3524.03,0.0180,none,2026-08-20T09:00:00Z
2026-03-01,8075.71,312.37,7763.34,87,114,4896.46,69,6390.91,0.0180,none,2026-08-20T09:00:00Z
2026-03-02,7576.90,314.85,7262.05,83,109,12594.01,182,1058.95,0.0180,none,2026-08-20T09:00:00Z
2026-03-03,7820.42,320.15,7500.27,86,111,8559.22,123,0.00,0.0180,none,2026-08-20T09:00:00Z
2026-03-04,8531.08,322.32,8208.76,93,120,8208.76,117,0.00,0.0180,none,2026-08-20T09:00:00Z
2026-03-05,8477.45,331.28,8146.17,95,122,8146.17,120,0.00,0.0180,none,2026-08-20T09:00:00Z
2026-03-06,9016.51,294.96,8721.55,102,131,8721.55,129,0.00,0.0180,none,2026-08-20T09:00:00Z
2026-03-07,9181.52,286.49,8895.03,99,131,6421.54,91,2473.50,0.0180,none,2026-08-20T09:00:00Z
2026-03-08,8230.43,276.90,7953.52,92,120,4904.93,72,5522.09,0.0180,none,2026-08-20T09:00:00Z
2026-03-09,7513.81,308.16,7205.65,80,107,12615.78,177,111.96,0.0180,none,2026-08-20T09:00:00Z
2026-03-10,7806.20,327.22,7478.98,86,114,7590.94,110,0.00,0.0180,none,2026-08-20T09:00:00Z
2026-03-11,8104.87,349.03,7755.84,88,114,7755.84,111,0.00,0.0180,none,2026-08-20T09:00:00Z
2026-03-12,8436.59,322.69,8113.90,91,121,8113.90,115,0.00,0.0180,none,2026-08-20T09:00:00Z
2026-03-13,8501.53,312.03,8189.51,94,123,8189.51,118,0.00,0.0180,none,2026-08-20T09:00:00Z
2026-03-14,9772.84,287.49,9485.35,109,145,6432.62,94,3052.72,0.0360,monthly_promotion,2026-08-20T09:00:00Z
2026-03-15,8876.70,293.94,8582.75,97,128,4913.40,71,6722.08,0.0360,monthly_promotion,2026-08-20T09:00:00Z
2026-03-16,8439.93,316.31,8123.62,93,119,12637.56,183,2208.14,0.0360,monthly_promotion,2026-08-20T09:00:00Z
2026-03-17,7642.81,314.88,7327.93,81,107,9536.07,133,0.00,0.0180,none,2026-08-20T09:00:00Z
2026-03-18,8056.41,337.74,7718.67,91,118,7718.67,114,0.00,0.0180,none,2026-08-20T09:00:00Z
2026-03-19,7964.32,347.02,7617.30,87,116,7617.30,109,0.00,0.0180,none,2026-08-20T09:00:00Z
2026-03-20,8359.03,344.29,8014.73,92,123,8014.73,115,0.00,0.0180,none,2026-08-20T09:00:00Z
2026-03-21,8878.17,296.65,8581.52,96,127,6443.71,92,2137.81,0.0180,none,2026-08-20T09:00:00Z
2026-03-22,7600.78,279.74,7321.04,82,110,4921.86,69,4536.99,0.0180,none,2026-08-20T09:00:00Z
2026-03-23,7019.07,290.21,6728.86,79,105,11265.85,166,0.00,0.0180,none,2026-08-20T09:00:00Z
2026-03-24,7564.69,320.91,7243.79,81,105,7243.79,101,0.00,0.0180,none,2026-08-20T09:00:00Z
2026-03-25,7827.91,319.56,7508.35,88,117,7508.35,110,0.00,0.0180,none,2026-08-20T09:00:00Z
2026-03-26,7778.51,352.84,7425.67,84,110,7425.67,105,0.00,0.0180,none,2026-08-20T09:00:00Z
2026-03-27,8363.21,276.46,8086.75,91,119,8086.75,115,0.00,0.0180,none,2026-08-20T09:00:00Z
2026-03-28,8724.76,256.04,8468.71,93,122,6454.80,90,2013.91,0.0180,none,2026-08-20T09:00:00Z
2026-03-29,7681.37,294.39,7386.98,84,110,4930.33,70,4470.56,0.0180,none,2026-08-20T09:00:00Z
2026-03-30,7126.64,304.99,6821.65,80,104,11292.22,167,0.00,0.0180,none,2026-08-20T09:00:00Z
2026-03-31,7451.59,282.75,7168.84,81,104,7168.84,102,0.00,0.0180,none,2026-08-20T09:00:00Z
2026-04-01,7524.13,336.27,7187.86,82,110,7187.86,103,0.00,0.0180,none,2026-08-20T09:00:00Z
2026-04-02,7847.95,324.78,7523.17,84,112,7523.17,106,0.00,0.0180,none,2026-08-20T09:00:00Z
2026-04-03,8087.23,272.42,7814.80,87,112,7814.80,111,0.00,0.0180,none,2026-08-20T09:00:00Z
2026-04-04,8091.32,276.67,7814.65,91,121,6465.89,95,1348.76,0.0180,none,2026-08-20T09:00:00Z
2026-04-05,7421.78,275.50,7146.28,81,106,4938.80,71,3556.25,0.0180,none,2026-08-20T09:00:00Z
2026-04-06,6900.22,263.97,6636.26,73,93,10192.50,142,0.00,0.0180,none,2026-08-20T09:00:00Z
2026-04-07,7430.30,319.26,7111.04,85,110,7111.04,106,0.00,0.0180,none,2026-08-20T09:00:00Z
2026-04-08,7621.38,302.39,7318.99,87,116,7318.99,109,0.00,0.0180,none,2026-08-20T09:00:00Z
2026-04-09,7442.94,328.37,7114.57,81,106,7114.57,102,0.00,0.0180,none,2026-08-20T09:00:00Z
2026-04-10,7940.54,289.16,7651.38,89,118,7651.38,112,0.00,0.0180,none,2026-08-20T09:00:00Z
2026-04-11,8336.12,251.85,8084.27,93,125,6476.98,95,1607.30,0.0180,none,2026-08-20T09:00:00Z
2026-04-12,7286.93,296.81,6990.12,80,107,4947.26,71,3650.15,0.0180,none,2026-08-20T09:00:00Z
2026-04-13,6755.26,271.01,6484.25,72,95,10134.40,141,0.00,0.0180,none,2026-08-20T09:00:00Z
2026-04-14,8082.56,290.76,7791.80,91,117,7791.80,115,0.00,0.0360,monthly_promotion,2026-08-20T09:00:00Z
2026-04-15,8111.77,297.92,7813.85,91,120,7813.85,114,0.00,0.0360,monthly_promotion,2026-08-20T09:00:00Z
2026-04-16,8457.48,322.61,8134.87,96,124,8134.87,121,0.00,0.0360,monthly_promotion,2026-08-20T09:00:00Z
2026-04-17,7879.94,293.46,7586.47,85,111,7586.47,107,0.00,0.0180,none,2026-08-20T09:00:00Z
2026-04-18,8175.51,274.15,7901.35,89,117,6488.06,92,1413.29,0.0180,none,2026-08-20T09:00:00Z
2026-04-19,7194.12,328.25,6865.87,80,106,4955.73,73,3323.43,0.0180,none,2026-08-20T09:00:00Z
2026-04-20,6658.91,313.46,6345.45,73,96,9668.88,138,0.00,0.0180,none,2026-08-20T09:00:00Z
2026-04-21,6773.36,335.44,6437.92,74,96,6437.92,93,0.00,0.0180,none,2026-08-20T09:00:00Z
2026-04-22,7041.71,296.65,6745.06,78,101,6745.06,98,0.00,0.0180,none,2026-08-20T09:00:00Z
2026-04-23,7518.87,315.94,7202.93,84,111,7202.93,106,0.00,0.0180,none,2026-08-20T09:00:00Z
2026-04-24,7959.69,263.15,7696.54,85,112,7696.54,107,0.00,0.0180,none,2026-08-20T09:00:00Z
2026-04-25,8232.92,252.36,7980.55,89,118,6499.15,92,1481.40,0.0180,none,2026-08-20T09:00:00Z
2026-04-26,7049.77,237.82,6811.95,75,99,4964.20,69,3329.15,0.0180,none,2026-08-20T09:00:00Z
2026-04-27,6740.60,252.95,6487.64,74,99,9816.79,142,0.00,0.0180,none,2026-08-20T09:00:00Z
2026-04-28,6949.75,301.68,6648.07,77,101,6648.07,97,0.00,0.0180,none,2026-08-20T09:00:00Z
2026-04-29,7442.83,298.16,7144.67,81,105,7144.67,102,0.00,0.0180,none,2026-08-20T09:00:00Z
2026-04-30,7519.94,332.53,7187.41,82,109,7187.41,103,0.00,0.0180,none,2026-08-20T09:00:00Z
2026-05-01,7936.85,288.52,7648.33,87,113,7648.33,110,0.00,0.0180,none,2026-08-20T09:00:00Z
2026-05-02,8233.35,265.86,7967.49,92,120,6510.24,96,1457.25,0.0180,none,2026-08-20T09:00:00Z
2026-05-03,6920.77,250.00,6670.77,77,103,4972.67,72,3155.35,0.0180,none,2026-08-20T09:00:00Z
2026-05-04,6437.63,284.80,6152.83,69,89,9308.18,130,0.00,0.0180,none,2026-08-20T09:00:00Z
2026-05-05,6694.05,306.88,6387.17,74,95,6387.17,92,0.00,0.0180,none,2026-08-20T09:00:00Z
2026-05-06,7297.07,320.77,6976.30,81,104,6976.30,102,0.00,0.0180,none,2026-08-20T09:00:00Z
2026-05-07,7552.35,306.87,7245.48,84,108,7245.48,106,0.00,0.0180,none,2026-08-20T09:00:00Z
2026-05-08,7936.02,269.44,7666.58,86,111,7666.58,109,0.00,0.0180,none,2026-08-20T09:00:00Z
2026-05-09,8094.49,234.92,7859.57,87,112,6521.33,92,1338.25,0.0180,none,2026-08-20T09:00:00Z
2026-05-10,7010.98,248.44,6762.54,77,101,4981.13,71,3119.66,0.0180,none,2026-08-20T09:00:00Z
2026-05-11,6518.41,259.11,6259.30,74,96,9378.96,140,0.00,0.0180,none,2026-08-20T09:00:00Z
2026-05-12,6754.05,275.03,6479.03,76,100,6479.03,96,0.00,0.0180,none,2026-08-20T09:00:00Z
2026-05-13,7144.17,306.59,6837.57,79,106,6837.57,98,0.00,0.0180,none,2026-08-20T09:00:00Z
2026-05-14,8139.08,298.26,7840.82,89,119,7840.82,112,0.00,0.0360,monthly_promotion,2026-08-20T09:00:00Z
2026-05-15,8514.23,278.31,8235.92,93,119,8235.92,118,0.00,0.0360,monthly_promotion,2026-08-20T09:00:00Z
2026-05-16,8723.78,267.40,8456.39,96,127,6532.42,94,1923.97,0.0360,monthly_promotion,2026-08-20T09:00:00Z
2026-05-17,7017.71,268.52,6749.19,75,97,4989.60,70,3683.56,0.0180,none,2026-08-20T09:00:00Z
2026-05-18,6413.34,253.60,6159.74,72,94,9843.30,145,0.00,0.0180,none,2026-08-20T09:00:00Z
2026-05-19,6718.01,298.54,6419.47,74,96,6419.47,93,0.00,0.0180,none,2026-08-20T09:00:00Z
2026-05-20,7224.19,339.45,6884.74,81,107,6884.74,101,0.00,0.0180,none,2026-08-20T09:00:00Z
2026-05-21,7322.32,308.98,7013.34,83,111,7013.34,104,0.00,0.0180,none,2026-08-20T09:00:00Z
2026-05-22,7472.23,254.31,7217.92,80,106,7217.92,102,0.00,0.0180,none,2026-08-20T09:00:00Z
2026-05-23,7824.96,225.60,7599.36,84,112,6543.50,92,1055.86,0.0180,none,2026-08-20T09:00:00Z
2026-05-24,7193.18,235.91,6957.27,77,102,4998.07,70,3015.06,0.0180,none,2026-08-20T09:00:00Z
2026-05-25,6397.38,294.45,6102.94,70,93,9118.00,130,0.00,0.0180,none,2026-08-20T09:00:00Z
2026-05-26,6708.55,261.38,6447.17,73,97,6447.17,91,0.00,0.0180,none,2026-08-20T09:00:00Z
2026-05-27,6866.08,271.44,6594.64,76,98,6594.64,95,0.00,0.0180,none,2026-08-20T09:00:00Z
2026-05-28,7262.90,288.99,6973.91,80,107,6973.91,101,0.00,0.0180,none,2026-08-20T09:00:00Z
2026-05-29,7340.24,286.97,7053.28,82,107,7053.28,103,0.00,0.0180,none,2026-08-20T09:00:00Z
2026-05-30,7776.62,230.96,7545.66,83,111,6554.59,92,991.07,0.0180,none,2026-08-20T09:00:00Z
2026-05-31,6886.70,241.20,6645.51,77,103,5006.53,74,2630.04,0.0180,none,2026-08-20T09:00:00Z
2026-06-01,6470.32,254.21,6216.11,72,93,8846.15,129,0.00,0.0180,none,2026-08-20T09:00:00Z
2026-06-02,6756.15,257.45,6498.70,77,103,6498.70,97,0.00,0.0180,none,2026-08-20T09:00:00Z
2026-06-03,6984.69,257.85,6726.84,77,100,6726.84,97,0.00,0.0180,none,2026-08-20T09:00:00Z
2026-06-04,7027.38,303.39,6724.00,75,99,6724.00,95,0.00,0.0180,none,2026-08-20T09:00:00Z
2026-06-05,7746.77,270.13,7476.64,84,109,7476.64,106,0.00,0.0180,none,2026-08-20T09:00:00Z
2026-06-06,7753.33,256.81,7496.52,86,113,6565.68,95,930.84,0.0180,none,2026-08-20T09:00:00Z
2026-06-07,6986.24,246.82,6739.42,78,103,5015.00,74,2655.26,0.0180,none,2026-08-20T09:00:00Z
2026-06-08,6650.44,275.47,6374.98,75,99,9030.24,134,0.00,0.0180,none,2026-08-20T09:00:00Z
2026-06-09,6932.99,266.83,6666.16,77,102,6666.16,97,0.00,0.0180,none,2026-08-20T09:00:00Z
2026-06-10,7320.50,289.58,7030.93,78,104,7030.93,98,0.00,0.0180,none,2026-08-20T09:00:00Z
2026-06-11,7427.18,278.47,7148.71,80,103,7148.71,101,0.00,0.0180,none,2026-08-20T09:00:00Z
2026-06-12,7826.48,266.62,7559.86,87,113,7559.86,110,0.00,0.0180,none,2026-08-20T09:00:00Z
2026-06-13,8065.78,270.77,7795.01,88,115,6576.77,94,1218.24,0.0180,none,2026-08-20T09:00:00Z
2026-06-14,7935.85,259.03,7676.82,85,112,5023.47,70,3871.59,0.0360,monthly_promotion,2026-08-20T09:00:00Z
2026-06-15,7486.33,270.66,7215.68,82,107,11087.27,159,0.00,0.0360,monthly_promotion,2026-08-20T09:00:00Z
2026-06-16,7690.99,282.23,7408.77,87,111,7408.77,110,0.00,0.0360,monthly_promotion,2026-08-20T09:00:00Z
2026-06-17,7172.81,316.33,6856.49,80,105,6856.49,100,0.00,0.0180,none,2026-08-20T09:00:00Z
2026-06-18,7241.74,284.53,6957.21,79,102,6957.21,99,0.00,0.0180,none,2026-08-20T09:00:00Z
2026-06-19,7873.69,294.36,7579.33,89,119,7579.33,112,0.00,0.0180,none,2026-08-20T09:00:00Z
2026-06-20,7738.94,282.57,7456.37,87,113,6587.86,97,868.51,0.0180,none,2026-08-20T09:00:00Z
2026-06-21,7301.13,304.96,6996.18,83,110,5031.94,75,2832.75,0.0180,none,2026-08-20T09:00:00Z
2026-06-22,6726.26,284.34,6441.92,72,93,9274.67,130,0.00,0.0180,none,2026-08-20T09:00:00Z
2026-06-23,7088.92,259.43,6829.49,78,105,6829.49,99,0.00,0.0180,none,2026-08-20T09:00:00Z
2026-06-24,7434.59,296.82,7137.77,81,104,7137.77,102,0.00,0.0180,none,2026-08-20T09:00:00Z
2026-06-25,7630.72,273.40,7357.32,84,113,7357.32,106,0.00,0.0180,none,2026-08-20T09:00:00Z
2026-06-26,7822.11,283.23,7538.88,85,111,7538.88,107,0.00,0.0180,none,2026-08-20T09:00:00Z
2026-06-27,8070.64,242.03,7828.61,89,115,6598.94,95,1229.67,0.0180,none,2026-08-20T09:00:00Z
2026-06-28,7155.00,287.74,6867.26,80,107,5040.40,74,3056.52,0.0180,none,2026-08-20T09:00:00Z
2026-06-29,6779.50,304.76,6474.75,75,97,9531.27,137,0.00,0.0180,none,2026-08-20T09:00:00Z
2026-06-30,6939.36,284.58,6654.78,76,101,6654.78,96,0.00,0.0180,none,2026-08-20T09:00:00Z
2026-07-01,8806.56,287.67,8518.89,97,125,8518.89,123,0.00,0.0180,summer_event,2026-08-20T09:00:00Z
2026-07-02,8851.96,326.53,8525.43,96,126,8525.43,122,0.00,0.0180,summer_event,2026-08-20T09:00:00Z
2026-07-03,9428.33,253.83,9174.50,106,135,9174.50,135,0.00,0.0180,summer_event,2026-08-20T09:00:00Z
2026-07-04,9670.87,247.60,9423.27,110,145,6610.03,98,2813.23,0.0180,summer_event,2026-08-20T09:00:00Z
2026-07-05,8502.09,282.06,8220.03,94,122,5048.87,73,5984.39,0.0180,summer_event,2026-08-20T09:00:00Z
2026-07-06,6929.06,356.03,6573.02,76,99,12557.42,182,0.00,0.0180,none,2026-08-20T09:00:00Z
2026-07-07,7362.55,310.60,7051.95,79,102,7051.95,99,0.00,0.0180,none,2026-08-20T09:00:00Z
2026-07-08,7556.28,370.27,7186.01,82,110,7186.01,102,0.00,0.0180,none,2026-08-20T09:00:00Z
2026-07-09,7639.70,366.86,7272.84,85,112,7272.84,106,0.00,0.0180,none,2026-08-20T09:00:00Z
2026-07-10,8322.18,328.00,7994.18,94,122,7994.18,118,0.00,0.0180,none,2026-08-20T09:00:00Z
2026-07-11,8356.73,269.51,8087.22,89,115,6621.12,93,1466.10,0.0180,none,2026-08-20T09:00:00Z
2026-07-12,7494.06,279.47,7214.59,80,106,5057.34,71,3623.35,0.0180,none,2026-08-20T09:00:00Z
2026-07-13,6901.70,288.31,6613.39,76,100,10236.75,147,0.00,0.0180,none,2026-08-20T09:00:00Z
2026-07-14,8219.37,280.10,7939.27,92,122,7939.27,117,0.00,0.0360,monthly_promotion,2026-08-20T09:00:00Z
2026-07-15,8563.34,304.89,8258.45,93,120,8258.45,118,0.00,0.0360,monthly_promotion,2026-08-20T09:00:00Z
2026-07-16,8541.24,312.47,8228.77,94,126,8228.77,119,0.00,0.0360,monthly_promotion,2026-08-20T09:00:00Z
2026-07-17,8165.43,272.17,7893.25,87,113,7893.25,110,0.00,0.0180,none,2026-08-20T09:00:00Z
2026-07-18,8853.62,281.86,8571.76,99,132,6632.21,98,1939.56,0.0180,none,2026-08-20T09:00:00Z
2026-07-19,7441.24,314.99,7126.25,79,102,5065.80,71,4000.00,0.0180,none,2026-08-20T09:00:00Z
2026-07-20,7197.94,321.69,6876.25,80,103,10876.25,159,0.00,0.0180,none,2026-08-20T09:00:00Z
2026-07-21,7695.16,337.47,7357.69,82,108,7357.69,103,0.00,0.0180,none,2026-08-20T09:00:00Z
2026-07-22,7643.52,300.10,7343.42,81,108,7343.42,102,0.00,0.0180,none,2026-08-20T09:00:00Z
2026-07-23,8120.86,337.86,7783.00,87,112,7783.00,109,0.00,0.0180,none,2026-08-20T09:00:00Z
2026-07-24,8465.98,260.23,8205.75,94,125,8205.75,119,0.00,0.0180,none,2026-08-20T09:00:00Z
2026-07-25,8909.62,252.19,8657.43,101,134,6643.30,99,2014.14,0.0180,none,2026-08-20T09:00:00Z
2026-07-26,7741.14,298.35,7442.79,85,112,5074.27,73,4382.66,0.0180,none,2026-08-20T09:00:00Z
2026-07-27,7298.75,276.44,7022.31,82,108,11404.97,167,0.00,0.0180,none,2026-08-20T09:00:00Z
2026-07-28,7907.91,290.46,7617.46,89,116,7617.46,113,0.00,0.0180,none,2026-08-20T09:00:00Z
2026-07-29,7931.09,335.72,7595.37,88,114,7595.37,110,0.00,0.0180,none,2026-08-20T09:00:00Z
2026-07-30,8131.24,363.31,7767.93,88,114,7767.93,110,0.00,0.0180,none,2026-08-20T09:00:00Z
2026-07-31,8836.84,296.20,8540.64,95,127,8540.64,120,0.00,0.0180,none,2026-08-20T09:00:00Z
2026-08-01,9071.50,282.13,8789.37,102,135,6654.38,98,2134.99,0.0180,none,2026-08-20T09:00:00Z
2026-08-02,8070.24,282.70,7787.54,88,115,5082.74,73,4839.79,0.0180,none,2026-08-20T09:00:00Z
2026-08-03,7481.80,322.46,7159.33,85,113,11999.12,179,0.00,0.0180,none,2026-08-20T09:00:00Z
2026-08-04,7841.02,285.02,7555.99,89,119,7555.99,113,0.00,0.0180,none,2026-08-20T09:00:00Z
2026-08-05,7863.56,316.07,7547.49,89,119,7547.49,111,0.00,0.0180,none,2026-08-20T09:00:00Z
2026-08-06,8278.06,317.80,7960.26,90,118,7960.26,114,0.00,0.0180,none,2026-08-20T09:00:00Z
2026-08-07,9146.39,296.92,8849.47,99,130,8849.47,125,0.00,0.0180,none,2026-08-20T09:00:00Z
2026-08-08,9240.24,289.87,8950.37,99,129,6665.47,94,2284.90,0.0180,none,2026-08-20T09:00:00Z
2026-08-09,8128.04,321.29,7806.76,92,118,5091.21,76,5000.45,0.0180,none,2026-08-20T09:00:00Z
2026-08-10,7445.52,285.57,7159.95,83,109,12160.40,177,0.00,0.0180,none,2026-08-20T09:00:00Z
2026-08-11,8164.52,304.42,7860.10,93,123,7860.10,117,0.00,0.0180,none,2026-08-20T09:00:00Z
2026-08-12,8433.77,329.13,8104.64,92,121,8104.64,116,0.00,0.0180,none,2026-08-20T09:00:00Z
2026-08-13,8660.48,335.40,8325.09,98,130,8325.09,123,0.00,0.0180,none,2026-08-20T09:00:00Z
2026-08-14,9894.69,299.84,9594.85,109,140,9594.85,139,0.00,0.0360,monthly_promotion,2026-08-20T09:00:00Z
2026-08-15,10322.32,284.71,10037.60,113,150,6676.56,95,3361.04,0.0360,monthly_promotion,2026-08-20T09:00:00Z
2026-08-16,9219.78,300.27,8919.51,102,134,5099.67,74,7180.88,0.0360,monthly_promotion,2026-08-20T09:00:00Z
2026-08-17,7815.30,311.05,7504.25,83,108,13116.56,183,1568.57,0.0180,none,2026-08-20T09:00:00Z
2026-08-18,8183.40,347.97,7835.43,91,118,9404.00,138,0.00,0.0180,none,2026-08-20T09:00:00Z
2026-08-19,8570.95,370.94,8200.02,96,123,8200.02,120,0.00,0.0180,none,2026-08-20T09:00:00Z
2026-08-20,8828.84,362.56,8466.28,98,130,8466.28,124,0.00,0.0180,none,2026-08-20T09:00:00Z
