activity_date,partner,clicks,orders,revenue_usd,commission_usd,updated_at
2023-08-21,creator_collective,115,6,589.50,82.53,2026-08-20T09:00:00Z
2023-08-21,cashback_network,98,4,346.92,34.69,2026-08-20T09:00:00Z
2023-08-21,editorial_partner,73,3,322.11,38.65,2026-08-20T09:00:00Z
2023-08-22,creator_collective,115,6,572.74,80.18,2026-08-20T09:00:00Z
2023-08-22,cashback_network,98,4,339.72,33.97,2026-08-20T09:00:00Z
2023-08-22,editorial_partner,73,3,312.48,37.50,2026-08-20T09:00:00Z
2023-08-23,creator_collective,115,6,580.97,81.34,2026-08-20T09:00:00Z
2023-08-23,cashback_network,98,4,364.29,36.43,2026-08-20T09:00:00Z
2023-08-23,editorial_partner,73,3,325.79,39.09,2026-08-20T09:00:00Z
2023-08-24,creator_collective,115,6,573.50,80.29,2026-08-20T09:00:00Z
2023-08-24,cashback_network,98,4,359.17,35.92,2026-08-20T09:00:00Z
2023-08-24,editorial_partner,73,3,329.94,39.59,2026-08-20T09:00:00Z
2023-08-25,creator_collective,135,7,669.35,93.71,2026-08-20T09:00:00Z
2023-08-25,cashback_network,122,5,423.20,42.32,2026-08-20T09:00:00Z
2023-08-25,editorial_partner,73,3,326.32,39.16,2026-08-20T09:00:00Z
2023-08-26,creator_collective,115,6,576.85,80.76,2026-08-20T09:00:00Z
2023-08-26,cashback_network,98,4,363.28,36.33,2026-08-20T09:00:00Z
2023-08-26,editorial_partner,98,4,435.58,52.27,2026-08-20T09:00:00Z
2023-08-27,creator_collective,135,7,658.02,92.12,2026-08-20T09:00:00Z
2023-08-27,cashback_network,122,5,430.01,43.00,2026-08-20T09:00:00Z
2023-08-27,editorial_partner,73,3,331.33,39.76,2026-08-20T09:00:00Z
2023-08-28,creator_collective,115,6,581.56,81.42,2026-08-20T09:00:00Z
2023-08-28,cashback_network,98,4,337.94,33.79,2026-08-20T09:00:00Z
2023-08-28,editorial_partner,73,3,330.61,39.67,2026-08-20T09:00:00Z
2023-08-29,creator_collective,115,6,584.77,81.87,2026-08-20T09:00:00Z
2023-08-29,cashback_network,98,4,359.04,35.90,2026-08-20T09:00:00Z
2023-08-29,editorial_partner,73,3,312.40,37.49,2026-08-20T09:00:00Z
2023-08-30,creator_collective,135,7,649.70,90.96,2026-08-20T09:00:00Z
2023-08-30,cashback_network,98,4,358.87,35.89,2026-08-20T09:00:00Z
2023-08-30,editorial_partner,73,3,314.19,37.70,2026-08-20T09:00:00Z
2023-08-31,creator_collective,115,6,579.01,81.06,2026-08-20T09:00:00Z
2023-08-31,cashback_network,98,4,357.52,35.75,2026-08-20T09:00:00Z
2023-08-31,editorial_partner,73,3,311.83,37.42,2026-08-20T09:00:00Z
2023-09-01,creator_collective,135,7,671.62,94.03,2026-08-20T09:00:00Z
2023-09-01,cashback_network,122,5,444.38,44.44,2026-08-20T09:00:00Z
2023-09-01,editorial_partner,98,4,440.47,52.86,2026-08-20T09:00:00Z
2023-09-02,creator_collective,115,6,568.48,79.59,2026-08-20T09:00:00Z
2023-09-02,cashback_network,122,5,455.61,45.56,2026-08-20T09:00:00Z
2023-09-02,editorial_partner,73,3,318.16,38.18,2026-08-20T09:00:00Z
2023-09-03,creator_collective,135,7,648.48,90.79,2026-08-20T09:00:00Z
2023-09-03,cashback_network,122,5,443.96,44.40,2026-08-20T09:00:00Z
2023-09-03,editorial_partner,73,3,317.58,38.11,2026-08-20T09:00:00Z
2023-09-04,creator_collective,115,6,557.63,78.07,2026-08-20T09:00:00Z
2023-09-04,cashback_network,122,5,435.93,43.59,2026-08-20T09:00:00Z
2023-09-04,editorial_partner,98,4,429.39,51.53,2026-08-20T09:00:00Z
2023-09-05,creator_collective,115,6,596.58,83.52,2026-08-20T09:00:00Z
2023-09-05,cashback_network,98,4,338.77,33.88,2026-08-20T09:00:00Z
2023-09-05,editorial_partner,73,3,318.68,38.24,2026-08-20T09:00:00Z
2023-09-06,creator_collective,115,6,595.13,83.32,2026-08-20T09:00:00Z
2023-09-06,cashback_network,122,5,431.25,43.13,2026-08-20T09:00:00Z
2023-09-06,editorial_partner,98,4,424.79,50.97,2026-08-20T09:00:00Z
2023-09-07,creator_collective,115,6,566.89,79.36,2026-08-20T09:00:00Z
2023-09-07,cashback_network,98,4,345.70,34.57,2026-08-20T09:00:00Z
2023-09-07,editorial_partner,98,4,432.07,51.85,2026-08-20T09:00:00Z
2023-09-08,creator_collective,135,7,660.11,92.41,2026-08-20T09:00:00Z
2023-09-08,cashback_network,122,5,431.32,43.13,2026-08-20T09:00:00Z
2023-09-08,editorial_partner,73,3,323.64,38.84,2026-08-20T09:00:00Z
2023-09-09,creator_collective,135,7,678.03,94.92,2026-08-20T09:00:00Z
2023-09-09,cashback_network,98,4,361.40,36.14,2026-08-20T09:00:00Z
2023-09-09,editorial_partner,73,3,319.27,38.31,2026-08-20T09:00:00Z
2023-09-10,creator_collective,135,7,673.48,94.29,2026-08-20T09:00:00Z
2023-09-10,cashback_network,122,5,441.26,44.13,2026-08-20T09:00:00Z
2023-09-10,editorial_partner,98,4,419.14,50.30,2026-08-20T09:00:00Z
2023-09-11,creator_collective,154,8,790.06,110.61,2026-08-20T09:00:00Z
2023-09-11,cashback_network,98,4,349.48,34.95,2026-08-20T09:00:00Z
2023-09-11,editorial_partner,73,3,330.10,39.61,2026-08-20T09:00:00Z
2023-09-12,creator_collective,135,7,657.09,91.99,2026-08-20T09:00:00Z
2023-09-12,cashback_network,98,4,343.30,34.33,2026-08-20T09:00:00Z
2023-09-12,editorial_partner,98,4,426.54,51.18,2026-08-20T09:00:00Z
2023-09-13,creator_collective,115,6,562.66,78.77,2026-08-20T09:00:00Z
2023-09-13,cashback_network,122,5,422.73,42.27,2026-08-20T09:00:00Z
2023-09-13,editorial_partner,98,4,415.73,49.89,2026-08-20T09:00:00Z
2023-09-14,creator_collective,154,8,758.19,106.15,2026-08-20T09:00:00Z
2023-09-14,cashback_network,122,5,444.14,44.41,2026-08-20T09:00:00Z
2023-09-14,editorial_partner,98,4,429.48,51.54,2026-08-20T09:00:00Z
2023-09-15,creator_collective,154,8,769.87,107.78,2026-08-20T09:00:00Z
2023-09-15,cashback_network,122,5,428.45,42.85,2026-08-20T09:00:00Z
2023-09-15,editorial_partner,98,4,418.16,50.18,2026-08-20T09:00:00Z
2023-09-16,creator_collective,154,8,781.72,109.44,2026-08-20T09:00:00Z
2023-09-16,cashback_network,122,5,424.99,42.50,2026-08-20T09:00:00Z
2023-09-16,editorial_partner,73,3,325.23,39.03,2026-08-20T09:00:00Z
2023-09-17,creator_collective,135,7,694.40,97.22,2026-08-20T09:00:00Z
2023-09-17,cashback_network,122,5,429.53,42.95,2026-08-20T09:00:00Z
2023-09-17,editorial_partner,73,3,328.13,39.38,2026-08-20T09:00:00Z
2023-09-18,creator_collective,115,6,556.02,77.84,2026-08-20T09:00:00Z
2023-09-18,cashback_network,122,5,445.11,44.51,2026-08-20T09:00:00Z
2023-09-18,editorial_partner,98,4,421.73,50.61,2026-08-20T09:00:00Z
2023-09-19,creator_collective,115,6,585.18,81.93,2026-08-20T09:00:00Z
2023-09-19,cashback_network,122,5,424.94,42.49,2026-08-20T09:00:00Z
2023-09-19,editorial_partner,98,4,433.08,51.97,2026-08-20T09:00:00Z
2023-09-20,creator_collective,135,7,672.51,94.15,2026-08-20T09:00:00Z
2023-09-20,cashback_network,98,4,344.95,34.49,2026-08-20T09:00:00Z
2023-09-20,editorial_partner,98,4,422.09,50.65,2026-08-20T09:00:00Z
2023-09-21,creator_collective,135,7,653.64,91.51,2026-08-20T09:00:00Z
2023-09-21,cashback_network,122,5,451.79,45.18,2026-08-20T09:00:00Z
2023-09-21,editorial_partner,73,3,325.56,39.07,2026-08-20T09:00:00Z
2023-09-22,creator_collective,154,8,744.51,104.23,2026-08-20T09:00:00Z
2023-09-22,cashback_network,122,5,428.63,42.86,2026-08-20T09:00:00Z
2023-09-22,editorial_partner,98,4,433.18,51.98,2026-08-20T09:00:00Z
2023-09-23,creator_collective,135,7,697.69,97.68,2026-08-20T09:00:00Z
2023-09-23,cashback_network,98,4,355.67,35.57,2026-08-20T09:00:00Z
2023-09-23,editorial_partner,98,4,426.09,51.13,2026-08-20T09:00:00Z
2023-09-24,creator_collective,135,7,650.30,91.04,2026-08-20T09:00:00Z
2023-09-24,cashback_network,98,4,349.61,34.96,2026-08-20T09:00:00Z
2023-09-24,editorial_partner,98,4,418.92,50.27,2026-08-20T09:00:00Z
2023-09-25,creator_collective,135,7,651.41,91.20,2026-08-20T09:00:00Z
2023-09-25,cashback_network,98,4,351.37,35.14,2026-08-20T09:00:00Z
2023-09-25,editorial_partner,73,3,319.46,38.34,2026-08-20T09:00:00Z
2023-09-26,creator_collective,135,7,659.04,92.27,2026-08-20T09:00:00Z
2023-09-26,cashback_network,122,5,445.39,44.54,2026-08-20T09:00:00Z
2023-09-26,editorial_partner,73,3,318.00,38.16,2026-08-20T09:00:00Z
2023-09-27,creator_collective,135,7,673.55,94.30,2026-08-20T09:00:00Z
2023-09-27,cashback_network,122,5,422.89,42.29,2026-08-20T09:00:00Z
2023-09-27,editorial_partner,73,3,331.30,39.76,2026-08-20T09:00:00Z
2023-09-28,creator_collective,135,7,655.93,91.83,2026-08-20T09:00:00Z
2023-09-28,cashback_network,122,5,451.95,45.20,2026-08-20T09:00:00Z
2023-09-28,editorial_partner,73,3,322.60,38.71,2026-08-20T09:00:00Z
2023-09-29,creator_collective,154,8,787.75,110.28,2026-08-20T09:00:00Z
2023-09-29,cashback_network,122,5,437.68,43.77,2026-08-20T09:00:00Z
2023-09-29,editorial_partner,73,3,325.80,39.10,2026-08-20T09:00:00Z
2023-09-30,creator_collective,135,7,646.11,90.46,2026-08-20T09:00:00Z
2023-09-30,cashback_network,122,5,442.72,44.27,2026-08-20T09:00:00Z
2023-09-30,editorial_partner,98,4,419.74,50.37,2026-08-20T09:00:00Z
2023-10-01,creator_collective,135,7,652.85,91.40,2026-08-20T09:00:00Z
2023-10-01,cashback_network,122,5,452.87,45.29,2026-08-20T09:00:00Z
2023-10-01,editorial_partner,98,4,431.57,51.79,2026-08-20T09:00:00Z
2023-10-02,creator_collective,135,7,662.62,92.77,2026-08-20T09:00:00Z
2023-10-02,cashback_network,122,5,439.22,43.92,2026-08-20T09:00:00Z
2023-10-02,editorial_partner,73,3,311.47,37.38,2026-08-20T09:00:00Z
2023-10-03,creator_collective,135,7,692.86,97.00,2026-08-20T09:00:00Z
2023-10-03,cashback_network,122,5,448.03,44.80,2026-08-20T09:00:00Z
2023-10-03,editorial_partner,73,3,331.53,39.78,2026-08-20T09:00:00Z
2023-10-04,creator_collective,154,8,748.45,104.78,2026-08-20T09:00:00Z
2023-10-04,cashback_network,122,5,442.74,44.27,2026-08-20T09:00:00Z
2023-10-04,editorial_partner,98,4,424.77,50.97,2026-08-20T09:00:00Z
2023-10-05,creator_collective,135,7,662.18,92.71,2026-08-20T09:00:00Z
2023-10-05,cashback_network,122,5,430.82,43.08,2026-08-20T09:00:00Z
2023-10-05,editorial_partner,98,4,434.01,52.08,2026-08-20T09:00:00Z
2023-10-06,creator_collective,135,7,682.40,95.54,2026-08-20T09:00:00Z
2023-10-06,cashback_network,122,5,449.17,44.92,2026-08-20T09:00:00Z
2023-10-06,editorial_partner,98,4,446.47,53.58,2026-08-20T09:00:00Z
2023-10-07,creator_collective,135,7,667.52,93.45,2026-08-20T09:00:00Z
2023-10-07,cashback_network,122,5,451.30,45.13,2026-08-20T09:00:00Z
2023-10-07,editorial_partner,98,4,422.59,50.71,2026-08-20T09:00:00Z
2023-10-08,creator_collective,135,7,664.05,92.97,2026-08-20T09:00:00Z
2023-10-08,cashback_network,122,5,448.42,44.84,2026-08-20T09:00:00Z
2023-10-08,editorial_partner,73,3,324.78,38.97,2026-08-20T09:00:00Z
2023-10-09,creator_collective,135,7,696.48,97.51,2026-08-20T09:00:00Z
2023-10-09,cashback_network,122,5,442.37,44.24,2026-08-20T09:00:00Z
2023-10-09,editorial_partner,98,4,424.64,50.96,2026-08-20T09:00:00Z
2023-10-10,creator_collective,135,7,697.88,97.70,2026-08-20T09:00:00Z
2023-10-10,cashback_network,122,5,434.31,43.43,2026-08-20T09:00:00Z
2023-10-10,editorial_partner,98,4,428.12,51.37,2026-08-20T09:00:00Z
2023-10-11,creator_collective,135,7,690.24,96.63,2026-08-20T09:00:00Z
2023-10-11,cashback_network,122,5,431.02,43.10,2026-08-20T09:00:00Z
2023-10-11,editorial_partner,98,4,432.85,51.94,2026-08-20T09:00:00Z
2023-10-12,creator_collective,154,8,789.04,110.47,2026-08-20T09:00:00Z
2023-10-12,cashback_network,122,5,449.27,44.93,2026-08-20T09:00:00Z
2023-10-12,editorial_partner,98,4,417.49,50.10,2026-08-20T09:00:00Z
2023-10-13,creator_collective,135,7,657.98,92.12,2026-08-20T09:00:00Z
2023-10-13,cashback_network,122,5,442.68,44.27,2026-08-20T09:00:00Z
2023-10-13,editorial_partner,98,4,443.59,53.23,2026-08-20T09:00:00Z
2023-10-14,creator_collective,173,9,889.60,124.54,2026-08-20T09:00:00Z
2023-10-14,cashback_network,122,5,432.43,43.24,2026-08-20T09:00:00Z
2023-10-14,editorial_partner,98,4,434.83,52.18,2026-08-20T09:00:00Z
2023-10-15,creator_collective,154,8,762.69,106.78,2026-08-20T09:00:00Z
2023-10-15,cashback_network,146,6,543.75,54.38,2026-08-20T09:00:00Z
2023-10-15,editorial_partner,98,4,443.95,53.27,2026-08-20T09:00:00Z
2023-10-16,creator_collective,154,8,794.57,111.24,2026-08-20T09:00:00Z
2023-10-16,cashback_network,146,6,548.83,54.88,2026-08-20T09:00:00Z
2023-10-16,editorial_partner,98,4,418.86,50.26,2026-08-20T09:00:00Z
2023-10-17,creator_collective,135,7,688.19,96.35,2026-08-20T09:00:00Z
2023-10-17,cashback_network,122,5,445.99,44.60,2026-08-20T09:00:00Z
2023-10-17,editorial_partner,73,3,314.49,37.74,2026-08-20T09:00:00Z
2023-10-18,creator_collective,154,8,744.78,104.27,2026-08-20T09:00:00Z
2023-10-18,cashback_network,122,5,443.90,44.39,2026-08-20T09:00:00Z
2023-10-18,editorial_partner,98,4,438.08,52.57,2026-08-20T09:00:00Z
2023-10-19,creator_collective,154,8,795.31,111.34,2026-08-20T09:00:00Z
2023-10-19,cashback_network,122,5,432.04,43.20,2026-08-20T09:00:00Z
2023-10-19,editorial_partner,98,4,433.90,52.07,2026-08-20T09:00:00Z
2023-10-20,creator_collective,154,8,740.24,103.63,2026-08-20T09:00:00Z
2023-10-20,cashback_network,122,5,452.30,45.23,2026-08-20T09:00:00Z
2023-10-20,editorial_partner,98,4,428.80,51.46,2026-08-20T09:00:00Z
2023-10-21,creator_collective,154,8,783.61,109.70,2026-08-20T09:00:00Z
2023-10-21,cashback_network,122,5,445.08,44.51,2026-08-20T09:00:00Z
2023-10-21,editorial_partner,98,4,425.88,51.11,2026-08-20T09:00:00Z
2023-10-22,creator_collective,135,7,686.92,96.17,2026-08-20T09:00:00Z
2023-10-22,cashback_network,122,5,429.15,42.91,2026-08-20T09:00:00Z
2023-10-22,editorial_partner,98,4,431.95,51.83,2026-08-20T09:00:00Z
2023-10-23,creator_collective,154,8,765.36,107.15,2026-08-20T09:00:00Z
2023-10-23,cashback_network,122,5,445.20,44.52,2026-08-20T09:00:00Z
2023-10-23,editorial_partner,98,4,433.39,52.01,2026-08-20T09:00:00Z
2023-10-24,creator_collective,154,8,744.40,104.22,2026-08-20T09:00:00Z
2023-10-24,cashback_network,122,5,427.81,42.78,2026-08-20T09:00:00Z
2023-10-24,editorial_partner,98,4,419.55,50.35,2026-08-20T09:00:00Z
2023-10-25,creator_collective,154,8,766.90,107.37,2026-08-20T09:00:00Z
2023-10-25,cashback_network,122,5,440.04,44.00,2026-08-20T09:00:00Z
2023-10-25,editorial_partner,98,4,438.98,52.68,2026-08-20T09:00:00Z
2023-10-26,creator_collective,154,8,784.84,109.88,2026-08-20T09:00:00Z
2023-10-26,cashback_network,122,5,427.31,42.73,2026-08-20T09:00:00Z
2023-10-26,editorial_partner,98,4,435.94,52.31,2026-08-20T09:00:00Z
2023-10-27,creator_collective,135,7,677.16,94.80,2026-08-20T09:00:00Z
2023-10-27,cashback_network,146,6,527.93,52.79,2026-08-20T09:00:00Z
2023-10-27,editorial_partner,98,4,445.82,53.50,2026-08-20T09:00:00Z
2023-10-28,creator_collective,154,8,786.21,110.07,2026-08-20T09:00:00Z
2023-10-28,cashback_network,122,5,439.32,43.93,2026-08-20T09:00:00Z
2023-10-28,editorial_partner,98,4,425.07,51.01,2026-08-20T09:00:00Z
2023-10-29,creator_collective,135,7,698.66,97.81,2026-08-20T09:00:00Z
2023-10-29,cashback_network,122,5,449.56,44.96,2026-08-20T09:00:00Z
2023-10-29,editorial_partner,98,4,448.28,53.79,2026-08-20T09:00:00Z
2023-10-30,creator_collective,154,8,739.27,103.50,2026-08-20T09:00:00Z
2023-10-30,cashback_network,122,5,442.93,44.29,2026-08-20T09:00:00Z
2023-10-30,editorial_partner,98,4,420.96,50.52,2026-08-20T09:00:00Z
2023-10-31,creator_collective,135,7,661.45,92.60,2026-08-20T09:00:00Z
2023-10-31,cashback_network,122,5,434.64,43.46,2026-08-20T09:00:00Z
2023-10-31,editorial_partner,98,4,426.68,51.20,2026-08-20T09:00:00Z
2023-11-01,creator_collective,154,8,782.40,109.54,2026-08-20T09:00:00Z
2023-11-01,cashback_network,122,5,429.63,42.96,2026-08-20T09:00:00Z
2023-11-01,editorial_partner,98,4,447.38,53.69,2026-08-20T09:00:00Z
2023-11-02,creator_collective,135,7,697.78,97.69,2026-08-20T09:00:00Z
2023-11-02,cashback_network,122,5,428.96,42.90,2026-08-20T09:00:00Z
2023-11-02,editorial_partner,98,4,441.16,52.94,2026-08-20T09:00:00Z
2023-11-03,creator_collective,135,7,689.33,96.51,2026-08-20T09:00:00Z
2023-11-03,cashback_network,122,5,430.85,43.08,2026-08-20T09:00:00Z
2023-11-03,editorial_partner,98,4,442.32,53.08,2026-08-20T09:00:00Z
2023-11-04,creator_collective,135,7,675.74,94.60,2026-08-20T09:00:00Z
2023-11-04,cashback_network,122,5,423.75,42.38,2026-08-20T09:00:00Z
2023-11-04,editorial_partner,98,4,447.64,53.72,2026-08-20T09:00:00Z
2023-11-05,creator_collective,135,7,660.29,92.44,2026-08-20T09:00:00Z
2023-11-05,cashback_network,122,5,427.97,42.80,2026-08-20T09:00:00Z
2023-11-05,editorial_partner,98,4,432.78,51.93,2026-08-20T09:00:00Z
2023-11-06,creator_collective,154,8,792.43,110.94,2026-08-20T09:00:00Z
2023-11-06,cashback_network,146,6,541.86,54.19,2026-08-20T09:00:00Z
2023-11-06,editorial_partner,98,4,434.58,52.15,2026-08-20T09:00:00Z
2023-11-07,creator_collective,154,8,770.79,107.91,2026-08-20T09:00:00Z
2023-11-07,cashback_network,122,5,447.57,44.76,2026-08-20T09:00:00Z
2023-11-07,editorial_partner,98,4,424.44,50.93,2026-08-20T09:00:00Z
2023-11-08,creator_collective,154,8,762.81,106.79,2026-08-20T09:00:00Z
2023-11-08,cashback_network,146,6,521.96,52.20,2026-08-20T09:00:00Z
2023-11-08,editorial_partner,98,4,444.32,53.32,2026-08-20T09:00:00Z
2023-11-09,creator_collective,154,8,776.13,108.66,2026-08-20T09:00:00Z
2023-11-09,cashback_network,122,5,426.07,42.61,2026-08-20T09:00:00Z
2023-11-09,editorial_partner,73,3,314.86,37.78,2026-08-20T09:00:00Z
2023-11-10,creator_collective,135,7,679.18,95.09,2026-08-20T09:00:00Z
2023-11-10,cashback_network,122,5,430.79,43.08,2026-08-20T09:00:00Z
2023-11-10,editorial_partner,98,4,446.63,53.60,2026-08-20T09:00:00Z
2023-11-11,creator_collective,154,8,738.69,103.42,2026-08-20T09:00:00Z
2023-11-11,cashback_network,122,5,447.12,44.71,2026-08-20T09:00:00Z
2023-11-11,editorial_partner,98,4,439.19,52.70,2026-08-20T09:00:00Z
2023-11-12,creator_collective,154,8,781.28,109.38,2026-08-20T09:00:00Z
2023-11-12,cashback_network,122,5,440.73,44.07,2026-08-20T09:00:00Z
2023-11-12,editorial_partner,98,4,448.92,53.87,2026-08-20T09:00:00Z
2023-11-13,creator_collective,154,8,753.45,105.48,2026-08-20T09:00:00Z
2023-11-13,cashback_network,146,6,529.97,53.00,2026-08-20T09:00:00Z
2023-11-13,editorial_partner,98,4,440.63,52.88,2026-08-20T09:00:00Z
2023-11-14,creator_collective,173,9,892.07,124.89,2026-08-20T09:00:00Z
2023-11-14,cashback_network,122,5,439.44,43.94,2026-08-20T09:00:00Z
2023-11-14,editorial_partner,98,4,441.01,52.92,2026-08-20T09:00:00Z
2023-11-15,creator_collective,173,9,868.04,121.53,2026-08-20T09:00:00Z
2023-11-15,cashback_network,146,6,534.09,53.41,2026-08-20T09:00:00Z
2023-11-15,editorial_partner,122,5,536.78,64.41,2026-08-20T09:00:00Z
2023-11-16,creator_collective,192,10,985.60,137.98,2026-08-20T09:00:00Z
2023-11-16,cashback_network,146,6,529.13,52.91,2026-08-20T09:00:00Z
2023-11-16,editorial_partner,122,5,530.80,63.70,2026-08-20T09:00:00Z
2023-11-17,creator_collective,154,8,737.38,103.23,2026-08-20T09:00:00Z
2023-11-17,cashback_network,122,5,428.39,42.84,2026-08-20T09:00:00Z
2023-11-17,editorial_partner,98,4,447.28,53.67,2026-08-20T09:00:00Z
2023-11-18,creator_collective,154,8,738.75,103.42,2026-08-20T09:00:00Z
2023-11-18,cashback_network,122,5,428.98,42.90,2026-08-20T09:00:00Z
2023-11-18,editorial_partner,98,4,427.37,51.28,2026-08-20T09:00:00Z
2023-11-19,creator_collective,135,7,684.44,95.82,2026-08-20T09:00:00Z
2023-11-19,cashback_network,122,5,457.40,45.74,2026-08-20T09:00:00Z
2023-11-19,editorial_partner,98,4,419.71,50.37,2026-08-20T09:00:00Z
2023-11-20,creator_collective,192,10,976.93,136.77,2026-08-20T09:00:00Z
2023-11-20,cashback_network,171,7,619.54,61.95,2026-08-20T09:00:00Z
2023-11-20,editorial_partner,146,6,657.56,78.91,2026-08-20T09:00:00Z
2023-11-21,creator_collective,231,12,1164.93,163.09,2026-08-20T09:00:00Z
2023-11-21,cashback_network,171,7,632.38,63.24,2026-08-20T09:00:00Z
2023-11-21,editorial_partner,122,5,532.10,63.85,2026-08-20T09:00:00Z
2023-11-22,creator_collective,212,11,1064.85,149.08,2026-08-20T09:00:00Z
2023-11-22,cashback_network,146,6,510.30,51.03,2026-08-20T09:00:00Z
2023-11-22,editorial_partner,122,5,529.00,63.48,2026-08-20T09:00:00Z
2023-11-23,creator_collective,212,11,1094.00,153.16,2026-08-20T09:00:00Z
2023-11-23,cashback_network,171,7,628.47,62.85,2026-08-20T09:00:00Z
2023-11-23,editorial_partner,122,5,548.19,65.78,2026-08-20T09:00:00Z
2023-11-24,creator_collective,212,11,1057.48,148.05,2026-08-20T09:00:00Z
2023-11-24,cashback_network,146,6,522.55,52.26,2026-08-20T09:00:00Z
2023-11-24,editorial_partner,146,6,650.26,78.03,2026-08-20T09:00:00Z
2023-11-25,creator_collective,231,12,1184.04,165.77,2026-08-20T09:00:00Z
2023-11-25,cashback_network,171,7,607.89,60.79,2026-08-20T09:00:00Z
2023-11-25,editorial_partner,122,5,560.19,67.22,2026-08-20T09:00:00Z
2023-11-26,creator_collective,192,10,929.38,130.11,2026-08-20T09:00:00Z
2023-11-26,cashback_network,171,7,598.25,59.83,2026-08-20T09:00:00Z
2023-11-26,editorial_partner,122,5,533.42,64.01,2026-08-20T09:00:00Z
2023-11-27,creator_collective,212,11,1049.75,146.97,2026-08-20T09:00:00Z
2023-11-27,cashback_network,171,7,636.08,63.61,2026-08-20T09:00:00Z
2023-11-27,editorial_partner,122,5,519.10,62.29,2026-08-20T09:00:00Z
2023-11-28,creator_collective,192,10,982.18,137.51,2026-08-20T09:00:00Z
2023-11-28,cashback_network,195,8,714.94,71.49,2026-08-20T09:00:00Z
2023-11-28,editorial_partner,122,5,528.91,63.47,2026-08-20T09:00:00Z
2023-11-29,creator_collective,212,11,1090.56,152.68,2026-08-20T09:00:00Z
2023-11-29,cashback_network,171,7,636.97,63.70,2026-08-20T09:00:00Z
2023-11-29,editorial_partner,146,6,653.59,78.43,2026-08-20T09:00:00Z
2023-11-30,creator_collective,192,10,948.97,132.86,2026-08-20T09:00:00Z
2023-11-30,cashback_network,171,7,626.15,62.61,2026-08-20T09:00:00Z
2023-11-30,editorial_partner,122,5,557.59,66.91,2026-08-20T09:00:00Z
2023-12-01,creator_collective,212,11,1032.97,144.62,2026-08-20T09:00:00Z
2023-12-01,cashback_network,171,7,623.44,62.34,2026-08-20T09:00:00Z
2023-12-01,editorial_partner,122,5,519.69,62.36,2026-08-20T09:00:00Z
2023-12-02,creator_collective,192,10,951.68,133.23,2026-08-20T09:00:00Z
2023-12-02,cashback_network,146,6,540.37,54.04,2026-08-20T09:00:00Z
2023-12-02,editorial_partner,122,5,537.38,64.49,2026-08-20T09:00:00Z
2023-12-03,creator_collective,192,10,955.35,133.75,2026-08-20T09:00:00Z
2023-12-03,cashback_network,146,6,539.59,53.96,2026-08-20T09:00:00Z
2023-12-03,editorial_partner,122,5,541.21,64.95,2026-08-20T09:00:00Z
2023-12-04,creator_collective,192,10,932.07,130.49,2026-08-20T09:00:00Z
2023-12-04,cashback_network,171,7,633.76,63.38,2026-08-20T09:00:00Z
2023-12-04,editorial_partner,122,5,538.89,64.67,2026-08-20T09:00:00Z
2023-12-05,creator_collective,192,10,978.37,136.97,2026-08-20T09:00:00Z
2023-12-05,cashback_network,171,7,612.42,61.24,2026-08-20T09:00:00Z
2023-12-05,editorial_partner,98,4,422.21,50.67,2026-08-20T09:00:00Z
2023-12-06,creator_collective,173,9,892.89,125.00,2026-08-20T09:00:00Z
2023-12-06,cashback_network,171,7,603.25,60.32,2026-08-20T09:00:00Z
2023-12-06,editorial_partner,122,5,552.23,66.27,2026-08-20T09:00:00Z
2023-12-07,creator_collective,192,10,987.37,138.23,2026-08-20T09:00:00Z
2023-12-07,cashback_network,146,6,525.02,52.50,2026-08-20T09:00:00Z
2023-12-07,editorial_partner,122,5,544.01,65.28,2026-08-20T09:00:00Z
2023-12-08,creator_collective,192,10,980.30,137.24,2026-08-20T09:00:00Z
2023-12-08,cashback_network,171,7,620.48,62.05,2026-08-20T09:00:00Z
2023-12-08,editorial_partner,122,5,536.81,64.42,2026-08-20T09:00:00Z
2023-12-09,creator_collective,192,10,976.79,136.75,2026-08-20T09:00:00Z
2023-12-09,cashback_network,146,6,545.93,54.59,2026-08-20T09:00:00Z
2023-12-09,editorial_partner,122,5,542.25,65.07,2026-08-20T09:00:00Z
2023-12-10,creator_collective,192,10,928.39,129.97,2026-08-20T09:00:00Z
2023-12-10,cashback_network,146,6,540.42,54.04,2026-08-20T09:00:00Z
2023-12-10,editorial_partner,122,5,530.96,63.71,2026-08-20T09:00:00Z
2023-12-11,creator_collective,192,10,927.77,129.89,2026-08-20T09:00:00Z
2023-12-11,cashback_network,146,6,545.18,54.52,2026-08-20T09:00:00Z
2023-12-11,editorial_partner,122,5,519.60,62.35,2026-08-20T09:00:00Z
2023-12-12,creator_collective,212,11,1020.82,142.91,2026-08-20T09:00:00Z
2023-12-12,cashback_network,171,7,620.68,62.07,2026-08-20T09:00:00Z
2023-12-12,editorial_partner,122,5,556.57,66.79,2026-08-20T09:00:00Z
2023-12-13,creator_collective,192,10,943.00,132.02,2026-08-20T09:00:00Z
2023-12-13,cashback_network,171,7,609.71,60.97,2026-08-20T09:00:00Z
2023-12-13,editorial_partner,122,5,560.01,67.20,2026-08-20T09:00:00Z
2023-12-14,creator_collective,212,11,1061.72,148.64,2026-08-20T09:00:00Z
2023-12-14,cashback_network,171,7,621.76,62.18,2026-08-20T09:00:00Z
2023-12-14,editorial_partner,122,5,553.00,66.36,2026-08-20T09:00:00Z
2023-12-15,creator_collective,192,10,953.58,133.50,2026-08-20T09:00:00Z
2023-12-15,cashback_network,171,7,593.31,59.33,2026-08-20T09:00:00Z
2023-12-15,editorial_partner,122,5,534.46,64.13,2026-08-20T09:00:00Z
2023-12-16,creator_collective,173,9,856.43,119.90,2026-08-20T09:00:00Z
2023-12-16,cashback_network,146,6,528.83,52.88,2026-08-20T09:00:00Z
2023-12-16,editorial_partner,98,4,442.31,53.08,2026-08-20T09:00:00Z
2023-12-17,creator_collective,192,10,983.81,137.73,2026-08-20T09:00:00Z
2023-12-17,cashback_network,171,7,629.19,62.92,2026-08-20T09:00:00Z
2023-12-17,editorial_partner,122,5,550.90,66.11,2026-08-20T09:00:00Z
2023-12-18,creator_collective,192,10,942.56,131.96,2026-08-20T09:00:00Z
2023-12-18,cashback_network,146,6,539.92,53.99,2026-08-20T09:00:00Z
2023-12-18,editorial_partner,122,5,558.32,67.00,2026-08-20T09:00:00Z
2023-12-19,creator_collective,154,8,748.26,104.76,2026-08-20T09:00:00Z
2023-12-19,cashback_network,122,5,424.84,42.48,2026-08-20T09:00:00Z
2023-12-19,editorial_partner,98,4,438.82,52.66,2026-08-20T09:00:00Z
2023-12-20,creator_collective,154,8,752.04,105.29,2026-08-20T09:00:00Z
2023-12-20,cashback_network,122,5,454.41,45.44,2026-08-20T09:00:00Z
2023-12-20,editorial_partner,98,4,445.31,53.44,2026-08-20T09:00:00Z
2023-12-21,creator_collective,154,8,774.62,108.45,2026-08-20T09:00:00Z
2023-12-21,cashback_network,122,5,443.58,44.36,2026-08-20T09:00:00Z
2023-12-21,editorial_partner,98,4,440.39,52.85,2026-08-20T09:00:00Z
2023-12-22,creator_collective,154,8,773.80,108.33,2026-08-20T09:00:00Z
2023-12-22,cashback_network,122,5,430.48,43.05,2026-08-20T09:00:00Z
2023-12-22,editorial_partner,98,4,431.18,51.74,2026-08-20T09:00:00Z
2023-12-23,creator_collective,154,8,768.50,107.59,2026-08-20T09:00:00Z
2023-12-23,cashback_network,122,5,427.80,42.78,2026-08-20T09:00:00Z
2023-12-23,editorial_partner,98,4,435.48,52.26,2026-08-20T09:00:00Z
2023-12-24,creator_collective,154,8,771.51,108.01,2026-08-20T09:00:00Z
2023-12-24,cashback_network,122,5,455.91,45.59,2026-08-20T09:00:00Z
2023-12-24,editorial_partner,98,4,437.38,52.49,2026-08-20T09:00:00Z
2023-12-25,creator_collective,154,8,749.38,104.91,2026-08-20T09:00:00Z
2023-12-25,cashback_network,122,5,442.18,44.22,2026-08-20T09:00:00Z
2023-12-25,editorial_partner,73,3,311.74,37.41,2026-08-20T09:00:00Z
2023-12-26,creator_collective,135,7,673.10,94.23,2026-08-20T09:00:00Z
2023-12-26,cashback_network,122,5,438.49,43.85,2026-08-20T09:00:00Z
2023-12-26,editorial_partner,98,4,442.45,53.09,2026-08-20T09:00:00Z
2023-12-27,creator_collective,154,8,756.10,105.85,2026-08-20T09:00:00Z
2023-12-27,cashback_network,122,5,435.69,43.57,2026-08-20T09:00:00Z
2023-12-27,editorial_partner,98,4,437.19,52.46,2026-08-20T09:00:00Z
2023-12-28,creator_collective,154,8,756.62,105.93,2026-08-20T09:00:00Z
2023-12-28,cashback_network,122,5,434.44,43.44,2026-08-20T09:00:00Z
2023-12-28,editorial_partner,98,4,416.10,49.93,2026-08-20T09:00:00Z
2023-12-29,creator_collective,154,8,771.42,108.00,2026-08-20T09:00:00Z
2023-12-29,cashback_network,146,6,513.84,51.38,2026-08-20T09:00:00Z
2023-12-29,editorial_partner,98,4,427.78,51.33,2026-08-20T09:00:00Z
2023-12-30,creator_collective,154,8,737.92,103.31,2026-08-20T09:00:00Z
2023-12-30,cashback_network,122,5,423.52,42.35,2026-08-20T09:00:00Z
2023-12-30,editorial_partner,98,4,446.42,53.57,2026-08-20T09:00:00Z
2023-12-31,creator_collective,154,8,794.48,111.23,2026-08-20T09:00:00Z
2023-12-31,cashback_network,122,5,433.60,43.36,2026-08-20T09:00:00Z
2023-12-31,editorial_partner,98,4,441.49,52.98,2026-08-20T09:00:00Z
2024-01-01,creator_collective,135,7,645.76,90.41,2026-08-20T09:00:00Z
2024-01-01,cashback_network,122,5,454.15,45.41,2026-08-20T09:00:00Z
2024-01-01,editorial_partner,98,4,435.81,52.30,2026-08-20T09:00:00Z
2024-01-02,creator_collective,154,8,765.35,107.15,2026-08-20T09:00:00Z
2024-01-02,cashback_network,122,5,427.33,42.73,2026-08-20T09:00:00Z
2024-01-02,editorial_partner,98,4,432.65,51.92,2026-08-20T09:00:00Z
2024-01-03,creator_collective,135,7,666.43,93.30,2026-08-20T09:00:00Z
2024-01-03,cashback_network,122,5,448.87,44.89,2026-08-20T09:00:00Z
2024-01-03,editorial_partner,98,4,444.91,53.39,2026-08-20T09:00:00Z
2024-01-04,creator_collective,135,7,680.44,95.26,2026-08-20T09:00:00Z
2024-01-04,cashback_network,122,5,428.27,42.83,2026-08-20T09:00:00Z
2024-01-04,editorial_partner,98,4,436.96,52.44,2026-08-20T09:00:00Z
2024-01-05,creator_collective,135,7,690.89,96.72,2026-08-20T09:00:00Z
2024-01-05,cashback_network,122,5,444.77,44.48,2026-08-20T09:00:00Z
2024-01-05,editorial_partner,98,4,434.95,52.19,2026-08-20T09:00:00Z
2024-01-06,creator_collective,154,8,740.07,103.61,2026-08-20T09:00:00Z
2024-01-06,cashback_network,122,5,424.37,42.44,2026-08-20T09:00:00Z
2024-01-06,editorial_partner,73,3,322.89,38.75,2026-08-20T09:00:00Z
2024-01-07,creator_collective,154,8,752.87,105.40,2026-08-20T09:00:00Z
2024-01-07,cashback_network,122,5,456.00,45.60,2026-08-20T09:00:00Z
2024-01-07,editorial_partner,98,4,431.04,51.72,2026-08-20T09:00:00Z
2024-01-08,creator_collective,154,8,766.12,107.26,2026-08-20T09:00:00Z
2024-01-08,cashback_network,122,5,454.21,45.42,2026-08-20T09:00:00Z
2024-01-08,editorial_partner,98,4,427.88,51.35,2026-08-20T09:00:00Z
2024-01-09,creator_collective,135,7,698.70,97.82,2026-08-20T09:00:00Z
2024-01-09,cashback_network,122,5,434.26,43.43,2026-08-20T09:00:00Z
2024-01-09,editorial_partner,98,4,434.28,52.11,2026-08-20T09:00:00Z
2024-01-10,creator_collective,135,7,687.68,96.27,2026-08-20T09:00:00Z
2024-01-10,cashback_network,122,5,456.14,45.61,2026-08-20T09:00:00Z
2024-01-10,editorial_partner,98,4,430.61,51.67,2026-08-20T09:00:00Z
2024-01-11,creator_collective,154,8,773.14,108.24,2026-08-20T09:00:00Z
2024-01-11,cashback_network,122,5,450.27,45.03,2026-08-20T09:00:00Z
2024-01-11,editorial_partner,98,4,426.73,51.21,2026-08-20T09:00:00Z
2024-01-12,creator_collective,154,8,789.29,110.50,2026-08-20T09:00:00Z
2024-01-12,cashback_network,122,5,431.56,43.16,2026-08-20T09:00:00Z
2024-01-12,editorial_partner,98,4,421.44,50.57,2026-08-20T09:00:00Z
2024-01-13,creator_collective,135,7,671.05,93.95,2026-08-20T09:00:00Z
2024-01-13,cashback_network,122,5,430.65,43.07,2026-08-20T09:00:00Z
2024-01-13,editorial_partner,98,4,426.61,51.19,2026-08-20T09:00:00Z
2024-01-14,creator_collective,154,8,759.95,106.39,2026-08-20T09:00:00Z
2024-01-14,cashback_network,146,6,511.68,51.17,2026-08-20T09:00:00Z
2024-01-14,editorial_partner,98,4,444.64,53.36,2026-08-20T09:00:00Z
2024-01-15,creator_collective,173,9,864.96,121.09,2026-08-20T09:00:00Z
2024-01-15,cashback_network,146,6,507.41,50.74,2026-08-20T09:00:00Z
2024-01-15,editorial_partner,98,4,443.15,53.18,2026-08-20T09:00:00Z
2024-01-16,creator_collective,154,8,762.92,106.81,2026-08-20T09:00:00Z
2024-01-16,cashback_network,122,5,437.56,43.76,2026-08-20T09:00:00Z
2024-01-16,editorial_partner,98,4,445.57,53.47,2026-08-20T09:00:00Z
2024-01-17,creator_collective,135,7,696.24,97.47,2026-08-20T09:00:00Z
2024-01-17,cashback_network,122,5,422.95,42.30,2026-08-20T09:00:00Z
2024-01-17,editorial_partner,98,4,443.67,53.24,2026-08-20T09:00:00Z
2024-01-18,creator_collective,154,8,754.11,105.57,2026-08-20T09:00:00Z
2024-01-18,cashback_network,122,5,444.08,44.41,2026-08-20T09:00:00Z
2024-01-18,editorial_partner,73,3,327.89,39.35,2026-08-20T09:00:00Z
2024-01-19,creator_collective,154,8,782.37,109.53,2026-08-20T09:00:00Z
2024-01-19,cashback_network,122,5,456.77,45.68,2026-08-20T09:00:00Z
2024-01-19,editorial_partner,98,4,423.33,50.80,2026-08-20T09:00:00Z
2024-01-20,creator_collective,154,8,757.07,105.99,2026-08-20T09:00:00Z
2024-01-20,cashback_network,122,5,446.36,44.64,2026-08-20T09:00:00Z
2024-01-20,editorial_partner,73,3,326.37,39.16,2026-08-20T09:00:00Z
2024-01-21,creator_collective,135,7,696.84,97.56,2026-08-20T09:00:00Z
2024-01-21,cashback_network,122,5,430.83,43.08,2026-08-20T09:00:00Z
2024-01-21,editorial_partner,73,3,327.12,39.25,2026-08-20T09:00:00Z
2024-01-22,creator_collective,154,8,737.57,103.26,2026-08-20T09:00:00Z
2024-01-22,cashback_network,122,5,451.17,45.12,2026-08-20T09:00:00Z
2024-01-22,editorial_partner,98,4,421.30,50.56,2026-08-20T09:00:00Z
2024-01-23,creator_collective,154,8,746.17,104.46,2026-08-20T09:00:00Z
2024-01-23,cashback_network,122,5,439.41,43.94,2026-08-20T09:00:00Z
2024-01-23,editorial_partner,73,3,314.55,37.75,2026-08-20T09:00:00Z
2024-01-24,creator_collective,154,8,756.52,105.91,2026-08-20T09:00:00Z
2024-01-24,cashback_network,122,5,454.68,45.47,2026-08-20T09:00:00Z
2024-01-24,editorial_partner,98,4,432.08,51.85,2026-08-20T09:00:00Z
2024-01-25,creator_collective,135,7,676.02,94.64,2026-08-20T09:00:00Z
2024-01-25,cashback_network,122,5,453.79,45.38,2026-08-20T09:00:00Z
2024-01-25,editorial_partner,73,3,335.37,40.24,2026-08-20T09:00:00Z
2024-01-26,creator_collective,135,7,673.97,94.36,2026-08-20T09:00:00Z
2024-01-26,cashback_network,122,5,429.78,42.98,2026-08-20T09:00:00Z
2024-01-26,editorial_partner,98,4,439.12,52.69,2026-08-20T09:00:00Z
2024-01-27,creator_collective,135,7,693.22,97.05,2026-08-20T09:00:00Z
2024-01-27,cashback_network,122,5,440.31,44.03,2026-08-20T09:00:00Z
2024-01-27,editorial_partner,98,4,416.41,49.97,2026-08-20T09:00:00Z
2024-01-28,creator_collective,135,7,679.89,95.18,2026-08-20T09:00:00Z
2024-01-28,cashback_network,122,5,430.06,43.01,2026-08-20T09:00:00Z
2024-01-28,editorial_partner,98,4,435.65,52.28,2026-08-20T09:00:00Z
2024-01-29,creator_collective,154,8,755.54,105.78,2026-08-20T09:00:00Z
2024-01-29,cashback_network,122,5,427.50,42.75,2026-08-20T09:00:00Z
2024-01-29,editorial_partner,73,3,314.87,37.78,2026-08-20T09:00:00Z
2024-01-30,creator_collective,154,8,773.12,108.24,2026-08-20T09:00:00Z
2024-01-30,cashback_network,122,5,434.76,43.48,2026-08-20T09:00:00Z
2024-01-30,editorial_partner,98,4,437.00,52.44,2026-08-20T09:00:00Z
2024-01-31,creator_collective,154,8,794.72,111.26,2026-08-20T09:00:00Z
2024-01-31,cashback_network,98,4,365.20,36.52,2026-08-20T09:00:00Z
2024-01-31,editorial_partner,73,3,315.40,37.85,2026-08-20T09:00:00Z
2024-02-01,creator_collective,135,7,649.80,90.97,2026-08-20T09:00:00Z
2024-02-01,cashback_network,122,5,444.54,44.45,2026-08-20T09:00:00Z
2024-02-01,editorial_partner,73,3,332.13,39.86,2026-08-20T09:00:00Z
2024-02-02,creator_collective,135,7,696.42,97.50,2026-08-20T09:00:00Z
2024-02-02,cashback_network,122,5,428.38,42.84,2026-08-20T09:00:00Z
2024-02-02,editorial_partner,98,4,444.10,53.29,2026-08-20T09:00:00Z
2024-02-03,creator_collective,154,8,762.52,106.75,2026-08-20T09:00:00Z
2024-02-03,cashback_network,122,5,439.61,43.96,2026-08-20T09:00:00Z
2024-02-03,editorial_partner,73,3,336.06,40.33,2026-08-20T09:00:00Z
2024-02-04,creator_collective,154,8,784.44,109.82,2026-08-20T09:00:00Z
2024-02-04,cashback_network,122,5,443.62,44.36,2026-08-20T09:00:00Z
2024-02-04,editorial_partner,98,4,436.20,52.34,2026-08-20T09:00:00Z
2024-02-05,creator_collective,154,8,797.42,111.64,2026-08-20T09:00:00Z
2024-02-05,cashback_network,122,5,430.69,43.07,2026-08-20T09:00:00Z
2024-02-05,editorial_partner,98,4,440.92,52.91,2026-08-20T09:00:00Z
2024-02-06,creator_collective,115,6,590.63,82.69,2026-08-20T09:00:00Z
2024-02-06,cashback_network,122,5,442.58,44.26,2026-08-20T09:00:00Z
2024-02-06,editorial_partner,98,4,424.15,50.90,2026-08-20T09:00:00Z
2024-02-07,creator_collective,154,8,787.88,110.30,2026-08-20T09:00:00Z
2024-02-07,cashback_network,122,5,454.18,45.42,2026-08-20T09:00:00Z
2024-02-07,editorial_partner,98,4,437.98,52.56,2026-08-20T09:00:00Z
2024-02-08,creator_collective,154,8,784.63,109.85,2026-08-20T09:00:00Z
2024-02-08,cashback_network,122,5,425.36,42.54,2026-08-20T09:00:00Z
2024-02-08,editorial_partner,73,3,326.49,39.18,2026-08-20T09:00:00Z
2024-02-09,creator_collective,135,7,655.99,91.84,2026-08-20T09:00:00Z
2024-02-09,cashback_network,122,5,453.18,45.32,2026-08-20T09:00:00Z
2024-02-09,editorial_partner,73,3,329.83,39.58,2026-08-20T09:00:00Z
2024-02-10,creator_collective,135,7,692.61,96.96,2026-08-20T09:00:00Z
2024-02-10,cashback_network,122,5,435.21,43.52,2026-08-20T09:00:00Z
2024-02-10,editorial_partner,98,4,433.16,51.98,2026-08-20T09:00:00Z
2024-02-11,creator_collective,135,7,666.17,93.26,2026-08-20T09:00:00Z
2024-02-11,cashback_network,122,5,432.20,43.22,2026-08-20T09:00:00Z
2024-02-11,editorial_partner,73,3,313.20,37.58,2026-08-20T09:00:00Z
2024-02-12,creator_collective,135,7,665.27,93.14,2026-08-20T09:00:00Z
2024-02-12,cashback_network,122,5,454.72,45.47,2026-08-20T09:00:00Z
2024-02-12,editorial_partner,73,3,311.75,37.41,2026-08-20T09:00:00Z
2024-02-13,creator_collective,135,7,651.75,91.24,2026-08-20T09:00:00Z
2024-02-13,cashback_network,98,4,358.89,35.89,2026-08-20T09:00:00Z
2024-02-13,editorial_partner,73,3,319.90,38.39,2026-08-20T09:00:00Z
2024-02-14,creator_collective,154,8,777.94,108.91,2026-08-20T09:00:00Z
2024-02-14,cashback_network,146,6,538.82,53.88,2026-08-20T09:00:00Z
2024-02-14,editorial_partner,98,4,444.86,53.38,2026-08-20T09:00:00Z
2024-02-15,creator_collective,135,7,658.30,92.16,2026-08-20T09:00:00Z
2024-02-15,cashback_network,146,6,522.17,52.22,2026-08-20T09:00:00Z
2024-02-15,editorial_partner,98,4,435.95,52.31,2026-08-20T09:00:00Z
2024-02-16,creator_collective,154,8,788.51,110.39,2026-08-20T09:00:00Z
2024-02-16,cashback_network,122,5,449.30,44.93,2026-08-20T09:00:00Z
2024-02-16,editorial_partner,73,3,312.17,37.46,2026-08-20T09:00:00Z
2024-02-17,creator_collective,135,7,653.13,91.44,2026-08-20T09:00:00Z
2024-02-17,cashback_network,122,5,441.55,44.16,2026-08-20T09:00:00Z
2024-02-17,editorial_partner,73,3,333.33,40.00,2026-08-20T09:00:00Z
2024-02-18,creator_collective,154,8,781.70,109.44,2026-08-20T09:00:00Z
2024-02-18,cashback_network,98,4,346.35,34.64,2026-08-20T09:00:00Z
2024-02-18,editorial_partner,73,3,322.62,38.71,2026-08-20T09:00:00Z
2024-02-19,creator_collective,115,6,579.70,81.16,2026-08-20T09:00:00Z
2024-02-19,cashback_network,122,5,452.68,45.27,2026-08-20T09:00:00Z
2024-02-19,editorial_partner,98,4,435.33,52.24,2026-08-20T09:00:00Z
2024-02-20,creator_collective,135,7,671.16,93.96,2026-08-20T09:00:00Z
2024-02-20,cashback_network,122,5,440.21,44.02,2026-08-20T09:00:00Z
2024-02-20,editorial_partner,98,4,427.20,51.26,2026-08-20T09:00:00Z
2024-02-21,creator_collective,154,8,778.70,109.02,2026-08-20T09:00:00Z
2024-02-21,cashback_network,122,5,443.02,44.30,2026-08-20T09:00:00Z
2024-02-21,editorial_partner,98,4,433.44,52.01,2026-08-20T09:00:00Z
2024-02-22,creator_collective,135,7,662.44,92.74,2026-08-20T09:00:00Z
2024-02-22,cashback_network,98,4,354.25,35.42,2026-08-20T09:00:00Z
2024-02-22,editorial_partner,98,4,427.60,51.31,2026-08-20T09:00:00Z
2024-02-23,creator_collective,135,7,651.55,91.22,2026-08-20T09:00:00Z
2024-02-23,cashback_network,122,5,450.18,45.02,2026-08-20T09:00:00Z
2024-02-23,editorial_partner,98,4,435.65,52.28,2026-08-20T09:00:00Z
2024-02-24,creator_collective,115,6,584.78,81.87,2026-08-20T09:00:00Z
2024-02-24,cashback_network,122,5,428.41,42.84,2026-08-20T09:00:00Z
2024-02-24,editorial_partner,98,4,440.35,52.84,2026-08-20T09:00:00Z
2024-02-25,creator_collective,135,7,672.31,94.12,2026-08-20T09:00:00Z
2024-02-25,cashback_network,98,4,360.18,36.02,2026-08-20T09:00:00Z
2024-02-25,editorial_partner,73,3,332.89,39.95,2026-08-20T09:00:00Z
2024-02-26,creator_collective,135,7,657.98,92.12,2026-08-20T09:00:00Z
2024-02-26,cashback_network,98,4,339.31,33.93,2026-08-20T09:00:00Z
2024-02-26,editorial_partner,98,4,430.76,51.69,2026-08-20T09:00:00Z
2024-02-27,creator_collective,135,7,689.17,96.48,2026-08-20T09:00:00Z
2024-02-27,cashback_network,98,4,360.61,36.06,2026-08-20T09:00:00Z
2024-02-27,editorial_partner,73,3,328.28,39.39,2026-08-20T09:00:00Z
2024-02-28,creator_collective,115,6,582.44,81.54,2026-08-20T09:00:00Z
2024-02-28,cashback_network,122,5,424.46,42.45,2026-08-20T09:00:00Z
2024-02-28,editorial_partner,73,3,324.71,38.96,2026-08-20T09:00:00Z
2024-02-29,creator_collective,115,6,593.87,83.14,2026-08-20T09:00:00Z
2024-02-29,cashback_network,98,4,357.62,35.76,2026-08-20T09:00:00Z
2024-02-29,editorial_partner,73,3,318.41,38.21,2026-08-20T09:00:00Z
2024-03-01,creator_collective,115,6,555.83,77.82,2026-08-20T09:00:00Z
2024-03-01,cashback_network,122,5,428.67,42.87,2026-08-20T09:00:00Z
2024-03-01,editorial_partner,73,3,314.84,37.78,2026-08-20T09:00:00Z
2024-03-02,creator_collective,135,7,673.00,94.22,2026-08-20T09:00:00Z
2024-03-02,cashback_network,122,5,438.27,43.83,2026-08-20T09:00:00Z
2024-03-02,editorial_partner,73,3,330.50,39.66,2026-08-20T09:00:00Z
2024-03-03,creator_collective,115,6,580.21,81.23,2026-08-20T09:00:00Z
2024-03-03,cashback_network,122,5,447.19,44.72,2026-08-20T09:00:00Z
2024-03-03,editorial_partner,98,4,422.69,50.72,2026-08-20T09:00:00Z
2024-03-04,creator_collective,135,7,693.28,97.06,2026-08-20T09:00:00Z
2024-03-04,cashback_network,98,4,351.13,35.11,2026-08-20T09:00:00Z
2024-03-04,editorial_partner,73,3,326.86,39.22,2026-08-20T09:00:00Z
2024-03-05,creator_collective,135,7,668.99,93.66,2026-08-20T09:00:00Z
2024-03-05,cashback_network,122,5,439.48,43.95,2026-08-20T09:00:00Z
2024-03-05,editorial_partner,73,3,312.13,37.46,2026-08-20T09:00:00Z
2024-03-06,creator_collective,115,6,558.91,78.25,2026-08-20T09:00:00Z
2024-03-06,cashback_network,98,4,350.48,35.05,2026-08-20T09:00:00Z
2024-03-06,editorial_partner,98,4,447.69,53.72,2026-08-20T09:00:00Z
2024-03-07,creator_collective,135,7,680.57,95.28,2026-08-20T09:00:00Z
2024-03-07,cashback_network,98,4,357.29,35.73,2026-08-20T09:00:00Z
2024-03-07,editorial_partner,73,3,329.36,39.52,2026-08-20T09:00:00Z
2024-03-08,creator_collective,115,6,582.93,81.61,2026-08-20T09:00:00Z
2024-03-08,cashback_network,98,4,339.27,33.93,2026-08-20T09:00:00Z
2024-03-08,editorial_partner,73,3,335.91,40.31,2026-08-20T09:00:00Z
2024-03-09,creator_collective,115,6,592.08,82.89,2026-08-20T09:00:00Z
2024-03-09,cashback_network,98,4,350.98,35.10,2026-08-20T09:00:00Z
2024-03-09,editorial_partner,98,4,428.63,51.44,2026-08-20T09:00:00Z
2024-03-10,creator_collective,115,6,596.60,83.52,2026-08-20T09:00:00Z
2024-03-10,cashback_network,98,4,342.33,34.23,2026-08-20T09:00:00Z
2024-03-10,editorial_partner,98,4,418.23,50.19,2026-08-20T09:00:00Z
2024-03-11,creator_collective,115,6,593.50,83.09,2026-08-20T09:00:00Z
2024-03-11,cashback_network,122,5,427.12,42.71,2026-08-20T09:00:00Z
2024-03-11,editorial_partner,73,3,330.00,39.60,2026-08-20T09:00:00Z
2024-03-12,creator_collective,135,7,696.83,97.56,2026-08-20T09:00:00Z
2024-03-12,cashback_network,98,4,341.75,34.18,2026-08-20T09:00:00Z
2024-03-12,editorial_partner,98,4,423.71,50.85,2026-08-20T09:00:00Z
2024-03-13,creator_collective,135,7,656.34,91.89,2026-08-20T09:00:00Z
2024-03-13,cashback_network,98,4,344.47,34.45,2026-08-20T09:00:00Z
2024-03-13,editorial_partner,73,3,313.95,37.67,2026-08-20T09:00:00Z
2024-03-14,creator_collective,154,8,753.81,105.53,2026-08-20T09:00:00Z
2024-03-14,cashback_network,122,5,445.77,44.58,2026-08-20T09:00:00Z
2024-03-14,editorial_partner,98,4,418.01,50.16,2026-08-20T09:00:00Z
2024-03-15,creator_collective,135,7,686.72,96.14,2026-08-20T09:00:00Z
2024-03-15,cashback_network,122,5,437.46,43.75,2026-08-20T09:00:00Z
2024-03-15,editorial_partner,73,3,318.07,38.17,2026-08-20T09:00:00Z
2024-03-16,creator_collective,135,7,656.07,91.85,2026-08-20T09:00:00Z
2024-03-16,cashback_network,122,5,451.18,45.12,2026-08-20T09:00:00Z
2024-03-16,editorial_partner,73,3,322.80,38.74,2026-08-20T09:00:00Z
2024-03-17,creator_collective,135,7,655.13,91.72,2026-08-20T09:00:00Z
2024-03-17,cashback_network,98,4,361.43,36.14,2026-08-20T09:00:00Z
2024-03-17,editorial_partner,73,3,324.53,38.94,2026-08-20T09:00:00Z
2024-03-18,creator_collective,115,6,565.19,79.13,2026-08-20T09:00:00Z
2024-03-18,cashback_network,122,5,438.95,43.90,2026-08-20T09:00:00Z
2024-03-18,editorial_partner,73,3,329.19,39.50,2026-08-20T09:00:00Z
2024-03-19,creator_collective,115,6,582.96,81.61,2026-08-20T09:00:00Z
2024-03-19,cashback_network,122,5,428.53,42.85,2026-08-20T09:00:00Z
2024-03-19,editorial_partner,73,3,317.33,38.08,2026-08-20T09:00:00Z
2024-03-20,creator_collective,115,6,580.42,81.26,2026-08-20T09:00:00Z
2024-03-20,cashback_network,98,4,343.60,34.36,2026-08-20T09:00:00Z
2024-03-20,editorial_partner,73,3,313.71,37.64,2026-08-20T09:00:00Z
2024-03-21,creator_collective,135,7,688.48,96.39,2026-08-20T09:00:00Z
2024-03-21,cashback_network,98,4,346.90,34.69,2026-08-20T09:00:00Z
2024-03-21,editorial_partner,73,3,322.97,38.76,2026-08-20T09:00:00Z
2024-03-22,creator_collective,115,6,584.43,81.82,2026-08-20T09:00:00Z
2024-03-22,cashback_network,122,5,455.73,45.57,2026-08-20T09:00:00Z
2024-03-22,editorial_partner,73,3,325.80,39.10,2026-08-20T09:00:00Z
2024-03-23,creator_collective,115,6,572.22,80.11,2026-08-20T09:00:00Z
2024-03-23,cashback_network,98,4,350.79,35.08,2026-08-20T09:00:00Z
2024-03-23,editorial_partner,73,3,333.87,40.06,2026-08-20T09:00:00Z
2024-03-24,creator_collective,115,6,585.86,82.02,2026-08-20T09:00:00Z
2024-03-24,cashback_network,98,4,347.54,34.75,2026-08-20T09:00:00Z
2024-03-24,editorial_partner,73,3,314.46,37.74,2026-08-20T09:00:00Z
2024-03-25,creator_collective,135,7,662.35,92.73,2026-08-20T09:00:00Z
2024-03-25,cashback_network,98,4,339.74,33.97,2026-08-20T09:00:00Z
2024-03-25,editorial_partner,73,3,321.78,38.61,2026-08-20T09:00:00Z
2024-03-26,creator_collective,135,7,678.45,94.98,2026-08-20T09:00:00Z
2024-03-26,cashback_network,98,4,347.45,34.75,2026-08-20T09:00:00Z
2024-03-26,editorial_partner,73,3,317.65,38.12,2026-08-20T09:00:00Z
2024-03-27,creator_collective,135,7,649.19,90.89,2026-08-20T09:00:00Z
2024-03-27,cashback_network,98,4,339.14,33.91,2026-08-20T09:00:00Z
2024-03-27,editorial_partner,73,3,322.42,38.69,2026-08-20T09:00:00Z
2024-03-28,creator_collective,135,7,684.17,95.78,2026-08-20T09:00:00Z
2024-03-28,cashback_network,98,4,362.82,36.28,2026-08-20T09:00:00Z
2024-03-28,editorial_partner,73,3,326.18,39.14,2026-08-20T09:00:00Z
2024-03-29,creator_collective,115,6,553.96,77.55,2026-08-20T09:00:00Z
2024-03-29,cashback_network,98,4,362.04,36.20,2026-08-20T09:00:00Z
2024-03-29,editorial_partner,73,3,325.67,39.08,2026-08-20T09:00:00Z
2024-03-30,creator_collective,115,6,570.84,79.92,2026-08-20T09:00:00Z
2024-03-30,cashback_network,98,4,365.49,36.55,2026-08-20T09:00:00Z
2024-03-30,editorial_partner,73,3,334.57,40.15,2026-08-20T09:00:00Z
2024-03-31,creator_collective,115,6,592.43,82.94,2026-08-20T09:00:00Z
2024-03-31,cashback_network,98,4,348.51,34.85,2026-08-20T09:00:00Z
2024-03-31,editorial_partner,73,3,333.87,40.06,2026-08-20T09:00:00Z
2024-04-01,creator_collective,115,6,598.62,83.81,2026-08-20T09:00:00Z
2024-04-01,cashback_network,98,4,348.55,34.86,2026-08-20T09:00:00Z
2024-04-01,editorial_partner,73,3,313.57,37.63,2026-08-20T09:00:00Z
2024-04-02,creator_collective,135,7,670.38,93.85,2026-08-20T09:00:00Z
2024-04-02,cashback_network,98,4,357.18,35.72,2026-08-20T09:00:00Z
2024-04-02,editorial_partner,73,3,330.08,39.61,2026-08-20T09:00:00Z
2024-04-03,creator_collective,115,6,568.62,79.61,2026-08-20T09:00:00Z
2024-04-03,cashback_network,98,4,343.00,34.30,2026-08-20T09:00:00Z
2024-04-03,editorial_partner,73,3,316.30,37.96,2026-08-20T09:00:00Z
2024-04-04,creator_collective,115,6,568.56,79.60,2026-08-20T09:00:00Z
2024-04-04,cashback_network,98,4,337.95,33.79,2026-08-20T09:00:00Z
2024-04-04,editorial_partner,73,3,319.17,38.30,2026-08-20T09:00:00Z
2024-04-05,creator_collective,115,6,597.69,83.68,2026-08-20T09:00:00Z
2024-04-05,cashback_network,98,4,349.43,34.94,2026-08-20T09:00:00Z
2024-04-05,editorial_partner,73,3,336.15,40.34,2026-08-20T09:00:00Z
2024-04-06,creator_collective,135,7,653.87,91.54,2026-08-20T09:00:00Z
2024-04-06,cashback_network,98,4,343.97,34.40,2026-08-20T09:00:00Z
2024-04-06,editorial_partner,73,3,334.69,40.16,2026-08-20T09:00:00Z
2024-04-07,creator_collective,115,6,590.39,82.65,2026-08-20T09:00:00Z
2024-04-07,cashback_network,98,4,340.26,34.03,2026-08-20T09:00:00Z
2024-04-07,editorial_partner,73,3,332.63,39.92,2026-08-20T09:00:00Z
2024-04-08,creator_collective,115,6,570.31,79.84,2026-08-20T09:00:00Z
2024-04-08,cashback_network,98,4,339.72,33.97,2026-08-20T09:00:00Z
2024-04-08,editorial_partner,73,3,319.96,38.40,2026-08-20T09:00:00Z
2024-04-09,creator_collective,135,7,645.30,90.34,2026-08-20T09:00:00Z
2024-04-09,cashback_network,98,4,362.04,36.20,2026-08-20T09:00:00Z
2024-04-09,editorial_partner,73,3,335.28,40.23,2026-08-20T09:00:00Z
2024-04-10,creator_collective,135,7,653.15,91.44,2026-08-20T09:00:00Z
2024-04-10,cashback_network,98,4,356.58,35.66,2026-08-20T09:00:00Z
2024-04-10,editorial_partner,73,3,318.22,38.19,2026-08-20T09:00:00Z
2024-04-11,creator_collective,115,6,553.54,77.50,2026-08-20T09:00:00Z
2024-04-11,cashback_network,98,4,349.65,34.97,2026-08-20T09:00:00Z
2024-04-11,editorial_partner,73,3,311.61,37.39,2026-08-20T09:00:00Z
2024-04-12,creator_collective,115,6,575.84,80.62,2026-08-20T09:00:00Z
2024-04-12,cashback_network,98,4,341.28,34.13,2026-08-20T09:00:00Z
2024-04-12,editorial_partner,73,3,320.51,38.46,2026-08-20T09:00:00Z
2024-04-13,creator_collective,115,6,569.49,79.73,2026-08-20T09:00:00Z
2024-04-13,cashback_network,98,4,338.85,33.88,2026-08-20T09:00:00Z
2024-04-13,editorial_partner,73,3,327.94,39.35,2026-08-20T09:00:00Z
2024-04-14,creator_collective,115,6,579.29,81.10,2026-08-20T09:00:00Z
2024-04-14,cashback_network,122,5,437.20,43.72,2026-08-20T09:00:00Z
2024-04-14,editorial_partner,73,3,319.88,38.39,2026-08-20T09:00:00Z
2024-04-15,creator_collective,115,6,587.48,82.25,2026-08-20T09:00:00Z
2024-04-15,cashback_network,122,5,446.40,44.64,2026-08-20T09:00:00Z
2024-04-15,editorial_partner,73,3,318.38,38.21,2026-08-20T09:00:00Z
2024-04-16,creator_collective,135,7,669.50,93.73,2026-08-20T09:00:00Z
2024-04-16,cashback_network,98,4,340.82,34.08,2026-08-20T09:00:00Z
2024-04-16,editorial_partner,73,3,319.35,38.32,2026-08-20T09:00:00Z
2024-04-17,creator_collective,115,6,559.68,78.36,2026-08-20T09:00:00Z
2024-04-17,cashback_network,98,4,341.92,34.19,2026-08-20T09:00:00Z
2024-04-17,editorial_partner,73,3,335.38,40.25,2026-08-20T09:00:00Z
2024-04-18,creator_collective,96,5,491.54,68.82,2026-08-20T09:00:00Z
2024-04-18,cashback_network,98,4,341.27,34.13,2026-08-20T09:00:00Z
2024-04-18,editorial_partner,73,3,319.02,38.28,2026-08-20T09:00:00Z
2024-04-19,creator_collective,115,6,584.03,81.76,2026-08-20T09:00:00Z
2024-04-19,cashback_network,98,4,357.07,35.71,2026-08-20T09:00:00Z
2024-04-19,editorial_partner,73,3,332.87,39.94,2026-08-20T09:00:00Z
2024-04-20,creator_collective,115,6,558.52,78.19,2026-08-20T09:00:00Z
2024-04-20,cashback_network,98,4,342.98,34.30,2026-08-20T09:00:00Z
2024-04-20,editorial_partner,73,3,311.90,37.43,2026-08-20T09:00:00Z
2024-04-21,creator_collective,115,6,569.07,79.67,2026-08-20T09:00:00Z
2024-04-21,cashback_network,98,4,348.76,34.88,2026-08-20T09:00:00Z
2024-04-21,editorial_partner,73,3,331.69,39.80,2026-08-20T09:00:00Z
2024-04-22,creator_collective,96,5,472.01,66.08,2026-08-20T09:00:00Z
2024-04-22,cashback_network,98,4,340.00,34.00,2026-08-20T09:00:00Z
2024-04-22,editorial_partner,73,3,311.71,37.41,2026-08-20T09:00:00Z
2024-04-23,creator_collective,96,5,495.83,69.42,2026-08-20T09:00:00Z
2024-04-23,cashback_network,98,4,361.88,36.19,2026-08-20T09:00:00Z
2024-04-23,editorial_partner,73,3,333.78,40.05,2026-08-20T09:00:00Z
2024-04-24,creator_collective,115,6,581.22,81.37,2026-08-20T09:00:00Z
2024-04-24,cashback_network,98,4,350.93,35.09,2026-08-20T09:00:00Z
2024-04-24,editorial_partner,73,3,336.48,40.38,2026-08-20T09:00:00Z
2024-04-25,creator_collective,96,5,463.24,64.85,2026-08-20T09:00:00Z
2024-04-25,cashback_network,73,3,267.87,26.79,2026-08-20T09:00:00Z
2024-04-25,editorial_partner,73,3,314.13,37.70,2026-08-20T09:00:00Z
2024-04-26,creator_collective,115,6,579.22,81.09,2026-08-20T09:00:00Z
2024-04-26,cashback_network,98,4,364.25,36.42,2026-08-20T09:00:00Z
2024-04-26,editorial_partner,73,3,326.78,39.21,2026-08-20T09:00:00Z
2024-04-27,creator_collective,115,6,587.12,82.20,2026-08-20T09:00:00Z
2024-04-27,cashback_network,98,4,363.62,36.36,2026-08-20T09:00:00Z
2024-04-27,editorial_partner,73,3,320.65,38.48,2026-08-20T09:00:00Z
2024-04-28,creator_collective,115,6,594.38,83.21,2026-08-20T09:00:00Z
2024-04-28,cashback_network,98,4,357.66,35.77,2026-08-20T09:00:00Z
2024-04-28,editorial_partner,73,3,333.16,39.98,2026-08-20T09:00:00Z
2024-04-29,creator_collective,115,6,579.15,81.08,2026-08-20T09:00:00Z
2024-04-29,cashback_network,98,4,359.56,35.96,2026-08-20T09:00:00Z
2024-04-29,editorial_partner,73,3,312.03,37.44,2026-08-20T09:00:00Z
2024-04-30,creator_collective,115,6,565.63,79.19,2026-08-20T09:00:00Z
2024-04-30,cashback_network,98,4,343.03,34.30,2026-08-20T09:00:00Z
2024-04-30,editorial_partner,73,3,333.08,39.97,2026-08-20T09:00:00Z
2024-05-01,creator_collective,115,6,569.43,79.72,2026-08-20T09:00:00Z
2024-05-01,cashback_network,98,4,351.48,35.15,2026-08-20T09:00:00Z
2024-05-01,editorial_partner,73,3,319.60,38.35,2026-08-20T09:00:00Z
2024-05-02,creator_collective,115,6,566.50,79.31,2026-08-20T09:00:00Z
2024-05-02,cashback_network,98,4,362.27,36.23,2026-08-20T09:00:00Z
2024-05-02,editorial_partner,73,3,332.00,39.84,2026-08-20T09:00:00Z
2024-05-03,creator_collective,96,5,465.07,65.11,2026-08-20T09:00:00Z
2024-05-03,cashback_network,98,4,341.98,34.20,2026-08-20T09:00:00Z
2024-05-03,editorial_partner,73,3,324.47,38.94,2026-08-20T09:00:00Z
2024-05-04,creator_collective,96,5,472.04,66.09,2026-08-20T09:00:00Z
2024-05-04,cashback_network,98,4,351.61,35.16,2026-08-20T09:00:00Z
2024-05-04,editorial_partner,73,3,331.74,39.81,2026-08-20T09:00:00Z
2024-05-05,creator_collective,115,6,584.37,81.81,2026-08-20T09:00:00Z
2024-05-05,cashback_network,98,4,339.51,33.95,2026-08-20T09:00:00Z
2024-05-05,editorial_partner,73,3,323.01,38.76,2026-08-20T09:00:00Z
2024-05-06,creator_collective,115,6,588.71,82.42,2026-08-20T09:00:00Z
2024-05-06,cashback_network,98,4,363.25,36.32,2026-08-20T09:00:00Z
2024-05-06,editorial_partner,73,3,317.12,38.05,2026-08-20T09:00:00Z
2024-05-07,creator_collective,115,6,592.13,82.90,2026-08-20T09:00:00Z
2024-05-07,cashback_network,98,4,342.43,34.24,2026-08-20T09:00:00Z
2024-05-07,editorial_partner,73,3,313.61,37.63,2026-08-20T09:00:00Z
2024-05-08,creator_collective,96,5,494.52,69.23,2026-08-20T09:00:00Z
2024-05-08,cashback_network,98,4,356.38,35.64,2026-08-20T09:00:00Z
2024-05-08,editorial_partner,73,3,329.19,39.50,2026-08-20T09:00:00Z
2024-05-09,creator_collective,115,6,554.97,77.70,2026-08-20T09:00:00Z
2024-05-09,cashback_network,98,4,363.27,36.33,2026-08-20T09:00:00Z
2024-05-09,editorial_partner,73,3,322.83,38.74,2026-08-20T09:00:00Z
2024-05-10,creator_collective,115,6,569.38,79.71,2026-08-20T09:00:00Z
2024-05-10,cashback_network,98,4,349.05,34.90,2026-08-20T09:00:00Z
2024-05-10,editorial_partner,73,3,319.85,38.38,2026-08-20T09:00:00Z
2024-05-11,creator_collective,96,5,487.35,68.23,2026-08-20T09:00:00Z
2024-05-11,cashback_network,73,3,253.57,25.36,2026-08-20T09:00:00Z
2024-05-11,editorial_partner,73,3,311.74,37.41,2026-08-20T09:00:00Z
2024-05-12,creator_collective,115,6,573.36,80.27,2026-08-20T09:00:00Z
2024-05-12,cashback_network,73,3,260.42,26.04,2026-08-20T09:00:00Z
2024-05-12,editorial_partner,73,3,331.62,39.79,2026-08-20T09:00:00Z
2024-05-13,creator_collective,115,6,579.31,81.10,2026-08-20T09:00:00Z
2024-05-13,cashback_network,98,4,343.11,34.31,2026-08-20T09:00:00Z
2024-05-13,editorial_partner,73,3,312.95,37.55,2026-08-20T09:00:00Z
2024-05-14,creator_collective,115,6,563.86,78.94,2026-08-20T09:00:00Z
2024-05-14,cashback_network,122,5,440.55,44.05,2026-08-20T09:00:00Z
2024-05-14,editorial_partner,73,3,318.31,38.20,2026-08-20T09:00:00Z
2024-05-15,creator_collective,115,6,562.24,78.71,2026-08-20T09:00:00Z
2024-05-15,cashback_network,98,4,351.51,35.15,2026-08-20T09:00:00Z
2024-05-15,editorial_partner,73,3,323.39,38.81,2026-08-20T09:00:00Z
2024-05-16,creator_collective,135,7,672.65,94.17,2026-08-20T09:00:00Z
2024-05-16,cashback_network,98,4,358.63,35.86,2026-08-20T09:00:00Z
2024-05-16,editorial_partner,73,3,314.16,37.70,2026-08-20T09:00:00Z
2024-05-17,creator_collective,96,5,462.88,64.80,2026-08-20T09:00:00Z
2024-05-17,cashback_network,98,4,341.56,34.16,2026-08-20T09:00:00Z
2024-05-17,editorial_partner,73,3,317.95,38.15,2026-08-20T09:00:00Z
2024-05-18,creator_collective,115,6,595.26,83.34,2026-08-20T09:00:00Z
2024-05-18,cashback_network,98,4,356.90,35.69,2026-08-20T09:00:00Z
2024-05-18,editorial_partner,73,3,334.39,40.13,2026-08-20T09:00:00Z
2024-05-19,creator_collective,115,6,583.38,81.67,2026-08-20T09:00:00Z
2024-05-19,cashback_network,98,4,366.03,36.60,2026-08-20T09:00:00Z
2024-05-19,editorial_partner,73,3,327.35,39.28,2026-08-20T09:00:00Z
2024-05-20,creator_collective,115,6,570.78,79.91,2026-08-20T09:00:00Z
2024-05-20,cashback_network,98,4,359.19,35.92,2026-08-20T09:00:00Z
2024-05-20,editorial_partner,73,3,329.91,39.59,2026-08-20T09:00:00Z
2024-05-21,creator_collective,96,5,484.59,67.84,2026-08-20T09:00:00Z
2024-05-21,cashback_network,98,4,338.31,33.83,2026-08-20T09:00:00Z
2024-05-21,editorial_partner,73,3,320.14,38.42,2026-08-20T09:00:00Z
2024-05-22,creator_collective,115,6,585.09,81.91,2026-08-20T09:00:00Z
2024-05-22,cashback_network,98,4,358.84,35.88,2026-08-20T09:00:00Z
2024-05-22,editorial_partner,73,3,327.89,39.35,2026-08-20T09:00:00Z
2024-05-23,creator_collective,96,5,496.45,69.50,2026-08-20T09:00:00Z
2024-05-23,cashback_network,98,4,364.18,36.42,2026-08-20T09:00:00Z
2024-05-23,editorial_partner,73,3,331.53,39.78,2026-08-20T09:00:00Z
2024-05-24,creator_collective,115,6,578.78,81.03,2026-08-20T09:00:00Z
2024-05-24,cashback_network,98,4,354.16,35.42,2026-08-20T09:00:00Z
2024-05-24,editorial_partner,73,3,335.37,40.24,2026-08-20T09:00:00Z
2024-05-25,creator_collective,96,5,492.90,69.01,2026-08-20T09:00:00Z
2024-05-25,cashback_network,98,4,359.23,35.92,2026-08-20T09:00:00Z
2024-05-25,editorial_partner,73,3,328.67,39.44,2026-08-20T09:00:00Z
2024-05-26,creator_collective,115,6,558.55,78.20,2026-08-20T09:00:00Z
2024-05-26,cashback_network,98,4,345.80,34.58,2026-08-20T09:00:00Z
2024-05-26,editorial_partner,73,3,312.26,37.47,2026-08-20T09:00:00Z
2024-05-27,creator_collective,115,6,573.43,80.28,2026-08-20T09:00:00Z
2024-05-27,cashback_network,98,4,342.63,34.26,2026-08-20T09:00:00Z
2024-05-27,editorial_partner,73,3,313.77,37.65,2026-08-20T09:00:00Z
2024-05-28,creator_collective,115,6,592.71,82.98,2026-08-20T09:00:00Z
2024-05-28,cashback_network,98,4,351.19,35.12,2026-08-20T09:00:00Z
2024-05-28,editorial_partner,73,3,336.91,40.43,2026-08-20T09:00:00Z
2024-05-29,creator_collective,115,6,557.68,78.08,2026-08-20T09:00:00Z
2024-05-29,cashback_network,98,4,358.69,35.87,2026-08-20T09:00:00Z
2024-05-29,editorial_partner,73,3,314.00,37.68,2026-08-20T09:00:00Z
2024-05-30,creator_collective,115,6,573.79,80.33,2026-08-20T09:00:00Z
2024-05-30,cashback_network,98,4,358.34,35.83,2026-08-20T09:00:00Z
2024-05-30,editorial_partner,73,3,311.54,37.39,2026-08-20T09:00:00Z
2024-05-31,creator_collective,115,6,595.76,83.41,2026-08-20T09:00:00Z
2024-05-31,cashback_network,98,4,345.72,34.57,2026-08-20T09:00:00Z
2024-05-31,editorial_partner,73,3,323.45,38.81,2026-08-20T09:00:00Z
2024-06-01,creator_collective,115,6,568.16,79.54,2026-08-20T09:00:00Z
2024-06-01,cashback_network,98,4,346.96,34.70,2026-08-20T09:00:00Z
2024-06-01,editorial_partner,73,3,323.32,38.80,2026-08-20T09:00:00Z
2024-06-02,creator_collective,96,5,472.81,66.19,2026-08-20T09:00:00Z
2024-06-02,cashback_network,73,3,262.12,26.21,2026-08-20T09:00:00Z
2024-06-02,editorial_partner,73,3,325.05,39.01,2026-08-20T09:00:00Z
2024-06-03,creator_collective,115,6,588.69,82.42,2026-08-20T09:00:00Z
2024-06-03,cashback_network,98,4,339.69,33.97,2026-08-20T09:00:00Z
2024-06-03,editorial_partner,73,3,323.23,38.79,2026-08-20T09:00:00Z
2024-06-04,creator_collective,96,5,493.41,69.08,2026-08-20T09:00:00Z
2024-06-04,cashback_network,98,4,363.67,36.37,2026-08-20T09:00:00Z
2024-06-04,editorial_partner,73,3,315.36,37.84,2026-08-20T09:00:00Z
2024-06-05,creator_collective,96,5,464.78,65.07,2026-08-20T09:00:00Z
2024-06-05,cashback_network,98,4,358.98,35.90,2026-08-20T09:00:00Z
2024-06-05,editorial_partner,73,3,326.59,39.19,2026-08-20T09:00:00Z
2024-06-06,creator_collective,115,6,590.42,82.66,2026-08-20T09:00:00Z
2024-06-06,cashback_network,98,4,357.69,35.77,2026-08-20T09:00:00Z
2024-06-06,editorial_partner,73,3,316.25,37.95,2026-08-20T09:00:00Z
2024-06-07,creator_collective,96,5,485.25,67.93,2026-08-20T09:00:00Z
2024-06-07,cashback_network,98,4,359.14,35.91,2026-08-20T09:00:00Z
2024-06-07,editorial_partner,73,3,332.79,39.93,2026-08-20T09:00:00Z
2024-06-08,creator_collective,115,6,587.78,82.29,2026-08-20T09:00:00Z
2024-06-08,cashback_network,98,4,351.14,35.11,2026-08-20T09:00:00Z
2024-06-08,editorial_partner,73,3,314.95,37.79,2026-08-20T09:00:00Z
2024-06-09,creator_collective,115,6,596.49,83.51,2026-08-20T09:00:00Z
2024-06-09,cashback_network,98,4,342.86,34.29,2026-08-20T09:00:00Z
2024-06-09,editorial_partner,73,3,334.65,40.16,2026-08-20T09:00:00Z
2024-06-10,creator_collective,115,6,567.42,79.44,2026-08-20T09:00:00Z
2024-06-10,cashback_network,98,4,357.28,35.73,2026-08-20T09:00:00Z
2024-06-10,editorial_partner,73,3,317.72,38.13,2026-08-20T09:00:00Z
2024-06-11,creator_collective,115,6,578.16,80.94,2026-08-20T09:00:00Z
2024-06-11,cashback_network,98,4,349.41,34.94,2026-08-20T09:00:00Z
2024-06-11,editorial_partner,73,3,321.12,38.53,2026-08-20T09:00:00Z
2024-06-12,creator_collective,115,6,573.29,80.26,2026-08-20T09:00:00Z
2024-06-12,cashback_network,98,4,349.64,34.96,2026-08-20T09:00:00Z
2024-06-12,editorial_partner,73,3,323.32,38.80,2026-08-20T09:00:00Z
2024-06-13,creator_collective,115,6,576.69,80.74,2026-08-20T09:00:00Z
2024-06-13,cashback_network,98,4,354.38,35.44,2026-08-20T09:00:00Z
2024-06-13,editorial_partner,73,3,332.94,39.95,2026-08-20T09:00:00Z
2024-06-14,creator_collective,135,7,697.83,97.70,2026-08-20T09:00:00Z
2024-06-14,cashback_network,122,5,450.84,45.08,2026-08-20T09:00:00Z
2024-06-14,editorial_partner,73,3,314.85,37.78,2026-08-20T09:00:00Z
2024-06-15,creator_collective,135,7,663.14,92.84,2026-08-20T09:00:00Z
2024-06-15,cashback_network,98,4,342.41,34.24,2026-08-20T09:00:00Z
2024-06-15,editorial_partner,73,3,316.82,38.02,2026-08-20T09:00:00Z
2024-06-16,creator_collective,135,7,695.99,97.44,2026-08-20T09:00:00Z
2024-06-16,cashback_network,98,4,350.20,35.02,2026-08-20T09:00:00Z
2024-06-16,editorial_partner,73,3,312.57,37.51,2026-08-20T09:00:00Z
2024-06-17,creator_collective,115,6,572.49,80.15,2026-08-20T09:00:00Z
2024-06-17,cashback_network,98,4,353.82,35.38,2026-08-20T09:00:00Z
2024-06-17,editorial_partner,73,3,336.50,40.38,2026-08-20T09:00:00Z
2024-06-18,creator_collective,115,6,559.08,78.27,2026-08-20T09:00:00Z
2024-06-18,cashback_network,98,4,342.79,34.28,2026-08-20T09:00:00Z
2024-06-18,editorial_partner,73,3,313.96,37.68,2026-08-20T09:00:00Z
2024-06-19,creator_collective,115,6,577.85,80.90,2026-08-20T09:00:00Z
2024-06-19,cashback_network,98,4,360.55,36.05,2026-08-20T09:00:00Z
2024-06-19,editorial_partner,73,3,318.48,38.22,2026-08-20T09:00:00Z
2024-06-20,creator_collective,115,6,553.13,77.44,2026-08-20T09:00:00Z
2024-06-20,cashback_network,98,4,352.00,35.20,2026-08-20T09:00:00Z
2024-06-20,editorial_partner,73,3,327.19,39.26,2026-08-20T09:00:00Z
2024-06-21,creator_collective,115,6,554.35,77.61,2026-08-20T09:00:00Z
2024-06-21,cashback_network,98,4,360.32,36.03,2026-08-20T09:00:00Z
2024-06-21,editorial_partner,73,3,320.23,38.43,2026-08-20T09:00:00Z
2024-06-22,creator_collective,115,6,571.44,80.00,2026-08-20T09:00:00Z
2024-06-22,cashback_network,98,4,342.02,34.20,2026-08-20T09:00:00Z
2024-06-22,editorial_partner,73,3,331.98,39.84,2026-08-20T09:00:00Z
2024-06-23,creator_collective,115,6,584.15,81.78,2026-08-20T09:00:00Z
2024-06-23,cashback_network,98,4,346.36,34.64,2026-08-20T09:00:00Z
2024-06-23,editorial_partner,73,3,317.50,38.10,2026-08-20T09:00:00Z
2024-06-24,creator_collective,96,5,466.02,65.24,2026-08-20T09:00:00Z
2024-06-24,cashback_network,98,4,362.15,36.21,2026-08-20T09:00:00Z
2024-06-24,editorial_partner,73,3,333.18,39.98,2026-08-20T09:00:00Z
2024-06-25,creator_collective,115,6,573.14,80.24,2026-08-20T09:00:00Z
2024-06-25,cashback_network,98,4,364.57,36.46,2026-08-20T09:00:00Z
2024-06-25,editorial_partner,73,3,328.51,39.42,2026-08-20T09:00:00Z
2024-06-26,creator_collective,115,6,583.71,81.72,2026-08-20T09:00:00Z
2024-06-26,cashback_network,98,4,340.49,34.05,2026-08-20T09:00:00Z
2024-06-26,editorial_partner,73,3,315.69,37.88,2026-08-20T09:00:00Z
2024-06-27,creator_collective,115,6,556.99,77.98,2026-08-20T09:00:00Z
2024-06-27,cashback_network,98,4,348.99,34.90,2026-08-20T09:00:00Z
2024-06-27,editorial_partner,73,3,325.42,39.05,2026-08-20T09:00:00Z
2024-06-28,creator_collective,135,7,667.13,93.40,2026-08-20T09:00:00Z
2024-06-28,cashback_network,98,4,359.58,35.96,2026-08-20T09:00:00Z
2024-06-28,editorial_partner,73,3,322.87,38.74,2026-08-20T09:00:00Z
2024-06-29,creator_collective,115,6,578.89,81.04,2026-08-20T09:00:00Z
2024-06-29,cashback_network,98,4,363.12,36.31,2026-08-20T09:00:00Z
2024-06-29,editorial_partner,73,3,330.73,39.69,2026-08-20T09:00:00Z
2024-06-30,creator_collective,115,6,569.02,79.66,2026-08-20T09:00:00Z
2024-06-30,cashback_network,98,4,361.35,36.14,2026-08-20T09:00:00Z
2024-06-30,editorial_partner,73,3,312.46,37.50,2026-08-20T09:00:00Z
2024-07-01,creator_collective,154,8,785.62,109.99,2026-08-20T09:00:00Z
2024-07-01,cashback_network,122,5,429.95,42.99,2026-08-20T09:00:00Z
2024-07-01,editorial_partner,98,4,429.74,51.57,2026-08-20T09:00:00Z
2024-07-02,creator_collective,135,7,658.47,92.19,2026-08-20T09:00:00Z
2024-07-02,cashback_network,122,5,434.22,43.42,2026-08-20T09:00:00Z
2024-07-02,editorial_partner,73,3,317.50,38.10,2026-08-20T09:00:00Z
2024-07-03,creator_collective,135,7,680.75,95.30,2026-08-20T09:00:00Z
2024-07-03,cashback_network,122,5,423.27,42.33,2026-08-20T09:00:00Z
2024-07-03,editorial_partner,73,3,312.68,37.52,2026-08-20T09:00:00Z
2024-07-04,creator_collective,115,6,586.10,82.05,2026-08-20T09:00:00Z
2024-07-04,cashback_network,122,5,426.35,42.63,2026-08-20T09:00:00Z
2024-07-04,editorial_partner,98,4,434.92,52.19,2026-08-20T09:00:00Z
2024-07-05,creator_collective,135,7,683.56,95.70,2026-08-20T09:00:00Z
2024-07-05,cashback_network,122,5,437.52,43.75,2026-08-20T09:00:00Z
2024-07-05,editorial_partner,98,4,424.20,50.90,2026-08-20T09:00:00Z
2024-07-06,creator_collective,115,6,575.17,80.52,2026-08-20T09:00:00Z
2024-07-06,cashback_network,98,4,346.54,34.65,2026-08-20T09:00:00Z
2024-07-06,editorial_partner,73,3,311.63,37.40,2026-08-20T09:00:00Z
2024-07-07,creator_collective,135,7,676.63,94.73,2026-08-20T09:00:00Z
2024-07-07,cashback_network,98,4,360.98,36.10,2026-08-20T09:00:00Z
2024-07-07,editorial_partner,73,3,319.04,38.29,2026-08-20T09:00:00Z
2024-07-08,creator_collective,115,6,580.28,81.24,2026-08-20T09:00:00Z
2024-07-08,cashback_network,98,4,341.04,34.10,2026-08-20T09:00:00Z
2024-07-08,editorial_partner,73,3,324.60,38.95,2026-08-20T09:00:00Z
2024-07-09,creator_collective,115,6,573.36,80.27,2026-08-20T09:00:00Z
2024-07-09,cashback_network,122,5,444.29,44.43,2026-08-20T09:00:00Z
2024-07-09,editorial_partner,73,3,324.97,39.00,2026-08-20T09:00:00Z
2024-07-10,creator_collective,115,6,573.83,80.34,2026-08-20T09:00:00Z
2024-07-10,cashback_network,98,4,354.80,35.48,2026-08-20T09:00:00Z
2024-07-10,editorial_partner,73,3,327.79,39.33,2026-08-20T09:00:00Z
2024-07-11,creator_collective,115,6,558.11,78.14,2026-08-20T09:00:00Z
2024-07-11,cashback_network,98,4,348.06,34.81,2026-08-20T09:00:00Z
2024-07-11,editorial_partner,73,3,321.27,38.55,2026-08-20T09:00:00Z
2024-07-12,creator_collective,135,7,697.14,97.60,2026-08-20T09:00:00Z
2024-07-12,cashback_network,98,4,352.98,35.30,2026-08-20T09:00:00Z
2024-07-12,editorial_partner,73,3,314.02,37.68,2026-08-20T09:00:00Z
2024-07-13,creator_collective,135,7,671.79,94.05,2026-08-20T09:00:00Z
2024-07-13,cashback_network,98,4,362.71,36.27,2026-08-20T09:00:00Z
2024-07-13,editorial_partner,73,3,323.56,38.83,2026-08-20T09:00:00Z
2024-07-14,creator_collective,135,7,673.47,94.29,2026-08-20T09:00:00Z
2024-07-14,cashback_network,122,5,454.14,45.41,2026-08-20T09:00:00Z
2024-07-14,editorial_partner,73,3,320.74,38.49,2026-08-20T09:00:00Z
2024-07-15,creator_collective,135,7,685.45,95.96,2026-08-20T09:00:00Z
2024-07-15,cashback_network,98,4,342.63,34.26,2026-08-20T09:00:00Z
2024-07-15,editorial_partner,98,4,436.38,52.37,2026-08-20T09:00:00Z
2024-07-16,creator_collective,135,7,670.50,93.87,2026-08-20T09:00:00Z
2024-07-16,cashback_network,122,5,453.69,45.37,2026-08-20T09:00:00Z
2024-07-16,editorial_partner,98,4,448.13,53.78,2026-08-20T09:00:00Z
2024-07-17,creator_collective,115,6,566.26,79.28,2026-08-20T09:00:00Z
2024-07-17,cashback_network,122,5,450.50,45.05,2026-08-20T09:00:00Z
2024-07-17,editorial_partner,73,3,335.26,40.23,2026-08-20T09:00:00Z
2024-07-18,creator_collective,115,6,573.37,80.27,2026-08-20T09:00:00Z
2024-07-18,cashback_network,122,5,444.65,44.46,2026-08-20T09:00:00Z
2024-07-18,editorial_partner,73,3,324.27,38.91,2026-08-20T09:00:00Z
2024-07-19,creator_collective,115,6,587.05,82.19,2026-08-20T09:00:00Z
2024-07-19,cashback_network,122,5,425.77,42.58,2026-08-20T09:00:00Z
2024-07-19,editorial_partner,73,3,319.64,38.36,2026-08-20T09:00:00Z
2024-07-20,creator_collective,135,7,662.77,92.79,2026-08-20T09:00:00Z
2024-07-20,cashback_network,98,4,348.31,34.83,2026-08-20T09:00:00Z
2024-07-20,editorial_partner,73,3,326.16,39.14,2026-08-20T09:00:00Z
2024-07-21,creator_collective,135,7,687.10,96.19,2026-08-20T09:00:00Z
2024-07-21,cashback_network,98,4,360.01,36.00,2026-08-20T09:00:00Z
2024-07-21,editorial_partner,73,3,328.72,39.45,2026-08-20T09:00:00Z
2024-07-22,creator_collective,115,6,598.89,83.84,2026-08-20T09:00:00Z
2024-07-22,cashback_network,98,4,358.22,35.82,2026-08-20T09:00:00Z
2024-07-22,editorial_partner,73,3,317.37,38.08,2026-08-20T09:00:00Z
2024-07-23,creator_collective,135,7,668.78,93.63,2026-08-20T09:00:00Z
2024-07-23,cashback_network,98,4,356.89,35.69,2026-08-20T09:00:00Z
2024-07-23,editorial_partner,73,3,313.95,37.67,2026-08-20T09:00:00Z
2024-07-24,creator_collective,135,7,662.59,92.76,2026-08-20T09:00:00Z
2024-07-24,cashback_network,98,4,343.14,34.31,2026-08-20T09:00:00Z
2024-07-24,editorial_partner,73,3,331.44,39.77,2026-08-20T09:00:00Z
2024-07-25,creator_collective,135,7,648.38,90.77,2026-08-20T09:00:00Z
2024-07-25,cashback_network,98,4,342.99,34.30,2026-08-20T09:00:00Z
2024-07-25,editorial_partner,73,3,330.87,39.70,2026-08-20T09:00:00Z
2024-07-26,creator_collective,135,7,690.60,96.68,2026-08-20T09:00:00Z
2024-07-26,cashback_network,98,4,340.52,34.05,2026-08-20T09:00:00Z
2024-07-26,editorial_partner,73,3,328.92,39.47,2026-08-20T09:00:00Z
2024-07-27,creator_collective,135,7,687.40,96.24,2026-08-20T09:00:00Z
2024-07-27,cashback_network,122,5,430.30,43.03,2026-08-20T09:00:00Z
2024-07-27,editorial_partner,73,3,311.69,37.40,2026-08-20T09:00:00Z
2024-07-28,creator_collective,135,7,663.53,92.89,2026-08-20T09:00:00Z
2024-07-28,cashback_network,98,4,340.44,34.04,2026-08-20T09:00:00Z
2024-07-28,editorial_partner,73,3,336.54,40.38,2026-08-20T09:00:00Z
2024-07-29,creator_collective,115,6,582.71,81.58,2026-08-20T09:00:00Z
2024-07-29,cashback_network,122,5,456.03,45.60,2026-08-20T09:00:00Z
2024-07-29,editorial_partner,73,3,316.01,37.92,2026-08-20T09:00:00Z
2024-07-30,creator_collective,135,7,659.74,92.36,2026-08-20T09:00:00Z
2024-07-30,cashback_network,122,5,455.74,45.57,2026-08-20T09:00:00Z
2024-07-30,editorial_partner,73,3,312.99,37.56,2026-08-20T09:00:00Z
2024-07-31,creator_collective,135,7,694.00,97.16,2026-08-20T09:00:00Z
2024-07-31,cashback_network,98,4,342.26,34.23,2026-08-20T09:00:00Z
2024-07-31,editorial_partner,98,4,438.06,52.57,2026-08-20T09:00:00Z
2024-08-01,creator_collective,135,7,697.77,97.69,2026-08-20T09:00:00Z
2024-08-01,cashback_network,98,4,354.25,35.43,2026-08-20T09:00:00Z
2024-08-01,editorial_partner,73,3,316.08,37.93,2026-08-20T09:00:00Z
2024-08-02,creator_collective,115,6,597.41,83.64,2026-08-20T09:00:00Z
2024-08-02,cashback_network,122,5,423.09,42.31,2026-08-20T09:00:00Z
2024-08-02,editorial_partner,73,3,322.89,38.75,2026-08-20T09:00:00Z
2024-08-03,creator_collective,135,7,691.07,96.75,2026-08-20T09:00:00Z
2024-08-03,cashback_network,122,5,446.54,44.65,2026-08-20T09:00:00Z
2024-08-03,editorial_partner,73,3,322.20,38.66,2026-08-20T09:00:00Z
2024-08-04,creator_collective,135,7,656.92,91.97,2026-08-20T09:00:00Z
2024-08-04,cashback_network,122,5,442.84,44.28,2026-08-20T09:00:00Z
2024-08-04,editorial_partner,73,3,322.00,38.64,2026-08-20T09:00:00Z
2024-08-05,creator_collective,115,6,582.55,81.56,2026-08-20T09:00:00Z
2024-08-05,cashback_network,122,5,439.50,43.95,2026-08-20T09:00:00Z
2024-08-05,editorial_partner,73,3,311.67,37.40,2026-08-20T09:00:00Z
2024-08-06,creator_collective,115,6,553.93,77.55,2026-08-20T09:00:00Z
2024-08-06,cashback_network,98,4,343.76,34.38,2026-08-20T09:00:00Z
2024-08-06,editorial_partner,73,3,328.57,39.43,2026-08-20T09:00:00Z
2024-08-07,creator_collective,115,6,581.13,81.36,2026-08-20T09:00:00Z
2024-08-07,cashback_network,98,4,342.11,34.21,2026-08-20T09:00:00Z
2024-08-07,editorial_partner,73,3,313.82,37.66,2026-08-20T09:00:00Z
2024-08-08,creator_collective,135,7,655.31,91.74,2026-08-20T09:00:00Z
2024-08-08,cashback_network,98,4,351.83,35.18,2026-08-20T09:00:00Z
2024-08-08,editorial_partner,73,3,334.48,40.14,2026-08-20T09:00:00Z
2024-08-09,creator_collective,115,6,589.66,82.55,2026-08-20T09:00:00Z
2024-08-09,cashback_network,98,4,357.31,35.73,2026-08-20T09:00:00Z
2024-08-09,editorial_partner,73,3,334.64,40.16,2026-08-20T09:00:00Z
2024-08-10,creator_collective,135,7,647.84,90.70,2026-08-20T09:00:00Z
2024-08-10,cashback_network,122,5,429.82,42.98,2026-08-20T09:00:00Z
2024-08-10,editorial_partner,73,3,329.74,39.57,2026-08-20T09:00:00Z
2024-08-11,creator_collective,135,7,674.32,94.41,2026-08-20T09:00:00Z
2024-08-11,cashback_network,98,4,351.41,35.14,2026-08-20T09:00:00Z
2024-08-11,editorial_partner,73,3,335.00,40.20,2026-08-20T09:00:00Z
2024-08-12,creator_collective,135,7,671.24,93.97,2026-08-20T09:00:00Z
2024-08-12,cashback_network,98,4,358.37,35.84,2026-08-20T09:00:00Z
2024-08-12,editorial_partner,98,4,447.02,53.64,2026-08-20T09:00:00Z
2024-08-13,creator_collective,115,6,570.65,79.89,2026-08-20T09:00:00Z
2024-08-13,cashback_network,122,5,436.45,43.64,2026-08-20T09:00:00Z
2024-08-13,editorial_partner,73,3,332.41,39.89,2026-08-20T09:00:00Z
2024-08-14,creator_collective,135,7,648.96,90.85,2026-08-20T09:00:00Z
2024-08-14,cashback_network,122,5,434.44,43.44,2026-08-20T09:00:00Z
2024-08-14,editorial_partner,98,4,421.23,50.55,2026-08-20T09:00:00Z
2024-08-15,creator_collective,173,9,864.56,121.04,2026-08-20T09:00:00Z
2024-08-15,cashback_network,122,5,434.91,43.49,2026-08-20T09:00:00Z
2024-08-15,editorial_partner,98,4,447.21,53.66,2026-08-20T09:00:00Z
2024-08-16,creator_collective,173,9,853.01,119.42,2026-08-20T09:00:00Z
2024-08-16,cashback_network,122,5,438.69,43.87,2026-08-20T09:00:00Z
2024-08-16,editorial_partner,98,4,449.05,53.89,2026-08-20T09:00:00Z
2024-08-17,creator_collective,135,7,695.31,97.34,2026-08-20T09:00:00Z
2024-08-17,cashback_network,122,5,446.64,44.66,2026-08-20T09:00:00Z
2024-08-17,editorial_partner,73,3,326.11,39.13,2026-08-20T09:00:00Z
2024-08-18,creator_collective,135,7,696.57,97.52,2026-08-20T09:00:00Z
2024-08-18,cashback_network,98,4,349.32,34.93,2026-08-20T09:00:00Z
2024-08-18,editorial_partner,73,3,319.90,38.39,2026-08-20T09:00:00Z
2024-08-19,creator_collective,154,8,771.01,107.94,2026-08-20T09:00:00Z
2024-08-19,cashback_network,122,5,432.29,43.23,2026-08-20T09:00:00Z
2024-08-19,editorial_partner,73,3,321.77,38.61,2026-08-20T09:00:00Z
2024-08-20,creator_collective,115,6,567.74,79.48,2026-08-20T09:00:00Z
2024-08-20,cashback_network,98,4,348.58,34.86,2026-08-20T09:00:00Z
2024-08-20,editorial_partner,73,3,330.39,39.65,2026-08-20T09:00:00Z
2024-08-21,creator_collective,154,8,796.72,111.54,2026-08-20T09:00:00Z
2024-08-21,cashback_network,122,5,454.97,45.50,2026-08-20T09:00:00Z
2024-08-21,editorial_partner,98,4,422.88,50.75,2026-08-20T09:00:00Z
2024-08-22,creator_collective,135,7,694.51,97.23,2026-08-20T09:00:00Z
2024-08-22,cashback_network,122,5,431.62,43.16,2026-08-20T09:00:00Z
2024-08-22,editorial_partner,98,4,431.20,51.74,2026-08-20T09:00:00Z
2024-08-23,creator_collective,115,6,597.24,83.61,2026-08-20T09:00:00Z
2024-08-23,cashback_network,122,5,444.91,44.49,2026-08-20T09:00:00Z
2024-08-23,editorial_partner,98,4,445.56,53.47,2026-08-20T09:00:00Z
2024-08-24,creator_collective,135,7,691.53,96.81,2026-08-20T09:00:00Z
2024-08-24,cashback_network,122,5,451.42,45.14,2026-08-20T09:00:00Z
2024-08-24,editorial_partner,73,3,330.75,39.69,2026-08-20T09:00:00Z
2024-08-25,creator_collective,135,7,658.10,92.13,2026-08-20T09:00:00Z
2024-08-25,cashback_network,122,5,454.07,45.41,2026-08-20T09:00:00Z
2024-08-25,editorial_partner,98,4,416.85,50.02,2026-08-20T09:00:00Z
2024-08-26,creator_collective,154,8,776.97,108.78,2026-08-20T09:00:00Z
2024-08-26,cashback_network,98,4,364.69,36.47,2026-08-20T09:00:00Z
2024-08-26,editorial_partner,73,3,323.58,38.83,2026-08-20T09:00:00Z
2024-08-27,creator_collective,135,7,668.65,93.61,2026-08-20T09:00:00Z
2024-08-27,cashback_network,98,4,365.51,36.55,2026-08-20T09:00:00Z
2024-08-27,editorial_partner,73,3,323.68,38.84,2026-08-20T09:00:00Z
2024-08-28,creator_collective,135,7,650.10,91.01,2026-08-20T09:00:00Z
2024-08-28,cashback_network,122,5,430.16,43.02,2026-08-20T09:00:00Z
2024-08-28,editorial_partner,98,4,431.42,51.77,2026-08-20T09:00:00Z
2024-08-29,creator_collective,135,7,660.26,92.44,2026-08-20T09:00:00Z
2024-08-29,cashback_network,122,5,433.18,43.32,2026-08-20T09:00:00Z
2024-08-29,editorial_partner,73,3,330.87,39.70,2026-08-20T09:00:00Z
2024-08-30,creator_collective,135,7,676.60,94.72,2026-08-20T09:00:00Z
2024-08-30,cashback_network,122,5,432.43,43.24,2026-08-20T09:00:00Z
2024-08-30,editorial_partner,98,4,442.82,53.14,2026-08-20T09:00:00Z
2024-08-31,creator_collective,135,7,657.66,92.07,2026-08-20T09:00:00Z
2024-08-31,cashback_network,98,4,361.51,36.15,2026-08-20T09:00:00Z
2024-08-31,editorial_partner,98,4,420.24,50.43,2026-08-20T09:00:00Z
2024-09-01,creator_collective,154,8,772.52,108.15,2026-08-20T09:00:00Z
2024-09-01,cashback_network,122,5,426.41,42.64,2026-08-20T09:00:00Z
2024-09-01,editorial_partner,73,3,332.94,39.95,2026-08-20T09:00:00Z
2024-09-02,creator_collective,154,8,783.69,109.72,2026-08-20T09:00:00Z
2024-09-02,cashback_network,122,5,452.07,45.21,2026-08-20T09:00:00Z
2024-09-02,editorial_partner,98,4,418.94,50.27,2026-08-20T09:00:00Z
2024-09-03,creator_collective,135,7,680.31,95.24,2026-08-20T09:00:00Z
2024-09-03,cashback_network,122,5,440.69,44.07,2026-08-20T09:00:00Z
2024-09-03,editorial_partner,98,4,441.07,52.93,2026-08-20T09:00:00Z
2024-09-04,creator_collective,154,8,742.28,103.92,2026-08-20T09:00:00Z
2024-09-04,cashback_network,98,4,360.36,36.04,2026-08-20T09:00:00Z
2024-09-04,editorial_partner,98,4,442.74,53.13,2026-08-20T09:00:00Z
2024-09-05,creator_collective,154,8,784.90,109.89,2026-08-20T09:00:00Z
2024-09-05,cashback_network,122,5,429.05,42.90,2026-08-20T09:00:00Z
2024-09-05,editorial_partner,98,4,421.46,50.58,2026-08-20T09:00:00Z
2024-09-06,creator_collective,135,7,680.56,95.28,2026-08-20T09:00:00Z
2024-09-06,cashback_network,122,5,430.06,43.01,2026-08-20T09:00:00Z
2024-09-06,editorial_partner,98,4,420.31,50.44,2026-08-20T09:00:00Z
2024-09-07,creator_collective,135,7,672.17,94.10,2026-08-20T09:00:00Z
2024-09-07,cashback_network,122,5,428.75,42.87,2026-08-20T09:00:00Z
2024-09-07,editorial_partner,98,4,429.33,51.52,2026-08-20T09:00:00Z
2024-09-08,creator_collective,135,7,645.30,90.34,2026-08-20T09:00:00Z
2024-09-08,cashback_network,122,5,435.34,43.53,2026-08-20T09:00:00Z
2024-09-08,editorial_partner,98,4,446.03,53.52,2026-08-20T09:00:00Z
2024-09-09,creator_collective,154,8,792.43,110.94,2026-08-20T09:00:00Z
2024-09-09,cashback_network,122,5,423.57,42.36,2026-08-20T09:00:00Z
2024-09-09,editorial_partner,98,4,432.13,51.86,2026-08-20T09:00:00Z
2024-09-10,creator_collective,135,7,653.17,91.44,2026-08-20T09:00:00Z
2024-09-10,cashback_network,122,5,454.44,45.44,2026-08-20T09:00:00Z
2024-09-10,editorial_partner,98,4,419.52,50.34,2026-08-20T09:00:00Z
2024-09-11,creator_collective,135,7,657.95,92.11,2026-08-20T09:00:00Z
2024-09-11,cashback_network,122,5,436.37,43.64,2026-08-20T09:00:00Z
2024-09-11,editorial_partner,98,4,449.11,53.89,2026-08-20T09:00:00Z
2024-09-12,creator_collective,135,7,661.42,92.60,2026-08-20T09:00:00Z
2024-09-12,cashback_network,122,5,441.55,44.15,2026-08-20T09:00:00Z
2024-09-12,editorial_partner,73,3,317.54,38.10,2026-08-20T09:00:00Z
2024-09-13,creator_collective,135,7,676.81,94.75,2026-08-20T09:00:00Z
2024-09-13,cashback_network,122,5,436.51,43.65,2026-08-20T09:00:00Z
2024-09-13,editorial_partner,98,4,437.62,52.51,2026-08-20T09:00:00Z
2024-09-14,creator_collective,154,8,758.52,106.19,2026-08-20T09:00:00Z
2024-09-14,cashback_network,122,5,429.98,43.00,2026-08-20T09:00:00Z
2024-09-14,editorial_partner,122,5,525.42,63.05,2026-08-20T09:00:00Z
2024-09-15,creator_collective,173,9,860.47,120.47,2026-08-20T09:00:00Z
2024-09-15,cashback_network,122,5,425.34,42.53,2026-08-20T09:00:00Z
2024-09-15,editorial_partner,98,4,438.85,52.66,2026-08-20T09:00:00Z
2024-09-16,creator_collective,173,9,895.25,125.34,2026-08-20T09:00:00Z
2024-09-16,cashback_network,122,5,446.78,44.68,2026-08-20T09:00:00Z
2024-09-16,editorial_partner,98,4,414.90,49.79,2026-08-20T09:00:00Z
2024-09-17,creator_collective,135,7,695.69,97.40,2026-08-20T09:00:00Z
2024-09-17,cashback_network,146,6,511.26,51.13,2026-08-20T09:00:00Z
2024-09-17,editorial_partner,98,4,416.40,49.97,2026-08-20T09:00:00Z
2024-09-18,creator_collective,154,8,782.05,109.49,2026-08-20T09:00:00Z
2024-09-18,cashback_network,122,5,424.74,42.47,2026-08-20T09:00:00Z
2024-09-18,editorial_partner,98,4,428.00,51.36,2026-08-20T09:00:00Z
2024-09-19,creator_collective,173,9,866.78,121.35,2026-08-20T09:00:00Z
2024-09-19,cashback_network,146,6,528.79,52.88,2026-08-20T09:00:00Z
2024-09-19,editorial_partner,98,4,427.40,51.29,2026-08-20T09:00:00Z
2024-09-20,creator_collective,154,8,738.07,103.33,2026-08-20T09:00:00Z
2024-09-20,cashback_network,146,6,526.26,52.63,2026-08-20T09:00:00Z
2024-09-20,editorial_partner,98,4,440.69,52.88,2026-08-20T09:00:00Z
2024-09-21,creator_collective,135,7,652.29,91.32,2026-08-20T09:00:00Z
2024-09-21,cashback_network,122,5,431.06,43.11,2026-08-20T09:00:00Z
2024-09-21,editorial_partner,98,4,422.88,50.75,2026-08-20T09:00:00Z
2024-09-22,creator_collective,173,9,845.39,118.35,2026-08-20T09:00:00Z
2024-09-22,cashback_network,122,5,443.87,44.39,2026-08-20T09:00:00Z
2024-09-22,editorial_partner,98,4,436.04,52.32,2026-08-20T09:00:00Z
2024-09-23,creator_collective,154,8,742.66,103.97,2026-08-20T09:00:00Z
2024-09-23,cashback_network,122,5,429.51,42.95,2026-08-20T09:00:00Z
2024-09-23,editorial_partner,98,4,426.08,51.13,2026-08-20T09:00:00Z
2024-09-24,creator_collective,154,8,793.45,111.08,2026-08-20T09:00:00Z
2024-09-24,cashback_network,146,6,508.28,50.83,2026-08-20T09:00:00Z
2024-09-24,editorial_partner,98,4,428.13,51.38,2026-08-20T09:00:00Z
2024-09-25,creator_collective,154,8,756.78,105.95,2026-08-20T09:00:00Z
2024-09-25,cashback_network,122,5,430.98,43.10,2026-08-20T09:00:00Z
2024-09-25,editorial_partner,98,4,419.56,50.35,2026-08-20T09:00:00Z
2024-09-26,creator_collective,173,9,864.41,121.02,2026-08-20T09:00:00Z
2024-09-26,cashback_network,122,5,452.30,45.23,2026-08-20T09:00:00Z
2024-09-26,editorial_partner,98,4,432.21,51.87,2026-08-20T09:00:00Z
2024-09-27,creator_collective,173,9,842.06,117.89,2026-08-20T09:00:00Z
2024-09-27,cashback_network,122,5,440.12,44.01,2026-08-20T09:00:00Z
2024-09-27,editorial_partner,98,4,417.96,50.16,2026-08-20T09:00:00Z
2024-09-28,creator_collective,154,8,765.11,107.12,2026-08-20T09:00:00Z
2024-09-28,cashback_network,146,6,539.11,53.91,2026-08-20T09:00:00Z
2024-09-28,editorial_partner,98,4,435.41,52.25,2026-08-20T09:00:00Z
2024-09-29,creator_collective,173,9,842.09,117.89,2026-08-20T09:00:00Z
2024-09-29,cashback_network,146,6,513.50,51.35,2026-08-20T09:00:00Z
2024-09-29,editorial_partner,98,4,429.87,51.58,2026-08-20T09:00:00Z
2024-09-30,creator_collective,173,9,833.49,116.69,2026-08-20T09:00:00Z
2024-09-30,cashback_network,146,6,546.11,54.61,2026-08-20T09:00:00Z
2024-09-30,editorial_partner,98,4,432.18,51.86,2026-08-20T09:00:00Z
2024-10-01,creator_collective,135,7,659.61,92.35,2026-08-20T09:00:00Z
2024-10-01,cashback_network,122,5,456.85,45.68,2026-08-20T09:00:00Z
2024-10-01,editorial_partner,98,4,426.54,51.18,2026-08-20T09:00:00Z
2024-10-02,creator_collective,173,9,839.56,117.54,2026-08-20T09:00:00Z
2024-10-02,cashback_network,122,5,457.35,45.73,2026-08-20T09:00:00Z
2024-10-02,editorial_partner,98,4,446.24,53.55,2026-08-20T09:00:00Z
2024-10-03,creator_collective,173,9,850.47,119.07,2026-08-20T09:00:00Z
2024-10-03,cashback_network,122,5,450.77,45.08,2026-08-20T09:00:00Z
2024-10-03,editorial_partner,98,4,428.45,51.41,2026-08-20T09:00:00Z
2024-10-04,creator_collective,154,8,789.45,110.52,2026-08-20T09:00:00Z
2024-10-04,cashback_network,122,5,425.99,42.60,2026-08-20T09:00:00Z
2024-10-04,editorial_partner,98,4,426.76,51.21,2026-08-20T09:00:00Z
2024-10-05,creator_collective,154,8,750.04,105.01,2026-08-20T09:00:00Z
2024-10-05,cashback_network,146,6,526.32,52.63,2026-08-20T09:00:00Z
2024-10-05,editorial_partner,98,4,439.61,52.75,2026-08-20T09:00:00Z
2024-10-06,creator_collective,173,9,845.15,118.32,2026-08-20T09:00:00Z
2024-10-06,cashback_network,122,5,429.18,42.92,2026-08-20T09:00:00Z
2024-10-06,editorial_partner,98,4,420.42,50.45,2026-08-20T09:00:00Z
2024-10-07,creator_collective,154,8,746.94,104.57,2026-08-20T09:00:00Z
2024-10-07,cashback_network,146,6,533.64,53.36,2026-08-20T09:00:00Z
2024-10-07,editorial_partner,98,4,439.87,52.78,2026-08-20T09:00:00Z
2024-10-08,creator_collective,154,8,749.56,104.94,2026-08-20T09:00:00Z
2024-10-08,cashback_network,122,5,426.72,42.67,2026-08-20T09:00:00Z
2024-10-08,editorial_partner,98,4,446.87,53.62,2026-08-20T09:00:00Z
2024-10-09,creator_collective,173,9,838.45,117.38,2026-08-20T09:00:00Z
2024-10-09,cashback_network,122,5,438.45,43.84,2026-08-20T09:00:00Z
2024-10-09,editorial_partner,98,4,428.13,51.38,2026-08-20T09:00:00Z
2024-10-10,creator_collective,135,7,680.16,95.22,2026-08-20T09:00:00Z
2024-10-10,cashback_network,122,5,442.52,44.25,2026-08-20T09:00:00Z
2024-10-10,editorial_partner,98,4,427.29,51.27,2026-08-20T09:00:00Z
2024-10-11,creator_collective,154,8,745.60,104.38,2026-08-20T09:00:00Z
2024-10-11,cashback_network,146,6,512.41,51.24,2026-08-20T09:00:00Z
2024-10-11,editorial_partner,98,4,431.56,51.79,2026-08-20T09:00:00Z
2024-10-12,creator_collective,173,9,885.61,123.99,2026-08-20T09:00:00Z
2024-10-12,cashback_network,146,6,524.87,52.49,2026-08-20T09:00:00Z
2024-10-12,editorial_partner,98,4,442.62,53.11,2026-08-20T09:00:00Z
2024-10-13,creator_collective,154,8,749.29,104.90,2026-08-20T09:00:00Z
2024-10-13,cashback_network,122,5,457.21,45.72,2026-08-20T09:00:00Z
2024-10-13,editorial_partner,98,4,432.86,51.94,2026-08-20T09:00:00Z
2024-10-14,creator_collective,154,8,790.27,110.64,2026-08-20T09:00:00Z
2024-10-14,cashback_network,171,7,594.62,59.46,2026-08-20T09:00:00Z
2024-10-14,editorial_partner,122,5,556.24,66.75,2026-08-20T09:00:00Z
2024-10-15,creator_collective,173,9,855.11,119.72,2026-08-20T09:00:00Z
2024-10-15,cashback_network,171,7,595.30,59.53,2026-08-20T09:00:00Z
2024-10-15,editorial_partner,122,5,544.81,65.38,2026-08-20T09:00:00Z
2024-10-16,creator_collective,154,8,740.13,103.62,2026-08-20T09:00:00Z
2024-10-16,cashback_network,146,6,518.93,51.89,2026-08-20T09:00:00Z
2024-10-16,editorial_partner,98,4,445.78,53.49,2026-08-20T09:00:00Z
2024-10-17,creator_collective,173,9,877.21,122.81,2026-08-20T09:00:00Z
2024-10-17,cashback_network,146,6,529.46,52.95,2026-08-20T09:00:00Z
2024-10-17,editorial_partner,98,4,436.52,52.38,2026-08-20T09:00:00Z
2024-10-18,creator_collective,154,8,767.88,107.50,2026-08-20T09:00:00Z
2024-10-18,cashback_network,122,5,447.35,44.73,2026-08-20T09:00:00Z
2024-10-18,editorial_partner,98,4,415.57,49.87,2026-08-20T09:00:00Z
2024-10-19,creator_collective,173,9,835.78,117.01,2026-08-20T09:00:00Z
2024-10-19,cashback_network,146,6,518.33,51.83,2026-08-20T09:00:00Z
2024-10-19,editorial_partner,98,4,419.60,50.35,2026-08-20T09:00:00Z
2024-10-20,creator_collective,154,8,755.82,105.81,2026-08-20T09:00:00Z
2024-10-20,cashback_network,146,6,516.95,51.70,2026-08-20T09:00:00Z
2024-10-20,editorial_partner,98,4,425.04,51.01,2026-08-20T09:00:00Z
2024-10-21,creator_collective,154,8,757.09,105.99,2026-08-20T09:00:00Z
2024-10-21,cashback_network,146,6,515.58,51.56,2026-08-20T09:00:00Z
2024-10-21,editorial_partner,98,4,444.49,53.34,2026-08-20T09:00:00Z
2024-10-22,creator_collective,173,9,829.59,116.14,2026-08-20T09:00:00Z
2024-10-22,cashback_network,146,6,530.99,53.10,2026-08-20T09:00:00Z
2024-10-22,editorial_partner,98,4,434.45,52.13,2026-08-20T09:00:00Z
2024-10-23,creator_collective,154,8,767.53,107.45,2026-08-20T09:00:00Z
2024-10-23,cashback_network,146,6,531.03,53.10,2026-08-20T09:00:00Z
2024-10-23,editorial_partner,98,4,442.56,53.11,2026-08-20T09:00:00Z
2024-10-24,creator_collective,173,9,867.55,121.46,2026-08-20T09:00:00Z
2024-10-24,cashback_network,146,6,543.21,54.32,2026-08-20T09:00:00Z
2024-10-24,editorial_partner,98,4,447.80,53.74,2026-08-20T09:00:00Z
2024-10-25,creator_collective,154,8,749.41,104.92,2026-08-20T09:00:00Z
2024-10-25,cashback_network,146,6,530.41,53.04,2026-08-20T09:00:00Z
2024-10-25,editorial_partner,98,4,438.73,52.65,2026-08-20T09:00:00Z
2024-10-26,creator_collective,154,8,758.13,106.14,2026-08-20T09:00:00Z
2024-10-26,cashback_network,146,6,531.20,53.12,2026-08-20T09:00:00Z
2024-10-26,editorial_partner,98,4,417.98,50.16,2026-08-20T09:00:00Z
2024-10-27,creator_collective,154,8,739.95,103.59,2026-08-20T09:00:00Z
2024-10-27,cashback_network,146,6,507.59,50.76,2026-08-20T09:00:00Z
2024-10-27,editorial_partner,98,4,426.47,51.18,2026-08-20T09:00:00Z
2024-10-28,creator_collective,154,8,788.26,110.36,2026-08-20T09:00:00Z
2024-10-28,cashback_network,122,5,439.92,43.99,2026-08-20T09:00:00Z
2024-10-28,editorial_partner,98,4,433.51,52.02,2026-08-20T09:00:00Z
2024-10-29,creator_collective,173,9,886.69,124.14,2026-08-20T09:00:00Z
2024-10-29,cashback_network,146,6,543.89,54.39,2026-08-20T09:00:00Z
2024-10-29,editorial_partner,98,4,430.43,51.65,2026-08-20T09:00:00Z
2024-10-30,creator_collective,173,9,875.93,122.63,2026-08-20T09:00:00Z
2024-10-30,cashback_network,146,6,521.29,52.13,2026-08-20T09:00:00Z
2024-10-30,editorial_partner,98,4,421.33,50.56,2026-08-20T09:00:00Z
2024-10-31,creator_collective,154,8,776.53,108.71,2026-08-20T09:00:00Z
2024-10-31,cashback_network,146,6,516.29,51.63,2026-08-20T09:00:00Z
2024-10-31,editorial_partner,98,4,426.78,51.21,2026-08-20T09:00:00Z
2024-11-01,creator_collective,154,8,795.64,111.39,2026-08-20T09:00:00Z
2024-11-01,cashback_network,146,6,533.65,53.36,2026-08-20T09:00:00Z
2024-11-01,editorial_partner,98,4,425.98,51.12,2026-08-20T09:00:00Z
2024-11-02,creator_collective,154,8,744.01,104.16,2026-08-20T09:00:00Z
2024-11-02,cashback_network,146,6,521.09,52.11,2026-08-20T09:00:00Z
2024-11-02,editorial_partner,98,4,422.29,50.67,2026-08-20T09:00:00Z
2024-11-03,creator_collective,173,9,847.64,118.67,2026-08-20T09:00:00Z
2024-11-03,cashback_network,146,6,528.60,52.86,2026-08-20T09:00:00Z
2024-11-03,editorial_partner,98,4,433.90,52.07,2026-08-20T09:00:00Z
2024-11-04,creator_collective,173,9,860.26,120.44,2026-08-20T09:00:00Z
2024-11-04,cashback_network,146,6,548.80,54.88,2026-08-20T09:00:00Z
2024-11-04,editorial_partner,122,5,547.89,65.75,2026-08-20T09:00:00Z
2024-11-05,creator_collective,173,9,890.78,124.71,2026-08-20T09:00:00Z
2024-11-05,cashback_network,146,6,508.71,50.87,2026-08-20T09:00:00Z
2024-11-05,editorial_partner,122,5,543.23,65.19,2026-08-20T09:00:00Z
2024-11-06,creator_collective,154,8,778.70,109.02,2026-08-20T09:00:00Z
2024-11-06,cashback_network,146,6,521.33,52.13,2026-08-20T09:00:00Z
2024-11-06,editorial_partner,122,5,529.51,63.54,2026-08-20T09:00:00Z
2024-11-07,creator_collective,154,8,787.50,110.25,2026-08-20T09:00:00Z
2024-11-07,cashback_network,146,6,533.39,53.34,2026-08-20T09:00:00Z
2024-11-07,editorial_partner,98,4,431.17,51.74,2026-08-20T09:00:00Z
2024-11-08,creator_collective,154,8,748.49,104.79,2026-08-20T09:00:00Z
2024-11-08,cashback_network,122,5,453.08,45.31,2026-08-20T09:00:00Z
2024-11-08,editorial_partner,98,4,435.56,52.27,2026-08-20T09:00:00Z
2024-11-09,creator_collective,154,8,763.50,106.89,2026-08-20T09:00:00Z
2024-11-09,cashback_network,146,6,527.47,52.75,2026-08-20T09:00:00Z
2024-11-09,editorial_partner,98,4,422.20,50.66,2026-08-20T09:00:00Z
2024-11-10,creator_collective,192,10,928.78,130.03,2026-08-20T09:00:00Z
2024-11-10,cashback_network,122,5,444.44,44.44,2026-08-20T09:00:00Z
2024-11-10,editorial_partner,98,4,420.16,50.42,2026-08-20T09:00:00Z
2024-11-11,creator_collective,154,8,755.20,105.73,2026-08-20T09:00:00Z
2024-11-11,cashback_network,122,5,429.77,42.98,2026-08-20T09:00:00Z
2024-11-11,editorial_partner,98,4,430.15,51.62,2026-08-20T09:00:00Z
2024-11-12,creator_collective,173,9,841.36,117.79,2026-08-20T09:00:00Z
2024-11-12,cashback_network,146,6,515.00,51.50,2026-08-20T09:00:00Z
2024-11-12,editorial_partner,98,4,430.07,51.61,2026-08-20T09:00:00Z
2024-11-13,creator_collective,154,8,797.17,111.60,2026-08-20T09:00:00Z
2024-11-13,cashback_network,122,5,444.25,44.43,2026-08-20T09:00:00Z
2024-11-13,editorial_partner,98,4,444.32,53.32,2026-08-20T09:00:00Z
2024-11-14,creator_collective,173,9,852.23,119.31,2026-08-20T09:00:00Z
2024-11-14,cashback_network,171,7,626.76,62.68,2026-08-20T09:00:00Z
2024-11-14,editorial_partner,122,5,558.49,67.02,2026-08-20T09:00:00Z
2024-11-15,creator_collective,173,9,863.30,120.86,2026-08-20T09:00:00Z
2024-11-15,cashback_network,171,7,612.19,61.22,2026-08-20T09:00:00Z
2024-11-15,editorial_partner,98,4,427.56,51.31,2026-08-20T09:00:00Z
2024-11-16,creator_collective,173,9,839.31,117.50,2026-08-20T09:00:00Z
2024-11-16,cashback_network,171,7,638.69,63.87,2026-08-20T09:00:00Z
2024-11-16,editorial_partner,98,4,421.15,50.54,2026-08-20T09:00:00Z
2024-11-17,creator_collective,154,8,742.18,103.91,2026-08-20T09:00:00Z
2024-11-17,cashback_network,146,6,533.75,53.37,2026-08-20T09:00:00Z
2024-11-17,editorial_partner,98,4,439.79,52.77,2026-08-20T09:00:00Z
2024-11-18,creator_collective,154,8,760.45,106.46,2026-08-20T09:00:00Z
2024-11-18,cashback_network,146,6,544.58,54.46,2026-08-20T09:00:00Z
2024-11-18,editorial_partner,98,4,437.20,52.46,2026-08-20T09:00:00Z
2024-11-19,creator_collective,192,10,925.79,129.61,2026-08-20T09:00:00Z
2024-11-19,cashback_network,146,6,529.91,52.99,2026-08-20T09:00:00Z
2024-11-19,editorial_partner,98,4,424.16,50.90,2026-08-20T09:00:00Z
2024-11-20,creator_collective,231,12,1185.39,165.95,2026-08-20T09:00:00Z
2024-11-20,cashback_network,171,7,600.39,60.04,2026-08-20T09:00:00Z
2024-11-20,editorial_partner,122,5,541.79,65.02,2026-08-20T09:00:00Z
2024-11-21,creator_collective,212,11,1086.82,152.15,2026-08-20T09:00:00Z
2024-11-21,cashback_network,195,8,710.00,71.00,2026-08-20T09:00:00Z
2024-11-21,editorial_partner,146,6,627.48,75.30,2026-08-20T09:00:00Z
2024-11-22,creator_collective,212,11,1031.56,144.42,2026-08-20T09:00:00Z
2024-11-22,cashback_network,195,8,700.46,70.05,2026-08-20T09:00:00Z
2024-11-22,editorial_partner,146,6,646.89,77.63,2026-08-20T09:00:00Z
2024-11-23,creator_collective,231,12,1141.80,159.85,2026-08-20T09:00:00Z
2024-11-23,cashback_network,171,7,614.21,61.42,2026-08-20T09:00:00Z
2024-11-23,editorial_partner,146,6,634.11,76.09,2026-08-20T09:00:00Z
2024-11-24,creator_collective,231,12,1108.57,155.20,2026-08-20T09:00:00Z
2024-11-24,cashback_network,195,8,683.78,68.38,2026-08-20T09:00:00Z
2024-11-24,editorial_partner,146,6,673.66,80.84,2026-08-20T09:00:00Z
2024-11-25,creator_collective,231,12,1124.11,157.38,2026-08-20T09:00:00Z
2024-11-25,cashback_network,195,8,723.26,72.33,2026-08-20T09:00:00Z
2024-11-25,editorial_partner,122,5,544.83,65.38,2026-08-20T09:00:00Z
2024-11-26,creator_collective,231,12,1171.50,164.01,2026-08-20T09:00:00Z
2024-11-26,cashback_network,195,8,709.87,70.99,2026-08-20T09:00:00Z
2024-11-26,editorial_partner,122,5,531.17,63.74,2026-08-20T09:00:00Z
2024-11-27,creator_collective,250,13,1200.84,168.12,2026-08-20T09:00:00Z
2024-11-27,cashback_network,171,7,600.74,60.07,2026-08-20T09:00:00Z
2024-11-27,editorial_partner,146,6,649.33,77.92,2026-08-20T09:00:00Z
2024-11-28,creator_collective,212,11,1073.48,150.29,2026-08-20T09:00:00Z
2024-11-28,cashback_network,171,7,596.71,59.67,2026-08-20T09:00:00Z
2024-11-28,editorial_partner,146,6,645.54,77.46,2026-08-20T09:00:00Z
2024-11-29,creator_collective,250,13,1202.17,168.30,2026-08-20T09:00:00Z
2024-11-29,cashback_network,195,8,715.01,71.50,2026-08-20T09:00:00Z
2024-11-29,editorial_partner,146,6,666.55,79.99,2026-08-20T09:00:00Z
2024-11-30,creator_collective,250,13,1255.80,175.81,2026-08-20T09:00:00Z
2024-11-30,cashback_network,195,8,688.83,68.88,2026-08-20T09:00:00Z
2024-11-30,editorial_partner,146,6,644.60,77.35,2026-08-20T09:00:00Z
2024-12-01,creator_collective,231,12,1130.45,158.26,2026-08-20T09:00:00Z
2024-12-01,cashback_network,171,7,624.14,62.41,2026-08-20T09:00:00Z
2024-12-01,editorial_partner,146,6,632.85,75.94,2026-08-20T09:00:00Z
2024-12-02,creator_collective,192,10,924.78,129.47,2026-08-20T09:00:00Z
2024-12-02,cashback_network,171,7,628.22,62.82,2026-08-20T09:00:00Z
2024-12-02,editorial_partner,146,6,624.71,74.97,2026-08-20T09:00:00Z
2024-12-03,creator_collective,231,12,1140.55,159.68,2026-08-20T09:00:00Z
2024-12-03,cashback_network,171,7,633.18,63.32,2026-08-20T09:00:00Z
2024-12-03,editorial_partner,122,5,518.99,62.28,2026-08-20T09:00:00Z
2024-12-04,creator_collective,192,10,997.24,139.61,2026-08-20T09:00:00Z
2024-12-04,cashback_network,195,8,676.14,67.61,2026-08-20T09:00:00Z
2024-12-04,editorial_partner,122,5,546.76,65.61,2026-08-20T09:00:00Z
2024-12-05,creator_collective,212,11,1061.33,148.59,2026-08-20T09:00:00Z
2024-12-05,cashback_network,195,8,677.48,67.75,2026-08-20T09:00:00Z
2024-12-05,editorial_partner,122,5,546.54,65.58,2026-08-20T09:00:00Z
2024-12-06,creator_collective,192,10,945.97,132.44,2026-08-20T09:00:00Z
2024-12-06,cashback_network,171,7,611.57,61.16,2026-08-20T09:00:00Z
2024-12-06,editorial_partner,146,6,672.54,80.70,2026-08-20T09:00:00Z
2024-12-07,creator_collective,231,12,1107.07,154.99,2026-08-20T09:00:00Z
2024-12-07,cashback_network,195,8,717.01,71.70,2026-08-20T09:00:00Z
2024-12-07,editorial_partner,146,6,625.82,75.10,2026-08-20T09:00:00Z
2024-12-08,creator_collective,212,11,1023.64,143.31,2026-08-20T09:00:00Z
2024-12-08,cashback_network,171,7,602.90,60.29,2026-08-20T09:00:00Z
2024-12-08,editorial_partner,122,5,531.79,63.81,2026-08-20T09:00:00Z
2024-12-09,creator_collective,231,12,1167.92,163.51,2026-08-20T09:00:00Z
2024-12-09,cashback_network,171,7,639.12,63.91,2026-08-20T09:00:00Z
2024-12-09,editorial_partner,146,6,628.48,75.42,2026-08-20T09:00:00Z
2024-12-10,creator_collective,192,10,982.50,137.55,2026-08-20T09:00:00Z
2024-12-10,cashback_network,171,7,636.37,63.64,2026-08-20T09:00:00Z
2024-12-10,editorial_partner,122,5,549.39,65.93,2026-08-20T09:00:00Z
2024-12-11,creator_collective,231,12,1127.24,157.81,2026-08-20T09:00:00Z
2024-12-11,cashback_network,171,7,600.45,60.04,2026-08-20T09:00:00Z
2024-12-11,editorial_partner,146,6,624.08,74.89,2026-08-20T09:00:00Z
2024-12-12,creator_collective,212,11,1016.68,142.33,2026-08-20T09:00:00Z
2024-12-12,cashback_network,171,7,638.50,63.85,2026-08-20T09:00:00Z
2024-12-12,editorial_partner,146,6,656.16,78.74,2026-08-20T09:00:00Z
2024-12-13,creator_collective,212,11,1061.06,148.55,2026-08-20T09:00:00Z
2024-12-13,cashback_network,195,8,679.52,67.95,2026-08-20T09:00:00Z
2024-12-13,editorial_partner,122,5,558.85,67.06,2026-08-20T09:00:00Z
2024-12-14,creator_collective,212,11,1079.87,151.18,2026-08-20T09:00:00Z
2024-12-14,cashback_network,195,8,727.92,72.79,2026-08-20T09:00:00Z
2024-12-14,editorial_partner,122,5,547.06,65.65,2026-08-20T09:00:00Z
2024-12-15,creator_collective,231,12,1149.07,160.87,2026-08-20T09:00:00Z
2024-12-15,cashback_network,171,7,609.05,60.91,2026-08-20T09:00:00Z
2024-12-15,editorial_partner,146,6,661.33,79.36,2026-08-20T09:00:00Z
2024-12-16,creator_collective,231,12,1133.24,158.65,2026-08-20T09:00:00Z
2024-12-16,cashback_network,195,8,727.81,72.78,2026-08-20T09:00:00Z
2024-12-16,editorial_partner,122,5,537.46,64.49,2026-08-20T09:00:00Z
2024-12-17,creator_collective,212,11,1066.90,149.37,2026-08-20T09:00:00Z
2024-12-17,cashback_network,171,7,620.71,62.07,2026-08-20T09:00:00Z
2024-12-17,editorial_partner,122,5,553.85,66.46,2026-08-20T09:00:00Z
2024-12-18,creator_collective,212,11,1024.13,143.38,2026-08-20T09:00:00Z
2024-12-18,cashback_network,171,7,640.32,64.03,2026-08-20T09:00:00Z
2024-12-18,editorial_partner,122,5,560.14,67.22,2026-08-20T09:00:00Z
2024-12-19,creator_collective,154,8,769.54,107.74,2026-08-20T09:00:00Z
2024-12-19,cashback_network,146,6,540.44,54.04,2026-08-20T09:00:00Z
2024-12-19,editorial_partner,98,4,445.56,53.47,2026-08-20T09:00:00Z
2024-12-20,creator_collective,154,8,740.30,103.64,2026-08-20T09:00:00Z
2024-12-20,cashback_network,122,5,427.27,42.73,2026-08-20T09:00:00Z
2024-12-20,editorial_partner,98,4,442.59,53.11,2026-08-20T09:00:00Z
2024-12-21,creator_collective,192,10,984.37,137.81,2026-08-20T09:00:00Z
2024-12-21,cashback_network,146,6,509.26,50.93,2026-08-20T09:00:00Z
2024-12-21,editorial_partner,98,4,443.13,53.18,2026-08-20T09:00:00Z
2024-12-22,creator_collective,192,10,946.68,132.54,2026-08-20T09:00:00Z
2024-12-22,cashback_network,122,5,428.73,42.87,2026-08-20T09:00:00Z
2024-12-22,editorial_partner,98,4,448.52,53.82,2026-08-20T09:00:00Z
2024-12-23,creator_collective,173,9,840.80,117.71,2026-08-20T09:00:00Z
2024-12-23,cashback_network,122,5,432.93,43.29,2026-08-20T09:00:00Z
2024-12-23,editorial_partner,122,5,535.15,64.22,2026-08-20T09:00:00Z
2024-12-24,creator_collective,192,10,990.23,138.63,2026-08-20T09:00:00Z
2024-12-24,cashback_network,146,6,544.48,54.45,2026-08-20T09:00:00Z
2024-12-24,editorial_partner,98,4,436.98,52.44,2026-08-20T09:00:00Z
2024-12-25,creator_collective,154,8,757.25,106.01,2026-08-20T09:00:00Z
2024-12-25,cashback_network,122,5,445.81,44.58,2026-08-20T09:00:00Z
2024-12-25,editorial_partner,98,4,447.08,53.65,2026-08-20T09:00:00Z
2024-12-26,creator_collective,173,9,893.34,125.07,2026-08-20T09:00:00Z
2024-12-26,cashback_network,122,5,433.48,43.35,2026-08-20T09:00:00Z
2024-12-26,editorial_partner,122,5,522.68,62.72,2026-08-20T09:00:00Z
2024-12-27,creator_collective,173,9,841.95,117.87,2026-08-20T09:00:00Z
2024-12-27,cashback_network,122,5,433.06,43.31,2026-08-20T09:00:00Z
2024-12-27,editorial_partner,98,4,432.54,51.91,2026-08-20T09:00:00Z
2024-12-28,creator_collective,173,9,898.25,125.75,2026-08-20T09:00:00Z
2024-12-28,cashback_network,146,6,542.31,54.23,2026-08-20T09:00:00Z
2024-12-28,editorial_partner,98,4,429.08,51.49,2026-08-20T09:00:00Z
2024-12-29,creator_collective,154,8,793.47,111.09,2026-08-20T09:00:00Z
2024-12-29,cashback_network,146,6,543.94,54.39,2026-08-20T09:00:00Z
2024-12-29,editorial_partner,122,5,534.97,64.20,2026-08-20T09:00:00Z
2024-12-30,creator_collective,192,10,946.48,132.51,2026-08-20T09:00:00Z
2024-12-30,cashback_network,146,6,533.73,53.37,2026-08-20T09:00:00Z
2024-12-30,editorial_partner,98,4,421.13,50.54,2026-08-20T09:00:00Z
2024-12-31,creator_collective,173,9,843.10,118.03,2026-08-20T09:00:00Z
2024-12-31,cashback_network,146,6,532.22,53.22,2026-08-20T09:00:00Z
2024-12-31,editorial_partner,122,5,548.93,65.87,2026-08-20T09:00:00Z
2025-01-01,creator_collective,154,8,785.88,110.02,2026-08-20T09:00:00Z
2025-01-01,cashback_network,122,5,427.23,42.72,2026-08-20T09:00:00Z
2025-01-01,editorial_partner,98,4,442.58,53.11,2026-08-20T09:00:00Z
2025-01-02,creator_collective,173,9,849.51,118.93,2026-08-20T09:00:00Z
2025-01-02,cashback_network,122,5,448.77,44.88,2026-08-20T09:00:00Z
2025-01-02,editorial_partner,98,4,426.48,51.18,2026-08-20T09:00:00Z
2025-01-03,creator_collective,173,9,836.73,117.14,2026-08-20T09:00:00Z
2025-01-03,cashback_network,122,5,450.76,45.08,2026-08-20T09:00:00Z
2025-01-03,editorial_partner,122,5,531.99,63.84,2026-08-20T09:00:00Z
2025-01-04,creator_collective,154,8,788.11,110.34,2026-08-20T09:00:00Z
2025-01-04,cashback_network,146,6,547.51,54.75,2026-08-20T09:00:00Z
2025-01-04,editorial_partner,122,5,560.38,67.25,2026-08-20T09:00:00Z
2025-01-05,creator_collective,173,9,876.88,122.76,2026-08-20T09:00:00Z
2025-01-05,cashback_network,122,5,437.40,43.74,2026-08-20T09:00:00Z
2025-01-05,editorial_partner,98,4,427.19,51.26,2026-08-20T09:00:00Z
2025-01-06,creator_collective,154,8,740.20,103.63,2026-08-20T09:00:00Z
2025-01-06,cashback_network,146,6,512.96,51.30,2026-08-20T09:00:00Z
2025-01-06,editorial_partner,122,5,529.93,63.59,2026-08-20T09:00:00Z
2025-01-07,creator_collective,154,8,782.82,109.59,2026-08-20T09:00:00Z
2025-01-07,cashback_network,122,5,456.76,45.68,2026-08-20T09:00:00Z
2025-01-07,editorial_partner,98,4,425.02,51.00,2026-08-20T09:00:00Z
2025-01-08,creator_collective,154,8,756.23,105.87,2026-08-20T09:00:00Z
2025-01-08,cashback_network,122,5,451.20,45.12,2026-08-20T09:00:00Z
2025-01-08,editorial_partner,98,4,442.71,53.12,2026-08-20T09:00:00Z
2025-01-09,creator_collective,173,9,858.20,120.15,2026-08-20T09:00:00Z
2025-01-09,cashback_network,122,5,433.76,43.38,2026-08-20T09:00:00Z
2025-01-09,editorial_partner,98,4,431.92,51.83,2026-08-20T09:00:00Z
2025-01-10,creator_collective,173,9,862.58,120.76,2026-08-20T09:00:00Z
2025-01-10,cashback_network,146,6,531.37,53.14,2026-08-20T09:00:00Z
2025-01-10,editorial_partner,98,4,423.44,50.81,2026-08-20T09:00:00Z
2025-01-11,creator_collective,173,9,845.71,118.40,2026-08-20T09:00:00Z
2025-01-11,cashback_network,122,5,439.92,43.99,2026-08-20T09:00:00Z
2025-01-11,editorial_partner,98,4,436.60,52.39,2026-08-20T09:00:00Z
2025-01-12,creator_collective,173,9,845.68,118.39,2026-08-20T09:00:00Z
2025-01-12,cashback_network,146,6,515.14,51.51,2026-08-20T09:00:00Z
2025-01-12,editorial_partner,122,5,532.45,63.89,2026-08-20T09:00:00Z
2025-01-13,creator_collective,173,9,839.59,117.54,2026-08-20T09:00:00Z
2025-01-13,cashback_network,122,5,444.01,44.40,2026-08-20T09:00:00Z
2025-01-13,editorial_partner,98,4,428.09,51.37,2026-08-20T09:00:00Z
2025-01-14,creator_collective,192,10,957.62,134.07,2026-08-20T09:00:00Z
2025-01-14,cashback_network,146,6,527.83,52.78,2026-08-20T09:00:00Z
2025-01-14,editorial_partner,122,5,558.52,67.02,2026-08-20T09:00:00Z
2025-01-15,creator_collective,173,9,857.32,120.02,2026-08-20T09:00:00Z
2025-01-15,cashback_network,146,6,532.78,53.28,2026-08-20T09:00:00Z
2025-01-15,editorial_partner,122,5,559.34,67.12,2026-08-20T09:00:00Z
2025-01-16,creator_collective,154,8,771.73,108.04,2026-08-20T09:00:00Z
2025-01-16,cashback_network,146,6,508.61,50.86,2026-08-20T09:00:00Z
2025-01-16,editorial_partner,98,4,432.75,51.93,2026-08-20T09:00:00Z
2025-01-17,creator_collective,173,9,836.56,117.12,2026-08-20T09:00:00Z
2025-01-17,cashback_network,122,5,436.72,43.67,2026-08-20T09:00:00Z
2025-01-17,editorial_partner,98,4,419.24,50.31,2026-08-20T09:00:00Z
2025-01-18,creator_collective,173,9,888.27,124.36,2026-08-20T09:00:00Z
2025-01-18,cashback_network,146,6,515.04,51.50,2026-08-20T09:00:00Z
2025-01-18,editorial_partner,98,4,442.20,53.06,2026-08-20T09:00:00Z
2025-01-19,creator_collective,173,9,897.20,125.61,2026-08-20T09:00:00Z
2025-01-19,cashback_network,146,6,531.77,53.18,2026-08-20T09:00:00Z
2025-01-19,editorial_partner,122,5,541.80,65.02,2026-08-20T09:00:00Z
2025-01-20,creator_collective,154,8,798.42,111.78,2026-08-20T09:00:00Z
2025-01-20,cashback_network,122,5,455.13,45.51,2026-08-20T09:00:00Z
2025-01-20,editorial_partner,98,4,434.47,52.14,2026-08-20T09:00:00Z
2025-01-21,creator_collective,173,9,896.64,125.53,2026-08-20T09:00:00Z
2025-01-21,cashback_network,122,5,449.47,44.95,2026-08-20T09:00:00Z
2025-01-21,editorial_partner,98,4,429.11,51.49,2026-08-20T09:00:00Z
2025-01-22,creator_collective,154,8,774.64,108.45,2026-08-20T09:00:00Z
2025-01-22,cashback_network,146,6,547.77,54.78,2026-08-20T09:00:00Z
2025-01-22,editorial_partner,98,4,425.80,51.10,2026-08-20T09:00:00Z
2025-01-23,creator_collective,154,8,778.93,109.05,2026-08-20T09:00:00Z
2025-01-23,cashback_network,122,5,454.34,45.43,2026-08-20T09:00:00Z
2025-01-23,editorial_partner,98,4,421.30,50.56,2026-08-20T09:00:00Z
2025-01-24,creator_collective,154,8,757.99,106.12,2026-08-20T09:00:00Z
2025-01-24,cashback_network,146,6,527.17,52.72,2026-08-20T09:00:00Z
2025-01-24,editorial_partner,98,4,445.88,53.51,2026-08-20T09:00:00Z
2025-01-25,creator_collective,154,8,745.66,104.39,2026-08-20T09:00:00Z
2025-01-25,cashback_network,122,5,452.99,45.30,2026-08-20T09:00:00Z
2025-01-25,editorial_partner,98,4,432.25,51.87,2026-08-20T09:00:00Z
2025-01-26,creator_collective,154,8,750.75,105.11,2026-08-20T09:00:00Z
2025-01-26,cashback_network,122,5,434.05,43.41,2026-08-20T09:00:00Z
2025-01-26,editorial_partner,98,4,426.21,51.15,2026-08-20T09:00:00Z
2025-01-27,creator_collective,154,8,768.85,107.64,2026-08-20T09:00:00Z
2025-01-27,cashback_network,122,5,455.10,45.51,2026-08-20T09:00:00Z
2025-01-27,editorial_partner,98,4,425.28,51.03,2026-08-20T09:00:00Z
2025-01-28,creator_collective,154,8,772.23,108.11,2026-08-20T09:00:00Z
2025-01-28,cashback_network,146,6,539.11,53.91,2026-08-20T09:00:00Z
2025-01-28,editorial_partner,98,4,421.81,50.62,2026-08-20T09:00:00Z
2025-01-29,creator_collective,173,9,841.47,117.81,2026-08-20T09:00:00Z
2025-01-29,cashback_network,122,5,430.26,43.03,2026-08-20T09:00:00Z
2025-01-29,editorial_partner,98,4,443.48,53.22,2026-08-20T09:00:00Z
2025-01-30,creator_collective,154,8,763.15,106.84,2026-08-20T09:00:00Z
2025-01-30,cashback_network,122,5,452.71,45.27,2026-08-20T09:00:00Z
2025-01-30,editorial_partner,98,4,430.84,51.70,2026-08-20T09:00:00Z
2025-01-31,creator_collective,154,8,792.37,110.93,2026-08-20T09:00:00Z
2025-01-31,cashback_network,122,5,456.68,45.67,2026-08-20T09:00:00Z
2025-01-31,editorial_partner,98,4,420.54,50.46,2026-08-20T09:00:00Z
2025-02-01,creator_collective,173,9,833.34,116.67,2026-08-20T09:00:00Z
2025-02-01,cashback_network,146,6,545.98,54.60,2026-08-20T09:00:00Z
2025-02-01,editorial_partner,98,4,448.83,53.86,2026-08-20T09:00:00Z
2025-02-02,creator_collective,173,9,864.65,121.05,2026-08-20T09:00:00Z
2025-02-02,cashback_network,122,5,447.33,44.73,2026-08-20T09:00:00Z
2025-02-02,editorial_partner,98,4,416.06,49.93,2026-08-20T09:00:00Z
2025-02-03,creator_collective,135,7,670.23,93.83,2026-08-20T09:00:00Z
2025-02-03,cashback_network,122,5,451.25,45.13,2026-08-20T09:00:00Z
2025-02-03,editorial_partner,98,4,430.75,51.69,2026-08-20T09:00:00Z
2025-02-04,creator_collective,154,8,789.39,110.52,2026-08-20T09:00:00Z
2025-02-04,cashback_network,146,6,528.70,52.87,2026-08-20T09:00:00Z
2025-02-04,editorial_partner,98,4,441.16,52.94,2026-08-20T09:00:00Z
2025-02-05,creator_collective,173,9,868.39,121.57,2026-08-20T09:00:00Z
2025-02-05,cashback_network,122,5,433.26,43.33,2026-08-20T09:00:00Z
2025-02-05,editorial_partner,98,4,435.84,52.30,2026-08-20T09:00:00Z
2025-02-06,creator_collective,173,9,846.13,118.46,2026-08-20T09:00:00Z
2025-02-06,cashback_network,146,6,547.00,54.70,2026-08-20T09:00:00Z
2025-02-06,editorial_partner,98,4,439.81,52.78,2026-08-20T09:00:00Z
2025-02-07,creator_collective,154,8,778.69,109.02,2026-08-20T09:00:00Z
2025-02-07,cashback_network,122,5,448.30,44.83,2026-08-20T09:00:00Z
2025-02-07,editorial_partner,98,4,443.96,53.28,2026-08-20T09:00:00Z
2025-02-08,creator_collective,173,9,856.87,119.96,2026-08-20T09:00:00Z
2025-02-08,cashback_network,146,6,540.90,54.09,2026-08-20T09:00:00Z
2025-02-08,editorial_partner,98,4,429.57,51.55,2026-08-20T09:00:00Z
2025-02-09,creator_collective,154,8,776.83,108.76,2026-08-20T09:00:00Z
2025-02-09,cashback_network,122,5,437.11,43.71,2026-08-20T09:00:00Z
2025-02-09,editorial_partner,98,4,448.90,53.87,2026-08-20T09:00:00Z
2025-02-10,creator_collective,135,7,663.78,92.93,2026-08-20T09:00:00Z
2025-02-10,cashback_network,122,5,452.56,45.26,2026-08-20T09:00:00Z
2025-02-10,editorial_partner,98,4,423.21,50.79,2026-08-20T09:00:00Z
2025-02-11,creator_collective,154,8,775.04,108.51,2026-08-20T09:00:00Z
2025-02-11,cashback_network,146,6,516.40,51.64,2026-08-20T09:00:00Z
2025-02-11,editorial_partner,98,4,430.13,51.62,2026-08-20T09:00:00Z
2025-02-12,creator_collective,154,8,791.64,110.83,2026-08-20T09:00:00Z
2025-02-12,cashback_network,146,6,536.13,53.61,2026-08-20T09:00:00Z
2025-02-12,editorial_partner,98,4,429.98,51.60,2026-08-20T09:00:00Z
2025-02-13,creator_collective,154,8,752.46,105.34,2026-08-20T09:00:00Z
2025-02-13,cashback_network,122,5,445.26,44.53,2026-08-20T09:00:00Z
2025-02-13,editorial_partner,98,4,428.29,51.39,2026-08-20T09:00:00Z
2025-02-14,creator_collective,154,8,785.67,109.99,2026-08-20T09:00:00Z
2025-02-14,cashback_network,146,6,542.91,54.29,2026-08-20T09:00:00Z
2025-02-14,editorial_partner,98,4,448.55,53.83,2026-08-20T09:00:00Z
2025-02-15,creator_collective,173,9,878.51,122.99,2026-08-20T09:00:00Z
2025-02-15,cashback_network,146,6,517.80,51.78,2026-08-20T09:00:00Z
2025-02-15,editorial_partner,122,5,540.03,64.80,2026-08-20T09:00:00Z
2025-02-16,creator_collective,192,10,996.08,139.45,2026-08-20T09:00:00Z
2025-02-16,cashback_network,146,6,508.34,50.83,2026-08-20T09:00:00Z
2025-02-16,editorial_partner,122,5,560.88,67.31,2026-08-20T09:00:00Z
2025-02-17,creator_collective,154,8,794.69,111.26,2026-08-20T09:00:00Z
2025-02-17,cashback_network,122,5,443.97,44.40,2026-08-20T09:00:00Z
2025-02-17,editorial_partner,98,4,416.42,49.97,2026-08-20T09:00:00Z
2025-02-18,creator_collective,154,8,789.93,110.59,2026-08-20T09:00:00Z
2025-02-18,cashback_network,122,5,437.38,43.74,2026-08-20T09:00:00Z
2025-02-18,editorial_partner,98,4,415.24,49.83,2026-08-20T09:00:00Z
2025-02-19,creator_collective,154,8,771.06,107.95,2026-08-20T09:00:00Z
2025-02-19,cashback_network,122,5,423.55,42.35,2026-08-20T09:00:00Z
2025-02-19,editorial_partner,98,4,428.76,51.45,2026-08-20T09:00:00Z
2025-02-20,creator_collective,154,8,750.96,105.13,2026-08-20T09:00:00Z
2025-02-20,cashback_network,146,6,526.74,52.67,2026-08-20T09:00:00Z
2025-02-20,editorial_partner,98,4,430.30,51.64,2026-08-20T09:00:00Z
2025-02-21,creator_collective,154,8,784.60,109.84,2026-08-20T09:00:00Z
2025-02-21,cashback_network,122,5,431.53,43.15,2026-08-20T09:00:00Z
2025-02-21,editorial_partner,73,3,328.33,39.40,2026-08-20T09:00:00Z
2025-02-22,creator_collective,154,8,782.04,109.49,2026-08-20T09:00:00Z
2025-02-22,cashback_network,122,5,441.01,44.10,2026-08-20T09:00:00Z
2025-02-22,editorial_partner,98,4,441.96,53.04,2026-08-20T09:00:00Z
2025-02-23,creator_collective,135,7,690.39,96.66,2026-08-20T09:00:00Z
2025-02-23,cashback_network,122,5,423.37,42.34,2026-08-20T09:00:00Z
2025-02-23,editorial_partner,98,4,447.96,53.76,2026-08-20T09:00:00Z
2025-02-24,creator_collective,135,7,647.63,90.67,2026-08-20T09:00:00Z
2025-02-24,cashback_network,122,5,439.10,43.91,2026-08-20T09:00:00Z
2025-02-24,editorial_partner,98,4,437.08,52.45,2026-08-20T09:00:00Z
2025-02-25,creator_collective,135,7,664.85,93.08,2026-08-20T09:00:00Z
2025-02-25,cashback_network,122,5,447.60,44.76,2026-08-20T09:00:00Z
2025-02-25,editorial_partner,98,4,433.59,52.03,2026-08-20T09:00:00Z
2025-02-26,creator_collective,135,7,652.64,91.37,2026-08-20T09:00:00Z
2025-02-26,cashback_network,122,5,441.02,44.10,2026-08-20T09:00:00Z
2025-02-26,editorial_partner,98,4,439.20,52.70,2026-08-20T09:00:00Z
2025-02-27,creator_collective,154,8,771.90,108.07,2026-08-20T09:00:00Z
2025-02-27,cashback_network,122,5,443.51,44.35,2026-08-20T09:00:00Z
2025-02-27,editorial_partner,98,4,434.00,52.08,2026-08-20T09:00:00Z
2025-02-28,creator_collective,154,8,781.19,109.37,2026-08-20T09:00:00Z
2025-02-28,cashback_network,122,5,449.84,44.98,2026-08-20T09:00:00Z
2025-02-28,editorial_partner,73,3,322.15,38.66,2026-08-20T09:00:00Z
2025-03-01,creator_collective,135,7,645.87,90.42,2026-08-20T09:00:00Z
2025-03-01,cashback_network,122,5,443.89,44.39,2026-08-20T09:00:00Z
2025-03-01,editorial_partner,98,4,431.87,51.82,2026-08-20T09:00:00Z
2025-03-02,creator_collective,135,7,657.34,92.03,2026-08-20T09:00:00Z
2025-03-02,cashback_network,122,5,434.34,43.43,2026-08-20T09:00:00Z
2025-03-02,editorial_partner,98,4,435.01,52.20,2026-08-20T09:00:00Z
2025-03-03,creator_collective,135,7,656.53,91.91,2026-08-20T09:00:00Z
2025-03-03,cashback_network,122,5,454.62,45.46,2026-08-20T09:00:00Z
2025-03-03,editorial_partner,98,4,448.46,53.82,2026-08-20T09:00:00Z
2025-03-04,creator_collective,154,8,767.79,107.49,2026-08-20T09:00:00Z
2025-03-04,cashback_network,122,5,444.53,44.45,2026-08-20T09:00:00Z
2025-03-04,editorial_partner,98,4,432.55,51.91,2026-08-20T09:00:00Z
2025-03-05,creator_collective,135,7,645.91,90.43,2026-08-20T09:00:00Z
2025-03-05,cashback_network,122,5,436.18,43.62,2026-08-20T09:00:00Z
2025-03-05,editorial_partner,73,3,330.15,39.62,2026-08-20T09:00:00Z
2025-03-06,creator_collective,135,7,645.49,90.37,2026-08-20T09:00:00Z
2025-03-06,cashback_network,122,5,434.10,43.41,2026-08-20T09:00:00Z
2025-03-06,editorial_partner,98,4,426.24,51.15,2026-08-20T09:00:00Z
2025-03-07,creator_collective,154,8,752.26,105.32,2026-08-20T09:00:00Z
2025-03-07,cashback_network,98,4,352.99,35.30,2026-08-20T09:00:00Z
2025-03-07,editorial_partner,73,3,329.08,39.49,2026-08-20T09:00:00Z
2025-03-08,creator_collective,135,7,686.35,96.09,2026-08-20T09:00:00Z
2025-03-08,cashback_network,122,5,452.25,45.22,2026-08-20T09:00:00Z
2025-03-08,editorial_partner,98,4,415.28,49.83,2026-08-20T09:00:00Z
2025-03-09,creator_collective,135,7,651.81,91.25,2026-08-20T09:00:00Z
2025-03-09,cashback_network,122,5,443.66,44.37,2026-08-20T09:00:00Z
2025-03-09,editorial_partner,73,3,325.89,39.11,2026-08-20T09:00:00Z
2025-03-10,creator_collective,154,8,756.32,105.89,2026-08-20T09:00:00Z
2025-03-10,cashback_network,122,5,433.24,43.32,2026-08-20T09:00:00Z
2025-03-10,editorial_partner,73,3,328.80,39.46,2026-08-20T09:00:00Z
2025-03-11,creator_collective,154,8,767.40,107.44,2026-08-20T09:00:00Z
2025-03-11,cashback_network,122,5,457.23,45.72,2026-08-20T09:00:00Z
2025-03-11,editorial_partner,98,4,415.72,49.89,2026-08-20T09:00:00Z
2025-03-12,creator_collective,135,7,657.88,92.10,2026-08-20T09:00:00Z
2025-03-12,cashback_network,122,5,454.81,45.48,2026-08-20T09:00:00Z
2025-03-12,editorial_partner,98,4,447.86,53.74,2026-08-20T09:00:00Z
2025-03-13,creator_collective,135,7,652.73,91.38,2026-08-20T09:00:00Z
2025-03-13,cashback_network,122,5,438.71,43.87,2026-08-20T09:00:00Z
2025-03-13,editorial_partner,73,3,327.15,39.26,2026-08-20T09:00:00Z
2025-03-14,creator_collective,154,8,761.87,106.66,2026-08-20T09:00:00Z
2025-03-14,cashback_network,146,6,511.91,51.19,2026-08-20T09:00:00Z
2025-03-14,editorial_partner,98,4,428.69,51.44,2026-08-20T09:00:00Z
2025-03-15,creator_collective,173,9,835.38,116.95,2026-08-20T09:00:00Z
2025-03-15,cashback_network,122,5,440.08,44.01,2026-08-20T09:00:00Z
2025-03-15,editorial_partner,98,4,416.67,50.00,2026-08-20T09:00:00Z
2025-03-16,creator_collective,154,8,776.29,108.68,2026-08-20T09:00:00Z
2025-03-16,cashback_network,146,6,531.66,53.17,2026-08-20T09:00:00Z
2025-03-16,editorial_partner,98,4,436.39,52.37,2026-08-20T09:00:00Z
2025-03-17,creator_collective,135,7,658.17,92.14,2026-08-20T09:00:00Z
2025-03-17,cashback_network,122,5,454.31,45.43,2026-08-20T09:00:00Z
2025-03-17,editorial_partner,98,4,415.63,49.88,2026-08-20T09:00:00Z
2025-03-18,creator_collective,135,7,674.32,94.41,2026-08-20T09:00:00Z
2025-03-18,cashback_network,98,4,341.29,34.13,2026-08-20T09:00:00Z
2025-03-18,editorial_partner,98,4,418.42,50.21,2026-08-20T09:00:00Z
2025-03-19,creator_collective,135,7,668.80,93.63,2026-08-20T09:00:00Z
2025-03-19,cashback_network,122,5,426.30,42.63,2026-08-20T09:00:00Z
2025-03-19,editorial_partner,73,3,322.05,38.65,2026-08-20T09:00:00Z
2025-03-20,creator_collective,135,7,673.87,94.34,2026-08-20T09:00:00Z
2025-03-20,cashback_network,98,4,348.04,34.80,2026-08-20T09:00:00Z
2025-03-20,editorial_partner,98,4,425.25,51.03,2026-08-20T09:00:00Z
2025-03-21,creator_collective,115,6,593.94,83.15,2026-08-20T09:00:00Z
2025-03-21,cashback_network,98,4,365.23,36.52,2026-08-20T09:00:00Z
2025-03-21,editorial_partner,73,3,324.16,38.90,2026-08-20T09:00:00Z
2025-03-22,creator_collective,115,6,575.89,80.62,2026-08-20T09:00:00Z
2025-03-22,cashback_network,98,4,363.01,36.30,2026-08-20T09:00:00Z
2025-03-22,editorial_partner,73,3,318.17,38.18,2026-08-20T09:00:00Z
2025-03-23,creator_collective,115,6,593.38,83.07,2026-08-20T09:00:00Z
2025-03-23,cashback_network,122,5,436.25,43.62,2026-08-20T09:00:00Z
2025-03-23,editorial_partner,73,3,332.08,39.85,2026-08-20T09:00:00Z
2025-03-24,creator_collective,135,7,676.41,94.70,2026-08-20T09:00:00Z
2025-03-24,cashback_network,98,4,345.57,34.56,2026-08-20T09:00:00Z
2025-03-24,editorial_partner,73,3,327.95,39.35,2026-08-20T09:00:00Z
2025-03-25,creator_collective,154,8,738.95,103.45,2026-08-20T09:00:00Z
2025-03-25,cashback_network,122,5,438.78,43.88,2026-08-20T09:00:00Z
2025-03-25,editorial_partner,98,4,420.92,50.51,2026-08-20T09:00:00Z
2025-03-26,creator_collective,135,7,649.87,90.98,2026-08-20T09:00:00Z
2025-03-26,cashback_network,122,5,431.50,43.15,2026-08-20T09:00:00Z
2025-03-26,editorial_partner,98,4,444.99,53.40,2026-08-20T09:00:00Z
2025-03-27,creator_collective,135,7,650.19,91.03,2026-08-20T09:00:00Z
2025-03-27,cashback_network,122,5,429.42,42.94,2026-08-20T09:00:00Z
2025-03-27,editorial_partner,73,3,327.59,39.31,2026-08-20T09:00:00Z
2025-03-28,creator_collective,115,6,560.71,78.50,2026-08-20T09:00:00Z
2025-03-28,cashback_network,98,4,350.78,35.08,2026-08-20T09:00:00Z
2025-03-28,editorial_partner,73,3,321.18,38.54,2026-08-20T09:00:00Z
2025-03-29,creator_collective,135,7,671.35,93.99,2026-08-20T09:00:00Z
2025-03-29,cashback_network,122,5,441.47,44.15,2026-08-20T09:00:00Z
2025-03-29,editorial_partner,73,3,317.92,38.15,2026-08-20T09:00:00Z
2025-03-30,creator_collective,135,7,645.70,90.40,2026-08-20T09:00:00Z
2025-03-30,cashback_network,122,5,441.00,44.10,2026-08-20T09:00:00Z
2025-03-30,editorial_partner,73,3,315.31,37.84,2026-08-20T09:00:00Z
2025-03-31,creator_collective,115,6,592.29,82.92,2026-08-20T09:00:00Z
2025-03-31,cashback_network,122,5,449.45,44.94,2026-08-20T09:00:00Z
2025-03-31,editorial_partner,98,4,443.70,53.24,2026-08-20T09:00:00Z
2025-04-01,creator_collective,154,8,791.51,110.81,2026-08-20T09:00:00Z
2025-04-01,cashback_network,98,4,356.17,35.62,2026-08-20T09:00:00Z
2025-04-01,editorial_partner,98,4,448.57,53.83,2026-08-20T09:00:00Z
2025-04-02,creator_collective,135,7,650.51,91.07,2026-08-20T09:00:00Z
2025-04-02,cashback_network,98,4,339.24,33.92,2026-08-20T09:00:00Z
2025-04-02,editorial_partner,98,4,445.79,53.50,2026-08-20T09:00:00Z
2025-04-03,creator_collective,135,7,676.64,94.73,2026-08-20T09:00:00Z
2025-04-03,cashback_network,122,5,454.46,45.45,2026-08-20T09:00:00Z
2025-04-03,editorial_partner,73,3,318.17,38.18,2026-08-20T09:00:00Z
2025-04-04,creator_collective,115,6,590.09,82.61,2026-08-20T09:00:00Z
2025-04-04,cashback_network,98,4,366.07,36.61,2026-08-20T09:00:00Z
2025-04-04,editorial_partner,73,3,320.55,38.47,2026-08-20T09:00:00Z
2025-04-05,creator_collective,154,8,770.32,107.85,2026-08-20T09:00:00Z
2025-04-05,cashback_network,122,5,441.42,44.14,2026-08-20T09:00:00Z
2025-04-05,editorial_partner,73,3,327.16,39.26,2026-08-20T09:00:00Z
2025-04-06,creator_collective,115,6,563.70,78.92,2026-08-20T09:00:00Z
2025-04-06,cashback_network,98,4,362.42,36.24,2026-08-20T09:00:00Z
2025-04-06,editorial_partner,73,3,328.59,39.43,2026-08-20T09:00:00Z
2025-04-07,creator_collective,154,8,789.41,110.52,2026-08-20T09:00:00Z
2025-04-07,cashback_network,98,4,345.74,34.57,2026-08-20T09:00:00Z
2025-04-07,editorial_partner,73,3,317.64,38.12,2026-08-20T09:00:00Z
2025-04-08,creator_collective,115,6,564.20,78.99,2026-08-20T09:00:00Z
2025-04-08,cashback_network,122,5,443.28,44.33,2026-08-20T09:00:00Z
2025-04-08,editorial_partner,73,3,323.88,38.87,2026-08-20T09:00:00Z
2025-04-09,creator_collective,135,7,685.32,95.95,2026-08-20T09:00:00Z
2025-04-09,cashback_network,98,4,341.20,34.12,2026-08-20T09:00:00Z
2025-04-09,editorial_partner,73,3,326.34,39.16,2026-08-20T09:00:00Z
2025-04-10,creator_collective,135,7,666.31,93.28,2026-08-20T09:00:00Z
2025-04-10,cashback_network,98,4,364.34,36.43,2026-08-20T09:00:00Z
2025-04-10,editorial_partner,73,3,323.51,38.82,2026-08-20T09:00:00Z
2025-04-11,creator_collective,115,6,576.67,80.73,2026-08-20T09:00:00Z
2025-04-11,cashback_network,122,5,450.59,45.06,2026-08-20T09:00:00Z
2025-04-11,editorial_partner,73,3,329.71,39.56,2026-08-20T09:00:00Z
2025-04-12,creator_collective,135,7,648.84,90.84,2026-08-20T09:00:00Z
2025-04-12,cashback_network,98,4,363.04,36.30,2026-08-20T09:00:00Z
2025-04-12,editorial_partner,73,3,315.36,37.84,2026-08-20T09:00:00Z
2025-04-13,creator_collective,135,7,668.53,93.59,2026-08-20T09:00:00Z
2025-04-13,cashback_network,98,4,357.65,35.76,2026-08-20T09:00:00Z
2025-04-13,editorial_partner,98,4,428.82,51.46,2026-08-20T09:00:00Z
2025-04-14,creator_collective,135,7,656.30,91.88,2026-08-20T09:00:00Z
2025-04-14,cashback_network,122,5,425.23,42.52,2026-08-20T09:00:00Z
2025-04-14,editorial_partner,98,4,446.40,53.57,2026-08-20T09:00:00Z
2025-04-15,creator_collective,154,8,759.74,106.36,2026-08-20T09:00:00Z
2025-04-15,cashback_network,122,5,431.37,43.14,2026-08-20T09:00:00Z
2025-04-15,editorial_partner,98,4,421.66,50.60,2026-08-20T09:00:00Z
2025-04-16,creator_collective,154,8,757.79,106.09,2026-08-20T09:00:00Z
2025-04-16,cashback_network,122,5,432.11,43.21,2026-08-20T09:00:00Z
2025-04-16,editorial_partner,98,4,447.80,53.74,2026-08-20T09:00:00Z
2025-04-17,creator_collective,135,7,645.62,90.39,2026-08-20T09:00:00Z
2025-04-17,cashback_network,122,5,442.99,44.30,2026-08-20T09:00:00Z
2025-04-17,editorial_partner,73,3,312.28,37.47,2026-08-20T09:00:00Z
2025-04-18,creator_collective,135,7,666.08,93.25,2026-08-20T09:00:00Z
2025-04-18,cashback_network,122,5,430.76,43.08,2026-08-20T09:00:00Z
2025-04-18,editorial_partner,73,3,331.71,39.80,2026-08-20T09:00:00Z
2025-04-19,creator_collective,115,6,553.27,77.46,2026-08-20T09:00:00Z
2025-04-19,cashback_network,122,5,430.28,43.03,2026-08-20T09:00:00Z
2025-04-19,editorial_partner,98,4,430.80,51.70,2026-08-20T09:00:00Z
2025-04-20,creator_collective,135,7,675.14,94.52,2026-08-20T09:00:00Z
2025-04-20,cashback_network,98,4,349.33,34.93,2026-08-20T09:00:00Z
2025-04-20,editorial_partner,73,3,319.55,38.35,2026-08-20T09:00:00Z
2025-04-21,creator_collective,115,6,574.88,80.48,2026-08-20T09:00:00Z
2025-04-21,cashback_network,122,5,436.16,43.62,2026-08-20T09:00:00Z
2025-04-21,editorial_partner,73,3,335.95,40.31,2026-08-20T09:00:00Z
2025-04-22,creator_collective,135,7,674.61,94.45,2026-08-20T09:00:00Z
2025-04-22,cashback_network,98,4,358.45,35.85,2026-08-20T09:00:00Z
2025-04-22,editorial_partner,73,3,329.22,39.51,2026-08-20T09:00:00Z
2025-04-23,creator_collective,115,6,586.15,82.06,2026-08-20T09:00:00Z
2025-04-23,cashback_network,98,4,349.63,34.96,2026-08-20T09:00:00Z
2025-04-23,editorial_partner,73,3,330.07,39.61,2026-08-20T09:00:00Z
2025-04-24,creator_collective,135,7,698.67,97.81,2026-08-20T09:00:00Z
2025-04-24,cashback_network,98,4,346.55,34.65,2026-08-20T09:00:00Z
2025-04-24,editorial_partner,98,4,427.71,51.33,2026-08-20T09:00:00Z
2025-04-25,creator_collective,135,7,676.88,94.76,2026-08-20T09:00:00Z
2025-04-25,cashback_network,98,4,352.97,35.30,2026-08-20T09:00:00Z
2025-04-25,editorial_partner,73,3,318.93,38.27,2026-08-20T09:00:00Z
2025-04-26,creator_collective,115,6,597.79,83.69,2026-08-20T09:00:00Z
2025-04-26,cashback_network,98,4,340.55,34.06,2026-08-20T09:00:00Z
2025-04-26,editorial_partner,73,3,321.19,38.54,2026-08-20T09:00:00Z
2025-04-27,creator_collective,135,7,683.83,95.74,2026-08-20T09:00:00Z
2025-04-27,cashback_network,122,5,453.24,45.32,2026-08-20T09:00:00Z
2025-04-27,editorial_partner,73,3,324.40,38.93,2026-08-20T09:00:00Z
2025-04-28,creator_collective,115,6,577.43,80.84,2026-08-20T09:00:00Z
2025-04-28,cashback_network,122,5,442.46,44.25,2026-08-20T09:00:00Z
2025-04-28,editorial_partner,73,3,326.82,39.22,2026-08-20T09:00:00Z
2025-04-29,creator_collective,135,7,675.56,94.58,2026-08-20T09:00:00Z
2025-04-29,cashback_network,98,4,349.43,34.94,2026-08-20T09:00:00Z
2025-04-29,editorial_partner,98,4,445.36,53.44,2026-08-20T09:00:00Z
2025-04-30,creator_collective,135,7,646.87,90.56,2026-08-20T09:00:00Z
2025-04-30,cashback_network,98,4,362.79,36.28,2026-08-20T09:00:00Z
2025-04-30,editorial_partner,73,3,334.34,40.12,2026-08-20T09:00:00Z
2025-05-01,creator_collective,115,6,582.09,81.49,2026-08-20T09:00:00Z
2025-05-01,cashback_network,98,4,364.29,36.43,2026-08-20T09:00:00Z
2025-05-01,editorial_partner,73,3,323.56,38.83,2026-08-20T09:00:00Z
2025-05-02,creator_collective,135,7,688.07,96.33,2026-08-20T09:00:00Z
2025-05-02,cashback_network,122,5,433.99,43.40,2026-08-20T09:00:00Z
2025-05-02,editorial_partner,73,3,320.89,38.51,2026-08-20T09:00:00Z
2025-05-03,creator_collective,135,7,660.56,92.48,2026-08-20T09:00:00Z
2025-05-03,cashback_network,122,5,451.20,45.12,2026-08-20T09:00:00Z
2025-05-03,editorial_partner,73,3,324.77,38.97,2026-08-20T09:00:00Z
2025-05-04,creator_collective,135,7,682.23,95.51,2026-08-20T09:00:00Z
2025-05-04,cashback_network,98,4,343.83,34.38,2026-08-20T09:00:00Z
2025-05-04,editorial_partner,73,3,321.52,38.58,2026-08-20T09:00:00Z
2025-05-05,creator_collective,115,6,587.48,82.25,2026-08-20T09:00:00Z
2025-05-05,cashback_network,98,4,358.23,35.82,2026-08-20T09:00:00Z
2025-05-05,editorial_partner,73,3,324.70,38.96,2026-08-20T09:00:00Z
2025-05-06,creator_collective,115,6,577.82,80.89,2026-08-20T09:00:00Z
2025-05-06,cashback_network,122,5,445.54,44.55,2026-08-20T09:00:00Z
2025-05-06,editorial_partner,73,3,311.46,37.37,2026-08-20T09:00:00Z
2025-05-07,creator_collective,135,7,674.18,94.39,2026-08-20T09:00:00Z
2025-05-07,cashback_network,98,4,350.89,35.09,2026-08-20T09:00:00Z
2025-05-07,editorial_partner,73,3,324.39,38.93,2026-08-20T09:00:00Z
2025-05-08,creator_collective,135,7,686.03,96.04,2026-08-20T09:00:00Z
2025-05-08,cashback_network,98,4,361.75,36.17,2026-08-20T09:00:00Z
2025-05-08,editorial_partner,73,3,316.53,37.98,2026-08-20T09:00:00Z
2025-05-09,creator_collective,115,6,553.38,77.47,2026-08-20T09:00:00Z
2025-05-09,cashback_network,98,4,345.61,34.56,2026-08-20T09:00:00Z
2025-05-09,editorial_partner,98,4,442.62,53.11,2026-08-20T09:00:00Z
2025-05-10,creator_collective,115,6,557.99,78.12,2026-08-20T09:00:00Z
2025-05-10,cashback_network,98,4,362.48,36.25,2026-08-20T09:00:00Z
2025-05-10,editorial_partner,73,3,331.11,39.73,2026-08-20T09:00:00Z
2025-05-11,creator_collective,115,6,595.40,83.36,2026-08-20T09:00:00Z
2025-05-11,cashback_network,98,4,339.82,33.98,2026-08-20T09:00:00Z
2025-05-11,editorial_partner,73,3,311.57,37.39,2026-08-20T09:00:00Z
2025-05-12,creator_collective,115,6,563.57,78.90,2026-08-20T09:00:00Z
2025-05-12,cashback_network,98,4,343.95,34.39,2026-08-20T09:00:00Z
2025-05-12,editorial_partner,73,3,312.75,37.53,2026-08-20T09:00:00Z
2025-05-13,creator_collective,135,7,696.95,97.57,2026-08-20T09:00:00Z
2025-05-13,cashback_network,98,4,361.98,36.20,2026-08-20T09:00:00Z
2025-05-13,editorial_partner,73,3,323.32,38.80,2026-08-20T09:00:00Z
2025-05-14,creator_collective,115,6,594.76,83.27,2026-08-20T09:00:00Z
2025-05-14,cashback_network,122,5,443.12,44.31,2026-08-20T09:00:00Z
2025-05-14,editorial_partner,73,3,328.07,39.37,2026-08-20T09:00:00Z
2025-05-15,creator_collective,135,7,664.22,92.99,2026-08-20T09:00:00Z
2025-05-15,cashback_network,122,5,431.01,43.10,2026-08-20T09:00:00Z
2025-05-15,editorial_partner,98,4,434.39,52.13,2026-08-20T09:00:00Z
2025-05-16,creator_collective,135,7,652.00,91.28,2026-08-20T09:00:00Z
2025-05-16,cashback_network,98,4,339.42,33.94,2026-08-20T09:00:00Z
2025-05-16,editorial_partner,73,3,320.33,38.44,2026-08-20T09:00:00Z
2025-05-17,creator_collective,115,6,579.10,81.07,2026-08-20T09:00:00Z
2025-05-17,cashback_network,98,4,348.87,34.89,2026-08-20T09:00:00Z
2025-05-17,editorial_partner,73,3,316.12,37.93,2026-08-20T09:00:00Z
2025-05-18,creator_collective,115,6,563.64,78.91,2026-08-20T09:00:00Z
2025-05-18,cashback_network,98,4,364.16,36.42,2026-08-20T09:00:00Z
2025-05-18,editorial_partner,73,3,326.47,39.18,2026-08-20T09:00:00Z
2025-05-19,creator_collective,135,7,671.43,94.00,2026-08-20T09:00:00Z
2025-05-19,cashback_network,122,5,444.89,44.49,2026-08-20T09:00:00Z
2025-05-19,editorial_partner,73,3,334.60,40.15,2026-08-20T09:00:00Z
2025-05-20,creator_collective,115,6,560.14,78.42,2026-08-20T09:00:00Z
2025-05-20,cashback_network,98,4,365.89,36.59,2026-08-20T09:00:00Z
2025-05-20,editorial_partner,73,3,318.99,38.28,2026-08-20T09:00:00Z
2025-05-21,creator_collective,115,6,568.64,79.61,2026-08-20T09:00:00Z
2025-05-21,cashback_network,98,4,343.47,34.35,2026-08-20T09:00:00Z
2025-05-21,editorial_partner,73,3,327.79,39.34,2026-08-20T09:00:00Z
2025-05-22,creator_collective,115,6,577.85,80.90,2026-08-20T09:00:00Z
2025-05-22,cashback_network,122,5,431.15,43.11,2026-08-20T09:00:00Z
2025-05-22,editorial_partner,73,3,312.23,37.47,2026-08-20T09:00:00Z
2025-05-23,creator_collective,135,7,648.84,90.84,2026-08-20T09:00:00Z
2025-05-23,cashback_network,122,5,429.79,42.98,2026-08-20T09:00:00Z
2025-05-23,editorial_partner,73,3,319.76,38.37,2026-08-20T09:00:00Z
2025-05-24,creator_collective,135,7,680.23,95.23,2026-08-20T09:00:00Z
2025-05-24,cashback_network,98,4,343.38,34.34,2026-08-20T09:00:00Z
2025-05-24,editorial_partner,73,3,330.53,39.66,2026-08-20T09:00:00Z
2025-05-25,creator_collective,115,6,556.31,77.88,2026-08-20T09:00:00Z
2025-05-25,cashback_network,98,4,358.27,35.83,2026-08-20T09:00:00Z
2025-05-25,editorial_partner,73,3,314.67,37.76,2026-08-20T09:00:00Z
2025-05-26,creator_collective,115,6,581.72,81.44,2026-08-20T09:00:00Z
2025-05-26,cashback_network,122,5,443.78,44.38,2026-08-20T09:00:00Z
2025-05-26,editorial_partner,73,3,329.60,39.55,2026-08-20T09:00:00Z
2025-05-27,creator_collective,115,6,568.03,79.52,2026-08-20T09:00:00Z
2025-05-27,cashback_network,98,4,346.90,34.69,2026-08-20T09:00:00Z
2025-05-27,editorial_partner,73,3,336.51,40.38,2026-08-20T09:00:00Z
2025-05-28,creator_collective,135,7,662.92,92.81,2026-08-20T09:00:00Z
2025-05-28,cashback_network,98,4,341.56,34.16,2026-08-20T09:00:00Z
2025-05-28,editorial_partner,73,3,314.59,37.75,2026-08-20T09:00:00Z
2025-05-29,creator_collective,115,6,591.76,82.85,2026-08-20T09:00:00Z
2025-05-29,cashback_network,98,4,351.25,35.12,2026-08-20T09:00:00Z
2025-05-29,editorial_partner,73,3,336.33,40.36,2026-08-20T09:00:00Z
2025-05-30,creator_collective,135,7,659.20,92.29,2026-08-20T09:00:00Z
2025-05-30,cashback_network,122,5,443.33,44.33,2026-08-20T09:00:00Z
2025-05-30,editorial_partner,73,3,311.14,37.34,2026-08-20T09:00:00Z
2025-05-31,creator_collective,135,7,651.82,91.25,2026-08-20T09:00:00Z
2025-05-31,cashback_network,122,5,454.36,45.44,2026-08-20T09:00:00Z
2025-05-31,editorial_partner,73,3,318.46,38.22,2026-08-20T09:00:00Z
2025-06-01,creator_collective,135,7,689.49,96.53,2026-08-20T09:00:00Z
2025-06-01,cashback_network,98,4,354.01,35.40,2026-08-20T09:00:00Z
2025-06-01,editorial_partner,73,3,336.56,40.39,2026-08-20T09:00:00Z
2025-06-02,creator_collective,115,6,563.38,78.87,2026-08-20T09:00:00Z
2025-06-02,cashback_network,122,5,438.15,43.81,2026-08-20T09:00:00Z
2025-06-02,editorial_partner,73,3,312.04,37.44,2026-08-20T09:00:00Z
2025-06-03,creator_collective,135,7,684.83,95.88,2026-08-20T09:00:00Z
2025-06-03,cashback_network,98,4,356.27,35.63,2026-08-20T09:00:00Z
2025-06-03,editorial_partner,73,3,331.52,39.78,2026-08-20T09:00:00Z
2025-06-04,creator_collective,115,6,566.17,79.26,2026-08-20T09:00:00Z
2025-06-04,cashback_network,98,4,352.60,35.26,2026-08-20T09:00:00Z
2025-06-04,editorial_partner,73,3,313.97,37.68,2026-08-20T09:00:00Z
2025-06-05,creator_collective,115,6,555.33,77.75,2026-08-20T09:00:00Z
2025-06-05,cashback_network,122,5,431.85,43.18,2026-08-20T09:00:00Z
2025-06-05,editorial_partner,73,3,333.64,40.04,2026-08-20T09:00:00Z
2025-06-06,creator_collective,115,6,556.40,77.90,2026-08-20T09:00:00Z
2025-06-06,cashback_network,98,4,364.95,36.49,2026-08-20T09:00:00Z
2025-06-06,editorial_partner,73,3,336.51,40.38,2026-08-20T09:00:00Z
2025-06-07,creator_collective,115,6,567.35,79.43,2026-08-20T09:00:00Z
2025-06-07,cashback_network,122,5,430.41,43.04,2026-08-20T09:00:00Z
2025-06-07,editorial_partner,73,3,311.41,37.37,2026-08-20T09:00:00Z
2025-06-08,creator_collective,115,6,580.48,81.27,2026-08-20T09:00:00Z
2025-06-08,cashback_network,122,5,433.94,43.39,2026-08-20T09:00:00Z
2025-06-08,editorial_partner,73,3,323.89,38.87,2026-08-20T09:00:00Z
2025-06-09,creator_collective,135,7,651.16,91.16,2026-08-20T09:00:00Z
2025-06-09,cashback_network,98,4,339.59,33.96,2026-08-20T09:00:00Z
2025-06-09,editorial_partner,98,4,419.84,50.38,2026-08-20T09:00:00Z
2025-06-10,creator_collective,115,6,596.31,83.48,2026-08-20T09:00:00Z
2025-06-10,cashback_network,122,5,456.59,45.66,2026-08-20T09:00:00Z
2025-06-10,editorial_partner,73,3,326.93,39.23,2026-08-20T09:00:00Z
2025-06-11,creator_collective,135,7,670.35,93.85,2026-08-20T09:00:00Z
2025-06-11,cashback_network,98,4,340.74,34.07,2026-08-20T09:00:00Z
2025-06-11,editorial_partner,73,3,326.06,39.13,2026-08-20T09:00:00Z
2025-06-12,creator_collective,115,6,583.59,81.70,2026-08-20T09:00:00Z
2025-06-12,cashback_network,122,5,451.05,45.10,2026-08-20T09:00:00Z
2025-06-12,editorial_partner,98,4,417.93,50.15,2026-08-20T09:00:00Z
2025-06-13,creator_collective,115,6,568.71,79.62,2026-08-20T09:00:00Z
2025-06-13,cashback_network,98,4,360.51,36.05,2026-08-20T09:00:00Z
2025-06-13,editorial_partner,73,3,316.65,38.00,2026-08-20T09:00:00Z
2025-06-14,creator_collective,154,8,795.46,111.36,2026-08-20T09:00:00Z
2025-06-14,cashback_network,122,5,455.84,45.58,2026-08-20T09:00:00Z
2025-06-14,editorial_partner,98,4,420.74,50.49,2026-08-20T09:00:00Z
2025-06-15,creator_collective,154,8,785.14,109.92,2026-08-20T09:00:00Z
2025-06-15,cashback_network,122,5,440.29,44.03,2026-08-20T09:00:00Z
2025-06-15,editorial_partner,98,4,434.18,52.10,2026-08-20T09:00:00Z
2025-06-16,creator_collective,135,7,654.75,91.67,2026-08-20T09:00:00Z
2025-06-16,cashback_network,122,5,430.80,43.08,2026-08-20T09:00:00Z
2025-06-16,editorial_partner,73,3,321.21,38.55,2026-08-20T09:00:00Z
2025-06-17,creator_collective,115,6,562.31,78.72,2026-08-20T09:00:00Z
2025-06-17,cashback_network,98,4,363.45,36.34,2026-08-20T09:00:00Z
2025-06-17,editorial_partner,73,3,320.50,38.46,2026-08-20T09:00:00Z
2025-06-18,creator_collective,115,6,596.76,83.55,2026-08-20T09:00:00Z
2025-06-18,cashback_network,98,4,343.41,34.34,2026-08-20T09:00:00Z
2025-06-18,editorial_partner,98,4,448.11,53.77,2026-08-20T09:00:00Z
2025-06-19,creator_collective,135,7,670.45,93.86,2026-08-20T09:00:00Z
2025-06-19,cashback_network,98,4,362.35,36.23,2026-08-20T09:00:00Z
2025-06-19,editorial_partner,73,3,317.29,38.07,2026-08-20T09:00:00Z
2025-06-20,creator_collective,135,7,649.38,90.91,2026-08-20T09:00:00Z
2025-06-20,cashback_network,98,4,355.07,35.51,2026-08-20T09:00:00Z
2025-06-20,editorial_partner,73,3,328.68,39.44,2026-08-20T09:00:00Z
2025-06-21,creator_collective,115,6,575.42,80.56,2026-08-20T09:00:00Z
2025-06-21,cashback_network,122,5,441.05,44.10,2026-08-20T09:00:00Z
2025-06-21,editorial_partner,73,3,328.07,39.37,2026-08-20T09:00:00Z
2025-06-22,creator_collective,115,6,578.78,81.03,2026-08-20T09:00:00Z
2025-06-22,cashback_network,98,4,355.14,35.51,2026-08-20T09:00:00Z
2025-06-22,editorial_partner,73,3,321.80,38.62,2026-08-20T09:00:00Z
2025-06-23,creator_collective,115,6,589.30,82.50,2026-08-20T09:00:00Z
2025-06-23,cashback_network,98,4,354.57,35.46,2026-08-20T09:00:00Z
2025-06-23,editorial_partner,73,3,319.66,38.36,2026-08-20T09:00:00Z
2025-06-24,creator_collective,115,6,586.38,82.09,2026-08-20T09:00:00Z
2025-06-24,cashback_network,98,4,348.73,34.87,2026-08-20T09:00:00Z
2025-06-24,editorial_partner,73,3,324.98,39.00,2026-08-20T09:00:00Z
2025-06-25,creator_collective,115,6,582.53,81.55,2026-08-20T09:00:00Z
2025-06-25,cashback_network,122,5,452.58,45.26,2026-08-20T09:00:00Z
2025-06-25,editorial_partner,73,3,313.37,37.60,2026-08-20T09:00:00Z
2025-06-26,creator_collective,115,6,582.51,81.55,2026-08-20T09:00:00Z
2025-06-26,cashback_network,98,4,342.55,34.25,2026-08-20T09:00:00Z
2025-06-26,editorial_partner,73,3,315.87,37.90,2026-08-20T09:00:00Z
2025-06-27,creator_collective,135,7,671.86,94.06,2026-08-20T09:00:00Z
2025-06-27,cashback_network,122,5,456.64,45.66,2026-08-20T09:00:00Z
2025-06-27,editorial_partner,73,3,332.16,39.86,2026-08-20T09:00:00Z
2025-06-28,creator_collective,135,7,677.23,94.81,2026-08-20T09:00:00Z
2025-06-28,cashback_network,98,4,363.06,36.31,2026-08-20T09:00:00Z
2025-06-28,editorial_partner,73,3,329.94,39.59,2026-08-20T09:00:00Z
2025-06-29,creator_collective,135,7,654.39,91.61,2026-08-20T09:00:00Z
2025-06-29,cashback_network,122,5,456.33,45.63,2026-08-20T09:00:00Z
2025-06-29,editorial_partner,73,3,321.95,38.63,2026-08-20T09:00:00Z
2025-06-30,creator_collective,115,6,559.55,78.34,2026-08-20T09:00:00Z
2025-06-30,cashback_network,98,4,339.42,33.94,2026-08-20T09:00:00Z
2025-06-30,editorial_partner,73,3,322.22,38.67,2026-08-20T09:00:00Z
2025-07-01,creator_collective,154,8,760.37,106.45,2026-08-20T09:00:00Z
2025-07-01,cashback_network,146,6,508.43,50.84,2026-08-20T09:00:00Z
2025-07-01,editorial_partner,98,4,416.43,49.97,2026-08-20T09:00:00Z
2025-07-02,creator_collective,173,9,856.93,119.97,2026-08-20T09:00:00Z
2025-07-02,cashback_network,122,5,428.44,42.84,2026-08-20T09:00:00Z
2025-07-02,editorial_partner,98,4,448.67,53.84,2026-08-20T09:00:00Z
2025-07-03,creator_collective,135,7,652.13,91.30,2026-08-20T09:00:00Z
2025-07-03,cashback_network,122,5,455.02,45.50,2026-08-20T09:00:00Z
2025-07-03,editorial_partner,98,4,432.07,51.85,2026-08-20T09:00:00Z
2025-07-04,creator_collective,154,8,767.64,107.47,2026-08-20T09:00:00Z
2025-07-04,cashback_network,146,6,518.42,51.84,2026-08-20T09:00:00Z
2025-07-04,editorial_partner,98,4,429.65,51.56,2026-08-20T09:00:00Z
2025-07-05,creator_collective,154,8,785.78,110.01,2026-08-20T09:00:00Z
2025-07-05,cashback_network,122,5,443.66,44.37,2026-08-20T09:00:00Z
2025-07-05,editorial_partner,98,4,431.35,51.76,2026-08-20T09:00:00Z
2025-07-06,creator_collective,135,7,682.82,95.60,2026-08-20T09:00:00Z
2025-07-06,cashback_network,122,5,442.21,44.22,2026-08-20T09:00:00Z
2025-07-06,editorial_partner,98,4,431.60,51.79,2026-08-20T09:00:00Z
2025-07-07,creator_collective,135,7,680.12,95.22,2026-08-20T09:00:00Z
2025-07-07,cashback_network,122,5,446.18,44.62,2026-08-20T09:00:00Z
2025-07-07,editorial_partner,98,4,423.20,50.78,2026-08-20T09:00:00Z
2025-07-08,creator_collective,135,7,672.19,94.11,2026-08-20T09:00:00Z
2025-07-08,cashback_network,98,4,353.02,35.30,2026-08-20T09:00:00Z
2025-07-08,editorial_partner,98,4,415.46,49.86,2026-08-20T09:00:00Z
2025-07-09,creator_collective,135,7,650.78,91.11,2026-08-20T09:00:00Z
2025-07-09,cashback_network,98,4,358.74,35.87,2026-08-20T09:00:00Z
2025-07-09,editorial_partner,73,3,336.40,40.37,2026-08-20T09:00:00Z
2025-07-10,creator_collective,135,7,655.96,91.83,2026-08-20T09:00:00Z
2025-07-10,cashback_network,98,4,363.16,36.32,2026-08-20T09:00:00Z
2025-07-10,editorial_partner,73,3,327.76,39.33,2026-08-20T09:00:00Z
2025-07-11,creator_collective,135,7,662.81,92.79,2026-08-20T09:00:00Z
2025-07-11,cashback_network,122,5,456.38,45.64,2026-08-20T09:00:00Z
2025-07-11,editorial_partner,98,4,422.35,50.68,2026-08-20T09:00:00Z
2025-07-12,creator_collective,135,7,661.28,92.58,2026-08-20T09:00:00Z
2025-07-12,cashback_network,98,4,352.95,35.29,2026-08-20T09:00:00Z
2025-07-12,editorial_partner,98,4,443.74,53.25,2026-08-20T09:00:00Z
2025-07-13,creator_collective,135,7,681.05,95.35,2026-08-20T09:00:00Z
2025-07-13,cashback_network,122,5,444.74,44.47,2026-08-20T09:00:00Z
2025-07-13,editorial_partner,98,4,443.20,53.18,2026-08-20T09:00:00Z
2025-07-14,creator_collective,135,7,671.13,93.96,2026-08-20T09:00:00Z
2025-07-14,cashback_network,122,5,437.12,43.71,2026-08-20T09:00:00Z
2025-07-14,editorial_partner,98,4,417.24,50.07,2026-08-20T09:00:00Z
2025-07-15,creator_collective,154,8,793.28,111.06,2026-08-20T09:00:00Z
2025-07-15,cashback_network,122,5,430.41,43.04,2026-08-20T09:00:00Z
2025-07-15,editorial_partner,73,3,315.73,37.89,2026-08-20T09:00:00Z
2025-07-16,creator_collective,173,9,841.45,117.80,2026-08-20T09:00:00Z
2025-07-16,cashback_network,146,6,513.63,51.36,2026-08-20T09:00:00Z
2025-07-16,editorial_partner,98,4,418.61,50.23,2026-08-20T09:00:00Z
2025-07-17,creator_collective,154,8,774.40,108.42,2026-08-20T09:00:00Z
2025-07-17,cashback_network,122,5,451.58,45.16,2026-08-20T09:00:00Z
2025-07-17,editorial_partner,98,4,415.01,49.80,2026-08-20T09:00:00Z
2025-07-18,creator_collective,135,7,652.08,91.29,2026-08-20T09:00:00Z
2025-07-18,cashback_network,122,5,444.98,44.50,2026-08-20T09:00:00Z
2025-07-18,editorial_partner,98,4,443.12,53.17,2026-08-20T09:00:00Z
2025-07-19,creator_collective,135,7,672.90,94.21,2026-08-20T09:00:00Z
2025-07-19,cashback_network,122,5,446.26,44.63,2026-08-20T09:00:00Z
2025-07-19,editorial_partner,98,4,440.46,52.85,2026-08-20T09:00:00Z
2025-07-20,creator_collective,135,7,673.85,94.34,2026-08-20T09:00:00Z
2025-07-20,cashback_network,98,4,364.30,36.43,2026-08-20T09:00:00Z
2025-07-20,editorial_partner,73,3,323.69,38.84,2026-08-20T09:00:00Z
2025-07-21,creator_collective,135,7,677.86,94.90,2026-08-20T09:00:00Z
2025-07-21,cashback_network,122,5,450.51,45.05,2026-08-20T09:00:00Z
2025-07-21,editorial_partner,73,3,329.28,39.51,2026-08-20T09:00:00Z
2025-07-22,creator_collective,135,7,686.10,96.05,2026-08-20T09:00:00Z
2025-07-22,cashback_network,122,5,424.01,42.40,2026-08-20T09:00:00Z
2025-07-22,editorial_partner,73,3,321.81,38.62,2026-08-20T09:00:00Z
2025-07-23,creator_collective,135,7,674.22,94.39,2026-08-20T09:00:00Z
2025-07-23,cashback_network,122,5,429.14,42.91,2026-08-20T09:00:00Z
2025-07-23,editorial_partner,98,4,448.59,53.83,2026-08-20T09:00:00Z
2025-07-24,creator_collective,135,7,669.37,93.71,2026-08-20T09:00:00Z
2025-07-24,cashback_network,122,5,424.54,42.45,2026-08-20T09:00:00Z
2025-07-24,editorial_partner,98,4,418.39,50.21,2026-08-20T09:00:00Z
2025-07-25,creator_collective,115,6,583.17,81.64,2026-08-20T09:00:00Z
2025-07-25,cashback_network,122,5,456.85,45.68,2026-08-20T09:00:00Z
2025-07-25,editorial_partner,73,3,328.26,39.39,2026-08-20T09:00:00Z
2025-07-26,creator_collective,154,8,779.71,109.16,2026-08-20T09:00:00Z
2025-07-26,cashback_network,122,5,427.51,42.75,2026-08-20T09:00:00Z
2025-07-26,editorial_partner,98,4,423.47,50.82,2026-08-20T09:00:00Z
2025-07-27,creator_collective,135,7,697.27,97.62,2026-08-20T09:00:00Z
2025-07-27,cashback_network,122,5,457.04,45.70,2026-08-20T09:00:00Z
2025-07-27,editorial_partner,73,3,315.45,37.85,2026-08-20T09:00:00Z
2025-07-28,creator_collective,135,7,688.42,96.38,2026-08-20T09:00:00Z
2025-07-28,cashback_network,122,5,442.67,44.27,2026-08-20T09:00:00Z
2025-07-28,editorial_partner,98,4,429.82,51.58,2026-08-20T09:00:00Z
2025-07-29,creator_collective,154,8,793.88,111.14,2026-08-20T09:00:00Z
2025-07-29,cashback_network,122,5,434.16,43.42,2026-08-20T09:00:00Z
2025-07-29,editorial_partner,98,4,430.25,51.63,2026-08-20T09:00:00Z
2025-07-30,creator_collective,135,7,679.23,95.09,2026-08-20T09:00:00Z
2025-07-30,cashback_network,122,5,442.70,44.27,2026-08-20T09:00:00Z
2025-07-30,editorial_partner,98,4,440.19,52.82,2026-08-20T09:00:00Z
2025-07-31,creator_collective,135,7,698.76,97.83,2026-08-20T09:00:00Z
2025-07-31,cashback_network,122,5,457.27,45.73,2026-08-20T09:00:00Z
2025-07-31,editorial_partner,73,3,329.88,39.59,2026-08-20T09:00:00Z
2025-08-01,creator_collective,154,8,766.26,107.28,2026-08-20T09:00:00Z
2025-08-01,cashback_network,122,5,438.24,43.82,2026-08-20T09:00:00Z
2025-08-01,editorial_partner,98,4,430.39,51.65,2026-08-20T09:00:00Z
2025-08-02,creator_collective,135,7,645.42,90.36,2026-08-20T09:00:00Z
2025-08-02,cashback_network,122,5,455.97,45.60,2026-08-20T09:00:00Z
2025-08-02,editorial_partner,73,3,334.00,40.08,2026-08-20T09:00:00Z
2025-08-03,creator_collective,154,8,752.60,105.36,2026-08-20T09:00:00Z
2025-08-03,cashback_network,122,5,452.60,45.26,2026-08-20T09:00:00Z
2025-08-03,editorial_partner,98,4,434.86,52.18,2026-08-20T09:00:00Z
2025-08-04,creator_collective,154,8,760.16,106.42,2026-08-20T09:00:00Z
2025-08-04,cashback_network,122,5,454.45,45.45,2026-08-20T09:00:00Z
2025-08-04,editorial_partner,98,4,416.94,50.03,2026-08-20T09:00:00Z
2025-08-05,creator_collective,135,7,658.07,92.13,2026-08-20T09:00:00Z
2025-08-05,cashback_network,122,5,434.99,43.50,2026-08-20T09:00:00Z
2025-08-05,editorial_partner,73,3,314.78,37.77,2026-08-20T09:00:00Z
2025-08-06,creator_collective,154,8,777.09,108.79,2026-08-20T09:00:00Z
2025-08-06,cashback_network,122,5,429.00,42.90,2026-08-20T09:00:00Z
2025-08-06,editorial_partner,98,4,427.36,51.28,2026-08-20T09:00:00Z
2025-08-07,creator_collective,135,7,682.18,95.51,2026-08-20T09:00:00Z
2025-08-07,cashback_network,122,5,434.04,43.40,2026-08-20T09:00:00Z
2025-08-07,editorial_partner,98,4,427.67,51.32,2026-08-20T09:00:00Z
2025-08-08,creator_collective,135,7,667.54,93.46,2026-08-20T09:00:00Z
2025-08-08,cashback_network,122,5,424.47,42.45,2026-08-20T09:00:00Z
2025-08-08,editorial_partner,73,3,331.93,39.83,2026-08-20T09:00:00Z
2025-08-09,creator_collective,154,8,790.00,110.60,2026-08-20T09:00:00Z
2025-08-09,cashback_network,122,5,430.78,43.08,2026-08-20T09:00:00Z
2025-08-09,editorial_partner,98,4,419.14,50.30,2026-08-20T09:00:00Z
2025-08-10,creator_collective,135,7,655.28,91.74,2026-08-20T09:00:00Z
2025-08-10,cashback_network,122,5,455.72,45.57,2026-08-20T09:00:00Z
2025-08-10,editorial_partner,98,4,417.01,50.04,2026-08-20T09:00:00Z
2025-08-11,creator_collective,154,8,780.25,109.23,2026-08-20T09:00:00Z
2025-08-11,cashback_network,146,6,521.31,52.13,2026-08-20T09:00:00Z
2025-08-11,editorial_partner,98,4,417.47,50.10,2026-08-20T09:00:00Z
2025-08-12,creator_collective,154,8,759.85,106.38,2026-08-20T09:00:00Z
2025-08-12,cashback_network,146,6,532.08,53.21,2026-08-20T09:00:00Z
2025-08-12,editorial_partner,98,4,431.77,51.81,2026-08-20T09:00:00Z
2025-08-13,creator_collective,135,7,684.83,95.88,2026-08-20T09:00:00Z
2025-08-13,cashback_network,122,5,431.94,43.19,2026-08-20T09:00:00Z
2025-08-13,editorial_partner,98,4,417.12,50.05,2026-08-20T09:00:00Z
2025-08-14,creator_collective,154,8,749.19,104.89,2026-08-20T09:00:00Z
2025-08-14,cashback_network,146,6,512.08,51.21,2026-08-20T09:00:00Z
2025-08-14,editorial_partner,98,4,418.09,50.17,2026-08-20T09:00:00Z
2025-08-15,creator_collective,154,8,746.81,104.55,2026-08-20T09:00:00Z
2025-08-15,cashback_network,146,6,544.43,54.44,2026-08-20T09:00:00Z
2025-08-15,editorial_partner,98,4,418.22,50.19,2026-08-20T09:00:00Z
2025-08-16,creator_collective,154,8,755.93,105.83,2026-08-20T09:00:00Z
2025-08-16,cashback_network,146,6,519.11,51.91,2026-08-20T09:00:00Z
2025-08-16,editorial_partner,98,4,419.72,50.37,2026-08-20T09:00:00Z
2025-08-17,creator_collective,154,8,775.51,108.57,2026-08-20T09:00:00Z
2025-08-17,cashback_network,146,6,515.74,51.57,2026-08-20T09:00:00Z
2025-08-17,editorial_partner,98,4,436.84,52.42,2026-08-20T09:00:00Z
2025-08-18,creator_collective,135,7,663.21,92.85,2026-08-20T09:00:00Z
2025-08-18,cashback_network,122,5,426.46,42.65,2026-08-20T09:00:00Z
2025-08-18,editorial_partner,98,4,440.96,52.91,2026-08-20T09:00:00Z
2025-08-19,creator_collective,173,9,830.76,116.31,2026-08-20T09:00:00Z
2025-08-19,cashback_network,146,6,527.21,52.72,2026-08-20T09:00:00Z
2025-08-19,editorial_partner,98,4,444.33,53.32,2026-08-20T09:00:00Z
2025-08-20,creator_collective,154,8,742.37,103.93,2026-08-20T09:00:00Z
2025-08-20,cashback_network,122,5,454.91,45.49,2026-08-20T09:00:00Z
2025-08-20,editorial_partner,98,4,415.51,49.86,2026-08-20T09:00:00Z
2025-08-21,creator_collective,154,8,768.76,107.63,2026-08-20T09:00:00Z
2025-08-21,cashback_network,122,5,427.22,42.72,2026-08-20T09:00:00Z
2025-08-21,editorial_partner,98,4,447.65,53.72,2026-08-20T09:00:00Z
2025-08-22,creator_collective,154,8,783.03,109.62,2026-08-20T09:00:00Z
2025-08-22,cashback_network,122,5,427.90,42.79,2026-08-20T09:00:00Z
2025-08-22,editorial_partner,98,4,436.49,52.38,2026-08-20T09:00:00Z
2025-08-23,creator_collective,135,7,649.40,90.92,2026-08-20T09:00:00Z
2025-08-23,cashback_network,122,5,454.30,45.43,2026-08-20T09:00:00Z
2025-08-23,editorial_partner,98,4,414.94,49.79,2026-08-20T09:00:00Z
2025-08-24,creator_collective,154,8,767.93,107.51,2026-08-20T09:00:00Z
2025-08-24,cashback_network,146,6,528.00,52.80,2026-08-20T09:00:00Z
2025-08-24,editorial_partner,98,4,434.66,52.16,2026-08-20T09:00:00Z
2025-08-25,creator_collective,154,8,741.98,103.88,2026-08-20T09:00:00Z
2025-08-25,cashback_network,122,5,450.55,45.05,2026-08-20T09:00:00Z
2025-08-25,editorial_partner,98,4,426.32,51.16,2026-08-20T09:00:00Z
2025-08-26,creator_collective,135,7,691.71,96.84,2026-08-20T09:00:00Z
2025-08-26,cashback_network,122,5,454.03,45.40,2026-08-20T09:00:00Z
2025-08-26,editorial_partner,98,4,445.94,53.51,2026-08-20T09:00:00Z
2025-08-27,creator_collective,154,8,739.90,103.59,2026-08-20T09:00:00Z
2025-08-27,cashback_network,122,5,444.03,44.40,2026-08-20T09:00:00Z
2025-08-27,editorial_partner,98,4,427.49,51.30,2026-08-20T09:00:00Z
2025-08-28,creator_collective,173,9,856.97,119.98,2026-08-20T09:00:00Z
2025-08-28,cashback_network,122,5,449.32,44.93,2026-08-20T09:00:00Z
2025-08-28,editorial_partner,98,4,445.06,53.41,2026-08-20T09:00:00Z
2025-08-29,creator_collective,154,8,768.52,107.59,2026-08-20T09:00:00Z
2025-08-29,cashback_network,122,5,425.96,42.60,2026-08-20T09:00:00Z
2025-08-29,editorial_partner,98,4,427.97,51.36,2026-08-20T09:00:00Z
2025-08-30,creator_collective,135,7,685.34,95.95,2026-08-20T09:00:00Z
2025-08-30,cashback_network,122,5,449.85,44.99,2026-08-20T09:00:00Z
2025-08-30,editorial_partner,98,4,417.14,50.06,2026-08-20T09:00:00Z
2025-08-31,creator_collective,154,8,743.43,104.08,2026-08-20T09:00:00Z
2025-08-31,cashback_network,122,5,455.40,45.54,2026-08-20T09:00:00Z
2025-08-31,editorial_partner,98,4,445.03,53.40,2026-08-20T09:00:00Z
2025-09-01,creator_collective,154,8,753.79,105.53,2026-08-20T09:00:00Z
2025-09-01,cashback_network,146,6,535.86,53.59,2026-08-20T09:00:00Z
2025-09-01,editorial_partner,98,4,428.44,51.41,2026-08-20T09:00:00Z
2025-09-02,creator_collective,173,9,867.73,121.48,2026-08-20T09:00:00Z
2025-09-02,cashback_network,122,5,434.16,43.42,2026-08-20T09:00:00Z
2025-09-02,editorial_partner,98,4,437.51,52.50,2026-08-20T09:00:00Z
2025-09-03,creator_collective,135,7,697.43,97.64,2026-08-20T09:00:00Z
2025-09-03,cashback_network,146,6,514.26,51.43,2026-08-20T09:00:00Z
2025-09-03,editorial_partner,98,4,448.57,53.83,2026-08-20T09:00:00Z
2025-09-04,creator_collective,135,7,660.89,92.53,2026-08-20T09:00:00Z
2025-09-04,cashback_network,122,5,450.98,45.10,2026-08-20T09:00:00Z
2025-09-04,editorial_partner,98,4,415.22,49.83,2026-08-20T09:00:00Z
2025-09-05,creator_collective,173,9,878.51,122.99,2026-08-20T09:00:00Z
2025-09-05,cashback_network,146,6,521.38,52.14,2026-08-20T09:00:00Z
2025-09-05,editorial_partner,98,4,417.77,50.13,2026-08-20T09:00:00Z
2025-09-06,creator_collective,154,8,754.00,105.56,2026-08-20T09:00:00Z
2025-09-06,cashback_network,122,5,454.23,45.42,2026-08-20T09:00:00Z
2025-09-06,editorial_partner,98,4,444.88,53.39,2026-08-20T09:00:00Z
2025-09-07,creator_collective,173,9,877.69,122.88,2026-08-20T09:00:00Z
2025-09-07,cashback_network,146,6,527.09,52.71,2026-08-20T09:00:00Z
2025-09-07,editorial_partner,98,4,420.09,50.41,2026-08-20T09:00:00Z
2025-09-08,creator_collective,173,9,855.79,119.81,2026-08-20T09:00:00Z
2025-09-08,cashback_network,122,5,452.26,45.23,2026-08-20T09:00:00Z
2025-09-08,editorial_partner,98,4,421.74,50.61,2026-08-20T09:00:00Z
2025-09-09,creator_collective,173,9,839.92,117.59,2026-08-20T09:00:00Z
2025-09-09,cashback_network,146,6,547.27,54.73,2026-08-20T09:00:00Z
2025-09-09,editorial_partner,122,5,557.47,66.90,2026-08-20T09:00:00Z
2025-09-10,creator_collective,154,8,754.84,105.68,2026-08-20T09:00:00Z
2025-09-10,cashback_network,122,5,443.00,44.30,2026-08-20T09:00:00Z
2025-09-10,editorial_partner,122,5,544.11,65.29,2026-08-20T09:00:00Z
2025-09-11,creator_collective,154,8,771.48,108.01,2026-08-20T09:00:00Z
2025-09-11,cashback_network,122,5,439.65,43.97,2026-08-20T09:00:00Z
2025-09-11,editorial_partner,98,4,446.48,53.58,2026-08-20T09:00:00Z
2025-09-12,creator_collective,173,9,829.88,116.18,2026-08-20T09:00:00Z
2025-09-12,cashback_network,122,5,441.73,44.17,2026-08-20T09:00:00Z
2025-09-12,editorial_partner,122,5,556.13,66.74,2026-08-20T09:00:00Z
2025-09-13,creator_collective,173,9,874.93,122.49,2026-08-20T09:00:00Z
2025-09-13,cashback_network,146,6,520.84,52.08,2026-08-20T09:00:00Z
2025-09-13,editorial_partner,98,4,437.48,52.50,2026-08-20T09:00:00Z
2025-09-14,creator_collective,173,9,896.29,125.48,2026-08-20T09:00:00Z
2025-09-14,cashback_network,146,6,537.41,53.74,2026-08-20T09:00:00Z
2025-09-14,editorial_partner,122,5,556.52,66.78,2026-08-20T09:00:00Z
2025-09-15,creator_collective,212,11,1059.65,148.35,2026-08-20T09:00:00Z
2025-09-15,cashback_network,171,7,607.51,60.75,2026-08-20T09:00:00Z
2025-09-15,editorial_partner,98,4,444.84,53.38,2026-08-20T09:00:00Z
2025-09-16,creator_collective,173,9,832.51,116.55,2026-08-20T09:00:00Z
2025-09-16,cashback_network,171,7,616.86,61.69,2026-08-20T09:00:00Z
2025-09-16,editorial_partner,122,5,560.98,67.32,2026-08-20T09:00:00Z
2025-09-17,creator_collective,173,9,877.05,122.79,2026-08-20T09:00:00Z
2025-09-17,cashback_network,146,6,517.28,51.73,2026-08-20T09:00:00Z
2025-09-17,editorial_partner,98,4,421.15,50.54,2026-08-20T09:00:00Z
2025-09-18,creator_collective,154,8,747.96,104.71,2026-08-20T09:00:00Z
2025-09-18,cashback_network,122,5,437.60,43.76,2026-08-20T09:00:00Z
2025-09-18,editorial_partner,122,5,538.40,64.61,2026-08-20T09:00:00Z
2025-09-19,creator_collective,173,9,871.38,121.99,2026-08-20T09:00:00Z
2025-09-19,cashback_network,122,5,429.72,42.97,2026-08-20T09:00:00Z
2025-09-19,editorial_partner,98,4,447.00,53.64,2026-08-20T09:00:00Z
2025-09-20,creator_collective,192,10,943.44,132.08,2026-08-20T09:00:00Z
2025-09-20,cashback_network,146,6,516.08,51.61,2026-08-20T09:00:00Z
2025-09-20,editorial_partner,98,4,437.34,52.48,2026-08-20T09:00:00Z
2025-09-21,creator_collective,154,8,743.50,104.09,2026-08-20T09:00:00Z
2025-09-21,cashback_network,146,6,536.59,53.66,2026-08-20T09:00:00Z
2025-09-21,editorial_partner,122,5,532.10,63.85,2026-08-20T09:00:00Z
2025-09-22,creator_collective,173,9,881.83,123.46,2026-08-20T09:00:00Z
2025-09-22,cashback_network,146,6,520.27,52.03,2026-08-20T09:00:00Z
2025-09-22,editorial_partner,122,5,557.50,66.90,2026-08-20T09:00:00Z
2025-09-23,creator_collective,173,9,877.11,122.80,2026-08-20T09:00:00Z
2025-09-23,cashback_network,146,6,516.05,51.61,2026-08-20T09:00:00Z
2025-09-23,editorial_partner,122,5,532.01,63.84,2026-08-20T09:00:00Z
2025-09-24,creator_collective,154,8,763.04,106.83,2026-08-20T09:00:00Z
2025-09-24,cashback_network,146,6,510.35,51.03,2026-08-20T09:00:00Z
2025-09-24,editorial_partner,98,4,433.16,51.98,2026-08-20T09:00:00Z
2025-09-25,creator_collective,173,9,861.28,120.58,2026-08-20T09:00:00Z
2025-09-25,cashback_network,146,6,528.89,52.89,2026-08-20T09:00:00Z
2025-09-25,editorial_partner,122,5,526.25,63.15,2026-08-20T09:00:00Z
2025-09-26,creator_collective,154,8,767.80,107.49,2026-08-20T09:00:00Z
2025-09-26,cashback_network,146,6,546.85,54.69,2026-08-20T09:00:00Z
2025-09-26,editorial_partner,122,5,523.46,62.81,2026-08-20T09:00:00Z
2025-09-27,creator_collective,173,9,835.92,117.03,2026-08-20T09:00:00Z
2025-09-27,cashback_network,122,5,455.40,45.54,2026-08-20T09:00:00Z
2025-09-27,editorial_partner,98,4,438.85,52.66,2026-08-20T09:00:00Z
2025-09-28,creator_collective,154,8,792.82,111.00,2026-08-20T09:00:00Z
2025-09-28,cashback_network,146,6,508.98,50.90,2026-08-20T09:00:00Z
2025-09-28,editorial_partner,98,4,446.59,53.59,2026-08-20T09:00:00Z
2025-09-29,creator_collective,173,9,869.24,121.69,2026-08-20T09:00:00Z
2025-09-29,cashback_network,122,5,456.90,45.69,2026-08-20T09:00:00Z
2025-09-29,editorial_partner,98,4,430.54,51.66,2026-08-20T09:00:00Z
2025-09-30,creator_collective,192,10,983.73,137.72,2026-08-20T09:00:00Z
2025-09-30,cashback_network,146,6,545.12,54.51,2026-08-20T09:00:00Z
2025-09-30,editorial_partner,122,5,556.56,66.79,2026-08-20T09:00:00Z
2025-10-01,creator_collective,173,9,884.97,123.90,2026-08-20T09:00:00Z
2025-10-01,cashback_network,122,5,422.91,42.29,2026-08-20T09:00:00Z
2025-10-01,editorial_partner,122,5,547.25,65.67,2026-08-20T09:00:00Z
2025-10-02,creator_collective,173,9,873.83,122.34,2026-08-20T09:00:00Z
2025-10-02,cashback_network,122,5,452.75,45.27,2026-08-20T09:00:00Z
2025-10-02,editorial_partner,122,5,560.03,67.20,2026-08-20T09:00:00Z
2025-10-03,creator_collective,173,9,852.10,119.29,2026-08-20T09:00:00Z
2025-10-03,cashback_network,122,5,424.62,42.46,2026-08-20T09:00:00Z
2025-10-03,editorial_partner,122,5,524.31,62.92,2026-08-20T09:00:00Z
2025-10-04,creator_collective,173,9,887.46,124.24,2026-08-20T09:00:00Z
2025-10-04,cashback_network,146,6,540.75,54.07,2026-08-20T09:00:00Z
2025-10-04,editorial_partner,122,5,549.00,65.88,2026-08-20T09:00:00Z
2025-10-05,creator_collective,154,8,750.81,105.11,2026-08-20T09:00:00Z
2025-10-05,cashback_network,146,6,510.94,51.09,2026-08-20T09:00:00Z
2025-10-05,editorial_partner,122,5,541.65,65.00,2026-08-20T09:00:00Z
2025-10-06,creator_collective,192,10,956.08,133.85,2026-08-20T09:00:00Z
2025-10-06,cashback_network,122,5,450.83,45.08,2026-08-20T09:00:00Z
2025-10-06,editorial_partner,122,5,560.63,67.28,2026-08-20T09:00:00Z
2025-10-07,creator_collective,173,9,858.46,120.18,2026-08-20T09:00:00Z
2025-10-07,cashback_network,146,6,508.53,50.85,2026-08-20T09:00:00Z
2025-10-07,editorial_partner,98,4,433.26,51.99,2026-08-20T09:00:00Z
2025-10-08,creator_collective,192,10,960.26,134.44,2026-08-20T09:00:00Z
2025-10-08,cashback_network,146,6,539.14,53.91,2026-08-20T09:00:00Z
2025-10-08,editorial_partner,122,5,551.16,66.14,2026-08-20T09:00:00Z
2025-10-09,creator_collective,192,10,931.60,130.42,2026-08-20T09:00:00Z
2025-10-09,cashback_network,171,7,634.23,63.42,2026-08-20T09:00:00Z
2025-10-09,editorial_partner,98,4,441.34,52.96,2026-08-20T09:00:00Z
2025-10-10,creator_collective,173,9,862.80,120.79,2026-08-20T09:00:00Z
2025-10-10,cashback_network,122,5,429.10,42.91,2026-08-20T09:00:00Z
2025-10-10,editorial_partner,122,5,540.53,64.86,2026-08-20T09:00:00Z
2025-10-11,creator_collective,173,9,845.59,118.38,2026-08-20T09:00:00Z
2025-10-11,cashback_network,146,6,530.00,53.00,2026-08-20T09:00:00Z
2025-10-11,editorial_partner,98,4,429.44,51.53,2026-08-20T09:00:00Z
2025-10-12,creator_collective,173,9,893.45,125.08,2026-08-20T09:00:00Z
2025-10-12,cashback_network,171,7,615.05,61.51,2026-08-20T09:00:00Z
2025-10-12,editorial_partner,122,5,548.48,65.82,2026-08-20T09:00:00Z
2025-10-13,creator_collective,173,9,837.60,117.26,2026-08-20T09:00:00Z
2025-10-13,cashback_network,122,5,427.72,42.77,2026-08-20T09:00:00Z
2025-10-13,editorial_partner,98,4,429.03,51.48,2026-08-20T09:00:00Z
2025-10-14,creator_collective,192,10,978.85,137.04,2026-08-20T09:00:00Z
2025-10-14,cashback_network,171,7,613.09,61.31,2026-08-20T09:00:00Z
2025-10-14,editorial_partner,122,5,550.24,66.03,2026-08-20T09:00:00Z
2025-10-15,creator_collective,212,11,1050.82,147.11,2026-08-20T09:00:00Z
2025-10-15,cashback_network,171,7,638.10,63.81,2026-08-20T09:00:00Z
2025-10-15,editorial_partner,122,5,519.54,62.34,2026-08-20T09:00:00Z
2025-10-16,creator_collective,192,10,987.46,138.25,2026-08-20T09:00:00Z
2025-10-16,cashback_network,171,7,602.93,60.29,2026-08-20T09:00:00Z
2025-10-16,editorial_partner,146,6,636.25,76.35,2026-08-20T09:00:00Z
2025-10-17,creator_collective,173,9,892.53,124.95,2026-08-20T09:00:00Z
2025-10-17,cashback_network,146,6,537.80,53.78,2026-08-20T09:00:00Z
2025-10-17,editorial_partner,122,5,548.20,65.78,2026-08-20T09:00:00Z
2025-10-18,creator_collective,173,9,843.03,118.02,2026-08-20T09:00:00Z
2025-10-18,cashback_network,146,6,548.94,54.89,2026-08-20T09:00:00Z
2025-10-18,editorial_partner,98,4,428.30,51.40,2026-08-20T09:00:00Z
2025-10-19,creator_collective,192,10,979.93,137.19,2026-08-20T09:00:00Z
2025-10-19,cashback_network,146,6,524.99,52.50,2026-08-20T09:00:00Z
2025-10-19,editorial_partner,122,5,545.57,65.47,2026-08-20T09:00:00Z
2025-10-20,creator_collective,173,9,898.00,125.72,2026-08-20T09:00:00Z
2025-10-20,cashback_network,146,6,513.95,51.40,2026-08-20T09:00:00Z
2025-10-20,editorial_partner,98,4,428.10,51.37,2026-08-20T09:00:00Z
2025-10-21,creator_collective,192,10,940.95,131.73,2026-08-20T09:00:00Z
2025-10-21,cashback_network,146,6,538.90,53.89,2026-08-20T09:00:00Z
2025-10-21,editorial_partner,122,5,545.41,65.45,2026-08-20T09:00:00Z
2025-10-22,creator_collective,173,9,838.91,117.45,2026-08-20T09:00:00Z
2025-10-22,cashback_network,146,6,516.08,51.61,2026-08-20T09:00:00Z
2025-10-22,editorial_partner,98,4,426.53,51.18,2026-08-20T09:00:00Z
2025-10-23,creator_collective,173,9,845.91,118.43,2026-08-20T09:00:00Z
2025-10-23,cashback_network,146,6,541.00,54.10,2026-08-20T09:00:00Z
2025-10-23,editorial_partner,122,5,546.80,65.62,2026-08-20T09:00:00Z
2025-10-24,creator_collective,173,9,836.31,117.08,2026-08-20T09:00:00Z
2025-10-24,cashback_network,171,7,608.04,60.80,2026-08-20T09:00:00Z
2025-10-24,editorial_partner,98,4,420.98,50.52,2026-08-20T09:00:00Z
2025-10-25,creator_collective,173,9,872.45,122.14,2026-08-20T09:00:00Z
2025-10-25,cashback_network,146,6,541.67,54.17,2026-08-20T09:00:00Z
2025-10-25,editorial_partner,122,5,519.12,62.29,2026-08-20T09:00:00Z
2025-10-26,creator_collective,173,9,870.84,121.92,2026-08-20T09:00:00Z
2025-10-26,cashback_network,171,7,611.56,61.16,2026-08-20T09:00:00Z
2025-10-26,editorial_partner,122,5,520.92,62.51,2026-08-20T09:00:00Z
2025-10-27,creator_collective,173,9,865.05,121.11,2026-08-20T09:00:00Z
2025-10-27,cashback_network,146,6,544.92,54.49,2026-08-20T09:00:00Z
2025-10-27,editorial_partner,98,4,426.65,51.20,2026-08-20T09:00:00Z
2025-10-28,creator_collective,192,10,963.84,134.94,2026-08-20T09:00:00Z
2025-10-28,cashback_network,146,6,535.66,53.57,2026-08-20T09:00:00Z
2025-10-28,editorial_partner,122,5,544.21,65.30,2026-08-20T09:00:00Z
2025-10-29,creator_collective,173,9,848.69,118.82,2026-08-20T09:00:00Z
2025-10-29,cashback_network,146,6,536.62,53.66,2026-08-20T09:00:00Z
2025-10-29,editorial_partner,98,4,448.34,53.80,2026-08-20T09:00:00Z
2025-10-30,creator_collective,192,10,972.04,136.09,2026-08-20T09:00:00Z
2025-10-30,cashback_network,146,6,518.88,51.89,2026-08-20T09:00:00Z
2025-10-30,editorial_partner,122,5,553.52,66.42,2026-08-20T09:00:00Z
2025-10-31,creator_collective,192,10,947.32,132.63,2026-08-20T09:00:00Z
2025-10-31,cashback_network,146,6,519.61,51.96,2026-08-20T09:00:00Z
2025-10-31,editorial_partner,98,4,427.10,51.25,2026-08-20T09:00:00Z
2025-11-01,creator_collective,173,9,834.68,116.86,2026-08-20T09:00:00Z
2025-11-01,cashback_network,146,6,521.81,52.18,2026-08-20T09:00:00Z
2025-11-01,editorial_partner,122,5,545.90,65.51,2026-08-20T09:00:00Z
2025-11-02,creator_collective,173,9,886.56,124.12,2026-08-20T09:00:00Z
2025-11-02,cashback_network,171,7,608.05,60.80,2026-08-20T09:00:00Z
2025-11-02,editorial_partner,98,4,444.49,53.34,2026-08-20T09:00:00Z
2025-11-03,creator_collective,173,9,850.09,119.01,2026-08-20T09:00:00Z
2025-11-03,cashback_network,171,7,608.48,60.85,2026-08-20T09:00:00Z
2025-11-03,editorial_partner,122,5,530.55,63.67,2026-08-20T09:00:00Z
2025-11-04,creator_collective,173,9,893.93,125.15,2026-08-20T09:00:00Z
2025-11-04,cashback_network,146,6,521.58,52.16,2026-08-20T09:00:00Z
2025-11-04,editorial_partner,98,4,433.78,52.05,2026-08-20T09:00:00Z
2025-11-05,creator_collective,173,9,883.51,123.69,2026-08-20T09:00:00Z
2025-11-05,cashback_network,146,6,510.35,51.04,2026-08-20T09:00:00Z
2025-11-05,editorial_partner,122,5,523.57,62.83,2026-08-20T09:00:00Z
2025-11-06,creator_collective,212,11,1052.95,147.41,2026-08-20T09:00:00Z
2025-11-06,cashback_network,146,6,532.25,53.22,2026-08-20T09:00:00Z
2025-11-06,editorial_partner,122,5,521.10,62.53,2026-08-20T09:00:00Z
2025-11-07,creator_collective,173,9,884.50,123.83,2026-08-20T09:00:00Z
2025-11-07,cashback_network,146,6,547.09,54.71,2026-08-20T09:00:00Z
2025-11-07,editorial_partner,122,5,531.11,63.73,2026-08-20T09:00:00Z
2025-11-08,creator_collective,192,10,984.05,137.77,2026-08-20T09:00:00Z
2025-11-08,cashback_network,146,6,526.08,52.61,2026-08-20T09:00:00Z
2025-11-08,editorial_partner,122,5,548.67,65.84,2026-08-20T09:00:00Z
2025-11-09,creator_collective,173,9,850.67,119.09,2026-08-20T09:00:00Z
2025-11-09,cashback_network,146,6,519.38,51.94,2026-08-20T09:00:00Z
2025-11-09,editorial_partner,122,5,524.11,62.89,2026-08-20T09:00:00Z
2025-11-10,creator_collective,192,10,972.66,136.17,2026-08-20T09:00:00Z
2025-11-10,cashback_network,146,6,526.03,52.60,2026-08-20T09:00:00Z
2025-11-10,editorial_partner,98,4,440.47,52.86,2026-08-20T09:00:00Z
2025-11-11,creator_collective,192,10,994.93,139.29,2026-08-20T09:00:00Z
2025-11-11,cashback_network,171,7,637.51,63.75,2026-08-20T09:00:00Z
2025-11-11,editorial_partner,122,5,543.65,65.24,2026-08-20T09:00:00Z
2025-11-12,creator_collective,192,10,933.23,130.65,2026-08-20T09:00:00Z
2025-11-12,cashback_network,146,6,513.66,51.37,2026-08-20T09:00:00Z
2025-11-12,editorial_partner,98,4,422.07,50.65,2026-08-20T09:00:00Z
2025-11-13,creator_collective,212,11,1037.53,145.25,2026-08-20T09:00:00Z
2025-11-13,cashback_network,171,7,637.22,63.72,2026-08-20T09:00:00Z
2025-11-13,editorial_partner,98,4,435.72,52.29,2026-08-20T09:00:00Z
2025-11-14,creator_collective,192,10,987.63,138.27,2026-08-20T09:00:00Z
2025-11-14,cashback_network,195,8,708.94,70.89,2026-08-20T09:00:00Z
2025-11-14,editorial_partner,122,5,559.92,67.19,2026-08-20T09:00:00Z
2025-11-15,creator_collective,212,11,1082.27,151.52,2026-08-20T09:00:00Z
2025-11-15,cashback_network,171,7,597.58,59.76,2026-08-20T09:00:00Z
2025-11-15,editorial_partner,146,6,624.05,74.89,2026-08-20T09:00:00Z
2025-11-16,creator_collective,212,11,1019.18,142.68,2026-08-20T09:00:00Z
2025-11-16,cashback_network,195,8,695.54,69.55,2026-08-20T09:00:00Z
2025-11-16,editorial_partner,146,6,646.64,77.60,2026-08-20T09:00:00Z
2025-11-17,creator_collective,173,9,866.12,121.26,2026-08-20T09:00:00Z
2025-11-17,cashback_network,171,7,599.30,59.93,2026-08-20T09:00:00Z
2025-11-17,editorial_partner,122,5,524.33,62.92,2026-08-20T09:00:00Z
2025-11-18,creator_collective,173,9,897.27,125.62,2026-08-20T09:00:00Z
2025-11-18,cashback_network,146,6,508.31,50.83,2026-08-20T09:00:00Z
2025-11-18,editorial_partner,122,5,556.79,66.81,2026-08-20T09:00:00Z
2025-11-19,creator_collective,212,11,1084.36,151.81,2026-08-20T09:00:00Z
2025-11-19,cashback_network,146,6,509.65,50.97,2026-08-20T09:00:00Z
2025-11-19,editorial_partner,122,5,559.76,67.17,2026-08-20T09:00:00Z
2025-11-20,creator_collective,250,13,1285.77,180.01,2026-08-20T09:00:00Z
2025-11-20,cashback_network,195,8,701.58,70.16,2026-08-20T09:00:00Z
2025-11-20,editorial_partner,146,6,628.62,75.43,2026-08-20T09:00:00Z
2025-11-21,creator_collective,231,12,1138.40,159.38,2026-08-20T09:00:00Z
2025-11-21,cashback_network,195,8,684.82,68.48,2026-08-20T09:00:00Z
2025-11-21,editorial_partner,146,6,637.28,76.47,2026-08-20T09:00:00Z
2025-11-22,creator_collective,231,12,1189.98,166.60,2026-08-20T09:00:00Z
2025-11-22,cashback_network,220,9,804.10,80.41,2026-08-20T09:00:00Z
2025-11-22,editorial_partner,171,7,760.11,91.21,2026-08-20T09:00:00Z
2025-11-23,creator_collective,269,14,1369.09,191.67,2026-08-20T09:00:00Z
2025-11-23,cashback_network,220,9,793.87,79.39,2026-08-20T09:00:00Z
2025-11-23,editorial_partner,171,7,742.13,89.06,2026-08-20T09:00:00Z
2025-11-24,creator_collective,231,12,1196.16,167.46,2026-08-20T09:00:00Z
2025-11-24,cashback_network,195,8,711.12,71.11,2026-08-20T09:00:00Z
2025-11-24,editorial_partner,171,7,745.37,89.44,2026-08-20T09:00:00Z
2025-11-25,creator_collective,231,12,1177.19,164.81,2026-08-20T09:00:00Z
2025-11-25,cashback_network,220,9,809.18,80.92,2026-08-20T09:00:00Z
2025-11-25,editorial_partner,146,6,664.25,79.71,2026-08-20T09:00:00Z
2025-11-26,creator_collective,231,12,1135.75,159.01,2026-08-20T09:00:00Z
2025-11-26,cashback_network,195,8,679.60,67.96,2026-08-20T09:00:00Z
2025-11-26,editorial_partner,146,6,647.27,77.67,2026-08-20T09:00:00Z
2025-11-27,creator_collective,250,13,1205.11,168.72,2026-08-20T09:00:00Z
2025-11-27,cashback_network,220,9,786.70,78.67,2026-08-20T09:00:00Z
2025-11-27,editorial_partner,171,7,775.50,93.06,2026-08-20T09:00:00Z
2025-11-28,creator_collective,231,12,1120.58,156.88,2026-08-20T09:00:00Z
2025-11-28,cashback_network,195,8,698.00,69.80,2026-08-20T09:00:00Z
2025-11-28,editorial_partner,146,6,662.45,79.49,2026-08-20T09:00:00Z
2025-11-29,creator_collective,231,12,1169.35,163.71,2026-08-20T09:00:00Z
2025-11-29,cashback_network,195,8,677.01,67.70,2026-08-20T09:00:00Z
2025-11-29,editorial_partner,171,7,741.17,88.94,2026-08-20T09:00:00Z
2025-11-30,creator_collective,269,14,1396.98,195.58,2026-08-20T09:00:00Z
2025-11-30,cashback_network,195,8,729.48,72.95,2026-08-20T09:00:00Z
2025-11-30,editorial_partner,146,6,636.86,76.42,2026-08-20T09:00:00Z
2025-12-01,creator_collective,212,11,1048.31,146.76,2026-08-20T09:00:00Z
2025-12-01,cashback_network,195,8,704.55,70.46,2026-08-20T09:00:00Z
2025-12-01,editorial_partner,146,6,656.87,78.82,2026-08-20T09:00:00Z
2025-12-02,creator_collective,250,13,1255.31,175.74,2026-08-20T09:00:00Z
2025-12-02,cashback_network,195,8,688.91,68.89,2026-08-20T09:00:00Z
2025-12-02,editorial_partner,171,7,735.64,88.28,2026-08-20T09:00:00Z
2025-12-03,creator_collective,212,11,1024.99,143.50,2026-08-20T09:00:00Z
2025-12-03,cashback_network,220,9,764.11,76.41,2026-08-20T09:00:00Z
2025-12-03,editorial_partner,146,6,671.37,80.56,2026-08-20T09:00:00Z
2025-12-04,creator_collective,231,12,1146.93,160.57,2026-08-20T09:00:00Z
2025-12-04,cashback_network,220,9,798.76,79.88,2026-08-20T09:00:00Z
2025-12-04,editorial_partner,146,6,652.55,78.31,2026-08-20T09:00:00Z
2025-12-05,creator_collective,250,13,1199.40,167.92,2026-08-20T09:00:00Z
2025-12-05,cashback_network,220,9,817.15,81.72,2026-08-20T09:00:00Z
2025-12-05,editorial_partner,146,6,657.39,78.89,2026-08-20T09:00:00Z
2025-12-06,creator_collective,231,12,1107.99,155.12,2026-08-20T09:00:00Z
2025-12-06,cashback_network,195,8,708.63,70.86,2026-08-20T09:00:00Z
2025-12-06,editorial_partner,146,6,660.58,79.27,2026-08-20T09:00:00Z
2025-12-07,creator_collective,231,12,1129.07,158.07,2026-08-20T09:00:00Z
2025-12-07,cashback_network,195,8,696.29,69.63,2026-08-20T09:00:00Z
2025-12-07,editorial_partner,146,6,622.51,74.70,2026-08-20T09:00:00Z
2025-12-08,creator_collective,212,11,1042.53,145.95,2026-08-20T09:00:00Z
2025-12-08,cashback_network,195,8,714.56,71.46,2026-08-20T09:00:00Z
2025-12-08,editorial_partner,146,6,673.34,80.80,2026-08-20T09:00:00Z
2025-12-09,creator_collective,231,12,1147.97,160.72,2026-08-20T09:00:00Z
2025-12-09,cashback_network,195,8,691.05,69.10,2026-08-20T09:00:00Z
2025-12-09,editorial_partner,146,6,671.47,80.58,2026-08-20T09:00:00Z
2025-12-10,creator_collective,212,11,1061.88,148.66,2026-08-20T09:00:00Z
2025-12-10,cashback_network,195,8,679.00,67.90,2026-08-20T09:00:00Z
2025-12-10,editorial_partner,146,6,648.83,77.86,2026-08-20T09:00:00Z
2025-12-11,creator_collective,269,14,1321.52,185.01,2026-08-20T09:00:00Z
2025-12-11,cashback_network,220,9,761.11,76.11,2026-08-20T09:00:00Z
2025-12-11,editorial_partner,146,6,670.30,80.44,2026-08-20T09:00:00Z
2025-12-12,creator_collective,212,11,1030.32,144.25,2026-08-20T09:00:00Z
2025-12-12,cashback_network,195,8,691.37,69.14,2026-08-20T09:00:00Z
2025-12-12,editorial_partner,146,6,628.39,75.41,2026-08-20T09:00:00Z
2025-12-13,creator_collective,212,11,1088.69,152.42,2026-08-20T09:00:00Z
2025-12-13,cashback_network,195,8,690.30,69.03,2026-08-20T09:00:00Z
2025-12-13,editorial_partner,146,6,624.32,74.92,2026-08-20T09:00:00Z
2025-12-14,creator_collective,231,12,1118.76,156.63,2026-08-20T09:00:00Z
2025-12-14,cashback_network,195,8,709.34,70.93,2026-08-20T09:00:00Z
2025-12-14,editorial_partner,122,5,529.47,63.54,2026-08-20T09:00:00Z
2025-12-15,creator_collective,212,11,1026.22,143.67,2026-08-20T09:00:00Z
2025-12-15,cashback_network,220,9,816.13,81.61,2026-08-20T09:00:00Z
2025-12-15,editorial_partner,146,6,636.14,76.34,2026-08-20T09:00:00Z
2025-12-16,creator_collective,212,11,1092.79,152.99,2026-08-20T09:00:00Z
2025-12-16,cashback_network,195,8,690.53,69.05,2026-08-20T09:00:00Z
2025-12-16,editorial_partner,122,5,520.97,62.52,2026-08-20T09:00:00Z
2025-12-17,creator_collective,269,14,1309.77,183.37,2026-08-20T09:00:00Z
2025-12-17,cashback_network,195,8,704.28,70.43,2026-08-20T09:00:00Z
2025-12-17,editorial_partner,146,6,632.54,75.90,2026-08-20T09:00:00Z
2025-12-18,creator_collective,250,13,1240.64,173.69,2026-08-20T09:00:00Z
2025-12-18,cashback_network,195,8,730.87,73.09,2026-08-20T09:00:00Z
2025-12-18,editorial_partner,146,6,646.31,77.56,2026-08-20T09:00:00Z
2025-12-19,creator_collective,212,11,1059.48,148.33,2026-08-20T09:00:00Z
2025-12-19,cashback_network,171,7,634.75,63.47,2026-08-20T09:00:00Z
2025-12-19,editorial_partner,98,4,419.97,50.40,2026-08-20T09:00:00Z
2025-12-20,creator_collective,192,10,958.95,134.25,2026-08-20T09:00:00Z
2025-12-20,cashback_network,146,6,522.54,52.25,2026-08-20T09:00:00Z
2025-12-20,editorial_partner,122,5,560.56,67.27,2026-08-20T09:00:00Z
2025-12-21,creator_collective,192,10,955.42,133.76,2026-08-20T09:00:00Z
2025-12-21,cashback_network,171,7,635.21,63.52,2026-08-20T09:00:00Z
2025-12-21,editorial_partner,98,4,424.64,50.96,2026-08-20T09:00:00Z
2025-12-22,creator_collective,212,11,1070.91,149.93,2026-08-20T09:00:00Z
2025-12-22,cashback_network,146,6,517.35,51.74,2026-08-20T09:00:00Z
2025-12-22,editorial_partner,122,5,551.12,66.13,2026-08-20T09:00:00Z
2025-12-23,creator_collective,192,10,973.65,136.31,2026-08-20T09:00:00Z
2025-12-23,cashback_network,171,7,619.71,61.97,2026-08-20T09:00:00Z
2025-12-23,editorial_partner,122,5,532.11,63.85,2026-08-20T09:00:00Z
2025-12-24,creator_collective,173,9,875.54,122.58,2026-08-20T09:00:00Z
2025-12-24,cashback_network,171,7,595.04,59.50,2026-08-20T09:00:00Z
2025-12-24,editorial_partner,122,5,549.44,65.93,2026-08-20T09:00:00Z
2025-12-25,creator_collective,192,10,969.20,135.69,2026-08-20T09:00:00Z
2025-12-25,cashback_network,146,6,544.99,54.50,2026-08-20T09:00:00Z
2025-12-25,editorial_partner,98,4,445.96,53.52,2026-08-20T09:00:00Z
2025-12-26,creator_collective,192,10,956.53,133.91,2026-08-20T09:00:00Z
2025-12-26,cashback_network,171,7,613.64,61.36,2026-08-20T09:00:00Z
2025-12-26,editorial_partner,98,4,417.72,50.13,2026-08-20T09:00:00Z
2025-12-27,creator_collective,173,9,843.76,118.13,2026-08-20T09:00:00Z
2025-12-27,cashback_network,171,7,616.02,61.60,2026-08-20T09:00:00Z
2025-12-27,editorial_partner,98,4,437.85,52.54,2026-08-20T09:00:00Z
2025-12-28,creator_collective,212,11,1017.78,142.49,2026-08-20T09:00:00Z
2025-12-28,cashback_network,146,6,508.30,50.83,2026-08-20T09:00:00Z
2025-12-28,editorial_partner,122,5,560.70,67.28,2026-08-20T09:00:00Z
2025-12-29,creator_collective,173,9,850.92,119.13,2026-08-20T09:00:00Z
2025-12-29,cashback_network,146,6,534.71,53.47,2026-08-20T09:00:00Z
2025-12-29,editorial_partner,122,5,534.99,64.20,2026-08-20T09:00:00Z
2025-12-30,creator_collective,192,10,931.69,130.44,2026-08-20T09:00:00Z
2025-12-30,cashback_network,146,6,543.47,54.35,2026-08-20T09:00:00Z
2025-12-30,editorial_partner,122,5,537.22,64.47,2026-08-20T09:00:00Z
2025-12-31,creator_collective,173,9,886.96,124.17,2026-08-20T09:00:00Z
2025-12-31,cashback_network,171,7,613.44,61.34,2026-08-20T09:00:00Z
2025-12-31,editorial_partner,122,5,536.32,64.36,2026-08-20T09:00:00Z
2026-01-01,creator_collective,154,8,745.49,104.37,2026-08-20T09:00:00Z
2026-01-01,cashback_network,146,6,524.01,52.40,2026-08-20T09:00:00Z
2026-01-01,editorial_partner,98,4,426.81,51.22,2026-08-20T09:00:00Z
2026-01-02,creator_collective,173,9,860.68,120.49,2026-08-20T09:00:00Z
2026-01-02,cashback_network,171,7,600.36,60.04,2026-08-20T09:00:00Z
2026-01-02,editorial_partner,98,4,437.87,52.54,2026-08-20T09:00:00Z
2026-01-03,creator_collective,192,10,932.21,130.51,2026-08-20T09:00:00Z
2026-01-03,cashback_network,146,6,516.14,51.61,2026-08-20T09:00:00Z
2026-01-03,editorial_partner,98,4,430.60,51.67,2026-08-20T09:00:00Z
2026-01-04,creator_collective,192,10,941.39,131.79,2026-08-20T09:00:00Z
2026-01-04,cashback_network,146,6,507.21,50.72,2026-08-20T09:00:00Z
2026-01-04,editorial_partner,98,4,425.94,51.11,2026-08-20T09:00:00Z
2026-01-05,creator_collective,173,9,842.19,117.91,2026-08-20T09:00:00Z
2026-01-05,cashback_network,171,7,597.40,59.74,2026-08-20T09:00:00Z
2026-01-05,editorial_partner,122,5,541.68,65.00,2026-08-20T09:00:00Z
2026-01-06,creator_collective,173,9,878.12,122.94,2026-08-20T09:00:00Z
2026-01-06,cashback_network,171,7,611.78,61.18,2026-08-20T09:00:00Z
2026-01-06,editorial_partner,122,5,546.40,65.57,2026-08-20T09:00:00Z
2026-01-07,creator_collective,192,10,938.75,131.42,2026-08-20T09:00:00Z
2026-01-07,cashback_network,171,7,628.16,62.82,2026-08-20T09:00:00Z
2026-01-07,editorial_partner,122,5,540.99,64.92,2026-08-20T09:00:00Z
2026-01-08,creator_collective,173,9,857.23,120.01,2026-08-20T09:00:00Z
2026-01-08,cashback_network,171,7,605.34,60.53,2026-08-20T09:00:00Z
2026-01-08,editorial_partner,122,5,525.10,63.01,2026-08-20T09:00:00Z
2026-01-09,creator_collective,192,10,932.28,130.52,2026-08-20T09:00:00Z
2026-01-09,cashback_network,146,6,509.27,50.93,2026-08-20T09:00:00Z
2026-01-09,editorial_partner,122,5,526.92,63.23,2026-08-20T09:00:00Z
2026-01-10,creator_collective,192,10,964.89,135.09,2026-08-20T09:00:00Z
2026-01-10,cashback_network,146,6,548.40,54.84,2026-08-20T09:00:00Z
2026-01-10,editorial_partner,122,5,547.24,65.67,2026-08-20T09:00:00Z
2026-01-11,creator_collective,154,8,778.47,108.99,2026-08-20T09:00:00Z
2026-01-11,cashback_network,146,6,509.52,50.95,2026-08-20T09:00:00Z
2026-01-11,editorial_partner,98,4,417.20,50.06,2026-08-20T09:00:00Z
2026-01-12,creator_collective,173,9,858.22,120.15,2026-08-20T09:00:00Z
2026-01-12,cashback_network,146,6,534.86,53.49,2026-08-20T09:00:00Z
2026-01-12,editorial_partner,98,4,423.71,50.85,2026-08-20T09:00:00Z
2026-01-13,creator_collective,192,10,959.72,134.36,2026-08-20T09:00:00Z
2026-01-13,cashback_network,146,6,506.91,50.69,2026-08-20T09:00:00Z
2026-01-13,editorial_partner,122,5,539.24,64.71,2026-08-20T09:00:00Z
2026-01-14,creator_collective,192,10,956.42,133.90,2026-08-20T09:00:00Z
2026-01-14,cashback_network,171,7,620.74,62.07,2026-08-20T09:00:00Z
2026-01-14,editorial_partner,122,5,546.73,65.61,2026-08-20T09:00:00Z
2026-01-15,creator_collective,212,11,1082.31,151.52,2026-08-20T09:00:00Z
2026-01-15,cashback_network,171,7,613.57,61.36,2026-08-20T09:00:00Z
2026-01-15,editorial_partner,122,5,521.81,62.62,2026-08-20T09:00:00Z
2026-01-16,creator_collective,173,9,838.45,117.38,2026-08-20T09:00:00Z
2026-01-16,cashback_network,146,6,539.91,53.99,2026-08-20T09:00:00Z
2026-01-16,editorial_partner,122,5,547.72,65.73,2026-08-20T09:00:00Z
2026-01-17,creator_collective,192,10,996.20,139.47,2026-08-20T09:00:00Z
2026-01-17,cashback_network,146,6,513.16,51.32,2026-08-20T09:00:00Z
2026-01-17,editorial_partner,98,4,445.58,53.47,2026-08-20T09:00:00Z
2026-01-18,creator_collective,173,9,845.12,118.32,2026-08-20T09:00:00Z
2026-01-18,cashback_network,146,6,534.09,53.41,2026-08-20T09:00:00Z
2026-01-18,editorial_partner,122,5,541.75,65.01,2026-08-20T09:00:00Z
2026-01-19,creator_collective,192,10,978.64,137.01,2026-08-20T09:00:00Z
2026-01-19,cashback_network,146,6,521.95,52.19,2026-08-20T09:00:00Z
2026-01-19,editorial_partner,98,4,435.99,52.32,2026-08-20T09:00:00Z
2026-01-20,creator_collective,192,10,967.52,135.45,2026-08-20T09:00:00Z
2026-01-20,cashback_network,171,7,617.00,61.70,2026-08-20T09:00:00Z
2026-01-20,editorial_partner,122,5,522.27,62.67,2026-08-20T09:00:00Z
2026-01-21,creator_collective,173,9,839.71,117.56,2026-08-20T09:00:00Z
2026-01-21,cashback_network,171,7,593.92,59.39,2026-08-20T09:00:00Z
2026-01-21,editorial_partner,98,4,442.20,53.06,2026-08-20T09:00:00Z
2026-01-22,creator_collective,173,9,887.83,124.30,2026-08-20T09:00:00Z
2026-01-22,cashback_network,146,6,520.39,52.04,2026-08-20T09:00:00Z
2026-01-22,editorial_partner,122,5,540.64,64.88,2026-08-20T09:00:00Z
2026-01-23,creator_collective,173,9,864.03,120.96,2026-08-20T09:00:00Z
2026-01-23,cashback_network,146,6,534.61,53.46,2026-08-20T09:00:00Z
2026-01-23,editorial_partner,98,4,440.60,52.87,2026-08-20T09:00:00Z
2026-01-24,creator_collective,192,10,939.76,131.57,2026-08-20T09:00:00Z
2026-01-24,cashback_network,146,6,546.11,54.61,2026-08-20T09:00:00Z
2026-01-24,editorial_partner,122,5,558.44,67.01,2026-08-20T09:00:00Z
2026-01-25,creator_collective,154,8,786.45,110.10,2026-08-20T09:00:00Z
2026-01-25,cashback_network,146,6,520.81,52.08,2026-08-20T09:00:00Z
2026-01-25,editorial_partner,122,5,557.59,66.91,2026-08-20T09:00:00Z
2026-01-26,creator_collective,154,8,767.32,107.43,2026-08-20T09:00:00Z
2026-01-26,cashback_network,146,6,524.09,52.41,2026-08-20T09:00:00Z
2026-01-26,editorial_partner,122,5,560.16,67.22,2026-08-20T09:00:00Z
2026-01-27,creator_collective,154,8,737.86,103.30,2026-08-20T09:00:00Z
2026-01-27,cashback_network,146,6,544.37,54.44,2026-08-20T09:00:00Z
2026-01-27,editorial_partner,98,4,439.58,52.75,2026-08-20T09:00:00Z
2026-01-28,creator_collective,192,10,977.27,136.82,2026-08-20T09:00:00Z
2026-01-28,cashback_network,171,7,600.53,60.05,2026-08-20T09:00:00Z
2026-01-28,editorial_partner,122,5,551.25,66.15,2026-08-20T09:00:00Z
2026-01-29,creator_collective,154,8,787.20,110.21,2026-08-20T09:00:00Z
2026-01-29,cashback_network,146,6,508.36,50.84,2026-08-20T09:00:00Z
2026-01-29,editorial_partner,98,4,418.47,50.22,2026-08-20T09:00:00Z
2026-01-30,creator_collective,173,9,840.46,117.66,2026-08-20T09:00:00Z
2026-01-30,cashback_network,122,5,426.64,42.66,2026-08-20T09:00:00Z
2026-01-30,editorial_partner,122,5,531.97,63.84,2026-08-20T09:00:00Z
2026-01-31,creator_collective,173,9,854.51,119.63,2026-08-20T09:00:00Z
2026-01-31,cashback_network,146,6,519.70,51.97,2026-08-20T09:00:00Z
2026-01-31,editorial_partner,122,5,533.85,64.06,2026-08-20T09:00:00Z
2026-02-01,creator_collective,173,9,847.19,118.61,2026-08-20T09:00:00Z
2026-02-01,cashback_network,146,6,522.57,52.26,2026-08-20T09:00:00Z
2026-02-01,editorial_partner,98,4,425.40,51.05,2026-08-20T09:00:00Z
2026-02-02,creator_collective,173,9,855.33,119.75,2026-08-20T09:00:00Z
2026-02-02,cashback_network,146,6,508.97,50.90,2026-08-20T09:00:00Z
2026-02-02,editorial_partner,122,5,524.68,62.96,2026-08-20T09:00:00Z
2026-02-03,creator_collective,154,8,751.58,105.22,2026-08-20T09:00:00Z
2026-02-03,cashback_network,146,6,517.62,51.76,2026-08-20T09:00:00Z
2026-02-03,editorial_partner,98,4,447.13,53.66,2026-08-20T09:00:00Z
2026-02-04,creator_collective,173,9,874.55,122.44,2026-08-20T09:00:00Z
2026-02-04,cashback_network,122,5,445.00,44.50,2026-08-20T09:00:00Z
2026-02-04,editorial_partner,98,4,432.44,51.89,2026-08-20T09:00:00Z
2026-02-05,creator_collective,173,9,866.49,121.31,2026-08-20T09:00:00Z
2026-02-05,cashback_network,146,6,536.01,53.60,2026-08-20T09:00:00Z
2026-02-05,editorial_partner,98,4,426.21,51.15,2026-08-20T09:00:00Z
2026-02-06,creator_collective,173,9,855.06,119.71,2026-08-20T09:00:00Z
2026-02-06,cashback_network,146,6,540.71,54.07,2026-08-20T09:00:00Z
2026-02-06,editorial_partner,122,5,550.91,66.11,2026-08-20T09:00:00Z
2026-02-07,creator_collective,154,8,740.81,103.71,2026-08-20T09:00:00Z
2026-02-07,cashback_network,146,6,523.71,52.37,2026-08-20T09:00:00Z
2026-02-07,editorial_partner,122,5,559.53,67.14,2026-08-20T09:00:00Z
2026-02-08,creator_collective,154,8,769.61,107.75,2026-08-20T09:00:00Z
2026-02-08,cashback_network,146,6,514.43,51.44,2026-08-20T09:00:00Z
2026-02-08,editorial_partner,98,4,425.93,51.11,2026-08-20T09:00:00Z
2026-02-09,creator_collective,192,10,994.26,139.20,2026-08-20T09:00:00Z
2026-02-09,cashback_network,146,6,532.38,53.24,2026-08-20T09:00:00Z
2026-02-09,editorial_partner,122,5,549.65,65.96,2026-08-20T09:00:00Z
2026-02-10,creator_collective,192,10,946.48,132.51,2026-08-20T09:00:00Z
2026-02-10,cashback_network,122,5,437.07,43.71,2026-08-20T09:00:00Z
2026-02-10,editorial_partner,98,4,427.26,51.27,2026-08-20T09:00:00Z
2026-02-11,creator_collective,192,10,980.92,137.33,2026-08-20T09:00:00Z
2026-02-11,cashback_network,146,6,534.92,53.49,2026-08-20T09:00:00Z
2026-02-11,editorial_partner,98,4,426.97,51.24,2026-08-20T09:00:00Z
2026-02-12,creator_collective,173,9,856.63,119.93,2026-08-20T09:00:00Z
2026-02-12,cashback_network,122,5,449.86,44.99,2026-08-20T09:00:00Z
2026-02-12,editorial_partner,98,4,437.98,52.56,2026-08-20T09:00:00Z
2026-02-13,creator_collective,173,9,879.99,123.20,2026-08-20T09:00:00Z
2026-02-13,cashback_network,122,5,428.11,42.81,2026-08-20T09:00:00Z
2026-02-13,editorial_partner,98,4,436.38,52.37,2026-08-20T09:00:00Z
2026-02-14,creator_collective,192,10,954.13,133.58,2026-08-20T09:00:00Z
2026-02-14,cashback_network,171,7,612.58,61.26,2026-08-20T09:00:00Z
2026-02-14,editorial_partner,98,4,446.15,53.54,2026-08-20T09:00:00Z
2026-02-15,creator_collective,173,9,841.42,117.80,2026-08-20T09:00:00Z
2026-02-15,cashback_network,146,6,532.40,53.24,2026-08-20T09:00:00Z
2026-02-15,editorial_partner,122,5,561.10,67.33,2026-08-20T09:00:00Z
2026-02-16,creator_collective,173,9,882.27,123.52,2026-08-20T09:00:00Z
2026-02-16,cashback_network,146,6,539.66,53.97,2026-08-20T09:00:00Z
2026-02-16,editorial_partner,122,5,532.71,63.93,2026-08-20T09:00:00Z
2026-02-17,creator_collective,154,8,781.04,109.35,2026-08-20T09:00:00Z
2026-02-17,cashback_network,122,5,441.66,44.17,2026-08-20T09:00:00Z
2026-02-17,editorial_partner,122,5,538.87,64.66,2026-08-20T09:00:00Z
2026-02-18,creator_collective,154,8,786.11,110.06,2026-08-20T09:00:00Z
2026-02-18,cashback_network,146,6,513.29,51.33,2026-08-20T09:00:00Z
2026-02-18,editorial_partner,98,4,443.81,53.26,2026-08-20T09:00:00Z
2026-02-19,creator_collective,173,9,839.99,117.60,2026-08-20T09:00:00Z
2026-02-19,cashback_network,122,5,423.94,42.39,2026-08-20T09:00:00Z
2026-02-19,editorial_partner,98,4,416.25,49.95,2026-08-20T09:00:00Z
2026-02-20,creator_collective,154,8,768.00,107.52,2026-08-20T09:00:00Z
2026-02-20,cashback_network,146,6,527.62,52.76,2026-08-20T09:00:00Z
2026-02-20,editorial_partner,98,4,421.44,50.57,2026-08-20T09:00:00Z
2026-02-21,creator_collective,154,8,795.50,111.37,2026-08-20T09:00:00Z
2026-02-21,cashback_network,122,5,438.99,43.90,2026-08-20T09:00:00Z
2026-02-21,editorial_partner,98,4,434.71,52.17,2026-08-20T09:00:00Z
2026-02-22,creator_collective,173,9,862.87,120.80,2026-08-20T09:00:00Z
2026-02-22,cashback_network,146,6,531.38,53.14,2026-08-20T09:00:00Z
2026-02-22,editorial_partner,98,4,444.44,53.33,2026-08-20T09:00:00Z
2026-02-23,creator_collective,173,9,838.31,117.36,2026-08-20T09:00:00Z
2026-02-23,cashback_network,146,6,543.97,54.40,2026-08-20T09:00:00Z
2026-02-23,editorial_partner,98,4,435.28,52.23,2026-08-20T09:00:00Z
2026-02-24,creator_collective,154,8,752.96,105.41,2026-08-20T09:00:00Z
2026-02-24,cashback_network,146,6,537.97,53.80,2026-08-20T09:00:00Z
2026-02-24,editorial_partner,98,4,419.04,50.29,2026-08-20T09:00:00Z
2026-02-25,creator_collective,173,9,834.05,116.77,2026-08-20T09:00:00Z
2026-02-25,cashback_network,146,6,527.08,52.71,2026-08-20T09:00:00Z
2026-02-25,editorial_partner,122,5,522.92,62.75,2026-08-20T09:00:00Z
2026-02-26,creator_collective,173,9,876.64,122.73,2026-08-20T09:00:00Z
2026-02-26,cashback_network,146,6,545.98,54.60,2026-08-20T09:00:00Z
2026-02-26,editorial_partner,98,4,433.41,52.01,2026-08-20T09:00:00Z
2026-02-27,creator_collective,154,8,759.41,106.32,2026-08-20T09:00:00Z
2026-02-27,cashback_network,122,5,454.59,45.46,2026-08-20T09:00:00Z
2026-02-27,editorial_partner,98,4,433.06,51.97,2026-08-20T09:00:00Z
2026-02-28,creator_collective,173,9,840.75,117.71,2026-08-20T09:00:00Z
2026-02-28,cashback_network,122,5,457.33,45.73,2026-08-20T09:00:00Z
2026-02-28,editorial_partner,98,4,445.61,53.47,2026-08-20T09:00:00Z
2026-03-01,creator_collective,173,9,891.57,124.82,2026-08-20T09:00:00Z
2026-03-01,cashback_network,146,6,515.20,51.52,2026-08-20T09:00:00Z
2026-03-01,editorial_partner,98,4,424.08,50.89,2026-08-20T09:00:00Z
2026-03-02,creator_collective,154,8,745.25,104.33,2026-08-20T09:00:00Z
2026-03-02,cashback_network,146,6,541.33,54.13,2026-08-20T09:00:00Z
2026-03-02,editorial_partner,98,4,435.71,52.29,2026-08-20T09:00:00Z
2026-03-03,creator_collective,173,9,857.75,120.09,2026-08-20T09:00:00Z
2026-03-03,cashback_network,146,6,547.36,54.74,2026-08-20T09:00:00Z
2026-03-03,editorial_partner,98,4,422.24,50.67,2026-08-20T09:00:00Z
2026-03-04,creator_collective,154,8,762.98,106.82,2026-08-20T09:00:00Z
2026-03-04,cashback_network,146,6,513.41,51.34,2026-08-20T09:00:00Z
2026-03-04,editorial_partner,98,4,435.75,52.29,2026-08-20T09:00:00Z
2026-03-05,creator_collective,154,8,772.71,108.18,2026-08-20T09:00:00Z
2026-03-05,cashback_network,122,5,439.51,43.95,2026-08-20T09:00:00Z
2026-03-05,editorial_partner,98,4,426.89,51.23,2026-08-20T09:00:00Z
2026-03-06,creator_collective,154,8,742.52,103.95,2026-08-20T09:00:00Z
2026-03-06,cashback_network,122,5,429.06,42.91,2026-08-20T09:00:00Z
2026-03-06,editorial_partner,98,4,423.10,50.77,2026-08-20T09:00:00Z
2026-03-07,creator_collective,154,8,776.72,108.74,2026-08-20T09:00:00Z
2026-03-07,cashback_network,122,5,449.55,44.96,2026-08-20T09:00:00Z
2026-03-07,editorial_partner,98,4,430.45,51.65,2026-08-20T09:00:00Z
2026-03-08,creator_collective,154,8,770.68,107.90,2026-08-20T09:00:00Z
2026-03-08,cashback_network,146,6,534.43,53.44,2026-08-20T09:00:00Z
2026-03-08,editorial_partner,98,4,424.13,50.90,2026-08-20T09:00:00Z
2026-03-09,creator_collective,154,8,795.88,111.42,2026-08-20T09:00:00Z
2026-03-09,cashback_network,122,5,455.88,45.59,2026-08-20T09:00:00Z
2026-03-09,editorial_partner,98,4,423.00,50.76,2026-08-20T09:00:00Z
2026-03-10,creator_collective,154,8,796.55,111.52,2026-08-20T09:00:00Z
2026-03-10,cashback_network,146,6,543.00,54.30,2026-08-20T09:00:00Z
2026-03-10,editorial_partner,98,4,445.75,53.49,2026-08-20T09:00:00Z
2026-03-11,creator_collective,173,9,889.53,124.53,2026-08-20T09:00:00Z
2026-03-11,cashback_network,122,5,439.29,43.93,2026-08-20T09:00:00Z
2026-03-11,editorial_partner,98,4,443.73,53.25,2026-08-20T09:00:00Z
2026-03-12,creator_collective,154,8,764.83,107.08,2026-08-20T09:00:00Z
2026-03-12,cashback_network,122,5,433.21,43.32,2026-08-20T09:00:00Z
2026-03-12,editorial_partner,98,4,433.12,51.97,2026-08-20T09:00:00Z
2026-03-13,creator_collective,154,8,763.09,106.83,2026-08-20T09:00:00Z
2026-03-13,cashback_network,122,5,451.21,45.12,2026-08-20T09:00:00Z
2026-03-13,editorial_partner,98,4,439.76,52.77,2026-08-20T09:00:00Z
2026-03-14,creator_collective,173,9,836.80,117.15,2026-08-20T09:00:00Z
2026-03-14,cashback_network,146,6,517.88,51.79,2026-08-20T09:00:00Z
2026-03-14,editorial_partner,98,4,429.82,51.58,2026-08-20T09:00:00Z
2026-03-15,creator_collective,154,8,751.23,105.17,2026-08-20T09:00:00Z
2026-03-15,cashback_network,146,6,506.91,50.69,2026-08-20T09:00:00Z
2026-03-15,editorial_partner,98,4,415.17,49.82,2026-08-20T09:00:00Z
2026-03-16,creator_collective,192,10,985.12,137.92,2026-08-20T09:00:00Z
2026-03-16,cashback_network,146,6,529.15,52.92,2026-08-20T09:00:00Z
2026-03-16,editorial_partner,122,5,529.32,63.52,2026-08-20T09:00:00Z
2026-03-17,creator_collective,135,7,660.59,92.48,2026-08-20T09:00:00Z
2026-03-17,cashback_network,122,5,445.44,44.54,2026-08-20T09:00:00Z
2026-03-17,editorial_partner,98,4,418.98,50.28,2026-08-20T09:00:00Z
2026-03-18,creator_collective,135,7,662.24,92.71,2026-08-20T09:00:00Z
2026-03-18,cashback_network,146,6,546.95,54.70,2026-08-20T09:00:00Z
2026-03-18,editorial_partner,98,4,429.43,51.53,2026-08-20T09:00:00Z
2026-03-19,creator_collective,173,9,857.49,120.05,2026-08-20T09:00:00Z
2026-03-19,cashback_network,122,5,430.83,43.08,2026-08-20T09:00:00Z
2026-03-19,editorial_partner,98,4,416.14,49.94,2026-08-20T09:00:00Z
2026-03-20,creator_collective,135,7,661.51,92.61,2026-08-20T09:00:00Z
2026-03-20,cashback_network,122,5,448.61,44.86,2026-08-20T09:00:00Z
2026-03-20,editorial_partner,73,3,323.16,38.78,2026-08-20T09:00:00Z
2026-03-21,creator_collective,154,8,797.92,111.71,2026-08-20T09:00:00Z
2026-03-21,cashback_network,122,5,440.82,44.08,2026-08-20T09:00:00Z
2026-03-21,editorial_partner,98,4,443.82,53.26,2026-08-20T09:00:00Z
2026-03-22,creator_collective,154,8,747.52,104.65,2026-08-20T09:00:00Z
2026-03-22,cashback_network,122,5,450.95,45.10,2026-08-20T09:00:00Z
2026-03-22,editorial_partner,98,4,426.23,51.15,2026-08-20T09:00:00Z
2026-03-23,creator_collective,154,8,740.85,103.72,2026-08-20T09:00:00Z
2026-03-23,cashback_network,122,5,422.87,42.29,2026-08-20T09:00:00Z
2026-03-23,editorial_partner,98,4,417.59,50.11,2026-08-20T09:00:00Z
2026-03-24,creator_collective,135,7,683.14,95.64,2026-08-20T09:00:00Z
2026-03-24,cashback_network,122,5,431.10,43.11,2026-08-20T09:00:00Z
2026-03-24,editorial_partner,98,4,439.12,52.69,2026-08-20T09:00:00Z
2026-03-25,creator_collective,135,7,692.33,96.93,2026-08-20T09:00:00Z
2026-03-25,cashback_network,146,6,523.04,52.30,2026-08-20T09:00:00Z
2026-03-25,editorial_partner,98,4,421.88,50.63,2026-08-20T09:00:00Z
2026-03-26,creator_collective,154,8,775.71,108.60,2026-08-20T09:00:00Z
2026-03-26,cashback_network,122,5,440.99,44.10,2026-08-20T09:00:00Z
2026-03-26,editorial_partner,98,4,434.53,52.14,2026-08-20T09:00:00Z
2026-03-27,creator_collective,135,7,656.91,91.97,2026-08-20T09:00:00Z
2026-03-27,cashback_network,122,5,443.28,44.33,2026-08-20T09:00:00Z
2026-03-27,editorial_partner,73,3,328.37,39.40,2026-08-20T09:00:00Z
2026-03-28,creator_collective,154,8,762.29,106.72,2026-08-20T09:00:00Z
2026-03-28,cashback_network,122,5,436.61,43.66,2026-08-20T09:00:00Z
2026-03-28,editorial_partner,98,4,434.79,52.17,2026-08-20T09:00:00Z
2026-03-29,creator_collective,154,8,762.18,106.71,2026-08-20T09:00:00Z
2026-03-29,cashback_network,122,5,451.74,45.17,2026-08-20T09:00:00Z
2026-03-29,editorial_partner,73,3,327.82,39.34,2026-08-20T09:00:00Z
2026-03-30,creator_collective,135,7,679.53,95.13,2026-08-20T09:00:00Z
2026-03-30,cashback_network,122,5,439.68,43.97,2026-08-20T09:00:00Z
2026-03-30,editorial_partner,98,4,417.14,50.06,2026-08-20T09:00:00Z
2026-03-31,creator_collective,154,8,765.42,107.16,2026-08-20T09:00:00Z
2026-03-31,cashback_network,122,5,432.59,43.26,2026-08-20T09:00:00Z
2026-03-31,editorial_partner,98,4,418.91,50.27,2026-08-20T09:00:00Z
2026-04-01,creator_collective,154,8,760.60,106.48,2026-08-20T09:00:00Z
2026-04-01,cashback_network,122,5,433.31,43.33,2026-08-20T09:00:00Z
2026-04-01,editorial_partner,73,3,334.42,40.13,2026-08-20T09:00:00Z
2026-04-02,creator_collective,135,7,672.48,94.15,2026-08-20T09:00:00Z
2026-04-02,cashback_network,122,5,453.28,45.33,2026-08-20T09:00:00Z
2026-04-02,editorial_partner,98,4,440.66,52.88,2026-08-20T09:00:00Z
2026-04-03,creator_collective,154,8,762.45,106.74,2026-08-20T09:00:00Z
2026-04-03,cashback_network,122,5,455.70,45.57,2026-08-20T09:00:00Z
2026-04-03,editorial_partner,98,4,435.56,52.27,2026-08-20T09:00:00Z
2026-04-04,creator_collective,135,7,649.73,90.96,2026-08-20T09:00:00Z
2026-04-04,cashback_network,122,5,454.70,45.47,2026-08-20T09:00:00Z
2026-04-04,editorial_partner,73,3,318.50,38.22,2026-08-20T09:00:00Z
2026-04-05,creator_collective,135,7,684.47,95.83,2026-08-20T09:00:00Z
2026-04-05,cashback_network,122,5,451.41,45.14,2026-08-20T09:00:00Z
2026-04-05,editorial_partner,73,3,321.68,38.60,2026-08-20T09:00:00Z
2026-04-06,creator_collective,154,8,742.02,103.88,2026-08-20T09:00:00Z
2026-04-06,cashback_network,122,5,426.80,42.68,2026-08-20T09:00:00Z
2026-04-06,editorial_partner,73,3,315.08,37.81,2026-08-20T09:00:00Z
2026-04-07,creator_collective,154,8,791.00,110.74,2026-08-20T09:00:00Z
2026-04-07,cashback_network,122,5,455.76,45.58,2026-08-20T09:00:00Z
2026-04-07,editorial_partner,98,4,440.94,52.91,2026-08-20T09:00:00Z
2026-04-08,creator_collective,135,7,670.12,93.82,2026-08-20T09:00:00Z
2026-04-08,cashback_network,122,5,455.55,45.56,2026-08-20T09:00:00Z
2026-04-08,editorial_partner,98,4,434.05,52.09,2026-08-20T09:00:00Z
2026-04-09,creator_collective,135,7,657.20,92.01,2026-08-20T09:00:00Z
2026-04-09,cashback_network,122,5,430.25,43.02,2026-08-20T09:00:00Z
2026-04-09,editorial_partner,98,4,423.34,50.80,2026-08-20T09:00:00Z
2026-04-10,creator_collective,154,8,766.01,107.24,2026-08-20T09:00:00Z
2026-04-10,cashback_network,122,5,443.99,44.40,2026-08-20T09:00:00Z
2026-04-10,editorial_partner,98,4,430.60,51.67,2026-08-20T09:00:00Z
2026-04-11,creator_collective,154,8,743.19,104.05,2026-08-20T09:00:00Z
2026-04-11,cashback_network,122,5,428.55,42.85,2026-08-20T09:00:00Z
2026-04-11,editorial_partner,73,3,332.91,39.95,2026-08-20T09:00:00Z
2026-04-12,creator_collective,135,7,684.75,95.86,2026-08-20T09:00:00Z
2026-04-12,cashback_network,122,5,441.69,44.17,2026-08-20T09:00:00Z
2026-04-12,editorial_partner,98,4,428.61,51.43,2026-08-20T09:00:00Z
2026-04-13,creator_collective,135,7,658.98,92.26,2026-08-20T09:00:00Z
2026-04-13,cashback_network,122,5,453.36,45.34,2026-08-20T09:00:00Z
2026-04-13,editorial_partner,98,4,417.22,50.07,2026-08-20T09:00:00Z
2026-04-14,creator_collective,154,8,757.63,106.07,2026-08-20T09:00:00Z
2026-04-14,cashback_network,146,6,547.54,54.75,2026-08-20T09:00:00Z
2026-04-14,editorial_partner,98,4,446.13,53.54,2026-08-20T09:00:00Z
2026-04-15,creator_collective,154,8,785.23,109.93,2026-08-20T09:00:00Z
2026-04-15,cashback_network,146,6,510.40,51.04,2026-08-20T09:00:00Z
2026-04-15,editorial_partner,98,4,438.89,52.67,2026-08-20T09:00:00Z
2026-04-16,creator_collective,154,8,741.85,103.86,2026-08-20T09:00:00Z
2026-04-16,cashback_network,146,6,514.29,51.43,2026-08-20T09:00:00Z
2026-04-16,editorial_partner,98,4,421.68,50.60,2026-08-20T09:00:00Z
2026-04-17,creator_collective,154,8,776.09,108.65,2026-08-20T09:00:00Z
2026-04-17,cashback_network,122,5,453.16,45.32,2026-08-20T09:00:00Z
2026-04-17,editorial_partner,98,4,425.92,51.11,2026-08-20T09:00:00Z
2026-04-18,creator_collective,135,7,695.87,97.42,2026-08-20T09:00:00Z
2026-04-18,cashback_network,98,4,363.67,36.37,2026-08-20T09:00:00Z
2026-04-18,editorial_partner,98,4,446.12,53.53,2026-08-20T09:00:00Z
2026-04-19,creator_collective,154,8,777.85,108.90,2026-08-20T09:00:00Z
2026-04-19,cashback_network,122,5,456.68,45.67,2026-08-20T09:00:00Z
2026-04-19,editorial_partner,73,3,318.55,38.23,2026-08-20T09:00:00Z
2026-04-20,creator_collective,135,7,680.30,95.24,2026-08-20T09:00:00Z
2026-04-20,cashback_network,122,5,439.88,43.99,2026-08-20T09:00:00Z
2026-04-20,editorial_partner,98,4,432.33,51.88,2026-08-20T09:00:00Z
2026-04-21,creator_collective,135,7,653.94,91.55,2026-08-20T09:00:00Z
2026-04-21,cashback_network,98,4,340.25,34.03,2026-08-20T09:00:00Z
2026-04-21,editorial_partner,98,4,432.10,51.85,2026-08-20T09:00:00Z
2026-04-22,creator_collective,135,7,649.62,90.95,2026-08-20T09:00:00Z
2026-04-22,cashback_network,122,5,452.14,45.21,2026-08-20T09:00:00Z
2026-04-22,editorial_partner,73,3,331.64,39.80,2026-08-20T09:00:00Z
2026-04-23,creator_collective,135,7,659.87,92.38,2026-08-20T09:00:00Z
2026-04-23,cashback_network,122,5,456.80,45.68,2026-08-20T09:00:00Z
2026-04-23,editorial_partner,73,3,319.51,38.34,2026-08-20T09:00:00Z
2026-04-24,creator_collective,154,8,782.96,109.61,2026-08-20T09:00:00Z
2026-04-24,cashback_network,122,5,425.26,42.53,2026-08-20T09:00:00Z
2026-04-24,editorial_partner,98,4,419.51,50.34,2026-08-20T09:00:00Z
2026-04-25,creator_collective,154,8,770.70,107.90,2026-08-20T09:00:00Z
2026-04-25,cashback_network,122,5,448.43,44.84,2026-08-20T09:00:00Z
2026-04-25,editorial_partner,73,3,311.49,37.38,2026-08-20T09:00:00Z
2026-04-26,creator_collective,135,7,696.89,97.56,2026-08-20T09:00:00Z
2026-04-26,cashback_network,98,4,340.58,34.06,2026-08-20T09:00:00Z
2026-04-26,editorial_partner,98,4,434.53,52.14,2026-08-20T09:00:00Z
2026-04-27,creator_collective,154,8,797.11,111.60,2026-08-20T09:00:00Z
2026-04-27,cashback_network,98,4,360.32,36.03,2026-08-20T09:00:00Z
2026-04-27,editorial_partner,98,4,434.54,52.14,2026-08-20T09:00:00Z
2026-04-28,creator_collective,135,7,673.48,94.29,2026-08-20T09:00:00Z
2026-04-28,cashback_network,122,5,423.77,42.38,2026-08-20T09:00:00Z
2026-04-28,editorial_partner,98,4,429.35,51.52,2026-08-20T09:00:00Z
2026-04-29,creator_collective,135,7,688.51,96.39,2026-08-20T09:00:00Z
2026-04-29,cashback_network,122,5,434.96,43.50,2026-08-20T09:00:00Z
2026-04-29,editorial_partner,98,4,422.82,50.74,2026-08-20T09:00:00Z
2026-04-30,creator_collective,135,7,693.57,97.10,2026-08-20T09:00:00Z
2026-04-30,cashback_network,122,5,441.53,44.15,2026-08-20T09:00:00Z
2026-04-30,editorial_partner,73,3,316.65,38.00,2026-08-20T09:00:00Z
2026-05-01,creator_collective,135,7,674.14,94.38,2026-08-20T09:00:00Z
2026-05-01,cashback_network,122,5,429.66,42.97,2026-08-20T09:00:00Z
2026-05-01,editorial_partner,73,3,333.95,40.07,2026-08-20T09:00:00Z
2026-05-02,creator_collective,154,8,787.13,110.20,2026-08-20T09:00:00Z
2026-05-02,cashback_network,122,5,454.86,45.49,2026-08-20T09:00:00Z
2026-05-02,editorial_partner,98,4,444.69,53.36,2026-08-20T09:00:00Z
2026-05-03,creator_collective,135,7,677.00,94.78,2026-08-20T09:00:00Z
2026-05-03,cashback_network,122,5,427.48,42.75,2026-08-20T09:00:00Z
2026-05-03,editorial_partner,73,3,326.38,39.17,2026-08-20T09:00:00Z
2026-05-04,creator_collective,135,7,680.33,95.25,2026-08-20T09:00:00Z
2026-05-04,cashback_network,122,5,436.97,43.70,2026-08-20T09:00:00Z
2026-05-04,editorial_partner,73,3,322.82,38.74,2026-08-20T09:00:00Z
2026-05-05,creator_collective,115,6,597.66,83.67,2026-08-20T09:00:00Z
2026-05-05,cashback_network,98,4,360.61,36.06,2026-08-20T09:00:00Z
2026-05-05,editorial_partner,98,4,428.84,51.46,2026-08-20T09:00:00Z
2026-05-06,creator_collective,135,7,669.90,93.79,2026-08-20T09:00:00Z
2026-05-06,cashback_network,122,5,426.49,42.65,2026-08-20T09:00:00Z
2026-05-06,editorial_partner,98,4,419.30,50.32,2026-08-20T09:00:00Z
2026-05-07,creator_collective,154,8,756.55,105.92,2026-08-20T09:00:00Z
2026-05-07,cashback_network,122,5,439.49,43.95,2026-08-20T09:00:00Z
2026-05-07,editorial_partner,98,4,426.39,51.17,2026-08-20T09:00:00Z
2026-05-08,creator_collective,135,7,667.45,93.44,2026-08-20T09:00:00Z
2026-05-08,cashback_network,122,5,444.65,44.47,2026-08-20T09:00:00Z
2026-05-08,editorial_partner,73,3,319.96,38.40,2026-08-20T09:00:00Z
2026-05-09,creator_collective,154,8,762.94,106.81,2026-08-20T09:00:00Z
2026-05-09,cashback_network,98,4,354.21,35.42,2026-08-20T09:00:00Z
2026-05-09,editorial_partner,73,3,312.94,37.55,2026-08-20T09:00:00Z
2026-05-10,creator_collective,135,7,680.69,95.30,2026-08-20T09:00:00Z
2026-05-10,cashback_network,98,4,353.91,35.39,2026-08-20T09:00:00Z
2026-05-10,editorial_partner,98,4,447.70,53.72,2026-08-20T09:00:00Z
2026-05-11,creator_collective,135,7,654.90,91.69,2026-08-20T09:00:00Z
2026-05-11,cashback_network,122,5,443.19,44.32,2026-08-20T09:00:00Z
2026-05-11,editorial_partner,73,3,312.41,37.49,2026-08-20T09:00:00Z
2026-05-12,creator_collective,135,7,681.46,95.40,2026-08-20T09:00:00Z
2026-05-12,cashback_network,98,4,355.10,35.51,2026-08-20T09:00:00Z
2026-05-12,editorial_partner,98,4,443.62,53.23,2026-08-20T09:00:00Z
2026-05-13,creator_collective,115,6,593.31,83.06,2026-08-20T09:00:00Z
2026-05-13,cashback_network,122,5,436.90,43.69,2026-08-20T09:00:00Z
2026-05-13,editorial_partner,73,3,328.25,39.39,2026-08-20T09:00:00Z
2026-05-14,creator_collective,135,7,670.43,93.86,2026-08-20T09:00:00Z
2026-05-14,cashback_network,146,6,518.26,51.83,2026-08-20T09:00:00Z
2026-05-14,editorial_partner,98,4,423.81,50.86,2026-08-20T09:00:00Z
2026-05-15,creator_collective,154,8,786.63,110.13,2026-08-20T09:00:00Z
2026-05-15,cashback_network,122,5,456.31,45.63,2026-08-20T09:00:00Z
2026-05-15,editorial_partner,98,4,446.85,53.62,2026-08-20T09:00:00Z
2026-05-16,creator_collective,154,8,786.40,110.10,2026-08-20T09:00:00Z
2026-05-16,cashback_network,122,5,438.93,43.89,2026-08-20T09:00:00Z
2026-05-16,editorial_partner,98,4,430.09,51.61,2026-08-20T09:00:00Z
2026-05-17,creator_collective,135,7,655.19,91.73,2026-08-20T09:00:00Z
2026-05-17,cashback_network,98,4,356.00,35.60,2026-08-20T09:00:00Z
2026-05-17,editorial_partner,73,3,321.91,38.63,2026-08-20T09:00:00Z
2026-05-18,creator_collective,154,8,771.31,107.98,2026-08-20T09:00:00Z
2026-05-18,cashback_network,98,4,352.85,35.29,2026-08-20T09:00:00Z
2026-05-18,editorial_partner,73,3,321.10,38.53,2026-08-20T09:00:00Z
2026-05-19,creator_collective,135,7,687.85,96.30,2026-08-20T09:00:00Z
2026-05-19,cashback_network,98,4,362.31,36.23,2026-08-20T09:00:00Z
2026-05-19,editorial_partner,98,4,436.66,52.40,2026-08-20T09:00:00Z
2026-05-20,creator_collective,135,7,674.96,94.49,2026-08-20T09:00:00Z
2026-05-20,cashback_network,98,4,353.61,35.36,2026-08-20T09:00:00Z
2026-05-20,editorial_partner,98,4,442.71,53.13,2026-08-20T09:00:00Z
2026-05-21,creator_collective,135,7,695.77,97.41,2026-08-20T09:00:00Z
2026-05-21,cashback_network,98,4,339.10,33.91,2026-08-20T09:00:00Z
2026-05-21,editorial_partner,73,3,311.25,37.35,2026-08-20T09:00:00Z
2026-05-22,creator_collective,115,6,560.28,78.44,2026-08-20T09:00:00Z
2026-05-22,cashback_network,98,4,365.29,36.53,2026-08-20T09:00:00Z
2026-05-22,editorial_partner,98,4,448.12,53.77,2026-08-20T09:00:00Z
2026-05-23,creator_collective,135,7,654.29,91.60,2026-08-20T09:00:00Z
2026-05-23,cashback_network,98,4,351.16,35.12,2026-08-20T09:00:00Z
2026-05-23,editorial_partner,98,4,443.07,53.17,2026-08-20T09:00:00Z
2026-05-24,creator_collective,135,7,672.36,94.13,2026-08-20T09:00:00Z
2026-05-24,cashback_network,122,5,445.84,44.58,2026-08-20T09:00:00Z
2026-05-24,editorial_partner,98,4,436.44,52.37,2026-08-20T09:00:00Z
2026-05-25,creator_collective,135,7,653.45,91.48,2026-08-20T09:00:00Z
2026-05-25,cashback_network,98,4,339.45,33.95,2026-08-20T09:00:00Z
2026-05-25,editorial_partner,73,3,313.59,37.63,2026-08-20T09:00:00Z
2026-05-26,creator_collective,154,8,768.65,107.61,2026-08-20T09:00:00Z
2026-05-26,cashback_network,98,4,348.31,34.83,2026-08-20T09:00:00Z
2026-05-26,editorial_partner,73,3,317.58,38.11,2026-08-20T09:00:00Z
2026-05-27,creator_collective,135,7,682.54,95.56,2026-08-20T09:00:00Z
2026-05-27,cashback_network,98,4,357.71,35.77,2026-08-20T09:00:00Z
2026-05-27,editorial_partner,73,3,312.43,37.49,2026-08-20T09:00:00Z
2026-05-28,creator_collective,135,7,650.57,91.08,2026-08-20T09:00:00Z
2026-05-28,cashback_network,98,4,352.34,35.23,2026-08-20T09:00:00Z
2026-05-28,editorial_partner,98,4,431.04,51.72,2026-08-20T09:00:00Z
2026-05-29,creator_collective,135,7,688.40,96.38,2026-08-20T09:00:00Z
2026-05-29,cashback_network,98,4,339.87,33.99,2026-08-20T09:00:00Z
2026-05-29,editorial_partner,73,3,334.99,40.20,2026-08-20T09:00:00Z
2026-05-30,creator_collective,154,8,753.02,105.42,2026-08-20T09:00:00Z
2026-05-30,cashback_network,122,5,436.21,43.62,2026-08-20T09:00:00Z
2026-05-30,editorial_partner,73,3,315.15,37.82,2026-08-20T09:00:00Z
2026-05-31,creator_collective,135,7,648.61,90.81,2026-08-20T09:00:00Z
2026-05-31,cashback_network,122,5,436.95,43.69,2026-08-20T09:00:00Z
2026-05-31,editorial_partner,73,3,331.33,39.76,2026-08-20T09:00:00Z
2026-06-01,creator_collective,115,6,594.83,83.28,2026-08-20T09:00:00Z
2026-06-01,cashback_network,98,4,341.43,34.14,2026-08-20T09:00:00Z
2026-06-01,editorial_partner,73,3,326.24,39.15,2026-08-20T09:00:00Z
2026-06-02,creator_collective,154,8,793.12,111.04,2026-08-20T09:00:00Z
2026-06-02,cashback_network,98,4,364.46,36.45,2026-08-20T09:00:00Z
2026-06-02,editorial_partner,98,4,417.95,50.15,2026-08-20T09:00:00Z
2026-06-03,creator_collective,135,7,668.96,93.65,2026-08-20T09:00:00Z
2026-06-03,cashback_network,122,5,443.40,44.34,2026-08-20T09:00:00Z
2026-06-03,editorial_partner,73,3,332.21,39.86,2026-08-20T09:00:00Z
2026-06-04,creator_collective,135,7,669.30,93.70,2026-08-20T09:00:00Z
2026-06-04,cashback_network,98,4,352.80,35.28,2026-08-20T09:00:00Z
2026-06-04,editorial_partner,73,3,325.83,39.10,2026-08-20T09:00:00Z
2026-06-05,creator_collective,135,7,647.77,90.69,2026-08-20T09:00:00Z
2026-06-05,cashback_network,122,5,450.92,45.09,2026-08-20T09:00:00Z
2026-06-05,editorial_partner,73,3,326.11,39.13,2026-08-20T09:00:00Z
2026-06-06,creator_collective,154,8,741.25,103.77,2026-08-20T09:00:00Z
2026-06-06,cashback_network,98,4,352.31,35.23,2026-08-20T09:00:00Z
2026-06-06,editorial_partner,73,3,332.46,39.89,2026-08-20T09:00:00Z
2026-06-07,creator_collective,135,7,689.17,96.48,2026-08-20T09:00:00Z
2026-06-07,cashback_network,122,5,423.16,42.32,2026-08-20T09:00:00Z
2026-06-07,editorial_partner,98,4,432.15,51.86,2026-08-20T09:00:00Z
2026-06-08,creator_collective,154,8,772.37,108.13,2026-08-20T09:00:00Z
2026-06-08,cashback_network,122,5,444.69,44.47,2026-08-20T09:00:00Z
2026-06-08,editorial_partner,73,3,332.54,39.91,2026-08-20T09:00:00Z
2026-06-09,creator_collective,154,8,739.39,103.51,2026-08-20T09:00:00Z
2026-06-09,cashback_network,122,5,455.57,45.56,2026-08-20T09:00:00Z
2026-06-09,editorial_partner,98,4,443.69,53.24,2026-08-20T09:00:00Z
2026-06-10,creator_collective,135,7,676.08,94.65,2026-08-20T09:00:00Z
2026-06-10,cashback_network,122,5,454.71,45.47,2026-08-20T09:00:00Z
2026-06-10,editorial_partner,98,4,419.65,50.36,2026-08-20T09:00:00Z
2026-06-11,creator_collective,135,7,671.58,94.02,2026-08-20T09:00:00Z
2026-06-11,cashback_network,122,5,429.31,42.93,2026-08-20T09:00:00Z
2026-06-11,editorial_partner,98,4,419.59,50.35,2026-08-20T09:00:00Z
2026-06-12,creator_collective,154,8,752.01,105.28,2026-08-20T09:00:00Z
2026-06-12,cashback_network,122,5,453.13,45.31,2026-08-20T09:00:00Z
2026-06-12,editorial_partner,73,3,322.48,38.70,2026-08-20T09:00:00Z
2026-06-13,creator_collective,135,7,666.21,93.27,2026-08-20T09:00:00Z
2026-06-13,cashback_network,122,5,423.02,42.30,2026-08-20T09:00:00Z
2026-06-13,editorial_partner,73,3,322.28,38.67,2026-08-20T09:00:00Z
2026-06-14,creator_collective,135,7,670.75,93.91,2026-08-20T09:00:00Z
2026-06-14,cashback_network,146,6,523.99,52.40,2026-08-20T09:00:00Z
2026-06-14,editorial_partner,98,4,441.84,53.02,2026-08-20T09:00:00Z
2026-06-15,creator_collective,154,8,770.03,107.80,2026-08-20T09:00:00Z
2026-06-15,cashback_network,122,5,429.22,42.92,2026-08-20T09:00:00Z
2026-06-15,editorial_partner,98,4,444.35,53.32,2026-08-20T09:00:00Z
2026-06-16,creator_collective,154,8,771.88,108.06,2026-08-20T09:00:00Z
2026-06-16,cashback_network,122,5,425.93,42.59,2026-08-20T09:00:00Z
2026-06-16,editorial_partner,98,4,441.22,52.95,2026-08-20T09:00:00Z
2026-06-17,creator_collective,135,7,666.80,93.35,2026-08-20T09:00:00Z
2026-06-17,cashback_network,98,4,357.80,35.78,2026-08-20T09:00:00Z
2026-06-17,editorial_partner,98,4,424.82,50.98,2026-08-20T09:00:00Z
2026-06-18,creator_collective,135,7,697.77,97.69,2026-08-20T09:00:00Z
2026-06-18,cashback_network,98,4,356.70,35.67,2026-08-20T09:00:00Z
2026-06-18,editorial_partner,73,3,330.11,39.61,2026-08-20T09:00:00Z
2026-06-19,creator_collective,135,7,678.38,94.97,2026-08-20T09:00:00Z
2026-06-19,cashback_network,122,5,447.40,44.74,2026-08-20T09:00:00Z
2026-06-19,editorial_partner,73,3,328.22,39.39,2026-08-20T09:00:00Z
2026-06-20,creator_collective,135,7,678.14,94.94,2026-08-20T09:00:00Z
2026-06-20,cashback_network,98,4,345.00,34.50,2026-08-20T09:00:00Z
2026-06-20,editorial_partner,73,3,313.26,37.59,2026-08-20T09:00:00Z
2026-06-21,creator_collective,135,7,688.72,96.42,2026-08-20T09:00:00Z
2026-06-21,cashback_network,122,5,433.11,43.31,2026-08-20T09:00:00Z
2026-06-21,editorial_partner,73,3,336.82,40.42,2026-08-20T09:00:00Z
2026-06-22,creator_collective,154,8,778.14,108.94,2026-08-20T09:00:00Z
2026-06-22,cashback_network,98,4,357.20,35.72,2026-08-20T09:00:00Z
2026-06-22,editorial_partner,98,4,416.08,49.93,2026-08-20T09:00:00Z
2026-06-23,creator_collective,135,7,653.46,91.49,2026-08-20T09:00:00Z
2026-06-23,cashback_network,122,5,437.91,43.79,2026-08-20T09:00:00Z
2026-06-23,editorial_partner,98,4,422.47,50.70,2026-08-20T09:00:00Z
2026-06-24,creator_collective,154,8,769.46,107.72,2026-08-20T09:00:00Z
2026-06-24,cashback_network,122,5,446.80,44.68,2026-08-20T09:00:00Z
2026-06-24,editorial_partner,98,4,438.82,52.66,2026-08-20T09:00:00Z
2026-06-25,creator_collective,135,7,666.63,93.33,2026-08-20T09:00:00Z
2026-06-25,cashback_network,122,5,428.99,42.90,2026-08-20T09:00:00Z
2026-06-25,editorial_partner,98,4,437.69,52.52,2026-08-20T09:00:00Z
2026-06-26,creator_collective,135,7,647.90,90.71,2026-08-20T09:00:00Z
2026-06-26,cashback_network,98,4,355.64,35.56,2026-08-20T09:00:00Z
2026-06-26,editorial_partner,98,4,417.55,50.11,2026-08-20T09:00:00Z
2026-06-27,creator_collective,135,7,668.72,93.62,2026-08-20T09:00:00Z
2026-06-27,cashback_network,122,5,426.83,42.68,2026-08-20T09:00:00Z
2026-06-27,editorial_partner,98,4,437.09,52.45,2026-08-20T09:00:00Z
2026-06-28,creator_collective,135,7,649.08,90.87,2026-08-20T09:00:00Z
2026-06-28,cashback_network,122,5,450.11,45.01,2026-08-20T09:00:00Z
2026-06-28,editorial_partner,73,3,322.67,38.72,2026-08-20T09:00:00Z
2026-06-29,creator_collective,135,7,662.54,92.76,2026-08-20T09:00:00Z
2026-06-29,cashback_network,122,5,456.40,45.64,2026-08-20T09:00:00Z
2026-06-29,editorial_partner,98,4,444.43,53.33,2026-08-20T09:00:00Z
2026-06-30,creator_collective,135,7,649.34,90.91,2026-08-20T09:00:00Z
2026-06-30,cashback_network,122,5,425.86,42.59,2026-08-20T09:00:00Z
2026-06-30,editorial_partner,98,4,434.58,52.15,2026-08-20T09:00:00Z
2026-07-01,creator_collective,154,8,770.20,107.83,2026-08-20T09:00:00Z
2026-07-01,cashback_network,146,6,516.66,51.67,2026-08-20T09:00:00Z
2026-07-01,editorial_partner,98,4,435.36,52.24,2026-08-20T09:00:00Z
2026-07-02,creator_collective,173,9,845.47,118.37,2026-08-20T09:00:00Z
2026-07-02,cashback_network,122,5,438.04,43.80,2026-08-20T09:00:00Z
2026-07-02,editorial_partner,98,4,422.29,50.68,2026-08-20T09:00:00Z
2026-07-03,creator_collective,173,9,829.46,116.12,2026-08-20T09:00:00Z
2026-07-03,cashback_network,122,5,428.99,42.90,2026-08-20T09:00:00Z
2026-07-03,editorial_partner,122,5,550.13,66.02,2026-08-20T09:00:00Z
2026-07-04,creator_collective,173,9,832.66,116.57,2026-08-20T09:00:00Z
2026-07-04,cashback_network,146,6,511.10,51.11,2026-08-20T09:00:00Z
2026-07-04,editorial_partner,98,4,416.24,49.95,2026-08-20T09:00:00Z
2026-07-05,creator_collective,154,8,789.76,110.57,2026-08-20T09:00:00Z
2026-07-05,cashback_network,122,5,426.20,42.62,2026-08-20T09:00:00Z
2026-07-05,editorial_partner,98,4,432.82,51.94,2026-08-20T09:00:00Z
2026-07-06,creator_collective,135,7,664.48,93.03,2026-08-20T09:00:00Z
2026-07-06,cashback_network,98,4,343.76,34.38,2026-08-20T09:00:00Z
2026-07-06,editorial_partner,98,4,439.86,52.78,2026-08-20T09:00:00Z
2026-07-07,creator_collective,135,7,669.05,93.67,2026-08-20T09:00:00Z
2026-07-07,cashback_network,122,5,453.71,45.37,2026-08-20T09:00:00Z
2026-07-07,editorial_partner,98,4,439.51,52.74,2026-08-20T09:00:00Z
2026-07-08,creator_collective,154,8,782.68,109.58,2026-08-20T09:00:00Z
2026-07-08,cashback_network,122,5,432.55,43.26,2026-08-20T09:00:00Z
2026-07-08,editorial_partner,98,4,428.45,51.41,2026-08-20T09:00:00Z
2026-07-09,creator_collective,154,8,784.19,109.79,2026-08-20T09:00:00Z
2026-07-09,cashback_network,122,5,430.65,43.07,2026-08-20T09:00:00Z
2026-07-09,editorial_partner,73,3,314.85,37.78,2026-08-20T09:00:00Z
2026-07-10,creator_collective,135,7,673.43,94.28,2026-08-20T09:00:00Z
2026-07-10,cashback_network,122,5,450.79,45.08,2026-08-20T09:00:00Z
2026-07-10,editorial_partner,98,4,416.81,50.02,2026-08-20T09:00:00Z
2026-07-11,creator_collective,135,7,666.62,93.33,2026-08-20T09:00:00Z
2026-07-11,cashback_network,122,5,441.73,44.17,2026-08-20T09:00:00Z
2026-07-11,editorial_partner,98,4,434.76,52.17,2026-08-20T09:00:00Z
2026-07-12,creator_collective,154,8,754.89,105.68,2026-08-20T09:00:00Z
2026-07-12,cashback_network,122,5,440.40,44.04,2026-08-20T09:00:00Z
2026-07-12,editorial_partner,73,3,329.61,39.55,2026-08-20T09:00:00Z
2026-07-13,creator_collective,135,7,681.14,95.36,2026-08-20T09:00:00Z
2026-07-13,cashback_network,122,5,429.54,42.95,2026-08-20T09:00:00Z
2026-07-13,editorial_partner,98,4,444.62,53.35,2026-08-20T09:00:00Z
2026-07-14,creator_collective,173,9,898.04,125.73,2026-08-20T09:00:00Z
2026-07-14,cashback_network,122,5,450.94,45.09,2026-08-20T09:00:00Z
2026-07-14,editorial_partner,98,4,420.77,50.49,2026-08-20T09:00:00Z
2026-07-15,creator_collective,173,9,881.16,123.36,2026-08-20T09:00:00Z
2026-07-15,cashback_network,146,6,514.82,51.48,2026-08-20T09:00:00Z
2026-07-15,editorial_partner,98,4,444.02,53.28,2026-08-20T09:00:00Z
2026-07-16,creator_collective,173,9,845.51,118.37,2026-08-20T09:00:00Z
2026-07-16,cashback_network,146,6,543.31,54.33,2026-08-20T09:00:00Z
2026-07-16,editorial_partner,98,4,424.22,50.91,2026-08-20T09:00:00Z
2026-07-17,creator_collective,154,8,739.38,103.51,2026-08-20T09:00:00Z
2026-07-17,cashback_network,122,5,436.97,43.70,2026-08-20T09:00:00Z
2026-07-17,editorial_partner,98,4,416.42,49.97,2026-08-20T09:00:00Z
2026-07-18,creator_collective,135,7,678.68,95.01,2026-08-20T09:00:00Z
2026-07-18,cashback_network,146,6,546.85,54.69,2026-08-20T09:00:00Z
2026-07-18,editorial_partner,73,3,324.98,39.00,2026-08-20T09:00:00Z
2026-07-19,creator_collective,154,8,763.16,106.84,2026-08-20T09:00:00Z
2026-07-19,cashback_network,122,5,425.14,42.51,2026-08-20T09:00:00Z
2026-07-19,editorial_partner,98,4,440.73,52.89,2026-08-20T09:00:00Z
2026-07-20,creator_collective,173,9,844.74,118.26,2026-08-20T09:00:00Z
2026-07-20,cashback_network,122,5,435.92,43.59,2026-08-20T09:00:00Z
2026-07-20,editorial_partner,98,4,424.47,50.94,2026-08-20T09:00:00Z
2026-07-21,creator_collective,154,8,747.57,104.66,2026-08-20T09:00:00Z
2026-07-21,cashback_network,146,6,511.82,51.18,2026-08-20T09:00:00Z
2026-07-21,editorial_partner,98,4,431.90,51.83,2026-08-20T09:00:00Z
2026-07-22,creator_collective,135,7,658.54,92.20,2026-08-20T09:00:00Z
2026-07-22,cashback_network,146,6,515.97,51.60,2026-08-20T09:00:00Z
2026-07-22,editorial_partner,98,4,418.24,50.19,2026-08-20T09:00:00Z
2026-07-23,creator_collective,154,8,760.62,106.49,2026-08-20T09:00:00Z
2026-07-23,cashback_network,122,5,440.16,44.02,2026-08-20T09:00:00Z
2026-07-23,editorial_partner,98,4,449.25,53.91,2026-08-20T09:00:00Z
2026-07-24,creator_collective,135,7,693.13,97.04,2026-08-20T09:00:00Z
2026-07-24,cashback_network,122,5,426.43,42.64,2026-08-20T09:00:00Z
2026-07-24,editorial_partner,98,4,423.01,50.76,2026-08-20T09:00:00Z
2026-07-25,creator_collective,154,8,766.12,107.26,2026-08-20T09:00:00Z
2026-07-25,cashback_network,146,6,526.35,52.63,2026-08-20T09:00:00Z
2026-07-25,editorial_partner,98,4,437.40,52.49,2026-08-20T09:00:00Z
2026-07-26,creator_collective,135,7,669.83,93.78,2026-08-20T09:00:00Z
2026-07-26,cashback_network,146,6,534.99,53.50,2026-08-20T09:00:00Z
2026-07-26,editorial_partner,98,4,446.75,53.61,2026-08-20T09:00:00Z
2026-07-27,creator_collective,173,9,830.76,116.31,2026-08-20T09:00:00Z
2026-07-27,cashback_network,122,5,429.20,42.92,2026-08-20T09:00:00Z
2026-07-27,editorial_partner,98,4,424.58,50.95,2026-08-20T09:00:00Z
2026-07-28,creator_collective,173,9,831.14,116.36,2026-08-20T09:00:00Z
2026-07-28,cashback_network,122,5,453.05,45.31,2026-08-20T09:00:00Z
2026-07-28,editorial_partner,98,4,429.22,51.51,2026-08-20T09:00:00Z
2026-07-29,creator_collective,135,7,688.91,96.45,2026-08-20T09:00:00Z
2026-07-29,cashback_network,146,6,522.62,52.26,2026-08-20T09:00:00Z
2026-07-29,editorial_partner,98,4,434.19,52.10,2026-08-20T09:00:00Z
2026-07-30,creator_collective,154,8,798.32,111.77,2026-08-20T09:00:00Z
2026-07-30,cashback_network,122,5,453.16,45.32,2026-08-20T09:00:00Z
2026-07-30,editorial_partner,98,4,423.38,50.81,2026-08-20T09:00:00Z
2026-07-31,creator_collective,173,9,850.03,119.00,2026-08-20T09:00:00Z
2026-07-31,cashback_network,122,5,442.86,44.29,2026-08-20T09:00:00Z
2026-07-31,editorial_partner,98,4,421.22,50.55,2026-08-20T09:00:00Z
2026-08-01,creator_collective,173,9,845.80,118.41,2026-08-20T09:00:00Z
2026-08-01,cashback_network,122,5,452.32,45.23,2026-08-20T09:00:00Z
2026-08-01,editorial_partner,98,4,435.09,52.21,2026-08-20T09:00:00Z
2026-08-02,creator_collective,154,8,786.67,110.13,2026-08-20T09:00:00Z
2026-08-02,cashback_network,122,5,435.95,43.59,2026-08-20T09:00:00Z
2026-08-02,editorial_partner,98,4,417.14,50.06,2026-08-20T09:00:00Z
2026-08-03,creator_collective,154,8,789.02,110.46,2026-08-20T09:00:00Z
2026-08-03,cashback_network,146,6,545.94,54.59,2026-08-20T09:00:00Z
2026-08-03,editorial_partner,98,4,438.88,52.67,2026-08-20T09:00:00Z
2026-08-04,creator_collective,154,8,748.40,104.78,2026-08-20T09:00:00Z
2026-08-04,cashback_network,122,5,430.80,43.08,2026-08-20T09:00:00Z
2026-08-04,editorial_partner,98,4,430.31,51.64,2026-08-20T09:00:00Z
2026-08-05,creator_collective,154,8,775.26,108.54,2026-08-20T09:00:00Z
2026-08-05,cashback_network,122,5,453.10,45.31,2026-08-20T09:00:00Z
2026-08-05,editorial_partner,98,4,426.80,51.22,2026-08-20T09:00:00Z
2026-08-06,creator_collective,154,8,776.29,108.68,2026-08-20T09:00:00Z
2026-08-06,cashback_network,146,6,545.24,54.52,2026-08-20T09:00:00Z
2026-08-06,editorial_partner,98,4,418.45,50.21,2026-08-20T09:00:00Z
2026-08-07,creator_collective,173,9,891.20,124.77,2026-08-20T09:00:00Z
2026-08-07,cashback_network,122,5,427.54,42.75,2026-08-20T09:00:00Z
2026-08-07,editorial_partner,98,4,423.19,50.78,2026-08-20T09:00:00Z
2026-08-08,creator_collective,173,9,829.84,116.18,2026-08-20T09:00:00Z
2026-08-08,cashback_network,146,6,521.31,52.13,2026-08-20T09:00:00Z
2026-08-08,editorial_partner,98,4,446.73,53.61,2026-08-20T09:00:00Z
2026-08-09,creator_collective,154,8,762.17,106.70,2026-08-20T09:00:00Z
2026-08-09,cashback_network,146,6,512.92,51.29,2026-08-20T09:00:00Z
2026-08-09,editorial_partner,98,4,426.53,51.18,2026-08-20T09:00:00Z
2026-08-10,creator_collective,154,8,790.25,110.63,2026-08-20T09:00:00Z
2026-08-10,cashback_network,122,5,427.44,42.74,2026-08-20T09:00:00Z
2026-08-10,editorial_partner,98,4,435.17,52.22,2026-08-20T09:00:00Z
2026-08-11,creator_collective,173,9,847.21,118.61,2026-08-20T09:00:00Z
2026-08-11,cashback_network,122,5,434.53,43.45,2026-08-20T09:00:00Z
2026-08-11,editorial_partner,98,4,437.62,52.51,2026-08-20T09:00:00Z
2026-08-12,creator_collective,173,9,875.81,122.61,2026-08-20T09:00:00Z
2026-08-12,cashback_network,146,6,538.38,53.84,2026-08-20T09:00:00Z
2026-08-12,editorial_partner,98,4,445.25,53.43,2026-08-20T09:00:00Z
2026-08-13,creator_collective,154,8,787.26,110.22,2026-08-20T09:00:00Z
2026-08-13,cashback_network,122,5,438.23,43.82,2026-08-20T09:00:00Z
2026-08-13,editorial_partner,98,4,419.06,50.29,2026-08-20T09:00:00Z
2026-08-14,creator_collective,173,9,847.45,118.64,2026-08-20T09:00:00Z
2026-08-14,cashback_network,146,6,520.87,52.09,2026-08-20T09:00:00Z
2026-08-14,editorial_partner,98,4,438.12,52.57,2026-08-20T09:00:00Z
2026-08-15,creator_collective,192,10,964.67,135.05,2026-08-20T09:00:00Z
2026-08-15,cashback_network,171,7,599.87,59.99,2026-08-20T09:00:00Z
2026-08-15,editorial_partner,98,4,430.76,51.69,2026-08-20T09:00:00Z
2026-08-16,creator_collective,154,8,764.65,107.05,2026-08-20T09:00:00Z
2026-08-16,cashback_network,146,6,521.39,52.14,2026-08-20T09:00:00Z
2026-08-16,editorial_partner,98,4,423.39,50.81,2026-08-20T09:00:00Z
2026-08-17,creator_collective,154,8,751.65,105.23,2026-08-20T09:00:00Z
2026-08-17,cashback_network,146,6,520.65,52.07,2026-08-20T09:00:00Z
2026-08-17,editorial_partner,98,4,448.23,53.79,2026-08-20T09:00:00Z
2026-08-18,creator_collective,154,8,764.26,107.00,2026-08-20T09:00:00Z
2026-08-18,cashback_network,122,5,449.51,44.95,2026-08-20T09:00:00Z
2026-08-18,editorial_partner,98,4,434.24,52.11,2026-08-20T09:00:00Z
2026-08-19,creator_collective,173,9,893.31,125.06,2026-08-20T09:00:00Z
2026-08-19,cashback_network,146,6,507.52,50.75,2026-08-20T09:00:00Z
2026-08-19,editorial_partner,98,4,417.38,50.09,2026-08-20T09:00:00Z
2026-08-20,creator_collective,173,9,872.90,122.21,2026-08-20T09:00:00Z
2026-08-20,cashback_network,146,6,525.33,52.53,2026-08-20T09:00:00Z
2026-08-20,editorial_partner,98,4,423.37,50.80,2026-08-20T09:00:00Z
