vintage_id,vintage_type,origin_date,issued_at_utc,forecast_date,horizon_day,target,model,model_version,forecast_version,forecast,lower_bound,upper_bound
vintage-20260101-f1_0_0,historical_backtest,2026-01-01,2026-01-01T23:59:59Z,2026-01-02,1,net_revenue_usd,driver_regression,1.0.0,1.0.0,9683.76,9413.28,9954.23
vintage-20260101-f1_0_0,historical_backtest,2026-01-01,2026-01-01T23:59:59Z,2026-01-03,2,net_revenue_usd,driver_regression,1.0.0,1.0.0,10053.94,9782.94,10324.94
vintage-20260101-f1_0_0,historical_backtest,2026-01-01,2026-01-01T23:59:59Z,2026-01-04,3,net_revenue_usd,driver_regression,1.0.0,1.0.0,9202.09,8930.56,9473.61
vintage-20260101-f1_0_0,historical_backtest,2026-01-01,2026-01-01T23:59:59Z,2026-01-05,4,net_revenue_usd,driver_regression,1.0.0,1.0.0,8493.56,8221.52,8765.61
vintage-20260101-f1_0_0,historical_backtest,2026-01-01,2026-01-01T23:59:59Z,2026-01-06,5,net_revenue_usd,driver_regression,1.0.0,1.0.0,8755.92,8483.35,9028.48
vintage-20260101-f1_0_0,historical_backtest,2026-01-01,2026-01-01T23:59:59Z,2026-01-07,6,net_revenue_usd,driver_regression,1.0.0,1.0.0,9195.9,8922.81,9468.99
vintage-20260101-f1_0_0,historical_backtest,2026-01-01,2026-01-01T23:59:59Z,2026-01-08,7,net_revenue_usd,driver_regression,1.0.0,1.0.0,9147.95,8874.34,9421.56
vintage-20260101-f1_0_0,historical_backtest,2026-01-01,2026-01-01T23:59:59Z,2026-01-09,8,net_revenue_usd,driver_regression,1.0.0,1.0.0,9591.32,9317.19,9865.44
vintage-20260101-f1_0_0,historical_backtest,2026-01-01,2026-01-01T23:59:59Z,2026-01-10,9,net_revenue_usd,driver_regression,1.0.0,1.0.0,10032.36,9757.71,10307.01
vintage-20260101-f1_0_0,historical_backtest,2026-01-01,2026-01-01T23:59:59Z,2026-01-11,10,net_revenue_usd,driver_regression,1.0.0,1.0.0,8685.25,8410.09,8960.42
vintage-20260101-f1_0_0,historical_backtest,2026-01-01,2026-01-01T23:59:59Z,2026-01-12,11,net_revenue_usd,driver_regression,1.0.0,1.0.0,8331.08,8055.39,8606.76
vintage-20260101-f1_0_0,historical_backtest,2026-01-01,2026-01-01T23:59:59Z,2026-01-13,12,net_revenue_usd,driver_regression,1.0.0,1.0.0,8681.8,8405.6,8958.0
vintage-20260101-f1_0_0,historical_backtest,2026-01-01,2026-01-01T23:59:59Z,2026-01-14,13,net_revenue_usd,driver_regression,1.0.0,1.0.0,10052.88,9776.17,10329.59
vintage-20260101-f1_0_0,historical_backtest,2026-01-01,2026-01-01T23:59:59Z,2026-01-15,14,net_revenue_usd,driver_regression,1.0.0,1.0.0,10208.61,9931.38,10485.84
vintage-20260101-f1_0_0,historical_backtest,2026-01-01,2026-01-01T23:59:59Z,2026-01-16,15,net_revenue_usd,driver_regression,1.0.0,1.0.0,10372.46,10094.72,10650.2
vintage-20260101-f1_0_0,historical_backtest,2026-01-01,2026-01-01T23:59:59Z,2026-01-17,16,net_revenue_usd,driver_regression,1.0.0,1.0.0,9906.24,9628.0,10184.49
vintage-20260101-f1_0_0,historical_backtest,2026-01-01,2026-01-01T23:59:59Z,2026-01-18,17,net_revenue_usd,driver_regression,1.0.0,1.0.0,8850.23,8571.47,9128.99
vintage-20260101-f1_0_0,historical_backtest,2026-01-01,2026-01-01T23:59:59Z,2026-01-19,18,net_revenue_usd,driver_regression,1.0.0,1.0.0,8237.81,7958.54,8517.08
vintage-20260101-f1_0_0,historical_backtest,2026-01-01,2026-01-01T23:59:59Z,2026-01-20,19,net_revenue_usd,driver_regression,1.0.0,1.0.0,8754.73,8474.95,9034.51
vintage-20260101-f1_0_0,historical_backtest,2026-01-01,2026-01-01T23:59:59Z,2026-01-21,20,net_revenue_usd,driver_regression,1.0.0,1.0.0,8843.17,8562.88,9123.46
vintage-20260101-f1_0_0,historical_backtest,2026-01-01,2026-01-01T23:59:59Z,2026-01-22,21,net_revenue_usd,driver_regression,1.0.0,1.0.0,9005.81,8725.02,9286.6
vintage-20260101-f1_0_0,historical_backtest,2026-01-01,2026-01-01T23:59:59Z,2026-01-23,22,net_revenue_usd,driver_regression,1.0.0,1.0.0,9290.85,9009.55,9572.15
vintage-20260101-f1_0_0,historical_backtest,2026-01-01,2026-01-01T23:59:59Z,2026-01-24,23,net_revenue_usd,driver_regression,1.0.0,1.0.0,9725.15,9443.34,10006.95
vintage-20260101-f1_0_0,historical_backtest,2026-01-01,2026-01-01T23:59:59Z,2026-01-25,24,net_revenue_usd,driver_regression,1.0.0,1.0.0,8661.91,8379.6,8944.22
vintage-20260101-f1_0_0,historical_backtest,2026-01-01,2026-01-01T23:59:59Z,2026-01-26,25,net_revenue_usd,driver_regression,1.0.0,1.0.0,8208.3,7925.48,8491.11
vintage-20260101-f1_0_0,historical_backtest,2026-01-01,2026-01-01T23:59:59Z,2026-01-27,26,net_revenue_usd,driver_regression,1.0.0,1.0.0,8337.39,8054.07,8620.71
vintage-20260101-f1_0_0,historical_backtest,2026-01-01,2026-01-01T23:59:59Z,2026-01-28,27,net_revenue_usd,driver_regression,1.0.0,1.0.0,8967.77,8683.95,9251.59
vintage-20260101-f1_0_0,historical_backtest,2026-01-01,2026-01-01T23:59:59Z,2026-01-29,28,net_revenue_usd,driver_regression,1.0.0,1.0.0,8476.22,8191.9,8760.54
vintage-20260101-f1_0_0,historical_backtest,2026-01-01,2026-01-01T23:59:59Z,2026-01-30,29,net_revenue_usd,driver_regression,1.0.0,1.0.0,9382.23,9097.41,9667.05
vintage-20260101-f1_0_0,historical_backtest,2026-01-01,2026-01-01T23:59:59Z,2026-01-31,30,net_revenue_usd,driver_regression,1.0.0,1.0.0,9457.67,9172.35,9742.98
vintage-20260101-f1_0_0,historical_backtest,2026-01-01,2026-01-01T23:59:59Z,2026-02-01,31,net_revenue_usd,driver_regression,1.0.0,1.0.0,8563.94,8278.12,8849.75
vintage-20260101-f1_0_0,historical_backtest,2026-01-01,2026-01-01T23:59:59Z,2026-02-02,32,net_revenue_usd,driver_regression,1.0.0,1.0.0,8077.23,7790.92,8363.55
vintage-20260101-f1_0_0,historical_backtest,2026-01-01,2026-01-01T23:59:59Z,2026-02-03,33,net_revenue_usd,driver_regression,1.0.0,1.0.0,8158.79,7871.98,8445.6
vintage-20260101-f1_0_0,historical_backtest,2026-01-01,2026-01-01T23:59:59Z,2026-02-04,34,net_revenue_usd,driver_regression,1.0.0,1.0.0,8403.14,8115.83,8690.44
vintage-20260101-f1_0_0,historical_backtest,2026-01-01,2026-01-01T23:59:59Z,2026-02-05,35,net_revenue_usd,driver_regression,1.0.0,1.0.0,8633.34,8345.54,8921.14
vintage-20260101-f1_0_0,historical_backtest,2026-01-01,2026-01-01T23:59:59Z,2026-02-06,36,net_revenue_usd,driver_regression,1.0.0,1.0.0,9455.59,9167.3,9743.88
vintage-20260101-f1_0_0,historical_backtest,2026-01-01,2026-01-01T23:59:59Z,2026-02-07,37,net_revenue_usd,driver_regression,1.0.0,1.0.0,9274.15,8985.36,9562.93
vintage-20260101-f1_0_0,historical_backtest,2026-01-01,2026-01-01T23:59:59Z,2026-02-08,38,net_revenue_usd,driver_regression,1.0.0,1.0.0,8301.99,8012.72,8591.27
vintage-20260101-f1_0_0,historical_backtest,2026-01-01,2026-01-01T23:59:59Z,2026-02-09,39,net_revenue_usd,driver_regression,1.0.0,1.0.0,8107.08,7817.31,8396.85
vintage-20260101-f1_0_0,historical_backtest,2026-01-01,2026-01-01T23:59:59Z,2026-02-10,40,net_revenue_usd,driver_regression,1.0.0,1.0.0,8017.24,7726.99,8307.5
vintage-20260101-f1_0_0,historical_backtest,2026-01-01,2026-01-01T23:59:59Z,2026-02-11,41,net_revenue_usd,driver_regression,1.0.0,1.0.0,8382.83,8092.09,8673.58
vintage-20260101-f1_0_0,historical_backtest,2026-01-01,2026-01-01T23:59:59Z,2026-02-12,42,net_revenue_usd,driver_regression,1.0.0,1.0.0,8511.51,8220.28,8802.75
vintage-20260101-f1_0_0,historical_backtest,2026-01-01,2026-01-01T23:59:59Z,2026-02-13,43,net_revenue_usd,driver_regression,1.0.0,1.0.0,8815.33,8523.61,9107.06
vintage-20260101-f1_0_0,historical_backtest,2026-01-01,2026-01-01T23:59:59Z,2026-02-14,44,net_revenue_usd,driver_regression,1.0.0,1.0.0,10151.15,9858.94,10443.36
vintage-20260101-f1_0_0,historical_backtest,2026-01-01,2026-01-01T23:59:59Z,2026-02-15,45,net_revenue_usd,driver_regression,1.0.0,1.0.0,9007.42,8714.72,9300.12
vintage-20260101-f1_0_0,historical_backtest,2026-01-01,2026-01-01T23:59:59Z,2026-02-16,46,net_revenue_usd,driver_regression,1.0.0,1.0.0,8593.18,8299.99,8886.36
vintage-20260101-f1_0_0,historical_backtest,2026-01-01,2026-01-01T23:59:59Z,2026-02-17,47,net_revenue_usd,driver_regression,1.0.0,1.0.0,8057.25,7763.58,8350.92
vintage-20260101-f1_0_0,historical_backtest,2026-01-01,2026-01-01T23:59:59Z,2026-02-18,48,net_revenue_usd,driver_regression,1.0.0,1.0.0,8257.25,7963.1,8551.41
vintage-20260101-f1_0_0,historical_backtest,2026-01-01,2026-01-01T23:59:59Z,2026-02-19,49,net_revenue_usd,driver_regression,1.0.0,1.0.0,8438.53,8143.9,8733.17
vintage-20260101-f1_0_0,historical_backtest,2026-01-01,2026-01-01T23:59:59Z,2026-02-20,50,net_revenue_usd,driver_regression,1.0.0,1.0.0,8723.58,8428.46,9018.7
vintage-20260101-f1_0_0,historical_backtest,2026-01-01,2026-01-01T23:59:59Z,2026-02-21,51,net_revenue_usd,driver_regression,1.0.0,1.0.0,9037.58,8741.98,9333.18
vintage-20260101-f1_0_0,historical_backtest,2026-01-01,2026-01-01T23:59:59Z,2026-02-22,52,net_revenue_usd,driver_regression,1.0.0,1.0.0,8281.66,7985.57,8577.74
vintage-20260101-f1_0_0,historical_backtest,2026-01-01,2026-01-01T23:59:59Z,2026-02-23,53,net_revenue_usd,driver_regression,1.0.0,1.0.0,7601.88,7305.32,7898.44
vintage-20260101-f1_0_0,historical_backtest,2026-01-01,2026-01-01T23:59:59Z,2026-02-24,54,net_revenue_usd,driver_regression,1.0.0,1.0.0,7841.76,7544.72,8138.81
vintage-20260101-f1_0_0,historical_backtest,2026-01-01,2026-01-01T23:59:59Z,2026-02-25,55,net_revenue_usd,driver_regression,1.0.0,1.0.0,8315.29,8017.77,8612.81
vintage-20260101-f1_0_0,historical_backtest,2026-01-01,2026-01-01T23:59:59Z,2026-02-26,56,net_revenue_usd,driver_regression,1.0.0,1.0.0,8427.89,8129.89,8725.89
vintage-20260101-f1_0_0,historical_backtest,2026-01-01,2026-01-01T23:59:59Z,2026-02-27,57,net_revenue_usd,driver_regression,1.0.0,1.0.0,8684.88,8386.41,8983.36
vintage-20260101-f1_0_0,historical_backtest,2026-01-01,2026-01-01T23:59:59Z,2026-02-28,58,net_revenue_usd,driver_regression,1.0.0,1.0.0,9068.69,8769.73,9367.64
vintage-20260101-f1_0_0,historical_backtest,2026-01-01,2026-01-01T23:59:59Z,2026-03-01,59,net_revenue_usd,driver_regression,1.0.0,1.0.0,8043.47,7744.05,8342.9
vintage-20260101-f1_0_0,historical_backtest,2026-01-01,2026-01-01T23:59:59Z,2026-03-02,60,net_revenue_usd,driver_regression,1.0.0,1.0.0,7538.24,7238.34,7838.14
vintage-20260101-f1_0_0,historical_backtest,2026-01-01,2026-01-01T23:59:59Z,2026-03-03,61,net_revenue_usd,driver_regression,1.0.0,1.0.0,7644.26,7343.89,7944.64
vintage-20260101-f1_0_0,historical_backtest,2026-01-01,2026-01-01T23:59:59Z,2026-03-04,62,net_revenue_usd,driver_regression,1.0.0,1.0.0,8151.58,7850.73,8452.43
vintage-20260101-f1_0_0,historical_backtest,2026-01-01,2026-01-01T23:59:59Z,2026-03-05,63,net_revenue_usd,driver_regression,1.0.0,1.0.0,7954.32,7653.0,8255.64
vintage-20260101-f1_0_0,historical_backtest,2026-01-01,2026-01-01T23:59:59Z,2026-03-06,64,net_revenue_usd,driver_regression,1.0.0,1.0.0,8462.86,8161.06,8764.65
vintage-20260101-f1_0_0,historical_backtest,2026-01-01,2026-01-01T23:59:59Z,2026-03-07,65,net_revenue_usd,driver_regression,1.0.0,1.0.0,8799.23,8496.96,9101.49
vintage-20260101-f1_0_0,historical_backtest,2026-01-01,2026-01-01T23:59:59Z,2026-03-08,66,net_revenue_usd,driver_regression,1.0.0,1.0.0,7816.99,7514.26,8119.73
vintage-20260101-f1_0_0,historical_backtest,2026-01-01,2026-01-01T23:59:59Z,2026-03-09,67,net_revenue_usd,driver_regression,1.0.0,1.0.0,7203.51,6900.31,7506.72
vintage-20260101-f1_0_0,historical_backtest,2026-01-01,2026-01-01T23:59:59Z,2026-03-10,68,net_revenue_usd,driver_regression,1.0.0,1.0.0,7785.64,7481.97,8089.31
vintage-20260101-f1_0_0,historical_backtest,2026-01-01,2026-01-01T23:59:59Z,2026-03-11,69,net_revenue_usd,driver_regression,1.0.0,1.0.0,7881.2,7577.06,8185.34
vintage-20260101-f1_0_0,historical_backtest,2026-01-01,2026-01-01T23:59:59Z,2026-03-12,70,net_revenue_usd,driver_regression,1.0.0,1.0.0,8059.69,7755.09,8364.3
vintage-20260101-f1_0_0,historical_backtest,2026-01-01,2026-01-01T23:59:59Z,2026-03-13,71,net_revenue_usd,driver_regression,1.0.0,1.0.0,8347.21,8042.14,8652.29
vintage-20260101-f1_0_0,historical_backtest,2026-01-01,2026-01-01T23:59:59Z,2026-03-14,72,net_revenue_usd,driver_regression,1.0.0,1.0.0,9268.09,8962.55,9573.63
vintage-20260101-f1_0_0,historical_backtest,2026-01-01,2026-01-01T23:59:59Z,2026-03-15,73,net_revenue_usd,driver_regression,1.0.0,1.0.0,8499.68,8193.68,8805.69
vintage-20260101-f1_0_0,historical_backtest,2026-01-01,2026-01-01T23:59:59Z,2026-03-16,74,net_revenue_usd,driver_regression,1.0.0,1.0.0,8369.37,8062.9,8675.83
vintage-20260101-f1_0_0,historical_backtest,2026-01-01,2026-01-01T23:59:59Z,2026-03-17,75,net_revenue_usd,driver_regression,1.0.0,1.0.0,7282.41,6975.48,7589.35
vintage-20260101-f1_0_0,historical_backtest,2026-01-01,2026-01-01T23:59:59Z,2026-03-18,76,net_revenue_usd,driver_regression,1.0.0,1.0.0,7617.8,7310.41,7925.2
vintage-20260101-f1_0_0,historical_backtest,2026-01-01,2026-01-01T23:59:59Z,2026-03-19,77,net_revenue_usd,driver_regression,1.0.0,1.0.0,7887.89,7580.03,8195.75
vintage-20260101-f1_0_0,historical_backtest,2026-01-01,2026-01-01T23:59:59Z,2026-03-20,78,net_revenue_usd,driver_regression,1.0.0,1.0.0,8159.19,7850.87,8467.51
vintage-20260101-f1_0_0,historical_backtest,2026-01-01,2026-01-01T23:59:59Z,2026-03-21,79,net_revenue_usd,driver_regression,1.0.0,1.0.0,8530.15,8221.37,8838.93
vintage-20260101-f1_0_0,historical_backtest,2026-01-01,2026-01-01T23:59:59Z,2026-03-22,80,net_revenue_usd,driver_regression,1.0.0,1.0.0,7515.09,7205.85,7824.33
vintage-20260101-f1_0_0,historical_backtest,2026-01-01,2026-01-01T23:59:59Z,2026-03-23,81,net_revenue_usd,driver_regression,1.0.0,1.0.0,6905.75,6596.05,7215.45
vintage-20260101-f1_0_0,historical_backtest,2026-01-01,2026-01-01T23:59:59Z,2026-03-24,82,net_revenue_usd,driver_regression,1.0.0,1.0.0,7188.35,6878.19,7498.51
vintage-20260101-f1_0_0,historical_backtest,2026-01-01,2026-01-01T23:59:59Z,2026-03-25,83,net_revenue_usd,driver_regression,1.0.0,1.0.0,7578.36,7267.75,7888.98
vintage-20260101-f1_0_0,historical_backtest,2026-01-01,2026-01-01T23:59:59Z,2026-03-26,84,net_revenue_usd,driver_regression,1.0.0,1.0.0,7620.09,7309.01,7931.16
vintage-20260101-f1_0_0,historical_backtest,2026-01-01,2026-01-01T23:59:59Z,2026-03-27,85,net_revenue_usd,driver_regression,1.0.0,1.0.0,7928.12,7616.59,8239.65
vintage-20260101-f1_0_0,historical_backtest,2026-01-01,2026-01-01T23:59:59Z,2026-03-28,86,net_revenue_usd,driver_regression,1.0.0,1.0.0,8261.87,7949.88,8573.86
vintage-20260101-f1_0_0,historical_backtest,2026-01-01,2026-01-01T23:59:59Z,2026-03-29,87,net_revenue_usd,driver_regression,1.0.0,1.0.0,7466.39,7153.95,7778.84
vintage-20260101-f1_0_0,historical_backtest,2026-01-01,2026-01-01T23:59:59Z,2026-03-30,88,net_revenue_usd,driver_regression,1.0.0,1.0.0,6709.31,6396.41,7022.21
vintage-20260101-f1_0_0,historical_backtest,2026-01-01,2026-01-01T23:59:59Z,2026-03-31,89,net_revenue_usd,driver_regression,1.0.0,1.0.0,7161.07,6847.72,7474.43
vintage-20260101-f1_0_0,historical_backtest,2026-01-01,2026-01-01T23:59:59Z,2026-04-01,90,net_revenue_usd,driver_regression,1.0.0,1.0.0,7238.72,6924.92,7552.53
vintage-20260101-f1_0_0,historical_backtest,2026-01-01,2026-01-01T23:59:59Z,2026-04-02,91,net_revenue_usd,driver_regression,1.0.0,1.0.0,7613.2,7298.94,7927.46
vintage-20260101-f1_0_0,historical_backtest,2026-01-01,2026-01-01T23:59:59Z,2026-01-02,1,shipped_revenue_usd,seasonal_naive,1.0.0,1.0.0,10234.02,9101.83,11366.21
vintage-20260101-f1_0_0,historical_backtest,2026-01-01,2026-01-01T23:59:59Z,2026-01-03,2,shipped_revenue_usd,seasonal_naive,1.0.0,1.0.0,5745.17,4610.78,6879.56
vintage-20260101-f1_0_0,historical_backtest,2026-01-01,2026-01-01T23:59:59Z,2026-01-04,3,shipped_revenue_usd,seasonal_naive,1.0.0,1.0.0,4388.43,3251.85,5525.01
vintage-20260101-f1_0_0,historical_backtest,2026-01-01,2026-01-01T23:59:59Z,2026-01-05,4,shipped_revenue_usd,seasonal_naive,1.0.0,1.0.0,11287.64,10148.86,12426.42
vintage-20260101-f1_0_0,historical_backtest,2026-01-01,2026-01-01T23:59:59Z,2026-01-06,5,shipped_revenue_usd,seasonal_naive,1.0.0,1.0.0,11290.75,10149.79,12431.71
vintage-20260101-f1_0_0,historical_backtest,2026-01-01,2026-01-01T23:59:59Z,2026-01-07,6,shipped_revenue_usd,seasonal_naive,1.0.0,1.0.0,11084.72,9941.58,12227.86
vintage-20260101-f1_0_0,historical_backtest,2026-01-01,2026-01-01T23:59:59Z,2026-01-08,7,shipped_revenue_usd,seasonal_naive,1.0.0,1.0.0,10878.57,9733.25,12023.89
vintage-20260101-f1_0_0,historical_backtest,2026-01-01,2026-01-01T23:59:59Z,2026-01-09,8,shipped_revenue_usd,seasonal_naive,1.0.0,1.0.0,10253.78,9106.28,11401.28
vintage-20260101-f1_0_0,historical_backtest,2026-01-01,2026-01-01T23:59:59Z,2026-01-10,9,shipped_revenue_usd,seasonal_naive,1.0.0,1.0.0,5756.26,4606.59,6905.93
vintage-20260101-f1_0_0,historical_backtest,2026-01-01,2026-01-01T23:59:59Z,2026-01-11,10,shipped_revenue_usd,seasonal_naive,1.0.0,1.0.0,4396.9,3245.07,5548.73
vintage-20260101-f1_0_0,historical_backtest,2026-01-01,2026-01-01T23:59:59Z,2026-01-12,11,shipped_revenue_usd,seasonal_naive,1.0.0,1.0.0,11309.41,10155.42,12463.4
vintage-20260101-f1_0_0,historical_backtest,2026-01-01,2026-01-01T23:59:59Z,2026-01-13,12,shipped_revenue_usd,seasonal_naive,1.0.0,1.0.0,11312.52,10156.37,12468.67
vintage-20260101-f1_0_0,historical_backtest,2026-01-01,2026-01-01T23:59:59Z,2026-01-14,13,shipped_revenue_usd,seasonal_naive,1.0.0,1.0.0,11106.09,9947.78,12264.4
vintage-20260101-f1_0_0,historical_backtest,2026-01-01,2026-01-01T23:59:59Z,2026-01-15,14,shipped_revenue_usd,seasonal_naive,1.0.0,1.0.0,10899.53,9739.07,12059.99
vintage-20260101-f1_0_0,historical_backtest,2026-01-01,2026-01-01T23:59:59Z,2026-01-16,15,shipped_revenue_usd,seasonal_naive,1.0.0,1.0.0,10273.54,9110.94,11436.14
vintage-20260101-f1_0_0,historical_backtest,2026-01-01,2026-01-01T23:59:59Z,2026-01-17,16,shipped_revenue_usd,seasonal_naive,1.0.0,1.0.0,5767.34,4602.6,6932.08
vintage-20260101-f1_0_0,historical_backtest,2026-01-01,2026-01-01T23:59:59Z,2026-01-18,17,shipped_revenue_usd,seasonal_naive,1.0.0,1.0.0,4405.36,3238.48,5572.24
vintage-20260101-f1_0_0,historical_backtest,2026-01-01,2026-01-01T23:59:59Z,2026-01-19,18,shipped_revenue_usd,seasonal_naive,1.0.0,1.0.0,11331.19,10162.17,12500.21
vintage-20260101-f1_0_0,historical_backtest,2026-01-01,2026-01-01T23:59:59Z,2026-01-20,19,shipped_revenue_usd,seasonal_naive,1.0.0,1.0.0,11334.3,10163.15,12505.45
vintage-20260101-f1_0_0,historical_backtest,2026-01-01,2026-01-01T23:59:59Z,2026-01-21,20,shipped_revenue_usd,seasonal_naive,1.0.0,1.0.0,11127.46,9954.19,12300.73
vintage-20260101-f1_0_0,historical_backtest,2026-01-01,2026-01-01T23:59:59Z,2026-01-22,21,shipped_revenue_usd,seasonal_naive,1.0.0,1.0.0,10920.5,9745.1,12095.9
vintage-20260101-f1_0_0,historical_backtest,2026-01-01,2026-01-01T23:59:59Z,2026-01-23,22,shipped_revenue_usd,seasonal_naive,1.0.0,1.0.0,10293.29,9115.78,11470.8
vintage-20260101-f1_0_0,historical_backtest,2026-01-01,2026-01-01T23:59:59Z,2026-01-24,23,shipped_revenue_usd,seasonal_naive,1.0.0,1.0.0,5778.43,4598.8,6958.06
vintage-20260101-f1_0_0,historical_backtest,2026-01-01,2026-01-01T23:59:59Z,2026-01-25,24,shipped_revenue_usd,seasonal_naive,1.0.0,1.0.0,4413.83,3232.09,5595.57
vintage-20260101-f1_0_0,historical_backtest,2026-01-01,2026-01-01T23:59:59Z,2026-01-26,25,shipped_revenue_usd,seasonal_naive,1.0.0,1.0.0,11352.96,10169.11,12536.81
vintage-20260101-f1_0_0,historical_backtest,2026-01-01,2026-01-01T23:59:59Z,2026-01-27,26,shipped_revenue_usd,seasonal_naive,1.0.0,1.0.0,11356.07,10170.12,12542.02
vintage-20260101-f1_0_0,historical_backtest,2026-01-01,2026-01-01T23:59:59Z,2026-01-28,27,shipped_revenue_usd,seasonal_naive,1.0.0,1.0.0,11148.83,9960.78,12336.88
vintage-20260101-f1_0_0,historical_backtest,2026-01-01,2026-01-01T23:59:59Z,2026-01-29,28,shipped_revenue_usd,seasonal_naive,1.0.0,1.0.0,10941.47,9751.32,12131.62
vintage-20260101-f1_0_0,historical_backtest,2026-01-01,2026-01-01T23:59:59Z,2026-01-30,29,shipped_revenue_usd,seasonal_naive,1.0.0,1.0.0,10313.05,9120.81,11505.29
vintage-20260101-f1_0_0,historical_backtest,2026-01-01,2026-01-01T23:59:59Z,2026-01-31,30,shipped_revenue_usd,seasonal_naive,1.0.0,1.0.0,5789.52,4595.19,6983.85
vintage-20260101-f1_0_0,historical_backtest,2026-01-01,2026-01-01T23:59:59Z,2026-02-01,31,shipped_revenue_usd,seasonal_naive,1.0.0,1.0.0,4422.3,3225.89,5618.71
vintage-20260101-f1_0_0,historical_backtest,2026-01-01,2026-01-01T23:59:59Z,2026-02-02,32,shipped_revenue_usd,seasonal_naive,1.0.0,1.0.0,11374.73,10176.24,12573.22
vintage-20260101-f1_0_0,historical_backtest,2026-01-01,2026-01-01T23:59:59Z,2026-02-03,33,shipped_revenue_usd,seasonal_naive,1.0.0,1.0.0,11377.84,10177.27,12578.41
vintage-20260101-f1_0_0,historical_backtest,2026-01-01,2026-01-01T23:59:59Z,2026-02-04,34,shipped_revenue_usd,seasonal_naive,1.0.0,1.0.0,11170.2,9967.55,12372.85
vintage-20260101-f1_0_0,historical_backtest,2026-01-01,2026-01-01T23:59:59Z,2026-02-05,35,shipped_revenue_usd,seasonal_naive,1.0.0,1.0.0,10962.43,9757.71,12167.15
vintage-20260101-f1_0_0,historical_backtest,2026-01-01,2026-01-01T23:59:59Z,2026-02-06,36,shipped_revenue_usd,seasonal_naive,1.0.0,1.0.0,10332.81,9126.03,11539.59
vintage-20260101-f1_0_0,historical_backtest,2026-01-01,2026-01-01T23:59:59Z,2026-02-07,37,shipped_revenue_usd,seasonal_naive,1.0.0,1.0.0,5800.61,4591.76,7009.46
vintage-20260101-f1_0_0,historical_backtest,2026-01-01,2026-01-01T23:59:59Z,2026-02-08,38,shipped_revenue_usd,seasonal_naive,1.0.0,1.0.0,4430.76,3219.85,5641.67
vintage-20260101-f1_0_0,historical_backtest,2026-01-01,2026-01-01T23:59:59Z,2026-02-09,39,shipped_revenue_usd,seasonal_naive,1.0.0,1.0.0,11396.51,10183.55,12609.47
vintage-20260101-f1_0_0,historical_backtest,2026-01-01,2026-01-01T23:59:59Z,2026-02-10,40,shipped_revenue_usd,seasonal_naive,1.0.0,1.0.0,11399.62,10184.6,12614.64
vintage-20260101-f1_0_0,historical_backtest,2026-01-01,2026-01-01T23:59:59Z,2026-02-11,41,shipped_revenue_usd,seasonal_naive,1.0.0,1.0.0,11191.56,9974.49,12408.63
vintage-20260101-f1_0_0,historical_backtest,2026-01-01,2026-01-01T23:59:59Z,2026-02-12,42,shipped_revenue_usd,seasonal_naive,1.0.0,1.0.0,10983.4,9764.29,12202.51
vintage-20260101-f1_0_0,historical_backtest,2026-01-01,2026-01-01T23:59:59Z,2026-02-13,43,shipped_revenue_usd,seasonal_naive,1.0.0,1.0.0,10352.56,9131.4,11573.72
vintage-20260101-f1_0_0,historical_backtest,2026-01-01,2026-01-01T23:59:59Z,2026-02-14,44,shipped_revenue_usd,seasonal_naive,1.0.0,1.0.0,5811.7,4588.5,7034.9
vintage-20260101-f1_0_0,historical_backtest,2026-01-01,2026-01-01T23:59:59Z,2026-02-15,45,shipped_revenue_usd,seasonal_naive,1.0.0,1.0.0,4439.23,3214.0,5664.46
vintage-20260101-f1_0_0,historical_backtest,2026-01-01,2026-01-01T23:59:59Z,2026-02-16,46,shipped_revenue_usd,seasonal_naive,1.0.0,1.0.0,11418.28,10191.02,12645.54
vintage-20260101-f1_0_0,historical_backtest,2026-01-01,2026-01-01T23:59:59Z,2026-02-17,47,shipped_revenue_usd,seasonal_naive,1.0.0,1.0.0,11421.39,10192.1,12650.68
vintage-20260101-f1_0_0,historical_backtest,2026-01-01,2026-01-01T23:59:59Z,2026-02-18,48,shipped_revenue_usd,seasonal_naive,1.0.0,1.0.0,11212.93,9981.61,12444.25
vintage-20260101-f1_0_0,historical_backtest,2026-01-01,2026-01-01T23:59:59Z,2026-02-19,49,shipped_revenue_usd,seasonal_naive,1.0.0,1.0.0,11004.36,9771.02,12237.7
vintage-20260101-f1_0_0,historical_backtest,2026-01-01,2026-01-01T23:59:59Z,2026-02-20,50,shipped_revenue_usd,seasonal_naive,1.0.0,1.0.0,10372.32,9136.96,11607.68
vintage-20260101-f1_0_0,historical_backtest,2026-01-01,2026-01-01T23:59:59Z,2026-02-21,51,shipped_revenue_usd,seasonal_naive,1.0.0,1.0.0,5822.78,4585.4,7060.16
vintage-20260101-f1_0_0,historical_backtest,2026-01-01,2026-01-01T23:59:59Z,2026-02-22,52,shipped_revenue_usd,seasonal_naive,1.0.0,1.0.0,4447.7,3208.31,5687.09
vintage-20260101-f1_0_0,historical_backtest,2026-01-01,2026-01-01T23:59:59Z,2026-02-23,53,shipped_revenue_usd,seasonal_naive,1.0.0,1.0.0,11440.05,10198.65,12681.45
vintage-20260101-f1_0_0,historical_backtest,2026-01-01,2026-01-01T23:59:59Z,2026-02-24,54,shipped_revenue_usd,seasonal_naive,1.0.0,1.0.0,11443.16,10199.75,12686.57
vintage-20260101-f1_0_0,historical_backtest,2026-01-01,2026-01-01T23:59:59Z,2026-02-25,55,shipped_revenue_usd,seasonal_naive,1.0.0,1.0.0,11234.3,9988.89,12479.71
vintage-20260101-f1_0_0,historical_backtest,2026-01-01,2026-01-01T23:59:59Z,2026-02-26,56,shipped_revenue_usd,seasonal_naive,1.0.0,1.0.0,11025.33,9777.92,12272.74
vintage-20260101-f1_0_0,historical_backtest,2026-01-01,2026-01-01T23:59:59Z,2026-02-27,57,shipped_revenue_usd,seasonal_naive,1.0.0,1.0.0,8244.11,6994.7,9493.52
vintage-20260101-f1_0_0,historical_backtest,2026-01-01,2026-01-01T23:59:59Z,2026-02-28,58,shipped_revenue_usd,seasonal_naive,1.0.0,1.0.0,5833.87,4582.47,7085.27
vintage-20260101-f1_0_0,historical_backtest,2026-01-01,2026-01-01T23:59:59Z,2026-03-01,59,shipped_revenue_usd,seasonal_naive,1.0.0,1.0.0,4456.17,3202.78,5709.56
vintage-20260101-f1_0_0,historical_backtest,2026-01-01,2026-01-01T23:59:59Z,2026-03-02,60,shipped_revenue_usd,seasonal_naive,1.0.0,1.0.0,11461.82,10206.44,12717.2
vintage-20260101-f1_0_0,historical_backtest,2026-01-01,2026-01-01T23:59:59Z,2026-03-03,61,shipped_revenue_usd,seasonal_naive,1.0.0,1.0.0,7246.88,5989.52,8504.24
vintage-20260101-f1_0_0,historical_backtest,2026-01-01,2026-01-01T23:59:59Z,2026-03-04,62,shipped_revenue_usd,seasonal_naive,1.0.0,1.0.0,6942.55,5683.21,8201.89
vintage-20260101-f1_0_0,historical_backtest,2026-01-01,2026-01-01T23:59:59Z,2026-03-05,63,shipped_revenue_usd,seasonal_naive,1.0.0,1.0.0,7392.72,6131.4,8654.04
vintage-20260101-f1_0_0,historical_backtest,2026-01-01,2026-01-01T23:59:59Z,2026-03-06,64,shipped_revenue_usd,seasonal_naive,1.0.0,1.0.0,7573.45,6310.16,8836.74
vintage-20260101-f1_0_0,historical_backtest,2026-01-01,2026-01-01T23:59:59Z,2026-03-07,65,shipped_revenue_usd,seasonal_naive,1.0.0,1.0.0,5844.96,4579.7,7110.22
vintage-20260101-f1_0_0,historical_backtest,2026-01-01,2026-01-01T23:59:59Z,2026-03-08,66,shipped_revenue_usd,seasonal_naive,1.0.0,1.0.0,4464.63,3197.4,5731.86
vintage-20260101-f1_0_0,historical_backtest,2026-01-01,2026-01-01T23:59:59Z,2026-03-09,67,shipped_revenue_usd,seasonal_naive,1.0.0,1.0.0,11073.47,9804.27,12342.67
vintage-20260101-f1_0_0,historical_backtest,2026-01-01,2026-01-01T23:59:59Z,2026-03-10,68,shipped_revenue_usd,seasonal_naive,1.0.0,1.0.0,6796.6,5525.44,8067.76
vintage-20260101-f1_0_0,historical_backtest,2026-01-01,2026-01-01T23:59:59Z,2026-03-11,69,shipped_revenue_usd,seasonal_naive,1.0.0,1.0.0,7003.89,5730.77,8277.01
vintage-20260101-f1_0_0,historical_backtest,2026-01-01,2026-01-01T23:59:59Z,2026-03-12,70,shipped_revenue_usd,seasonal_naive,1.0.0,1.0.0,6993.71,5718.63,8268.79
vintage-20260101-f1_0_0,historical_backtest,2026-01-01,2026-01-01T23:59:59Z,2026-03-13,71,shipped_revenue_usd,seasonal_naive,1.0.0,1.0.0,8618.48,7341.45,9895.51
vintage-20260101-f1_0_0,historical_backtest,2026-01-01,2026-01-01T23:59:59Z,2026-03-14,72,shipped_revenue_usd,seasonal_naive,1.0.0,1.0.0,5856.05,4577.07,7135.03
vintage-20260101-f1_0_0,historical_backtest,2026-01-01,2026-01-01T23:59:59Z,2026-03-15,73,shipped_revenue_usd,seasonal_naive,1.0.0,1.0.0,4473.1,3192.17,5754.03
vintage-20260101-f1_0_0,historical_backtest,2026-01-01,2026-01-01T23:59:59Z,2026-03-16,74,shipped_revenue_usd,seasonal_naive,1.0.0,1.0.0,11505.37,10222.5,12788.24
vintage-20260101-f1_0_0,historical_backtest,2026-01-01,2026-01-01T23:59:59Z,2026-03-17,75,shipped_revenue_usd,seasonal_naive,1.0.0,1.0.0,8000.42,6715.61,9285.23
vintage-20260101-f1_0_0,historical_backtest,2026-01-01,2026-01-01T23:59:59Z,2026-03-18,76,shipped_revenue_usd,seasonal_naive,1.0.0,1.0.0,6899.39,5612.64,8186.14
vintage-20260101-f1_0_0,historical_backtest,2026-01-01,2026-01-01T23:59:59Z,2026-03-19,77,shipped_revenue_usd,seasonal_naive,1.0.0,1.0.0,6959.82,5671.13,8248.51
vintage-20260101-f1_0_0,historical_backtest,2026-01-01,2026-01-01T23:59:59Z,2026-03-20,78,shipped_revenue_usd,seasonal_naive,1.0.0,1.0.0,7416.68,6126.06,8707.3
vintage-20260101-f1_0_0,historical_backtest,2026-01-01,2026-01-01T23:59:59Z,2026-03-21,79,shipped_revenue_usd,seasonal_naive,1.0.0,1.0.0,5867.14,4574.59,7159.69
vintage-20260101-f1_0_0,historical_backtest,2026-01-01,2026-01-01T23:59:59Z,2026-03-22,80,shipped_revenue_usd,seasonal_naive,1.0.0,1.0.0,4481.57,3187.09,5776.05
vintage-20260101-f1_0_0,historical_backtest,2026-01-01,2026-01-01T23:59:59Z,2026-03-23,81,shipped_revenue_usd,seasonal_naive,1.0.0,1.0.0,10091.8,8795.4,11388.2
vintage-20260101-f1_0_0,historical_backtest,2026-01-01,2026-01-01T23:59:59Z,2026-03-24,82,shipped_revenue_usd,seasonal_naive,1.0.0,1.0.0,6634.84,5336.52,7933.16
vintage-20260101-f1_0_0,historical_backtest,2026-01-01,2026-01-01T23:59:59Z,2026-03-25,83,shipped_revenue_usd,seasonal_naive,1.0.0,1.0.0,6790.73,5490.49,8090.97
vintage-20260101-f1_0_0,historical_backtest,2026-01-01,2026-01-01T23:59:59Z,2026-03-26,84,shipped_revenue_usd,seasonal_naive,1.0.0,1.0.0,6863.76,5561.6,8165.92
vintage-20260101-f1_0_0,historical_backtest,2026-01-01,2026-01-01T23:59:59Z,2026-03-27,85,shipped_revenue_usd,seasonal_naive,1.0.0,1.0.0,7336.32,6032.25,8640.39
vintage-20260101-f1_0_0,historical_backtest,2026-01-01,2026-01-01T23:59:59Z,2026-03-28,86,shipped_revenue_usd,seasonal_naive,1.0.0,1.0.0,5878.22,4572.24,7184.2
vintage-20260101-f1_0_0,historical_backtest,2026-01-01,2026-01-01T23:59:59Z,2026-03-29,87,shipped_revenue_usd,seasonal_naive,1.0.0,1.0.0,4490.04,3182.15,5797.93
vintage-20260101-f1_0_0,historical_backtest,2026-01-01,2026-01-01T23:59:59Z,2026-03-30,88,shipped_revenue_usd,seasonal_naive,1.0.0,1.0.0,9692.83,8383.04,11002.62
vintage-20260101-f1_0_0,historical_backtest,2026-01-01,2026-01-01T23:59:59Z,2026-03-31,89,shipped_revenue_usd,seasonal_naive,1.0.0,1.0.0,6595.39,5283.7,7907.08
vintage-20260101-f1_0_0,historical_backtest,2026-01-01,2026-01-01T23:59:59Z,2026-04-01,90,shipped_revenue_usd,seasonal_naive,1.0.0,1.0.0,6500.51,5186.92,7814.1
vintage-20260101-f1_0_0,historical_backtest,2026-01-01,2026-01-01T23:59:59Z,2026-04-02,91,shipped_revenue_usd,seasonal_naive,1.0.0,1.0.0,6901.66,5586.17,8217.15
vintage-20260129-f1_0_0,historical_backtest,2026-01-29,2026-01-29T23:59:59Z,2026-01-30,1,net_revenue_usd,driver_regression,1.0.0,1.0.0,9400.78,9128.2,9673.36
vintage-20260129-f1_0_0,historical_backtest,2026-01-29,2026-01-29T23:59:59Z,2026-01-31,2,net_revenue_usd,driver_regression,1.0.0,1.0.0,9467.83,9194.72,9740.94
vintage-20260129-f1_0_0,historical_backtest,2026-01-29,2026-01-29T23:59:59Z,2026-02-01,3,net_revenue_usd,driver_regression,1.0.0,1.0.0,8572.57,8298.93,8846.21
vintage-20260129-f1_0_0,historical_backtest,2026-01-29,2026-01-29T23:59:59Z,2026-02-02,4,net_revenue_usd,driver_regression,1.0.0,1.0.0,8076.36,7802.19,8350.52
vintage-20260129-f1_0_0,historical_backtest,2026-01-29,2026-01-29T23:59:59Z,2026-02-03,5,net_revenue_usd,driver_regression,1.0.0,1.0.0,8168.69,7894.0,8443.39
vintage-20260129-f1_0_0,historical_backtest,2026-01-29,2026-01-29T23:59:59Z,2026-02-04,6,net_revenue_usd,driver_regression,1.0.0,1.0.0,8409.78,8134.56,8685.0
vintage-20260129-f1_0_0,historical_backtest,2026-01-29,2026-01-29T23:59:59Z,2026-02-05,7,net_revenue_usd,driver_regression,1.0.0,1.0.0,8644.8,8369.06,8920.55
vintage-20260129-f1_0_0,historical_backtest,2026-01-29,2026-01-29T23:59:59Z,2026-02-06,8,net_revenue_usd,driver_regression,1.0.0,1.0.0,9470.32,9194.06,9746.59
vintage-20260129-f1_0_0,historical_backtest,2026-01-29,2026-01-29T23:59:59Z,2026-02-07,9,net_revenue_usd,driver_regression,1.0.0,1.0.0,9285.4,9008.61,9562.19
vintage-20260129-f1_0_0,historical_backtest,2026-01-29,2026-01-29T23:59:59Z,2026-02-08,10,net_revenue_usd,driver_regression,1.0.0,1.0.0,8311.48,8034.17,8588.79
vintage-20260129-f1_0_0,historical_backtest,2026-01-29,2026-01-29T23:59:59Z,2026-02-09,11,net_revenue_usd,driver_regression,1.0.0,1.0.0,8101.23,7823.4,8379.07
vintage-20260129-f1_0_0,historical_backtest,2026-01-29,2026-01-29T23:59:59Z,2026-02-10,12,net_revenue_usd,driver_regression,1.0.0,1.0.0,8023.91,7745.56,8302.26
vintage-20260129-f1_0_0,historical_backtest,2026-01-29,2026-01-29T23:59:59Z,2026-02-11,13,net_revenue_usd,driver_regression,1.0.0,1.0.0,8384.24,8105.37,8663.11
vintage-20260129-f1_0_0,historical_backtest,2026-01-29,2026-01-29T23:59:59Z,2026-02-12,14,net_revenue_usd,driver_regression,1.0.0,1.0.0,8524.23,8244.85,8803.62
vintage-20260129-f1_0_0,historical_backtest,2026-01-29,2026-01-29T23:59:59Z,2026-02-13,15,net_revenue_usd,driver_regression,1.0.0,1.0.0,8832.55,8552.65,9112.45
vintage-20260129-f1_0_0,historical_backtest,2026-01-29,2026-01-29T23:59:59Z,2026-02-14,16,net_revenue_usd,driver_regression,1.0.0,1.0.0,10168.53,9888.12,10448.95
vintage-20260129-f1_0_0,historical_backtest,2026-01-29,2026-01-29T23:59:59Z,2026-02-15,17,net_revenue_usd,driver_regression,1.0.0,1.0.0,9021.57,8740.63,9302.5
vintage-20260129-f1_0_0,historical_backtest,2026-01-29,2026-01-29T23:59:59Z,2026-02-16,18,net_revenue_usd,driver_regression,1.0.0,1.0.0,8599.88,8318.44,8881.33
vintage-20260129-f1_0_0,historical_backtest,2026-01-29,2026-01-29T23:59:59Z,2026-02-17,19,net_revenue_usd,driver_regression,1.0.0,1.0.0,8064.8,7782.84,8346.76
vintage-20260129-f1_0_0,historical_backtest,2026-01-29,2026-01-29T23:59:59Z,2026-02-18,20,net_revenue_usd,driver_regression,1.0.0,1.0.0,8262.72,7980.25,8545.2
vintage-20260129-f1_0_0,historical_backtest,2026-01-29,2026-01-29T23:59:59Z,2026-02-19,21,net_revenue_usd,driver_regression,1.0.0,1.0.0,8452.13,8169.14,8735.11
vintage-20260129-f1_0_0,historical_backtest,2026-01-29,2026-01-29T23:59:59Z,2026-02-20,22,net_revenue_usd,driver_regression,1.0.0,1.0.0,8740.69,8457.19,9024.18
vintage-20260129-f1_0_0,historical_backtest,2026-01-29,2026-01-29T23:59:59Z,2026-02-21,23,net_revenue_usd,driver_regression,1.0.0,1.0.0,9050.96,8766.95,9334.96
vintage-20260129-f1_0_0,historical_backtest,2026-01-29,2026-01-29T23:59:59Z,2026-02-22,24,net_revenue_usd,driver_regression,1.0.0,1.0.0,8286.91,8002.4,8571.42
vintage-20260129-f1_0_0,historical_backtest,2026-01-29,2026-01-29T23:59:59Z,2026-02-23,25,net_revenue_usd,driver_regression,1.0.0,1.0.0,7599.83,7314.81,7884.85
vintage-20260129-f1_0_0,historical_backtest,2026-01-29,2026-01-29T23:59:59Z,2026-02-24,26,net_revenue_usd,driver_regression,1.0.0,1.0.0,7849.37,7563.85,8134.9
vintage-20260129-f1_0_0,historical_backtest,2026-01-29,2026-01-29T23:59:59Z,2026-02-25,27,net_revenue_usd,driver_regression,1.0.0,1.0.0,8316.93,8030.9,8602.96
vintage-20260129-f1_0_0,historical_backtest,2026-01-29,2026-01-29T23:59:59Z,2026-02-26,28,net_revenue_usd,driver_regression,1.0.0,1.0.0,8436.55,8150.01,8723.08
vintage-20260129-f1_0_0,historical_backtest,2026-01-29,2026-01-29T23:59:59Z,2026-02-27,29,net_revenue_usd,driver_regression,1.0.0,1.0.0,8703.07,8416.03,8990.11
vintage-20260129-f1_0_0,historical_backtest,2026-01-29,2026-01-29T23:59:59Z,2026-02-28,30,net_revenue_usd,driver_regression,1.0.0,1.0.0,9079.78,8792.24,9367.32
vintage-20260129-f1_0_0,historical_backtest,2026-01-29,2026-01-29T23:59:59Z,2026-03-01,31,net_revenue_usd,driver_regression,1.0.0,1.0.0,8047.6,7759.56,8335.65
vintage-20260129-f1_0_0,historical_backtest,2026-01-29,2026-01-29T23:59:59Z,2026-03-02,32,net_revenue_usd,driver_regression,1.0.0,1.0.0,7537.8,7249.26,7826.35
vintage-20260129-f1_0_0,historical_backtest,2026-01-29,2026-01-29T23:59:59Z,2026-03-03,33,net_revenue_usd,driver_regression,1.0.0,1.0.0,7647.75,7358.71,7936.8
vintage-20260129-f1_0_0,historical_backtest,2026-01-29,2026-01-29T23:59:59Z,2026-03-04,34,net_revenue_usd,driver_regression,1.0.0,1.0.0,8156.4,7866.86,8445.95
vintage-20260129-f1_0_0,historical_backtest,2026-01-29,2026-01-29T23:59:59Z,2026-03-05,35,net_revenue_usd,driver_regression,1.0.0,1.0.0,7966.26,7676.22,8256.3
vintage-20260129-f1_0_0,historical_backtest,2026-01-29,2026-01-29T23:59:59Z,2026-03-06,36,net_revenue_usd,driver_regression,1.0.0,1.0.0,8481.06,8190.51,8771.6
vintage-20260129-f1_0_0,historical_backtest,2026-01-29,2026-01-29T23:59:59Z,2026-03-07,37,net_revenue_usd,driver_regression,1.0.0,1.0.0,8811.03,8519.99,9102.07
vintage-20260129-f1_0_0,historical_backtest,2026-01-29,2026-01-29T23:59:59Z,2026-03-08,38,net_revenue_usd,driver_regression,1.0.0,1.0.0,7822.34,7530.8,8113.87
vintage-20260129-f1_0_0,historical_backtest,2026-01-29,2026-01-29T23:59:59Z,2026-03-09,39,net_revenue_usd,driver_regression,1.0.0,1.0.0,7202.59,6910.56,7494.62
vintage-20260129-f1_0_0,historical_backtest,2026-01-29,2026-01-29T23:59:59Z,2026-03-10,40,net_revenue_usd,driver_regression,1.0.0,1.0.0,7790.07,7497.55,8082.59
vintage-20260129-f1_0_0,historical_backtest,2026-01-29,2026-01-29T23:59:59Z,2026-03-11,41,net_revenue_usd,driver_regression,1.0.0,1.0.0,7883.06,7590.04,8176.07
vintage-20260129-f1_0_0,historical_backtest,2026-01-29,2026-01-29T23:59:59Z,2026-03-12,42,net_revenue_usd,driver_regression,1.0.0,1.0.0,8071.6,7778.09,8365.1
vintage-20260129-f1_0_0,historical_backtest,2026-01-29,2026-01-29T23:59:59Z,2026-03-13,43,net_revenue_usd,driver_regression,1.0.0,1.0.0,8362.97,8068.97,8656.97
vintage-20260129-f1_0_0,historical_backtest,2026-01-29,2026-01-29T23:59:59Z,2026-03-14,44,net_revenue_usd,driver_regression,1.0.0,1.0.0,9286.07,8991.58,9580.56
vintage-20260129-f1_0_0,historical_backtest,2026-01-29,2026-01-29T23:59:59Z,2026-03-15,45,net_revenue_usd,driver_regression,1.0.0,1.0.0,8516.47,8221.48,8811.45
vintage-20260129-f1_0_0,historical_backtest,2026-01-29,2026-01-29T23:59:59Z,2026-03-16,46,net_revenue_usd,driver_regression,1.0.0,1.0.0,8370.91,8075.44,8666.38
vintage-20260129-f1_0_0,historical_backtest,2026-01-29,2026-01-29T23:59:59Z,2026-03-17,47,net_revenue_usd,driver_regression,1.0.0,1.0.0,7291.07,6995.11,7587.03
vintage-20260129-f1_0_0,historical_backtest,2026-01-29,2026-01-29T23:59:59Z,2026-03-18,48,net_revenue_usd,driver_regression,1.0.0,1.0.0,7621.53,7325.08,7917.98
vintage-20260129-f1_0_0,historical_backtest,2026-01-29,2026-01-29T23:59:59Z,2026-03-19,49,net_revenue_usd,driver_regression,1.0.0,1.0.0,7896.81,7599.88,8193.75
vintage-20260129-f1_0_0,historical_backtest,2026-01-29,2026-01-29T23:59:59Z,2026-03-20,50,net_revenue_usd,driver_regression,1.0.0,1.0.0,8179.23,7881.81,8476.65
vintage-20260129-f1_0_0,historical_backtest,2026-01-29,2026-01-29T23:59:59Z,2026-03-21,51,net_revenue_usd,driver_regression,1.0.0,1.0.0,8539.25,8241.34,8837.16
vintage-20260129-f1_0_0,historical_backtest,2026-01-29,2026-01-29T23:59:59Z,2026-03-22,52,net_revenue_usd,driver_regression,1.0.0,1.0.0,7520.86,7222.47,7819.25
vintage-20260129-f1_0_0,historical_backtest,2026-01-29,2026-01-29T23:59:59Z,2026-03-23,53,net_revenue_usd,driver_regression,1.0.0,1.0.0,6904.99,6606.12,7203.86
vintage-20260129-f1_0_0,historical_backtest,2026-01-29,2026-01-29T23:59:59Z,2026-03-24,54,net_revenue_usd,driver_regression,1.0.0,1.0.0,7195.4,6896.04,7494.76
vintage-20260129-f1_0_0,historical_backtest,2026-01-29,2026-01-29T23:59:59Z,2026-03-25,55,net_revenue_usd,driver_regression,1.0.0,1.0.0,7581.4,7281.56,7881.24
vintage-20260129-f1_0_0,historical_backtest,2026-01-29,2026-01-29T23:59:59Z,2026-03-26,56,net_revenue_usd,driver_regression,1.0.0,1.0.0,7628.86,7328.54,7929.18
vintage-20260129-f1_0_0,historical_backtest,2026-01-29,2026-01-29T23:59:59Z,2026-03-27,57,net_revenue_usd,driver_regression,1.0.0,1.0.0,7946.92,7646.12,8247.72
vintage-20260129-f1_0_0,historical_backtest,2026-01-29,2026-01-29T23:59:59Z,2026-03-28,58,net_revenue_usd,driver_regression,1.0.0,1.0.0,8270.71,7969.43,8571.99
vintage-20260129-f1_0_0,historical_backtest,2026-01-29,2026-01-29T23:59:59Z,2026-03-29,59,net_revenue_usd,driver_regression,1.0.0,1.0.0,7473.47,7171.71,7775.23
vintage-20260129-f1_0_0,historical_backtest,2026-01-29,2026-01-29T23:59:59Z,2026-03-30,60,net_revenue_usd,driver_regression,1.0.0,1.0.0,6708.43,6406.19,7010.66
vintage-20260129-f1_0_0,historical_backtest,2026-01-29,2026-01-29T23:59:59Z,2026-03-31,61,net_revenue_usd,driver_regression,1.0.0,1.0.0,7165.86,6863.14,7468.58
vintage-20260129-f1_0_0,historical_backtest,2026-01-29,2026-01-29T23:59:59Z,2026-04-01,62,net_revenue_usd,driver_regression,1.0.0,1.0.0,7242.76,6939.57,7545.96
vintage-20260129-f1_0_0,historical_backtest,2026-01-29,2026-01-29T23:59:59Z,2026-04-02,63,net_revenue_usd,driver_regression,1.0.0,1.0.0,7623.47,7319.8,7927.14
vintage-20260129-f1_0_0,historical_backtest,2026-01-29,2026-01-29T23:59:59Z,2026-04-03,64,net_revenue_usd,driver_regression,1.0.0,1.0.0,8121.45,7817.31,8425.6
vintage-20260129-f1_0_0,historical_backtest,2026-01-29,2026-01-29T23:59:59Z,2026-04-04,65,net_revenue_usd,driver_regression,1.0.0,1.0.0,8083.3,7778.68,8387.92
vintage-20260129-f1_0_0,historical_backtest,2026-01-29,2026-01-29T23:59:59Z,2026-04-05,66,net_revenue_usd,driver_regression,1.0.0,1.0.0,7101.97,6796.88,7407.06
vintage-20260129-f1_0_0,historical_backtest,2026-01-29,2026-01-29T23:59:59Z,2026-04-06,67,net_revenue_usd,driver_regression,1.0.0,1.0.0,6652.23,6346.66,6957.8
vintage-20260129-f1_0_0,historical_backtest,2026-01-29,2026-01-29T23:59:59Z,2026-04-07,68,net_revenue_usd,driver_regression,1.0.0,1.0.0,7057.64,6751.6,7363.68
vintage-20260129-f1_0_0,historical_backtest,2026-01-29,2026-01-29T23:59:59Z,2026-04-08,69,net_revenue_usd,driver_regression,1.0.0,1.0.0,7218.38,6911.87,7524.9
vintage-20260129-f1_0_0,historical_backtest,2026-01-29,2026-01-29T23:59:59Z,2026-04-09,70,net_revenue_usd,driver_regression,1.0.0,1.0.0,7340.47,7033.49,7647.45
vintage-20260129-f1_0_0,historical_backtest,2026-01-29,2026-01-29T23:59:59Z,2026-04-10,71,net_revenue_usd,driver_regression,1.0.0,1.0.0,8004.21,7696.76,8311.66
vintage-20260129-f1_0_0,historical_backtest,2026-01-29,2026-01-29T23:59:59Z,2026-04-11,72,net_revenue_usd,driver_regression,1.0.0,1.0.0,8096.5,7788.58,8404.42
vintage-20260129-f1_0_0,historical_backtest,2026-01-29,2026-01-29T23:59:59Z,2026-04-12,73,net_revenue_usd,driver_regression,1.0.0,1.0.0,7162.34,6853.95,7470.73
vintage-20260129-f1_0_0,historical_backtest,2026-01-29,2026-01-29T23:59:59Z,2026-04-13,74,net_revenue_usd,driver_regression,1.0.0,1.0.0,6472.39,6163.53,6781.25
vintage-20260129-f1_0_0,historical_backtest,2026-01-29,2026-01-29T23:59:59Z,2026-04-14,75,net_revenue_usd,driver_regression,1.0.0,1.0.0,7797.45,7488.12,8106.78
vintage-20260129-f1_0_0,historical_backtest,2026-01-29,2026-01-29T23:59:59Z,2026-04-15,76,net_revenue_usd,driver_regression,1.0.0,1.0.0,8115.73,7805.94,8425.52
vintage-20260129-f1_0_0,historical_backtest,2026-01-29,2026-01-29T23:59:59Z,2026-04-16,77,net_revenue_usd,driver_regression,1.0.0,1.0.0,8124.26,7814.0,8434.52
vintage-20260129-f1_0_0,historical_backtest,2026-01-29,2026-01-29T23:59:59Z,2026-04-17,78,net_revenue_usd,driver_regression,1.0.0,1.0.0,7891.81,7581.08,8202.53
vintage-20260129-f1_0_0,historical_backtest,2026-01-29,2026-01-29T23:59:59Z,2026-04-18,79,net_revenue_usd,driver_regression,1.0.0,1.0.0,7967.12,7655.93,8278.31
vintage-20260129-f1_0_0,historical_backtest,2026-01-29,2026-01-29T23:59:59Z,2026-04-19,80,net_revenue_usd,driver_regression,1.0.0,1.0.0,7125.53,6813.87,7437.18
vintage-20260129-f1_0_0,historical_backtest,2026-01-29,2026-01-29T23:59:59Z,2026-04-20,81,net_revenue_usd,driver_regression,1.0.0,1.0.0,6521.0,6208.88,6833.11
vintage-20260129-f1_0_0,historical_backtest,2026-01-29,2026-01-29T23:59:59Z,2026-04-21,82,net_revenue_usd,driver_regression,1.0.0,1.0.0,6681.14,6368.57,6993.72
vintage-20260129-f1_0_0,historical_backtest,2026-01-29,2026-01-29T23:59:59Z,2026-04-22,83,net_revenue_usd,driver_regression,1.0.0,1.0.0,6982.38,6669.34,7295.42
vintage-20260129-f1_0_0,historical_backtest,2026-01-29,2026-01-29T23:59:59Z,2026-04-23,84,net_revenue_usd,driver_regression,1.0.0,1.0.0,7261.76,6948.26,7575.26
vintage-20260129-f1_0_0,historical_backtest,2026-01-29,2026-01-29T23:59:59Z,2026-04-24,85,net_revenue_usd,driver_regression,1.0.0,1.0.0,7885.51,7571.55,8199.47
vintage-20260129-f1_0_0,historical_backtest,2026-01-29,2026-01-29T23:59:59Z,2026-04-25,86,net_revenue_usd,driver_regression,1.0.0,1.0.0,7970.44,7656.02,8284.87
vintage-20260129-f1_0_0,historical_backtest,2026-01-29,2026-01-29T23:59:59Z,2026-04-26,87,net_revenue_usd,driver_regression,1.0.0,1.0.0,7024.77,6709.89,7339.65
vintage-20260129-f1_0_0,historical_backtest,2026-01-29,2026-01-29T23:59:59Z,2026-04-27,88,net_revenue_usd,driver_regression,1.0.0,1.0.0,6574.86,6259.52,6890.2
vintage-20260129-f1_0_0,historical_backtest,2026-01-29,2026-01-29T23:59:59Z,2026-04-28,89,net_revenue_usd,driver_regression,1.0.0,1.0.0,6722.32,6406.52,7038.11
vintage-20260129-f1_0_0,historical_backtest,2026-01-29,2026-01-29T23:59:59Z,2026-04-29,90,net_revenue_usd,driver_regression,1.0.0,1.0.0,7170.54,6854.29,7486.8
vintage-20260129-f1_0_0,historical_backtest,2026-01-29,2026-01-29T23:59:59Z,2026-04-30,91,net_revenue_usd,driver_regression,1.0.0,1.0.0,7165.06,6848.35,7481.77
vintage-20260129-f1_0_0,historical_backtest,2026-01-29,2026-01-29T23:59:59Z,2026-01-30,1,shipped_revenue_usd,seasonal_naive,1.0.0,1.0.0,10313.05,9180.86,11445.24
vintage-20260129-f1_0_0,historical_backtest,2026-01-29,2026-01-29T23:59:59Z,2026-01-31,2,shipped_revenue_usd,seasonal_naive,1.0.0,1.0.0,5789.52,4655.13,6923.91
vintage-20260129-f1_0_0,historical_backtest,2026-01-29,2026-01-29T23:59:59Z,2026-02-01,3,shipped_revenue_usd,seasonal_naive,1.0.0,1.0.0,4422.3,3285.72,5558.88
vintage-20260129-f1_0_0,historical_backtest,2026-01-29,2026-01-29T23:59:59Z,2026-02-02,4,shipped_revenue_usd,seasonal_naive,1.0.0,1.0.0,11374.73,10235.95,12513.51
vintage-20260129-f1_0_0,historical_backtest,2026-01-29,2026-01-29T23:59:59Z,2026-02-03,5,shipped_revenue_usd,seasonal_naive,1.0.0,1.0.0,11377.84,10236.88,12518.8
vintage-20260129-f1_0_0,historical_backtest,2026-01-29,2026-01-29T23:59:59Z,2026-02-04,6,shipped_revenue_usd,seasonal_naive,1.0.0,1.0.0,11170.2,10027.06,12313.34
vintage-20260129-f1_0_0,historical_backtest,2026-01-29,2026-01-29T23:59:59Z,2026-02-05,7,shipped_revenue_usd,seasonal_naive,1.0.0,1.0.0,10962.43,9817.11,12107.75
vintage-20260129-f1_0_0,historical_backtest,2026-01-29,2026-01-29T23:59:59Z,2026-02-06,8,shipped_revenue_usd,seasonal_naive,1.0.0,1.0.0,10332.81,9185.31,11480.31
vintage-20260129-f1_0_0,historical_backtest,2026-01-29,2026-01-29T23:59:59Z,2026-02-07,9,shipped_revenue_usd,seasonal_naive,1.0.0,1.0.0,5800.61,4650.94,6950.28
vintage-20260129-f1_0_0,historical_backtest,2026-01-29,2026-01-29T23:59:59Z,2026-02-08,10,shipped_revenue_usd,seasonal_naive,1.0.0,1.0.0,4430.76,3278.93,5582.59
vintage-20260129-f1_0_0,historical_backtest,2026-01-29,2026-01-29T23:59:59Z,2026-02-09,11,shipped_revenue_usd,seasonal_naive,1.0.0,1.0.0,11396.51,10242.52,12550.5
vintage-20260129-f1_0_0,historical_backtest,2026-01-29,2026-01-29T23:59:59Z,2026-02-10,12,shipped_revenue_usd,seasonal_naive,1.0.0,1.0.0,11399.62,10243.47,12555.77
vintage-20260129-f1_0_0,historical_backtest,2026-01-29,2026-01-29T23:59:59Z,2026-02-11,13,shipped_revenue_usd,seasonal_naive,1.0.0,1.0.0,11191.56,10033.25,12349.87
vintage-20260129-f1_0_0,historical_backtest,2026-01-29,2026-01-29T23:59:59Z,2026-02-12,14,shipped_revenue_usd,seasonal_naive,1.0.0,1.0.0,10983.4,9822.94,12143.86
vintage-20260129-f1_0_0,historical_backtest,2026-01-29,2026-01-29T23:59:59Z,2026-02-13,15,shipped_revenue_usd,seasonal_naive,1.0.0,1.0.0,10352.56,9189.96,11515.16
vintage-20260129-f1_0_0,historical_backtest,2026-01-29,2026-01-29T23:59:59Z,2026-02-14,16,shipped_revenue_usd,seasonal_naive,1.0.0,1.0.0,5811.7,4646.96,6976.44
vintage-20260129-f1_0_0,historical_backtest,2026-01-29,2026-01-29T23:59:59Z,2026-02-15,17,shipped_revenue_usd,seasonal_naive,1.0.0,1.0.0,4439.23,3272.35,5606.11
vintage-20260129-f1_0_0,historical_backtest,2026-01-29,2026-01-29T23:59:59Z,2026-02-16,18,shipped_revenue_usd,seasonal_naive,1.0.0,1.0.0,11418.28,10249.26,12587.3
vintage-20260129-f1_0_0,historical_backtest,2026-01-29,2026-01-29T23:59:59Z,2026-02-17,19,shipped_revenue_usd,seasonal_naive,1.0.0,1.0.0,11421.39,10250.24,12592.54
vintage-20260129-f1_0_0,historical_backtest,2026-01-29,2026-01-29T23:59:59Z,2026-02-18,20,shipped_revenue_usd,seasonal_naive,1.0.0,1.0.0,11212.93,10039.66,12386.2
vintage-20260129-f1_0_0,historical_backtest,2026-01-29,2026-01-29T23:59:59Z,2026-02-19,21,shipped_revenue_usd,seasonal_naive,1.0.0,1.0.0,11004.36,9828.96,12179.76
vintage-20260129-f1_0_0,historical_backtest,2026-01-29,2026-01-29T23:59:59Z,2026-02-20,22,shipped_revenue_usd,seasonal_naive,1.0.0,1.0.0,10372.32,9194.81,11549.83
vintage-20260129-f1_0_0,historical_backtest,2026-01-29,2026-01-29T23:59:59Z,2026-02-21,23,shipped_revenue_usd,seasonal_naive,1.0.0,1.0.0,5822.78,4643.15,7002.41
vintage-20260129-f1_0_0,historical_backtest,2026-01-29,2026-01-29T23:59:59Z,2026-02-22,24,shipped_revenue_usd,seasonal_naive,1.0.0,1.0.0,4447.7,3265.96,5629.44
vintage-20260129-f1_0_0,historical_backtest,2026-01-29,2026-01-29T23:59:59Z,2026-02-23,25,shipped_revenue_usd,seasonal_naive,1.0.0,1.0.0,11440.05,10256.2,12623.9
vintage-20260129-f1_0_0,historical_backtest,2026-01-29,2026-01-29T23:59:59Z,2026-02-24,26,shipped_revenue_usd,seasonal_naive,1.0.0,1.0.0,11443.16,10257.21,12629.11
vintage-20260129-f1_0_0,historical_backtest,2026-01-29,2026-01-29T23:59:59Z,2026-02-25,27,shipped_revenue_usd,seasonal_naive,1.0.0,1.0.0,11234.3,10046.25,12422.35
vintage-20260129-f1_0_0,historical_backtest,2026-01-29,2026-01-29T23:59:59Z,2026-02-26,28,shipped_revenue_usd,seasonal_naive,1.0.0,1.0.0,11025.33,9835.18,12215.48
vintage-20260129-f1_0_0,historical_backtest,2026-01-29,2026-01-29T23:59:59Z,2026-02-27,29,shipped_revenue_usd,seasonal_naive,1.0.0,1.0.0,8244.11,7051.87,9436.35
vintage-20260129-f1_0_0,historical_backtest,2026-01-29,2026-01-29T23:59:59Z,2026-02-28,30,shipped_revenue_usd,seasonal_naive,1.0.0,1.0.0,5833.87,4639.54,7028.2
vintage-20260129-f1_0_0,historical_backtest,2026-01-29,2026-01-29T23:59:59Z,2026-03-01,31,shipped_revenue_usd,seasonal_naive,1.0.0,1.0.0,4456.17,3259.76,5652.58
vintage-20260129-f1_0_0,historical_backtest,2026-01-29,2026-01-29T23:59:59Z,2026-03-02,32,shipped_revenue_usd,seasonal_naive,1.0.0,1.0.0,11461.82,10263.33,12660.31
vintage-20260129-f1_0_0,historical_backtest,2026-01-29,2026-01-29T23:59:59Z,2026-03-03,33,shipped_revenue_usd,seasonal_naive,1.0.0,1.0.0,7246.88,6046.31,8447.45
vintage-20260129-f1_0_0,historical_backtest,2026-01-29,2026-01-29T23:59:59Z,2026-03-04,34,shipped_revenue_usd,seasonal_naive,1.0.0,1.0.0,6942.55,5739.9,8145.2
vintage-20260129-f1_0_0,historical_backtest,2026-01-29,2026-01-29T23:59:59Z,2026-03-05,35,shipped_revenue_usd,seasonal_naive,1.0.0,1.0.0,7392.72,6188.0,8597.44
vintage-20260129-f1_0_0,historical_backtest,2026-01-29,2026-01-29T23:59:59Z,2026-03-06,36,shipped_revenue_usd,seasonal_naive,1.0.0,1.0.0,7573.45,6366.67,8780.23
vintage-20260129-f1_0_0,historical_backtest,2026-01-29,2026-01-29T23:59:59Z,2026-03-07,37,shipped_revenue_usd,seasonal_naive,1.0.0,1.0.0,5844.96,4636.11,7053.81
vintage-20260129-f1_0_0,historical_backtest,2026-01-29,2026-01-29T23:59:59Z,2026-03-08,38,shipped_revenue_usd,seasonal_naive,1.0.0,1.0.0,4464.63,3253.72,5675.54
vintage-20260129-f1_0_0,historical_backtest,2026-01-29,2026-01-29T23:59:59Z,2026-03-09,39,shipped_revenue_usd,seasonal_naive,1.0.0,1.0.0,11073.47,9860.51,12286.43
vintage-20260129-f1_0_0,historical_backtest,2026-01-29,2026-01-29T23:59:59Z,2026-03-10,40,shipped_revenue_usd,seasonal_naive,1.0.0,1.0.0,6796.6,5581.58,8011.62
vintage-20260129-f1_0_0,historical_backtest,2026-01-29,2026-01-29T23:59:59Z,2026-03-11,41,shipped_revenue_usd,seasonal_naive,1.0.0,1.0.0,7003.89,5786.82,8220.96
vintage-20260129-f1_0_0,historical_backtest,2026-01-29,2026-01-29T23:59:59Z,2026-03-12,42,shipped_revenue_usd,seasonal_naive,1.0.0,1.0.0,6993.71,5774.6,8212.82
vintage-20260129-f1_0_0,historical_backtest,2026-01-29,2026-01-29T23:59:59Z,2026-03-13,43,shipped_revenue_usd,seasonal_naive,1.0.0,1.0.0,8618.48,7397.32,9839.64
vintage-20260129-f1_0_0,historical_backtest,2026-01-29,2026-01-29T23:59:59Z,2026-03-14,44,shipped_revenue_usd,seasonal_naive,1.0.0,1.0.0,5856.05,4632.85,7079.25
vintage-20260129-f1_0_0,historical_backtest,2026-01-29,2026-01-29T23:59:59Z,2026-03-15,45,shipped_revenue_usd,seasonal_naive,1.0.0,1.0.0,4473.1,3247.87,5698.33
vintage-20260129-f1_0_0,historical_backtest,2026-01-29,2026-01-29T23:59:59Z,2026-03-16,46,shipped_revenue_usd,seasonal_naive,1.0.0,1.0.0,11505.37,10278.11,12732.63
vintage-20260129-f1_0_0,historical_backtest,2026-01-29,2026-01-29T23:59:59Z,2026-03-17,47,shipped_revenue_usd,seasonal_naive,1.0.0,1.0.0,8000.42,6771.13,9229.71
vintage-20260129-f1_0_0,historical_backtest,2026-01-29,2026-01-29T23:59:59Z,2026-03-18,48,shipped_revenue_usd,seasonal_naive,1.0.0,1.0.0,6899.39,5668.07,8130.71
vintage-20260129-f1_0_0,historical_backtest,2026-01-29,2026-01-29T23:59:59Z,2026-03-19,49,shipped_revenue_usd,seasonal_naive,1.0.0,1.0.0,6959.82,5726.48,8193.16
vintage-20260129-f1_0_0,historical_backtest,2026-01-29,2026-01-29T23:59:59Z,2026-03-20,50,shipped_revenue_usd,seasonal_naive,1.0.0,1.0.0,7416.68,6181.32,8652.04
vintage-20260129-f1_0_0,historical_backtest,2026-01-29,2026-01-29T23:59:59Z,2026-03-21,51,shipped_revenue_usd,seasonal_naive,1.0.0,1.0.0,5867.14,4629.76,7104.52
vintage-20260129-f1_0_0,historical_backtest,2026-01-29,2026-01-29T23:59:59Z,2026-03-22,52,shipped_revenue_usd,seasonal_naive,1.0.0,1.0.0,4481.57,3242.18,5720.96
vintage-20260129-f1_0_0,historical_backtest,2026-01-29,2026-01-29T23:59:59Z,2026-03-23,53,shipped_revenue_usd,seasonal_naive,1.0.0,1.0.0,10091.8,8850.4,11333.2
vintage-20260129-f1_0_0,historical_backtest,2026-01-29,2026-01-29T23:59:59Z,2026-03-24,54,shipped_revenue_usd,seasonal_naive,1.0.0,1.0.0,6634.84,5391.43,7878.25
vintage-20260129-f1_0_0,historical_backtest,2026-01-29,2026-01-29T23:59:59Z,2026-03-25,55,shipped_revenue_usd,seasonal_naive,1.0.0,1.0.0,6790.73,5545.32,8036.14
vintage-20260129-f1_0_0,historical_backtest,2026-01-29,2026-01-29T23:59:59Z,2026-03-26,56,shipped_revenue_usd,seasonal_naive,1.0.0,1.0.0,6863.76,5616.35,8111.17
vintage-20260129-f1_0_0,historical_backtest,2026-01-29,2026-01-29T23:59:59Z,2026-03-27,57,shipped_revenue_usd,seasonal_naive,1.0.0,1.0.0,7336.32,6086.91,8585.73
vintage-20260129-f1_0_0,historical_backtest,2026-01-29,2026-01-29T23:59:59Z,2026-03-28,58,shipped_revenue_usd,seasonal_naive,1.0.0,1.0.0,5878.22,4626.82,7129.62
vintage-20260129-f1_0_0,historical_backtest,2026-01-29,2026-01-29T23:59:59Z,2026-03-29,59,shipped_revenue_usd,seasonal_naive,1.0.0,1.0.0,4490.04,3236.65,5743.43
vintage-20260129-f1_0_0,historical_backtest,2026-01-29,2026-01-29T23:59:59Z,2026-03-30,60,shipped_revenue_usd,seasonal_naive,1.0.0,1.0.0,9692.83,8437.45,10948.21
vintage-20260129-f1_0_0,historical_backtest,2026-01-29,2026-01-29T23:59:59Z,2026-03-31,61,shipped_revenue_usd,seasonal_naive,1.0.0,1.0.0,6595.39,5338.03,7852.75
vintage-20260129-f1_0_0,historical_backtest,2026-01-29,2026-01-29T23:59:59Z,2026-04-01,62,shipped_revenue_usd,seasonal_naive,1.0.0,1.0.0,6500.51,5241.17,7759.85
vintage-20260129-f1_0_0,historical_backtest,2026-01-29,2026-01-29T23:59:59Z,2026-04-02,63,shipped_revenue_usd,seasonal_naive,1.0.0,1.0.0,6901.66,5640.34,8162.98
vintage-20260129-f1_0_0,historical_backtest,2026-01-29,2026-01-29T23:59:59Z,2026-04-03,64,shipped_revenue_usd,seasonal_naive,1.0.0,1.0.0,6994.68,5731.39,8257.97
vintage-20260129-f1_0_0,historical_backtest,2026-01-29,2026-01-29T23:59:59Z,2026-04-04,65,shipped_revenue_usd,seasonal_naive,1.0.0,1.0.0,5889.31,4624.05,7154.57
vintage-20260129-f1_0_0,historical_backtest,2026-01-29,2026-01-29T23:59:59Z,2026-04-05,66,shipped_revenue_usd,seasonal_naive,1.0.0,1.0.0,4498.5,3231.27,5765.73
vintage-20260129-f1_0_0,historical_backtest,2026-01-29,2026-01-29T23:59:59Z,2026-04-06,67,shipped_revenue_usd,seasonal_naive,1.0.0,1.0.0,9884.7,8615.5,11153.9
vintage-20260129-f1_0_0,historical_backtest,2026-01-29,2026-01-29T23:59:59Z,2026-04-07,68,shipped_revenue_usd,seasonal_naive,1.0.0,1.0.0,6082.21,4811.05,7353.37
vintage-20260129-f1_0_0,historical_backtest,2026-01-29,2026-01-29T23:59:59Z,2026-04-08,69,shipped_revenue_usd,seasonal_naive,1.0.0,1.0.0,6512.45,5239.33,7785.57
vintage-20260129-f1_0_0,historical_backtest,2026-01-29,2026-01-29T23:59:59Z,2026-04-09,70,shipped_revenue_usd,seasonal_naive,1.0.0,1.0.0,6607.55,5332.47,7882.63
vintage-20260129-f1_0_0,historical_backtest,2026-01-29,2026-01-29T23:59:59Z,2026-04-10,71,shipped_revenue_usd,seasonal_naive,1.0.0,1.0.0,6854.05,5577.02,8131.08
vintage-20260129-f1_0_0,historical_backtest,2026-01-29,2026-01-29T23:59:59Z,2026-04-11,72,shipped_revenue_usd,seasonal_naive,1.0.0,1.0.0,5900.4,4621.42,7179.38
vintage-20260129-f1_0_0,historical_backtest,2026-01-29,2026-01-29T23:59:59Z,2026-04-12,73,shipped_revenue_usd,seasonal_naive,1.0.0,1.0.0,4506.97,3226.04,5787.9
vintage-20260129-f1_0_0,historical_backtest,2026-01-29,2026-01-29T23:59:59Z,2026-04-13,74,shipped_revenue_usd,seasonal_naive,1.0.0,1.0.0,9687.02,8404.15,10969.89
vintage-20260129-f1_0_0,historical_backtest,2026-01-29,2026-01-29T23:59:59Z,2026-04-14,75,shipped_revenue_usd,seasonal_naive,1.0.0,1.0.0,6939.57,5654.76,8224.38
vintage-20260129-f1_0_0,historical_backtest,2026-01-29,2026-01-29T23:59:59Z,2026-04-15,76,shipped_revenue_usd,seasonal_naive,1.0.0,1.0.0,7137.28,5850.53,8424.03
vintage-20260129-f1_0_0,historical_backtest,2026-01-29,2026-01-29T23:59:59Z,2026-04-16,77,shipped_revenue_usd,seasonal_naive,1.0.0,1.0.0,6631.75,5343.06,7920.44
vintage-20260129-f1_0_0,historical_backtest,2026-01-29,2026-01-29T23:59:59Z,2026-04-17,78,shipped_revenue_usd,seasonal_naive,1.0.0,1.0.0,7141.24,5850.62,8431.86
vintage-20260129-f1_0_0,historical_backtest,2026-01-29,2026-01-29T23:59:59Z,2026-04-18,79,shipped_revenue_usd,seasonal_naive,1.0.0,1.0.0,5911.49,4618.94,7204.04
vintage-20260129-f1_0_0,historical_backtest,2026-01-29,2026-01-29T23:59:59Z,2026-04-19,80,shipped_revenue_usd,seasonal_naive,1.0.0,1.0.0,4515.44,3220.96,5809.92
vintage-20260129-f1_0_0,historical_backtest,2026-01-29,2026-01-29T23:59:59Z,2026-04-20,81,shipped_revenue_usd,seasonal_naive,1.0.0,1.0.0,8670.95,7374.55,9967.35
vintage-20260129-f1_0_0,historical_backtest,2026-01-29,2026-01-29T23:59:59Z,2026-04-21,82,shipped_revenue_usd,seasonal_naive,1.0.0,1.0.0,6243.88,4945.56,7542.2
vintage-20260129-f1_0_0,historical_backtest,2026-01-29,2026-01-29T23:59:59Z,2026-04-22,83,shipped_revenue_usd,seasonal_naive,1.0.0,1.0.0,6160.06,4859.82,7460.3
vintage-20260129-f1_0_0,historical_backtest,2026-01-29,2026-01-29T23:59:59Z,2026-04-23,84,shipped_revenue_usd,seasonal_naive,1.0.0,1.0.0,6411.88,5109.72,7714.04
vintage-20260129-f1_0_0,historical_backtest,2026-01-29,2026-01-29T23:59:59Z,2026-04-24,85,shipped_revenue_usd,seasonal_naive,1.0.0,1.0.0,6698.58,5394.51,8002.65
vintage-20260129-f1_0_0,historical_backtest,2026-01-29,2026-01-29T23:59:59Z,2026-04-25,86,shipped_revenue_usd,seasonal_naive,1.0.0,1.0.0,5922.58,4616.6,7228.56
vintage-20260129-f1_0_0,historical_backtest,2026-01-29,2026-01-29T23:59:59Z,2026-04-26,87,shipped_revenue_usd,seasonal_naive,1.0.0,1.0.0,4523.9,3216.01,5831.79
vintage-20260129-f1_0_0,historical_backtest,2026-01-29,2026-01-29T23:59:59Z,2026-04-27,88,shipped_revenue_usd,seasonal_naive,1.0.0,1.0.0,8623.84,7314.05,9933.63
vintage-20260129-f1_0_0,historical_backtest,2026-01-29,2026-01-29T23:59:59Z,2026-04-28,89,shipped_revenue_usd,seasonal_naive,1.0.0,1.0.0,6076.89,4765.2,7388.58
vintage-20260129-f1_0_0,historical_backtest,2026-01-29,2026-01-29T23:59:59Z,2026-04-29,90,shipped_revenue_usd,seasonal_naive,1.0.0,1.0.0,6449.21,5135.62,7762.8
vintage-20260129-f1_0_0,historical_backtest,2026-01-29,2026-01-29T23:59:59Z,2026-04-30,91,shipped_revenue_usd,seasonal_naive,1.0.0,1.0.0,6279.59,4964.1,7595.08
vintage-20260226-f1_0_0,historical_backtest,2026-02-26,2026-02-26T23:59:59Z,2026-02-27,1,net_revenue_usd,driver_regression,1.0.0,1.0.0,8706.15,8434.38,8977.93
vintage-20260226-f1_0_0,historical_backtest,2026-02-26,2026-02-26T23:59:59Z,2026-02-28,2,net_revenue_usd,driver_regression,1.0.0,1.0.0,9085.21,8812.9,9357.51
vintage-20260226-f1_0_0,historical_backtest,2026-02-26,2026-02-26T23:59:59Z,2026-03-01,3,net_revenue_usd,driver_regression,1.0.0,1.0.0,8044.18,7771.34,8317.01
vintage-20260226-f1_0_0,historical_backtest,2026-02-26,2026-02-26T23:59:59Z,2026-03-02,4,net_revenue_usd,driver_regression,1.0.0,1.0.0,7532.88,7259.53,7806.24
vintage-20260226-f1_0_0,historical_backtest,2026-02-26,2026-02-26T23:59:59Z,2026-03-03,5,net_revenue_usd,driver_regression,1.0.0,1.0.0,7644.89,7371.0,7918.77
vintage-20260226-f1_0_0,historical_backtest,2026-02-26,2026-02-26T23:59:59Z,2026-03-04,6,net_revenue_usd,driver_regression,1.0.0,1.0.0,8157.37,7882.96,8431.77
vintage-20260226-f1_0_0,historical_backtest,2026-02-26,2026-02-26T23:59:59Z,2026-03-05,7,net_revenue_usd,driver_regression,1.0.0,1.0.0,7966.37,7691.45,8241.3
vintage-20260226-f1_0_0,historical_backtest,2026-02-26,2026-02-26T23:59:59Z,2026-03-06,8,net_revenue_usd,driver_regression,1.0.0,1.0.0,8484.11,8208.66,8759.56
vintage-20260226-f1_0_0,historical_backtest,2026-02-26,2026-02-26T23:59:59Z,2026-03-07,9,net_revenue_usd,driver_regression,1.0.0,1.0.0,8816.71,8540.74,9092.68
vintage-20260226-f1_0_0,historical_backtest,2026-02-26,2026-02-26T23:59:59Z,2026-03-08,10,net_revenue_usd,driver_regression,1.0.0,1.0.0,7819.43,7542.94,8095.92
vintage-20260226-f1_0_0,historical_backtest,2026-02-26,2026-02-26T23:59:59Z,2026-03-09,11,net_revenue_usd,driver_regression,1.0.0,1.0.0,7197.33,6920.32,7474.34
vintage-20260226-f1_0_0,historical_backtest,2026-02-26,2026-02-26T23:59:59Z,2026-03-10,12,net_revenue_usd,driver_regression,1.0.0,1.0.0,7787.92,7510.4,8065.45
vintage-20260226-f1_0_0,historical_backtest,2026-02-26,2026-02-26T23:59:59Z,2026-03-11,13,net_revenue_usd,driver_regression,1.0.0,1.0.0,7882.62,7604.58,8160.67
vintage-20260226-f1_0_0,historical_backtest,2026-02-26,2026-02-26T23:59:59Z,2026-03-12,14,net_revenue_usd,driver_regression,1.0.0,1.0.0,8071.97,7793.41,8350.53
vintage-20260226-f1_0_0,historical_backtest,2026-02-26,2026-02-26T23:59:59Z,2026-03-13,15,net_revenue_usd,driver_regression,1.0.0,1.0.0,8365.01,8085.94,8644.09
vintage-20260226-f1_0_0,historical_backtest,2026-02-26,2026-02-26T23:59:59Z,2026-03-14,16,net_revenue_usd,driver_regression,1.0.0,1.0.0,9289.78,9010.19,9569.37
vintage-20260226-f1_0_0,historical_backtest,2026-02-26,2026-02-26T23:59:59Z,2026-03-15,17,net_revenue_usd,driver_regression,1.0.0,1.0.0,8514.15,8234.05,8794.25
vintage-20260226-f1_0_0,historical_backtest,2026-02-26,2026-02-26T23:59:59Z,2026-03-16,18,net_revenue_usd,driver_regression,1.0.0,1.0.0,8362.63,8082.02,8643.25
vintage-20260226-f1_0_0,historical_backtest,2026-02-26,2026-02-26T23:59:59Z,2026-03-17,19,net_revenue_usd,driver_regression,1.0.0,1.0.0,7290.57,7009.44,7571.69
vintage-20260226-f1_0_0,historical_backtest,2026-02-26,2026-02-26T23:59:59Z,2026-03-18,20,net_revenue_usd,driver_regression,1.0.0,1.0.0,7621.89,7340.26,7903.53
vintage-20260226-f1_0_0,historical_backtest,2026-02-26,2026-02-26T23:59:59Z,2026-03-19,21,net_revenue_usd,driver_regression,1.0.0,1.0.0,7895.88,7613.74,8178.03
vintage-20260226-f1_0_0,historical_backtest,2026-02-26,2026-02-26T23:59:59Z,2026-03-20,22,net_revenue_usd,driver_regression,1.0.0,1.0.0,8183.22,7900.56,8465.87
vintage-20260226-f1_0_0,historical_backtest,2026-02-26,2026-02-26T23:59:59Z,2026-03-21,23,net_revenue_usd,driver_regression,1.0.0,1.0.0,8543.85,8260.69,8827.02
vintage-20260226-f1_0_0,historical_backtest,2026-02-26,2026-02-26T23:59:59Z,2026-03-22,24,net_revenue_usd,driver_regression,1.0.0,1.0.0,7518.25,7234.58,7801.92
vintage-20260226-f1_0_0,historical_backtest,2026-02-26,2026-02-26T23:59:59Z,2026-03-23,25,net_revenue_usd,driver_regression,1.0.0,1.0.0,6899.92,6615.74,7184.09
vintage-20260226-f1_0_0,historical_backtest,2026-02-26,2026-02-26T23:59:59Z,2026-03-24,26,net_revenue_usd,driver_regression,1.0.0,1.0.0,7194.28,6909.6,7478.97
vintage-20260226-f1_0_0,historical_backtest,2026-02-26,2026-02-26T23:59:59Z,2026-03-25,27,net_revenue_usd,driver_regression,1.0.0,1.0.0,7581.61,7296.43,7866.8
vintage-20260226-f1_0_0,historical_backtest,2026-02-26,2026-02-26T23:59:59Z,2026-03-26,28,net_revenue_usd,driver_regression,1.0.0,1.0.0,7627.82,7342.13,7913.51
vintage-20260226-f1_0_0,historical_backtest,2026-02-26,2026-02-26T23:59:59Z,2026-03-27,29,net_revenue_usd,driver_regression,1.0.0,1.0.0,7950.34,7664.15,8236.53
vintage-20260226-f1_0_0,historical_backtest,2026-02-26,2026-02-26T23:59:59Z,2026-03-28,30,net_revenue_usd,driver_regression,1.0.0,1.0.0,8275.16,7988.46,8561.85
vintage-20260226-f1_0_0,historical_backtest,2026-02-26,2026-02-26T23:59:59Z,2026-03-29,31,net_revenue_usd,driver_regression,1.0.0,1.0.0,7471.6,7184.41,7758.79
vintage-20260226-f1_0_0,historical_backtest,2026-02-26,2026-02-26T23:59:59Z,2026-03-30,32,net_revenue_usd,driver_regression,1.0.0,1.0.0,6703.32,6415.63,6991.01
vintage-20260226-f1_0_0,historical_backtest,2026-02-26,2026-02-26T23:59:59Z,2026-03-31,33,net_revenue_usd,driver_regression,1.0.0,1.0.0,7163.9,6875.71,7452.09
vintage-20260226-f1_0_0,historical_backtest,2026-02-26,2026-02-26T23:59:59Z,2026-04-01,34,net_revenue_usd,driver_regression,1.0.0,1.0.0,7243.32,6954.63,7532.01
vintage-20260226-f1_0_0,historical_backtest,2026-02-26,2026-02-26T23:59:59Z,2026-04-02,35,net_revenue_usd,driver_regression,1.0.0,1.0.0,7623.29,7334.11,7912.48
vintage-20260226-f1_0_0,historical_backtest,2026-02-26,2026-02-26T23:59:59Z,2026-04-03,36,net_revenue_usd,driver_regression,1.0.0,1.0.0,8122.72,7833.04,8412.4
vintage-20260226-f1_0_0,historical_backtest,2026-02-26,2026-02-26T23:59:59Z,2026-04-04,37,net_revenue_usd,driver_regression,1.0.0,1.0.0,8089.58,7799.41,8379.76
vintage-20260226-f1_0_0,historical_backtest,2026-02-26,2026-02-26T23:59:59Z,2026-04-05,38,net_revenue_usd,driver_regression,1.0.0,1.0.0,7100.1,6809.43,7390.77
vintage-20260226-f1_0_0,historical_backtest,2026-02-26,2026-02-26T23:59:59Z,2026-04-06,39,net_revenue_usd,driver_regression,1.0.0,1.0.0,6647.51,6356.35,6938.68
vintage-20260226-f1_0_0,historical_backtest,2026-02-26,2026-02-26T23:59:59Z,2026-04-07,40,net_revenue_usd,driver_regression,1.0.0,1.0.0,7054.58,6762.92,7346.23
vintage-20260226-f1_0_0,historical_backtest,2026-02-26,2026-02-26T23:59:59Z,2026-04-08,41,net_revenue_usd,driver_regression,1.0.0,1.0.0,7218.48,6926.33,7510.63
vintage-20260226-f1_0_0,historical_backtest,2026-02-26,2026-02-26T23:59:59Z,2026-04-09,42,net_revenue_usd,driver_regression,1.0.0,1.0.0,7340.19,7047.54,7632.83
vintage-20260226-f1_0_0,historical_backtest,2026-02-26,2026-02-26T23:59:59Z,2026-04-10,43,net_revenue_usd,driver_regression,1.0.0,1.0.0,8005.29,7712.15,8298.42
vintage-20260226-f1_0_0,historical_backtest,2026-02-26,2026-02-26T23:59:59Z,2026-04-11,44,net_revenue_usd,driver_regression,1.0.0,1.0.0,8101.85,7808.23,8395.47
vintage-20260226-f1_0_0,historical_backtest,2026-02-26,2026-02-26T23:59:59Z,2026-04-12,45,net_revenue_usd,driver_regression,1.0.0,1.0.0,7159.48,6865.37,7453.59
vintage-20260226-f1_0_0,historical_backtest,2026-02-26,2026-02-26T23:59:59Z,2026-04-13,46,net_revenue_usd,driver_regression,1.0.0,1.0.0,6466.69,6172.09,6761.28
vintage-20260226-f1_0_0,historical_backtest,2026-02-26,2026-02-26T23:59:59Z,2026-04-14,47,net_revenue_usd,driver_regression,1.0.0,1.0.0,7793.78,7498.7,8088.87
vintage-20260226-f1_0_0,historical_backtest,2026-02-26,2026-02-26T23:59:59Z,2026-04-15,48,net_revenue_usd,driver_regression,1.0.0,1.0.0,8114.35,7818.78,8409.92
vintage-20260226-f1_0_0,historical_backtest,2026-02-26,2026-02-26T23:59:59Z,2026-04-16,49,net_revenue_usd,driver_regression,1.0.0,1.0.0,8122.33,7826.27,8418.39
vintage-20260226-f1_0_0,historical_backtest,2026-02-26,2026-02-26T23:59:59Z,2026-04-17,50,net_revenue_usd,driver_regression,1.0.0,1.0.0,7892.41,7595.87,8188.95
vintage-20260226-f1_0_0,historical_backtest,2026-02-26,2026-02-26T23:59:59Z,2026-04-18,51,net_revenue_usd,driver_regression,1.0.0,1.0.0,7972.1,7675.07,8269.12
vintage-20260226-f1_0_0,historical_backtest,2026-02-26,2026-02-26T23:59:59Z,2026-04-19,52,net_revenue_usd,driver_regression,1.0.0,1.0.0,7122.55,6825.04,7420.06
vintage-20260226-f1_0_0,historical_backtest,2026-02-26,2026-02-26T23:59:59Z,2026-04-20,53,net_revenue_usd,driver_regression,1.0.0,1.0.0,6515.11,6217.12,6813.1
vintage-20260226-f1_0_0,historical_backtest,2026-02-26,2026-02-26T23:59:59Z,2026-04-21,54,net_revenue_usd,driver_regression,1.0.0,1.0.0,6680.0,6381.53,6978.47
vintage-20260226-f1_0_0,historical_backtest,2026-02-26,2026-02-26T23:59:59Z,2026-04-22,55,net_revenue_usd,driver_regression,1.0.0,1.0.0,6983.22,6684.27,7282.17
vintage-20260226-f1_0_0,historical_backtest,2026-02-26,2026-02-26T23:59:59Z,2026-04-23,56,net_revenue_usd,driver_regression,1.0.0,1.0.0,7262.02,6962.59,7561.46
vintage-20260226-f1_0_0,historical_backtest,2026-02-26,2026-02-26T23:59:59Z,2026-04-24,57,net_revenue_usd,driver_regression,1.0.0,1.0.0,7886.35,7586.44,8186.27
vintage-20260226-f1_0_0,historical_backtest,2026-02-26,2026-02-26T23:59:59Z,2026-04-25,58,net_revenue_usd,driver_regression,1.0.0,1.0.0,7975.11,7674.72,8275.5
vintage-20260226-f1_0_0,historical_backtest,2026-02-26,2026-02-26T23:59:59Z,2026-04-26,59,net_revenue_usd,driver_regression,1.0.0,1.0.0,7022.41,6721.55,7323.28
vintage-20260226-f1_0_0,historical_backtest,2026-02-26,2026-02-26T23:59:59Z,2026-04-27,60,net_revenue_usd,driver_regression,1.0.0,1.0.0,6568.62,6267.27,6869.96
vintage-20260226-f1_0_0,historical_backtest,2026-02-26,2026-02-26T23:59:59Z,2026-04-28,61,net_revenue_usd,driver_regression,1.0.0,1.0.0,6720.11,6418.29,7021.94
vintage-20260226-f1_0_0,historical_backtest,2026-02-26,2026-02-26T23:59:59Z,2026-04-29,62,net_revenue_usd,driver_regression,1.0.0,1.0.0,7170.53,6868.24,7472.83
vintage-20260226-f1_0_0,historical_backtest,2026-02-26,2026-02-26T23:59:59Z,2026-04-30,63,net_revenue_usd,driver_regression,1.0.0,1.0.0,7164.89,6862.12,7467.66
vintage-20260226-f1_0_0,historical_backtest,2026-02-26,2026-02-26T23:59:59Z,2026-05-01,64,net_revenue_usd,driver_regression,1.0.0,1.0.0,7672.41,7369.16,7975.66
vintage-20260226-f1_0_0,historical_backtest,2026-02-26,2026-02-26T23:59:59Z,2026-05-02,65,net_revenue_usd,driver_regression,1.0.0,1.0.0,8032.95,7729.23,8336.66
vintage-20260226-f1_0_0,historical_backtest,2026-02-26,2026-02-26T23:59:59Z,2026-05-03,66,net_revenue_usd,driver_regression,1.0.0,1.0.0,6886.11,6581.92,7190.3
vintage-20260226-f1_0_0,historical_backtest,2026-02-26,2026-02-26T23:59:59Z,2026-05-04,67,net_revenue_usd,driver_regression,1.0.0,1.0.0,6275.23,5970.57,6579.9
vintage-20260226-f1_0_0,historical_backtest,2026-02-26,2026-02-26T23:59:59Z,2026-05-05,68,net_revenue_usd,driver_regression,1.0.0,1.0.0,6719.64,6414.51,7024.78
vintage-20260226-f1_0_0,historical_backtest,2026-02-26,2026-02-26T23:59:59Z,2026-05-06,69,net_revenue_usd,driver_regression,1.0.0,1.0.0,6998.72,6693.11,7304.32
vintage-20260226-f1_0_0,historical_backtest,2026-02-26,2026-02-26T23:59:59Z,2026-05-07,70,net_revenue_usd,driver_regression,1.0.0,1.0.0,7268.32,6962.25,7574.4
vintage-20260226-f1_0_0,historical_backtest,2026-02-26,2026-02-26T23:59:59Z,2026-05-08,71,net_revenue_usd,driver_regression,1.0.0,1.0.0,7681.84,7375.3,7988.39
vintage-20260226-f1_0_0,historical_backtest,2026-02-26,2026-02-26T23:59:59Z,2026-05-09,72,net_revenue_usd,driver_regression,1.0.0,1.0.0,7776.61,7469.59,8083.62
vintage-20260226-f1_0_0,historical_backtest,2026-02-26,2026-02-26T23:59:59Z,2026-05-10,73,net_revenue_usd,driver_regression,1.0.0,1.0.0,7005.55,6698.07,7313.03
vintage-20260226-f1_0_0,historical_backtest,2026-02-26,2026-02-26T23:59:59Z,2026-05-11,74,net_revenue_usd,driver_regression,1.0.0,1.0.0,6295.61,5987.66,6603.55
vintage-20260226-f1_0_0,historical_backtest,2026-02-26,2026-02-26T23:59:59Z,2026-05-12,75,net_revenue_usd,driver_regression,1.0.0,1.0.0,6552.9,6244.49,6861.31
vintage-20260226-f1_0_0,historical_backtest,2026-02-26,2026-02-26T23:59:59Z,2026-05-13,76,net_revenue_usd,driver_regression,1.0.0,1.0.0,6801.21,6492.33,7110.09
vintage-20260226-f1_0_0,historical_backtest,2026-02-26,2026-02-26T23:59:59Z,2026-05-14,77,net_revenue_usd,driver_regression,1.0.0,1.0.0,7896.11,7586.77,8205.45
vintage-20260226-f1_0_0,historical_backtest,2026-02-26,2026-02-26T23:59:59Z,2026-05-15,78,net_revenue_usd,driver_regression,1.0.0,1.0.0,8415.76,8105.96,8725.57
vintage-20260226-f1_0_0,historical_backtest,2026-02-26,2026-02-26T23:59:59Z,2026-05-16,79,net_revenue_usd,driver_regression,1.0.0,1.0.0,8700.6,8390.33,9010.87
vintage-20260226-f1_0_0,historical_backtest,2026-02-26,2026-02-26T23:59:59Z,2026-05-17,80,net_revenue_usd,driver_regression,1.0.0,1.0.0,6677.1,6366.37,6987.84
vintage-20260226-f1_0_0,historical_backtest,2026-02-26,2026-02-26T23:59:59Z,2026-05-18,81,net_revenue_usd,driver_regression,1.0.0,1.0.0,6192.74,5881.54,6503.93
vintage-20260226-f1_0_0,historical_backtest,2026-02-26,2026-02-26T23:59:59Z,2026-05-19,82,net_revenue_usd,driver_regression,1.0.0,1.0.0,6568.86,6257.21,6880.52
vintage-20260226-f1_0_0,historical_backtest,2026-02-26,2026-02-26T23:59:59Z,2026-05-20,83,net_revenue_usd,driver_regression,1.0.0,1.0.0,6860.46,6548.35,7172.58
vintage-20260226-f1_0_0,historical_backtest,2026-02-26,2026-02-26T23:59:59Z,2026-05-21,84,net_revenue_usd,driver_regression,1.0.0,1.0.0,6928.47,6615.89,7241.04
vintage-20260226-f1_0_0,historical_backtest,2026-02-26,2026-02-26T23:59:59Z,2026-05-22,85,net_revenue_usd,driver_regression,1.0.0,1.0.0,7386.79,7073.76,7699.83
vintage-20260226-f1_0_0,historical_backtest,2026-02-26,2026-02-26T23:59:59Z,2026-05-23,86,net_revenue_usd,driver_regression,1.0.0,1.0.0,7720.07,7406.57,8033.56
vintage-20260226-f1_0_0,historical_backtest,2026-02-26,2026-02-26T23:59:59Z,2026-05-24,87,net_revenue_usd,driver_regression,1.0.0,1.0.0,7116.69,6802.74,7430.64
vintage-20260226-f1_0_0,historical_backtest,2026-02-26,2026-02-26T23:59:59Z,2026-05-25,88,net_revenue_usd,driver_regression,1.0.0,1.0.0,6135.48,5821.07,6449.89
vintage-20260226-f1_0_0,historical_backtest,2026-02-26,2026-02-26T23:59:59Z,2026-05-26,89,net_revenue_usd,driver_regression,1.0.0,1.0.0,6425.48,6110.62,6740.35
vintage-20260226-f1_0_0,historical_backtest,2026-02-26,2026-02-26T23:59:59Z,2026-05-27,90,net_revenue_usd,driver_regression,1.0.0,1.0.0,6826.93,6511.61,7142.25
vintage-20260226-f1_0_0,historical_backtest,2026-02-26,2026-02-26T23:59:59Z,2026-05-28,91,net_revenue_usd,driver_regression,1.0.0,1.0.0,6982.19,6666.41,7297.96
vintage-20260226-f1_0_0,historical_backtest,2026-02-26,2026-02-26T23:59:59Z,2026-02-27,1,shipped_revenue_usd,seasonal_naive,1.0.0,1.0.0,8244.11,7111.92,9376.3
vintage-20260226-f1_0_0,historical_backtest,2026-02-26,2026-02-26T23:59:59Z,2026-02-28,2,shipped_revenue_usd,seasonal_naive,1.0.0,1.0.0,5833.87,4699.48,6968.26
vintage-20260226-f1_0_0,historical_backtest,2026-02-26,2026-02-26T23:59:59Z,2026-03-01,3,shipped_revenue_usd,seasonal_naive,1.0.0,1.0.0,4456.17,3319.59,5592.75
vintage-20260226-f1_0_0,historical_backtest,2026-02-26,2026-02-26T23:59:59Z,2026-03-02,4,shipped_revenue_usd,seasonal_naive,1.0.0,1.0.0,11461.82,10323.04,12600.6
vintage-20260226-f1_0_0,historical_backtest,2026-02-26,2026-02-26T23:59:59Z,2026-03-03,5,shipped_revenue_usd,seasonal_naive,1.0.0,1.0.0,7246.88,6105.92,8387.84
vintage-20260226-f1_0_0,historical_backtest,2026-02-26,2026-02-26T23:59:59Z,2026-03-04,6,shipped_revenue_usd,seasonal_naive,1.0.0,1.0.0,6942.55,5799.41,8085.69
vintage-20260226-f1_0_0,historical_backtest,2026-02-26,2026-02-26T23:59:59Z,2026-03-05,7,shipped_revenue_usd,seasonal_naive,1.0.0,1.0.0,7392.72,6247.4,8538.04
vintage-20260226-f1_0_0,historical_backtest,2026-02-26,2026-02-26T23:59:59Z,2026-03-06,8,shipped_revenue_usd,seasonal_naive,1.0.0,1.0.0,7573.45,6425.95,8720.95
vintage-20260226-f1_0_0,historical_backtest,2026-02-26,2026-02-26T23:59:59Z,2026-03-07,9,shipped_revenue_usd,seasonal_naive,1.0.0,1.0.0,5844.96,4695.29,6994.63
vintage-20260226-f1_0_0,historical_backtest,2026-02-26,2026-02-26T23:59:59Z,2026-03-08,10,shipped_revenue_usd,seasonal_naive,1.0.0,1.0.0,4464.63,3312.8,5616.46
vintage-20260226-f1_0_0,historical_backtest,2026-02-26,2026-02-26T23:59:59Z,2026-03-09,11,shipped_revenue_usd,seasonal_naive,1.0.0,1.0.0,11073.47,9919.48,12227.46
vintage-20260226-f1_0_0,historical_backtest,2026-02-26,2026-02-26T23:59:59Z,2026-03-10,12,shipped_revenue_usd,seasonal_naive,1.0.0,1.0.0,6796.6,5640.45,7952.75
vintage-20260226-f1_0_0,historical_backtest,2026-02-26,2026-02-26T23:59:59Z,2026-03-11,13,shipped_revenue_usd,seasonal_naive,1.0.0,1.0.0,7003.89,5845.58,8162.2
vintage-20260226-f1_0_0,historical_backtest,2026-02-26,2026-02-26T23:59:59Z,2026-03-12,14,shipped_revenue_usd,seasonal_naive,1.0.0,1.0.0,6993.71,5833.25,8154.17
vintage-20260226-f1_0_0,historical_backtest,2026-02-26,2026-02-26T23:59:59Z,2026-03-13,15,shipped_revenue_usd,seasonal_naive,1.0.0,1.0.0,8618.48,7455.88,9781.08
vintage-20260226-f1_0_0,historical_backtest,2026-02-26,2026-02-26T23:59:59Z,2026-03-14,16,shipped_revenue_usd,seasonal_naive,1.0.0,1.0.0,5856.05,4691.31,7020.79
vintage-20260226-f1_0_0,historical_backtest,2026-02-26,2026-02-26T23:59:59Z,2026-03-15,17,shipped_revenue_usd,seasonal_naive,1.0.0,1.0.0,4473.1,3306.22,5639.98
vintage-20260226-f1_0_0,historical_backtest,2026-02-26,2026-02-26T23:59:59Z,2026-03-16,18,shipped_revenue_usd,seasonal_naive,1.0.0,1.0.0,11505.37,10336.35,12674.39
vintage-20260226-f1_0_0,historical_backtest,2026-02-26,2026-02-26T23:59:59Z,2026-03-17,19,shipped_revenue_usd,seasonal_naive,1.0.0,1.0.0,8000.42,6829.27,9171.57
vintage-20260226-f1_0_0,historical_backtest,2026-02-26,2026-02-26T23:59:59Z,2026-03-18,20,shipped_revenue_usd,seasonal_naive,1.0.0,1.0.0,6899.39,5726.12,8072.66
vintage-20260226-f1_0_0,historical_backtest,2026-02-26,2026-02-26T23:59:59Z,2026-03-19,21,shipped_revenue_usd,seasonal_naive,1.0.0,1.0.0,6959.82,5784.42,8135.22
vintage-20260226-f1_0_0,historical_backtest,2026-02-26,2026-02-26T23:59:59Z,2026-03-20,22,shipped_revenue_usd,seasonal_naive,1.0.0,1.0.0,7416.68,6239.17,8594.19
vintage-20260226-f1_0_0,historical_backtest,2026-02-26,2026-02-26T23:59:59Z,2026-03-21,23,shipped_revenue_usd,seasonal_naive,1.0.0,1.0.0,5867.14,4687.51,7046.77
vintage-20260226-f1_0_0,historical_backtest,2026-02-26,2026-02-26T23:59:59Z,2026-03-22,24,shipped_revenue_usd,seasonal_naive,1.0.0,1.0.0,4481.57,3299.83,5663.31
vintage-20260226-f1_0_0,historical_backtest,2026-02-26,2026-02-26T23:59:59Z,2026-03-23,25,shipped_revenue_usd,seasonal_naive,1.0.0,1.0.0,10091.8,8907.95,11275.65
vintage-20260226-f1_0_0,historical_backtest,2026-02-26,2026-02-26T23:59:59Z,2026-03-24,26,shipped_revenue_usd,seasonal_naive,1.0.0,1.0.0,6634.84,5448.89,7820.79
vintage-20260226-f1_0_0,historical_backtest,2026-02-26,2026-02-26T23:59:59Z,2026-03-25,27,shipped_revenue_usd,seasonal_naive,1.0.0,1.0.0,6790.73,5602.68,7978.78
vintage-20260226-f1_0_0,historical_backtest,2026-02-26,2026-02-26T23:59:59Z,2026-03-26,28,shipped_revenue_usd,seasonal_naive,1.0.0,1.0.0,6863.76,5673.61,8053.91
vintage-20260226-f1_0_0,historical_backtest,2026-02-26,2026-02-26T23:59:59Z,2026-03-27,29,shipped_revenue_usd,seasonal_naive,1.0.0,1.0.0,7336.32,6144.08,8528.56
vintage-20260226-f1_0_0,historical_backtest,2026-02-26,2026-02-26T23:59:59Z,2026-03-28,30,shipped_revenue_usd,seasonal_naive,1.0.0,1.0.0,5878.22,4683.89,7072.55
vintage-20260226-f1_0_0,historical_backtest,2026-02-26,2026-02-26T23:59:59Z,2026-03-29,31,shipped_revenue_usd,seasonal_naive,1.0.0,1.0.0,4490.04,3293.63,5686.45
vintage-20260226-f1_0_0,historical_backtest,2026-02-26,2026-02-26T23:59:59Z,2026-03-30,32,shipped_revenue_usd,seasonal_naive,1.0.0,1.0.0,9692.83,8494.34,10891.32
vintage-20260226-f1_0_0,historical_backtest,2026-02-26,2026-02-26T23:59:59Z,2026-03-31,33,shipped_revenue_usd,seasonal_naive,1.0.0,1.0.0,6595.39,5394.82,7795.96
vintage-20260226-f1_0_0,historical_backtest,2026-02-26,2026-02-26T23:59:59Z,2026-04-01,34,shipped_revenue_usd,seasonal_naive,1.0.0,1.0.0,6500.51,5297.86,7703.16
vintage-20260226-f1_0_0,historical_backtest,2026-02-26,2026-02-26T23:59:59Z,2026-04-02,35,shipped_revenue_usd,seasonal_naive,1.0.0,1.0.0,6901.66,5696.94,8106.38
vintage-20260226-f1_0_0,historical_backtest,2026-02-26,2026-02-26T23:59:59Z,2026-04-03,36,shipped_revenue_usd,seasonal_naive,1.0.0,1.0.0,6994.68,5787.9,8201.46
vintage-20260226-f1_0_0,historical_backtest,2026-02-26,2026-02-26T23:59:59Z,2026-04-04,37,shipped_revenue_usd,seasonal_naive,1.0.0,1.0.0,5889.31,4680.46,7098.16
vintage-20260226-f1_0_0,historical_backtest,2026-02-26,2026-02-26T23:59:59Z,2026-04-05,38,shipped_revenue_usd,seasonal_naive,1.0.0,1.0.0,4498.5,3287.59,5709.41
vintage-20260226-f1_0_0,historical_backtest,2026-02-26,2026-02-26T23:59:59Z,2026-04-06,39,shipped_revenue_usd,seasonal_naive,1.0.0,1.0.0,9884.7,8671.74,11097.66
vintage-20260226-f1_0_0,historical_backtest,2026-02-26,2026-02-26T23:59:59Z,2026-04-07,40,shipped_revenue_usd,seasonal_naive,1.0.0,1.0.0,6082.21,4867.19,7297.23
vintage-20260226-f1_0_0,historical_backtest,2026-02-26,2026-02-26T23:59:59Z,2026-04-08,41,shipped_revenue_usd,seasonal_naive,1.0.0,1.0.0,6512.45,5295.38,7729.52
vintage-20260226-f1_0_0,historical_backtest,2026-02-26,2026-02-26T23:59:59Z,2026-04-09,42,shipped_revenue_usd,seasonal_naive,1.0.0,1.0.0,6607.55,5388.44,7826.66
vintage-20260226-f1_0_0,historical_backtest,2026-02-26,2026-02-26T23:59:59Z,2026-04-10,43,shipped_revenue_usd,seasonal_naive,1.0.0,1.0.0,6854.05,5632.89,8075.21
vintage-20260226-f1_0_0,historical_backtest,2026-02-26,2026-02-26T23:59:59Z,2026-04-11,44,shipped_revenue_usd,seasonal_naive,1.0.0,1.0.0,5900.4,4677.2,7123.6
vintage-20260226-f1_0_0,historical_backtest,2026-02-26,2026-02-26T23:59:59Z,2026-04-12,45,shipped_revenue_usd,seasonal_naive,1.0.0,1.0.0,4506.97,3281.74,5732.2
vintage-20260226-f1_0_0,historical_backtest,2026-02-26,2026-02-26T23:59:59Z,2026-04-13,46,shipped_revenue_usd,seasonal_naive,1.0.0,1.0.0,9687.02,8459.76,10914.28
vintage-20260226-f1_0_0,historical_backtest,2026-02-26,2026-02-26T23:59:59Z,2026-04-14,47,shipped_revenue_usd,seasonal_naive,1.0.0,1.0.0,6939.57,5710.28,8168.86
vintage-20260226-f1_0_0,historical_backtest,2026-02-26,2026-02-26T23:59:59Z,2026-04-15,48,shipped_revenue_usd,seasonal_naive,1.0.0,1.0.0,7137.28,5905.96,8368.6
vintage-20260226-f1_0_0,historical_backtest,2026-02-26,2026-02-26T23:59:59Z,2026-04-16,49,shipped_revenue_usd,seasonal_naive,1.0.0,1.0.0,6631.75,5398.41,7865.09
vintage-20260226-f1_0_0,historical_backtest,2026-02-26,2026-02-26T23:59:59Z,2026-04-17,50,shipped_revenue_usd,seasonal_naive,1.0.0,1.0.0,7141.24,5905.88,8376.6
vintage-20260226-f1_0_0,historical_backtest,2026-02-26,2026-02-26T23:59:59Z,2026-04-18,51,shipped_revenue_usd,seasonal_naive,1.0.0,1.0.0,5911.49,4674.11,7148.87
vintage-20260226-f1_0_0,historical_backtest,2026-02-26,2026-02-26T23:59:59Z,2026-04-19,52,shipped_revenue_usd,seasonal_naive,1.0.0,1.0.0,4515.44,3276.05,5754.83
vintage-20260226-f1_0_0,historical_backtest,2026-02-26,2026-02-26T23:59:59Z,2026-04-20,53,shipped_revenue_usd,seasonal_naive,1.0.0,1.0.0,8670.95,7429.55,9912.35
vintage-20260226-f1_0_0,historical_backtest,2026-02-26,2026-02-26T23:59:59Z,2026-04-21,54,shipped_revenue_usd,seasonal_naive,1.0.0,1.0.0,6243.88,5000.47,7487.29
vintage-20260226-f1_0_0,historical_backtest,2026-02-26,2026-02-26T23:59:59Z,2026-04-22,55,shipped_revenue_usd,seasonal_naive,1.0.0,1.0.0,6160.06,4914.65,7405.47
vintage-20260226-f1_0_0,historical_backtest,2026-02-26,2026-02-26T23:59:59Z,2026-04-23,56,shipped_revenue_usd,seasonal_naive,1.0.0,1.0.0,6411.88,5164.47,7659.29
vintage-20260226-f1_0_0,historical_backtest,2026-02-26,2026-02-26T23:59:59Z,2026-04-24,57,shipped_revenue_usd,seasonal_naive,1.0.0,1.0.0,6698.58,5449.17,7947.99
vintage-20260226-f1_0_0,historical_backtest,2026-02-26,2026-02-26T23:59:59Z,2026-04-25,58,shipped_revenue_usd,seasonal_naive,1.0.0,1.0.0,5922.58,4671.18,7173.98
vintage-20260226-f1_0_0,historical_backtest,2026-02-26,2026-02-26T23:59:59Z,2026-04-26,59,shipped_revenue_usd,seasonal_naive,1.0.0,1.0.0,4523.9,3270.51,5777.29
vintage-20260226-f1_0_0,historical_backtest,2026-02-26,2026-02-26T23:59:59Z,2026-04-27,60,shipped_revenue_usd,seasonal_naive,1.0.0,1.0.0,8623.84,7368.46,9879.22
vintage-20260226-f1_0_0,historical_backtest,2026-02-26,2026-02-26T23:59:59Z,2026-04-28,61,shipped_revenue_usd,seasonal_naive,1.0.0,1.0.0,6076.89,4819.53,7334.25
vintage-20260226-f1_0_0,historical_backtest,2026-02-26,2026-02-26T23:59:59Z,2026-04-29,62,shipped_revenue_usd,seasonal_naive,1.0.0,1.0.0,6449.21,5189.87,7708.55
vintage-20260226-f1_0_0,historical_backtest,2026-02-26,2026-02-26T23:59:59Z,2026-04-30,63,shipped_revenue_usd,seasonal_naive,1.0.0,1.0.0,6279.59,5018.27,7540.91
vintage-20260226-f1_0_0,historical_backtest,2026-02-26,2026-02-26T23:59:59Z,2026-05-01,64,shipped_revenue_usd,seasonal_naive,1.0.0,1.0.0,6814.86,5551.57,8078.15
vintage-20260226-f1_0_0,historical_backtest,2026-02-26,2026-02-26T23:59:59Z,2026-05-02,65,shipped_revenue_usd,seasonal_naive,1.0.0,1.0.0,5933.66,4668.4,7198.92
vintage-20260226-f1_0_0,historical_backtest,2026-02-26,2026-02-26T23:59:59Z,2026-05-03,66,shipped_revenue_usd,seasonal_naive,1.0.0,1.0.0,4532.37,3265.14,5799.6
vintage-20260226-f1_0_0,historical_backtest,2026-02-26,2026-02-26T23:59:59Z,2026-05-04,67,shipped_revenue_usd,seasonal_naive,1.0.0,1.0.0,8521.83,7252.63,9791.03
vintage-20260226-f1_0_0,historical_backtest,2026-02-26,2026-02-26T23:59:59Z,2026-05-05,68,shipped_revenue_usd,seasonal_naive,1.0.0,1.0.0,6055.14,4783.98,7326.3
vintage-20260226-f1_0_0,historical_backtest,2026-02-26,2026-02-26T23:59:59Z,2026-05-06,69,shipped_revenue_usd,seasonal_naive,1.0.0,1.0.0,6317.52,5044.4,7590.64
vintage-20260226-f1_0_0,historical_backtest,2026-02-26,2026-02-26T23:59:59Z,2026-05-07,70,shipped_revenue_usd,seasonal_naive,1.0.0,1.0.0,6361.14,5086.06,7636.22
vintage-20260226-f1_0_0,historical_backtest,2026-02-26,2026-02-26T23:59:59Z,2026-05-08,71,shipped_revenue_usd,seasonal_naive,1.0.0,1.0.0,6973.7,5696.67,8250.73
vintage-20260226-f1_0_0,historical_backtest,2026-02-26,2026-02-26T23:59:59Z,2026-05-09,72,shipped_revenue_usd,seasonal_naive,1.0.0,1.0.0,5944.75,4665.77,7223.73
vintage-20260226-f1_0_0,historical_backtest,2026-02-26,2026-02-26T23:59:59Z,2026-05-10,73,shipped_revenue_usd,seasonal_naive,1.0.0,1.0.0,4540.84,3259.91,5821.77
vintage-20260226-f1_0_0,historical_backtest,2026-02-26,2026-02-26T23:59:59Z,2026-05-11,74,shipped_revenue_usd,seasonal_naive,1.0.0,1.0.0,7882.36,6599.49,9165.23
vintage-20260226-f1_0_0,historical_backtest,2026-02-26,2026-02-26T23:59:59Z,2026-05-12,75,shipped_revenue_usd,seasonal_naive,1.0.0,1.0.0,5974.25,4689.44,7259.06
vintage-20260226-f1_0_0,historical_backtest,2026-02-26,2026-02-26T23:59:59Z,2026-05-13,76,shipped_revenue_usd,seasonal_naive,1.0.0,1.0.0,6955.63,5668.88,8242.38
vintage-20260226-f1_0_0,historical_backtest,2026-02-26,2026-02-26T23:59:59Z,2026-05-14,77,shipped_revenue_usd,seasonal_naive,1.0.0,1.0.0,7077.68,5788.99,8366.37
vintage-20260226-f1_0_0,historical_backtest,2026-02-26,2026-02-26T23:59:59Z,2026-05-15,78,shipped_revenue_usd,seasonal_naive,1.0.0,1.0.0,7563.8,6273.18,8854.42
vintage-20260226-f1_0_0,historical_backtest,2026-02-26,2026-02-26T23:59:59Z,2026-05-16,79,shipped_revenue_usd,seasonal_naive,1.0.0,1.0.0,5955.84,4663.29,7248.39
vintage-20260226-f1_0_0,historical_backtest,2026-02-26,2026-02-26T23:59:59Z,2026-05-17,80,shipped_revenue_usd,seasonal_naive,1.0.0,1.0.0,4549.31,3254.83,5843.79
vintage-20260226-f1_0_0,historical_backtest,2026-02-26,2026-02-26T23:59:59Z,2026-05-18,81,shipped_revenue_usd,seasonal_naive,1.0.0,1.0.0,8050.25,6753.85,9346.65
vintage-20260226-f1_0_0,historical_backtest,2026-02-26,2026-02-26T23:59:59Z,2026-05-19,82,shipped_revenue_usd,seasonal_naive,1.0.0,1.0.0,5810.66,4512.34,7108.98
vintage-20260226-f1_0_0,historical_backtest,2026-02-26,2026-02-26T23:59:59Z,2026-05-20,83,shipped_revenue_usd,seasonal_naive,1.0.0,1.0.0,6035.28,4735.04,7335.52
vintage-20260226-f1_0_0,historical_backtest,2026-02-26,2026-02-26T23:59:59Z,2026-05-21,84,shipped_revenue_usd,seasonal_naive,1.0.0,1.0.0,6217.91,4915.75,7520.07
vintage-20260226-f1_0_0,historical_backtest,2026-02-26,2026-02-26T23:59:59Z,2026-05-22,85,shipped_revenue_usd,seasonal_naive,1.0.0,1.0.0,6635.64,5331.57,7939.71
vintage-20260226-f1_0_0,historical_backtest,2026-02-26,2026-02-26T23:59:59Z,2026-05-23,86,shipped_revenue_usd,seasonal_naive,1.0.0,1.0.0,5966.93,4660.95,7272.91
vintage-20260226-f1_0_0,historical_backtest,2026-02-26,2026-02-26T23:59:59Z,2026-05-24,87,shipped_revenue_usd,seasonal_naive,1.0.0,1.0.0,4557.77,3249.88,5865.66
vintage-20260226-f1_0_0,historical_backtest,2026-02-26,2026-02-26T23:59:59Z,2026-05-25,88,shipped_revenue_usd,seasonal_naive,1.0.0,1.0.0,8154.64,6844.85,9464.43
vintage-20260226-f1_0_0,historical_backtest,2026-02-26,2026-02-26T23:59:59Z,2026-05-26,89,shipped_revenue_usd,seasonal_naive,1.0.0,1.0.0,5756.31,4444.62,7068.0
vintage-20260226-f1_0_0,historical_backtest,2026-02-26,2026-02-26T23:59:59Z,2026-05-27,90,shipped_revenue_usd,seasonal_naive,1.0.0,1.0.0,6109.94,4796.35,7423.53
vintage-20260226-f1_0_0,historical_backtest,2026-02-26,2026-02-26T23:59:59Z,2026-05-28,91,shipped_revenue_usd,seasonal_naive,1.0.0,1.0.0,6454.26,5138.77,7769.75
vintage-20260326-f1_0_0,historical_backtest,2026-03-26,2026-03-26T23:59:59Z,2026-03-27,1,net_revenue_usd,driver_regression,1.0.0,1.0.0,7944.63,7674.77,8214.49
vintage-20260326-f1_0_0,historical_backtest,2026-03-26,2026-03-26T23:59:59Z,2026-03-28,2,net_revenue_usd,driver_regression,1.0.0,1.0.0,8268.76,7998.38,8539.14
vintage-20260326-f1_0_0,historical_backtest,2026-03-26,2026-03-26T23:59:59Z,2026-03-29,3,net_revenue_usd,driver_regression,1.0.0,1.0.0,7464.23,7193.32,7735.13
vintage-20260326-f1_0_0,historical_backtest,2026-03-26,2026-03-26T23:59:59Z,2026-03-30,4,net_revenue_usd,driver_regression,1.0.0,1.0.0,6691.78,6420.35,6963.2
vintage-20260326-f1_0_0,historical_backtest,2026-03-26,2026-03-26T23:59:59Z,2026-03-31,5,net_revenue_usd,driver_regression,1.0.0,1.0.0,7153.78,6881.83,7425.73
vintage-20260326-f1_0_0,historical_backtest,2026-03-26,2026-03-26T23:59:59Z,2026-04-01,6,net_revenue_usd,driver_regression,1.0.0,1.0.0,7235.79,6963.32,7508.26
vintage-20260326-f1_0_0,historical_backtest,2026-03-26,2026-03-26T23:59:59Z,2026-04-02,7,net_revenue_usd,driver_regression,1.0.0,1.0.0,7615.21,7342.22,7888.19
vintage-20260326-f1_0_0,historical_backtest,2026-03-26,2026-03-26T23:59:59Z,2026-04-03,8,net_revenue_usd,driver_regression,1.0.0,1.0.0,8113.05,7839.54,8386.56
vintage-20260326-f1_0_0,historical_backtest,2026-03-26,2026-03-26T23:59:59Z,2026-04-04,9,net_revenue_usd,driver_regression,1.0.0,1.0.0,8087.34,7813.31,8361.36
vintage-20260326-f1_0_0,historical_backtest,2026-03-26,2026-03-26T23:59:59Z,2026-04-05,10,net_revenue_usd,driver_regression,1.0.0,1.0.0,7091.99,6817.45,7366.53
vintage-20260326-f1_0_0,historical_backtest,2026-03-26,2026-03-26T23:59:59Z,2026-04-06,11,net_revenue_usd,driver_regression,1.0.0,1.0.0,6637.17,6362.12,6912.23
vintage-20260326-f1_0_0,historical_backtest,2026-03-26,2026-03-26T23:59:59Z,2026-04-07,12,net_revenue_usd,driver_regression,1.0.0,1.0.0,7042.01,6766.44,7317.58
vintage-20260326-f1_0_0,historical_backtest,2026-03-26,2026-03-26T23:59:59Z,2026-04-08,13,net_revenue_usd,driver_regression,1.0.0,1.0.0,7210.25,6934.17,7486.34
vintage-20260326-f1_0_0,historical_backtest,2026-03-26,2026-03-26T23:59:59Z,2026-04-09,14,net_revenue_usd,driver_regression,1.0.0,1.0.0,7331.4,7054.8,7607.99
vintage-20260326-f1_0_0,historical_backtest,2026-03-26,2026-03-26T23:59:59Z,2026-04-10,15,net_revenue_usd,driver_regression,1.0.0,1.0.0,7995.27,7718.16,8272.38
vintage-20260326-f1_0_0,historical_backtest,2026-03-26,2026-03-26T23:59:59Z,2026-04-11,16,net_revenue_usd,driver_regression,1.0.0,1.0.0,8097.94,7820.32,8375.56
vintage-20260326-f1_0_0,historical_backtest,2026-03-26,2026-03-26T23:59:59Z,2026-04-12,17,net_revenue_usd,driver_regression,1.0.0,1.0.0,7149.71,6871.58,7427.83
vintage-20260326-f1_0_0,historical_backtest,2026-03-26,2026-03-26T23:59:59Z,2026-04-13,18,net_revenue_usd,driver_regression,1.0.0,1.0.0,6453.93,6175.29,6732.56
vintage-20260326-f1_0_0,historical_backtest,2026-03-26,2026-03-26T23:59:59Z,2026-04-14,19,net_revenue_usd,driver_regression,1.0.0,1.0.0,7785.24,7506.09,8064.38
vintage-20260326-f1_0_0,historical_backtest,2026-03-26,2026-03-26T23:59:59Z,2026-04-15,20,net_revenue_usd,driver_regression,1.0.0,1.0.0,8108.65,7829.0,8388.3
vintage-20260326-f1_0_0,historical_backtest,2026-03-26,2026-03-26T23:59:59Z,2026-04-16,21,net_revenue_usd,driver_regression,1.0.0,1.0.0,8115.26,7835.11,8395.42
vintage-20260326-f1_0_0,historical_backtest,2026-03-26,2026-03-26T23:59:59Z,2026-04-17,22,net_revenue_usd,driver_regression,1.0.0,1.0.0,7881.36,7600.7,8162.02
vintage-20260326-f1_0_0,historical_backtest,2026-03-26,2026-03-26T23:59:59Z,2026-04-18,23,net_revenue_usd,driver_regression,1.0.0,1.0.0,7967.36,7686.2,8248.53
vintage-20260326-f1_0_0,historical_backtest,2026-03-26,2026-03-26T23:59:59Z,2026-04-19,24,net_revenue_usd,driver_regression,1.0.0,1.0.0,7112.83,6831.16,7394.5
vintage-20260326-f1_0_0,historical_backtest,2026-03-26,2026-03-26T23:59:59Z,2026-04-20,25,net_revenue_usd,driver_regression,1.0.0,1.0.0,6502.5,6220.33,6784.67
vintage-20260326-f1_0_0,historical_backtest,2026-03-26,2026-03-26T23:59:59Z,2026-04-21,26,net_revenue_usd,driver_regression,1.0.0,1.0.0,6671.55,6388.88,6954.23
vintage-20260326-f1_0_0,historical_backtest,2026-03-26,2026-03-26T23:59:59Z,2026-04-22,27,net_revenue_usd,driver_regression,1.0.0,1.0.0,6976.85,6693.68,7260.03
vintage-20260326-f1_0_0,historical_backtest,2026-03-26,2026-03-26T23:59:59Z,2026-04-23,28,net_revenue_usd,driver_regression,1.0.0,1.0.0,7255.12,6971.45,7538.8
vintage-20260326-f1_0_0,historical_backtest,2026-03-26,2026-03-26T23:59:59Z,2026-04-24,29,net_revenue_usd,driver_regression,1.0.0,1.0.0,7876.28,7592.1,8160.45
vintage-20260326-f1_0_0,historical_backtest,2026-03-26,2026-03-26T23:59:59Z,2026-04-25,30,net_revenue_usd,driver_regression,1.0.0,1.0.0,7970.07,7685.4,8254.74
vintage-20260326-f1_0_0,historical_backtest,2026-03-26,2026-03-26T23:59:59Z,2026-04-26,31,net_revenue_usd,driver_regression,1.0.0,1.0.0,7014.22,6729.06,7299.39
vintage-20260326-f1_0_0,historical_backtest,2026-03-26,2026-03-26T23:59:59Z,2026-04-27,32,net_revenue_usd,driver_regression,1.0.0,1.0.0,6555.77,6270.11,6841.43
vintage-20260326-f1_0_0,historical_backtest,2026-03-26,2026-03-26T23:59:59Z,2026-04-28,33,net_revenue_usd,driver_regression,1.0.0,1.0.0,6709.74,6423.58,6995.9
vintage-20260326-f1_0_0,historical_backtest,2026-03-26,2026-03-26T23:59:59Z,2026-04-29,34,net_revenue_usd,driver_regression,1.0.0,1.0.0,7163.2,6876.54,7449.85
vintage-20260326-f1_0_0,historical_backtest,2026-03-26,2026-03-26T23:59:59Z,2026-04-30,35,net_revenue_usd,driver_regression,1.0.0,1.0.0,7157.04,6869.89,7444.18
vintage-20260326-f1_0_0,historical_backtest,2026-03-26,2026-03-26T23:59:59Z,2026-05-01,36,net_revenue_usd,driver_regression,1.0.0,1.0.0,7665.65,7378.01,7953.29
vintage-20260326-f1_0_0,historical_backtest,2026-03-26,2026-03-26T23:59:59Z,2026-05-02,37,net_revenue_usd,driver_regression,1.0.0,1.0.0,8024.68,7736.55,8312.81
vintage-20260326-f1_0_0,historical_backtest,2026-03-26,2026-03-26T23:59:59Z,2026-05-03,38,net_revenue_usd,driver_regression,1.0.0,1.0.0,6878.07,6589.45,7166.7
vintage-20260326-f1_0_0,historical_backtest,2026-03-26,2026-03-26T23:59:59Z,2026-05-04,39,net_revenue_usd,driver_regression,1.0.0,1.0.0,6264.02,5974.91,6553.13
vintage-20260326-f1_0_0,historical_backtest,2026-03-26,2026-03-26T23:59:59Z,2026-05-05,40,net_revenue_usd,driver_regression,1.0.0,1.0.0,6713.14,6423.54,7002.74
vintage-20260326-f1_0_0,historical_backtest,2026-03-26,2026-03-26T23:59:59Z,2026-05-06,41,net_revenue_usd,driver_regression,1.0.0,1.0.0,6990.94,6700.85,7281.03
vintage-20260326-f1_0_0,historical_backtest,2026-03-26,2026-03-26T23:59:59Z,2026-05-07,42,net_revenue_usd,driver_regression,1.0.0,1.0.0,7257.25,6966.68,7547.83
vintage-20260326-f1_0_0,historical_backtest,2026-03-26,2026-03-26T23:59:59Z,2026-05-08,43,net_revenue_usd,driver_regression,1.0.0,1.0.0,7675.58,7384.52,7966.65
vintage-20260326-f1_0_0,historical_backtest,2026-03-26,2026-03-26T23:59:59Z,2026-05-09,44,net_revenue_usd,driver_regression,1.0.0,1.0.0,7772.97,7481.42,8064.52
vintage-20260326-f1_0_0,historical_backtest,2026-03-26,2026-03-26T23:59:59Z,2026-05-10,45,net_revenue_usd,driver_regression,1.0.0,1.0.0,6997.49,6705.46,7289.53
vintage-20260326-f1_0_0,historical_backtest,2026-03-26,2026-03-26T23:59:59Z,2026-05-11,46,net_revenue_usd,driver_regression,1.0.0,1.0.0,6285.59,5993.07,6578.11
vintage-20260326-f1_0_0,historical_backtest,2026-03-26,2026-03-26T23:59:59Z,2026-05-12,47,net_revenue_usd,driver_regression,1.0.0,1.0.0,6542.79,6249.79,6835.8
vintage-20260326-f1_0_0,historical_backtest,2026-03-26,2026-03-26T23:59:59Z,2026-05-13,48,net_revenue_usd,driver_regression,1.0.0,1.0.0,6796.01,6502.52,7089.49
vintage-20260326-f1_0_0,historical_backtest,2026-03-26,2026-03-26T23:59:59Z,2026-05-14,49,net_revenue_usd,driver_regression,1.0.0,1.0.0,7889.88,7595.91,8183.85
vintage-20260326-f1_0_0,historical_backtest,2026-03-26,2026-03-26T23:59:59Z,2026-05-15,50,net_revenue_usd,driver_regression,1.0.0,1.0.0,8408.37,8113.92,8702.82
vintage-20260326-f1_0_0,historical_backtest,2026-03-26,2026-03-26T23:59:59Z,2026-05-16,51,net_revenue_usd,driver_regression,1.0.0,1.0.0,8698.33,8403.4,8993.26
vintage-20260326-f1_0_0,historical_backtest,2026-03-26,2026-03-26T23:59:59Z,2026-05-17,52,net_revenue_usd,driver_regression,1.0.0,1.0.0,6670.25,6374.84,6965.66
vintage-20260326-f1_0_0,historical_backtest,2026-03-26,2026-03-26T23:59:59Z,2026-05-18,53,net_revenue_usd,driver_regression,1.0.0,1.0.0,6181.15,5885.26,6477.03
vintage-20260326-f1_0_0,historical_backtest,2026-03-26,2026-03-26T23:59:59Z,2026-05-19,54,net_revenue_usd,driver_regression,1.0.0,1.0.0,6558.94,6262.58,6855.31
vintage-20260326-f1_0_0,historical_backtest,2026-03-26,2026-03-26T23:59:59Z,2026-05-20,55,net_revenue_usd,driver_regression,1.0.0,1.0.0,6853.08,6556.24,7149.92
vintage-20260326-f1_0_0,historical_backtest,2026-03-26,2026-03-26T23:59:59Z,2026-05-21,56,net_revenue_usd,driver_regression,1.0.0,1.0.0,6921.99,6624.67,7219.31
vintage-20260326-f1_0_0,historical_backtest,2026-03-26,2026-03-26T23:59:59Z,2026-05-22,57,net_revenue_usd,driver_regression,1.0.0,1.0.0,7379.89,7082.09,7677.69
vintage-20260326-f1_0_0,historical_backtest,2026-03-26,2026-03-26T23:59:59Z,2026-05-23,58,net_revenue_usd,driver_regression,1.0.0,1.0.0,7715.89,7417.62,8014.16
vintage-20260326-f1_0_0,historical_backtest,2026-03-26,2026-03-26T23:59:59Z,2026-05-24,59,net_revenue_usd,driver_regression,1.0.0,1.0.0,7108.16,6809.41,7406.91
vintage-20260326-f1_0_0,historical_backtest,2026-03-26,2026-03-26T23:59:59Z,2026-05-25,60,net_revenue_usd,driver_regression,1.0.0,1.0.0,6127.15,5827.93,6426.37
vintage-20260326-f1_0_0,historical_backtest,2026-03-26,2026-03-26T23:59:59Z,2026-05-26,61,net_revenue_usd,driver_regression,1.0.0,1.0.0,6415.83,6116.14,6715.52
vintage-20260326-f1_0_0,historical_backtest,2026-03-26,2026-03-26T23:59:59Z,2026-05-27,62,net_revenue_usd,driver_regression,1.0.0,1.0.0,6822.48,6522.32,7122.65
vintage-20260326-f1_0_0,historical_backtest,2026-03-26,2026-03-26T23:59:59Z,2026-05-28,63,net_revenue_usd,driver_regression,1.0.0,1.0.0,6974.08,6673.44,7274.71
vintage-20260326-f1_0_0,historical_backtest,2026-03-26,2026-03-26T23:59:59Z,2026-05-29,64,net_revenue_usd,driver_regression,1.0.0,1.0.0,7344.48,7043.38,7645.59
vintage-20260326-f1_0_0,historical_backtest,2026-03-26,2026-03-26T23:59:59Z,2026-05-30,65,net_revenue_usd,driver_regression,1.0.0,1.0.0,7802.54,7500.97,8104.12
vintage-20260326-f1_0_0,historical_backtest,2026-03-26,2026-03-26T23:59:59Z,2026-05-31,66,net_revenue_usd,driver_regression,1.0.0,1.0.0,6842.89,6540.85,7144.94
vintage-20260326-f1_0_0,historical_backtest,2026-03-26,2026-03-26T23:59:59Z,2026-06-01,67,net_revenue_usd,driver_regression,1.0.0,1.0.0,6062.08,5759.56,6364.59
vintage-20260326-f1_0_0,historical_backtest,2026-03-26,2026-03-26T23:59:59Z,2026-06-02,68,net_revenue_usd,driver_regression,1.0.0,1.0.0,6643.83,6340.85,6946.81
vintage-20260326-f1_0_0,historical_backtest,2026-03-26,2026-03-26T23:59:59Z,2026-06-03,69,net_revenue_usd,driver_regression,1.0.0,1.0.0,6983.54,6680.09,7286.99
vintage-20260326-f1_0_0,historical_backtest,2026-03-26,2026-03-26T23:59:59Z,2026-06-04,70,net_revenue_usd,driver_regression,1.0.0,1.0.0,6983.96,6680.05,7287.88
vintage-20260326-f1_0_0,historical_backtest,2026-03-26,2026-03-26T23:59:59Z,2026-06-05,71,net_revenue_usd,driver_regression,1.0.0,1.0.0,7503.33,7198.95,7807.71
vintage-20260326-f1_0_0,historical_backtest,2026-03-26,2026-03-26T23:59:59Z,2026-06-06,72,net_revenue_usd,driver_regression,1.0.0,1.0.0,7735.38,7430.54,8040.23
vintage-20260326-f1_0_0,historical_backtest,2026-03-26,2026-03-26T23:59:59Z,2026-06-07,73,net_revenue_usd,driver_regression,1.0.0,1.0.0,6982.4,6677.09,7287.71
vintage-20260326-f1_0_0,historical_backtest,2026-03-26,2026-03-26T23:59:59Z,2026-06-08,74,net_revenue_usd,driver_regression,1.0.0,1.0.0,6272.18,5966.4,6577.95
vintage-20260326-f1_0_0,historical_backtest,2026-03-26,2026-03-26T23:59:59Z,2026-06-09,75,net_revenue_usd,driver_regression,1.0.0,1.0.0,6719.66,6413.43,7025.9
vintage-20260326-f1_0_0,historical_backtest,2026-03-26,2026-03-26T23:59:59Z,2026-06-10,76,net_revenue_usd,driver_regression,1.0.0,1.0.0,6974.99,6668.29,7281.69
vintage-20260326-f1_0_0,historical_backtest,2026-03-26,2026-03-26T23:59:59Z,2026-06-11,77,net_revenue_usd,driver_regression,1.0.0,1.0.0,7174.29,6867.13,7481.45
vintage-20260326-f1_0_0,historical_backtest,2026-03-26,2026-03-26T23:59:59Z,2026-06-12,78,net_revenue_usd,driver_regression,1.0.0,1.0.0,7672.4,7364.78,7980.02
vintage-20260326-f1_0_0,historical_backtest,2026-03-26,2026-03-26T23:59:59Z,2026-06-13,79,net_revenue_usd,driver_regression,1.0.0,1.0.0,7935.63,7627.55,8243.71
vintage-20260326-f1_0_0,historical_backtest,2026-03-26,2026-03-26T23:59:59Z,2026-06-14,80,net_revenue_usd,driver_regression,1.0.0,1.0.0,7764.04,7455.5,8072.58
vintage-20260326-f1_0_0,historical_backtest,2026-03-26,2026-03-26T23:59:59Z,2026-06-15,81,net_revenue_usd,driver_regression,1.0.0,1.0.0,7373.38,7064.38,7682.37
vintage-20260326-f1_0_0,historical_backtest,2026-03-26,2026-03-26T23:59:59Z,2026-06-16,82,net_revenue_usd,driver_regression,1.0.0,1.0.0,7473.8,7164.35,7783.26
vintage-20260326-f1_0_0,historical_backtest,2026-03-26,2026-03-26T23:59:59Z,2026-06-17,83,net_revenue_usd,driver_regression,1.0.0,1.0.0,6822.47,6512.56,7132.39
vintage-20260326-f1_0_0,historical_backtest,2026-03-26,2026-03-26T23:59:59Z,2026-06-18,84,net_revenue_usd,driver_regression,1.0.0,1.0.0,6968.48,6658.11,7278.85
vintage-20260326-f1_0_0,historical_backtest,2026-03-26,2026-03-26T23:59:59Z,2026-06-19,85,net_revenue_usd,driver_regression,1.0.0,1.0.0,7575.01,7264.18,7885.83
vintage-20260326-f1_0_0,historical_backtest,2026-03-26,2026-03-26T23:59:59Z,2026-06-20,86,net_revenue_usd,driver_regression,1.0.0,1.0.0,7754.31,7443.03,8065.59
vintage-20260326-f1_0_0,historical_backtest,2026-03-26,2026-03-26T23:59:59Z,2026-06-21,87,net_revenue_usd,driver_regression,1.0.0,1.0.0,7035.59,6723.85,7347.33
vintage-20260326-f1_0_0,historical_backtest,2026-03-26,2026-03-26T23:59:59Z,2026-06-22,88,net_revenue_usd,driver_regression,1.0.0,1.0.0,6461.51,6149.32,6773.7
vintage-20260326-f1_0_0,historical_backtest,2026-03-26,2026-03-26T23:59:59Z,2026-06-23,89,net_revenue_usd,driver_regression,1.0.0,1.0.0,6763.94,6451.3,7076.58
vintage-20260326-f1_0_0,historical_backtest,2026-03-26,2026-03-26T23:59:59Z,2026-06-24,90,net_revenue_usd,driver_regression,1.0.0,1.0.0,7179.69,6866.59,7492.78
vintage-20260326-f1_0_0,historical_backtest,2026-03-26,2026-03-26T23:59:59Z,2026-06-25,91,net_revenue_usd,driver_regression,1.0.0,1.0.0,7364.38,7050.83,7677.92
vintage-20260326-f1_0_0,historical_backtest,2026-03-26,2026-03-26T23:59:59Z,2026-03-27,1,shipped_revenue_usd,seasonal_naive,1.0.0,1.0.0,7336.32,6204.13,8468.51
vintage-20260326-f1_0_0,historical_backtest,2026-03-26,2026-03-26T23:59:59Z,2026-03-28,2,shipped_revenue_usd,seasonal_naive,1.0.0,1.0.0,5878.22,4743.83,7012.61
vintage-20260326-f1_0_0,historical_backtest,2026-03-26,2026-03-26T23:59:59Z,2026-03-29,3,shipped_revenue_usd,seasonal_naive,1.0.0,1.0.0,4490.04,3353.46,5626.62
vintage-20260326-f1_0_0,historical_backtest,2026-03-26,2026-03-26T23:59:59Z,2026-03-30,4,shipped_revenue_usd,seasonal_naive,1.0.0,1.0.0,9692.83,8554.05,10831.61
vintage-20260326-f1_0_0,historical_backtest,2026-03-26,2026-03-26T23:59:59Z,2026-03-31,5,shipped_revenue_usd,seasonal_naive,1.0.0,1.0.0,6595.39,5454.43,7736.35
vintage-20260326-f1_0_0,historical_backtest,2026-03-26,2026-03-26T23:59:59Z,2026-04-01,6,shipped_revenue_usd,seasonal_naive,1.0.0,1.0.0,6500.51,5357.37,7643.65
vintage-20260326-f1_0_0,historical_backtest,2026-03-26,2026-03-26T23:59:59Z,2026-04-02,7,shipped_revenue_usd,seasonal_naive,1.0.0,1.0.0,6901.66,5756.34,8046.98
vintage-20260326-f1_0_0,historical_backtest,2026-03-26,2026-03-26T23:59:59Z,2026-04-03,8,shipped_revenue_usd,seasonal_naive,1.0.0,1.0.0,6994.68,5847.18,8142.18
vintage-20260326-f1_0_0,historical_backtest,2026-03-26,2026-03-26T23:59:59Z,2026-04-04,9,shipped_revenue_usd,seasonal_naive,1.0.0,1.0.0,5889.31,4739.64,7038.98
vintage-20260326-f1_0_0,historical_backtest,2026-03-26,2026-03-26T23:59:59Z,2026-04-05,10,shipped_revenue_usd,seasonal_naive,1.0.0,1.0.0,4498.5,3346.67,5650.33
vintage-20260326-f1_0_0,historical_backtest,2026-03-26,2026-03-26T23:59:59Z,2026-04-06,11,shipped_revenue_usd,seasonal_naive,1.0.0,1.0.0,9884.7,8730.71,11038.69
vintage-20260326-f1_0_0,historical_backtest,2026-03-26,2026-03-26T23:59:59Z,2026-04-07,12,shipped_revenue_usd,seasonal_naive,1.0.0,1.0.0,6082.21,4926.06,7238.36
vintage-20260326-f1_0_0,historical_backtest,2026-03-26,2026-03-26T23:59:59Z,2026-04-08,13,shipped_revenue_usd,seasonal_naive,1.0.0,1.0.0,6512.45,5354.14,7670.76
vintage-20260326-f1_0_0,historical_backtest,2026-03-26,2026-03-26T23:59:59Z,2026-04-09,14,shipped_revenue_usd,seasonal_naive,1.0.0,1.0.0,6607.55,5447.09,7768.01
vintage-20260326-f1_0_0,historical_backtest,2026-03-26,2026-03-26T23:59:59Z,2026-04-10,15,shipped_revenue_usd,seasonal_naive,1.0.0,1.0.0,6854.05,5691.45,8016.65
vintage-20260326-f1_0_0,historical_backtest,2026-03-26,2026-03-26T23:59:59Z,2026-04-11,16,shipped_revenue_usd,seasonal_naive,1.0.0,1.0.0,5900.4,4735.66,7065.14
vintage-20260326-f1_0_0,historical_backtest,2026-03-26,2026-03-26T23:59:59Z,2026-04-12,17,shipped_revenue_usd,seasonal_naive,1.0.0,1.0.0,4506.97,3340.09,5673.85
vintage-20260326-f1_0_0,historical_backtest,2026-03-26,2026-03-26T23:59:59Z,2026-04-13,18,shipped_revenue_usd,seasonal_naive,1.0.0,1.0.0,9687.02,8518.0,10856.04
vintage-20260326-f1_0_0,historical_backtest,2026-03-26,2026-03-26T23:59:59Z,2026-04-14,19,shipped_revenue_usd,seasonal_naive,1.0.0,1.0.0,6939.57,5768.42,8110.72
vintage-20260326-f1_0_0,historical_backtest,2026-03-26,2026-03-26T23:59:59Z,2026-04-15,20,shipped_revenue_usd,seasonal_naive,1.0.0,1.0.0,7137.28,5964.01,8310.55
vintage-20260326-f1_0_0,historical_backtest,2026-03-26,2026-03-26T23:59:59Z,2026-04-16,21,shipped_revenue_usd,seasonal_naive,1.0.0,1.0.0,6631.75,5456.35,7807.15
vintage-20260326-f1_0_0,historical_backtest,2026-03-26,2026-03-26T23:59:59Z,2026-04-17,22,shipped_revenue_usd,seasonal_naive,1.0.0,1.0.0,7141.24,5963.73,8318.75
vintage-20260326-f1_0_0,historical_backtest,2026-03-26,2026-03-26T23:59:59Z,2026-04-18,23,shipped_revenue_usd,seasonal_naive,1.0.0,1.0.0,5911.49,4731.86,7091.12
vintage-20260326-f1_0_0,historical_backtest,2026-03-26,2026-03-26T23:59:59Z,2026-04-19,24,shipped_revenue_usd,seasonal_naive,1.0.0,1.0.0,4515.44,3333.7,5697.18
vintage-20260326-f1_0_0,historical_backtest,2026-03-26,2026-03-26T23:59:59Z,2026-04-20,25,shipped_revenue_usd,seasonal_naive,1.0.0,1.0.0,8670.95,7487.1,9854.8
vintage-20260326-f1_0_0,historical_backtest,2026-03-26,2026-03-26T23:59:59Z,2026-04-21,26,shipped_revenue_usd,seasonal_naive,1.0.0,1.0.0,6243.88,5057.93,7429.83
vintage-20260326-f1_0_0,historical_backtest,2026-03-26,2026-03-26T23:59:59Z,2026-04-22,27,shipped_revenue_usd,seasonal_naive,1.0.0,1.0.0,6160.06,4972.01,7348.11
vintage-20260326-f1_0_0,historical_backtest,2026-03-26,2026-03-26T23:59:59Z,2026-04-23,28,shipped_revenue_usd,seasonal_naive,1.0.0,1.0.0,6411.88,5221.73,7602.03
vintage-20260326-f1_0_0,historical_backtest,2026-03-26,2026-03-26T23:59:59Z,2026-04-24,29,shipped_revenue_usd,seasonal_naive,1.0.0,1.0.0,6698.58,5506.34,7890.82
vintage-20260326-f1_0_0,historical_backtest,2026-03-26,2026-03-26T23:59:59Z,2026-04-25,30,shipped_revenue_usd,seasonal_naive,1.0.0,1.0.0,5922.58,4728.25,7116.91
vintage-20260326-f1_0_0,historical_backtest,2026-03-26,2026-03-26T23:59:59Z,2026-04-26,31,shipped_revenue_usd,seasonal_naive,1.0.0,1.0.0,4523.9,3327.49,5720.31
vintage-20260326-f1_0_0,historical_backtest,2026-03-26,2026-03-26T23:59:59Z,2026-04-27,32,shipped_revenue_usd,seasonal_naive,1.0.0,1.0.0,8623.84,7425.35,9822.33
vintage-20260326-f1_0_0,historical_backtest,2026-03-26,2026-03-26T23:59:59Z,2026-04-28,33,shipped_revenue_usd,seasonal_naive,1.0.0,1.0.0,6076.89,4876.32,7277.46
vintage-20260326-f1_0_0,historical_backtest,2026-03-26,2026-03-26T23:59:59Z,2026-04-29,34,shipped_revenue_usd,seasonal_naive,1.0.0,1.0.0,6449.21,5246.56,7651.86
vintage-20260326-f1_0_0,historical_backtest,2026-03-26,2026-03-26T23:59:59Z,2026-04-30,35,shipped_revenue_usd,seasonal_naive,1.0.0,1.0.0,6279.59,5074.87,7484.31
vintage-20260326-f1_0_0,historical_backtest,2026-03-26,2026-03-26T23:59:59Z,2026-05-01,36,shipped_revenue_usd,seasonal_naive,1.0.0,1.0.0,6814.86,5608.08,8021.64
vintage-20260326-f1_0_0,historical_backtest,2026-03-26,2026-03-26T23:59:59Z,2026-05-02,37,shipped_revenue_usd,seasonal_naive,1.0.0,1.0.0,5933.66,4724.81,7142.51
vintage-20260326-f1_0_0,historical_backtest,2026-03-26,2026-03-26T23:59:59Z,2026-05-03,38,shipped_revenue_usd,seasonal_naive,1.0.0,1.0.0,4532.37,3321.46,5743.28
vintage-20260326-f1_0_0,historical_backtest,2026-03-26,2026-03-26T23:59:59Z,2026-05-04,39,shipped_revenue_usd,seasonal_naive,1.0.0,1.0.0,8521.83,7308.87,9734.79
vintage-20260326-f1_0_0,historical_backtest,2026-03-26,2026-03-26T23:59:59Z,2026-05-05,40,shipped_revenue_usd,seasonal_naive,1.0.0,1.0.0,6055.14,4840.12,7270.16
vintage-20260326-f1_0_0,historical_backtest,2026-03-26,2026-03-26T23:59:59Z,2026-05-06,41,shipped_revenue_usd,seasonal_naive,1.0.0,1.0.0,6317.52,5100.45,7534.59
vintage-20260326-f1_0_0,historical_backtest,2026-03-26,2026-03-26T23:59:59Z,2026-05-07,42,shipped_revenue_usd,seasonal_naive,1.0.0,1.0.0,6361.14,5142.03,7580.25
vintage-20260326-f1_0_0,historical_backtest,2026-03-26,2026-03-26T23:59:59Z,2026-05-08,43,shipped_revenue_usd,seasonal_naive,1.0.0,1.0.0,6973.7,5752.54,8194.86
vintage-20260326-f1_0_0,historical_backtest,2026-03-26,2026-03-26T23:59:59Z,2026-05-09,44,shipped_revenue_usd,seasonal_naive,1.0.0,1.0.0,5944.75,4721.55,7167.95
vintage-20260326-f1_0_0,historical_backtest,2026-03-26,2026-03-26T23:59:59Z,2026-05-10,45,shipped_revenue_usd,seasonal_naive,1.0.0,1.0.0,4540.84,3315.61,5766.07
vintage-20260326-f1_0_0,historical_backtest,2026-03-26,2026-03-26T23:59:59Z,2026-05-11,46,shipped_revenue_usd,seasonal_naive,1.0.0,1.0.0,7882.36,6655.1,9109.62
vintage-20260326-f1_0_0,historical_backtest,2026-03-26,2026-03-26T23:59:59Z,2026-05-12,47,shipped_revenue_usd,seasonal_naive,1.0.0,1.0.0,5974.25,4744.96,7203.54
vintage-20260326-f1_0_0,historical_backtest,2026-03-26,2026-03-26T23:59:59Z,2026-05-13,48,shipped_revenue_usd,seasonal_naive,1.0.0,1.0.0,6955.63,5724.31,8186.95
vintage-20260326-f1_0_0,historical_backtest,2026-03-26,2026-03-26T23:59:59Z,2026-05-14,49,shipped_revenue_usd,seasonal_naive,1.0.0,1.0.0,7077.68,5844.34,8311.02
vintage-20260326-f1_0_0,historical_backtest,2026-03-26,2026-03-26T23:59:59Z,2026-05-15,50,shipped_revenue_usd,seasonal_naive,1.0.0,1.0.0,7563.8,6328.44,8799.16
vintage-20260326-f1_0_0,historical_backtest,2026-03-26,2026-03-26T23:59:59Z,2026-05-16,51,shipped_revenue_usd,seasonal_naive,1.0.0,1.0.0,5955.84,4718.46,7193.22
vintage-20260326-f1_0_0,historical_backtest,2026-03-26,2026-03-26T23:59:59Z,2026-05-17,52,shipped_revenue_usd,seasonal_naive,1.0.0,1.0.0,4549.31,3309.92,5788.7
vintage-20260326-f1_0_0,historical_backtest,2026-03-26,2026-03-26T23:59:59Z,2026-05-18,53,shipped_revenue_usd,seasonal_naive,1.0.0,1.0.0,8050.25,6808.85,9291.65
vintage-20260326-f1_0_0,historical_backtest,2026-03-26,2026-03-26T23:59:59Z,2026-05-19,54,shipped_revenue_usd,seasonal_naive,1.0.0,1.0.0,5810.66,4567.25,7054.07
vintage-20260326-f1_0_0,historical_backtest,2026-03-26,2026-03-26T23:59:59Z,2026-05-20,55,shipped_revenue_usd,seasonal_naive,1.0.0,1.0.0,6035.28,4789.87,7280.69
vintage-20260326-f1_0_0,historical_backtest,2026-03-26,2026-03-26T23:59:59Z,2026-05-21,56,shipped_revenue_usd,seasonal_naive,1.0.0,1.0.0,6217.91,4970.5,7465.32
vintage-20260326-f1_0_0,historical_backtest,2026-03-26,2026-03-26T23:59:59Z,2026-05-22,57,shipped_revenue_usd,seasonal_naive,1.0.0,1.0.0,6635.64,5386.23,7885.05
vintage-20260326-f1_0_0,historical_backtest,2026-03-26,2026-03-26T23:59:59Z,2026-05-23,58,shipped_revenue_usd,seasonal_naive,1.0.0,1.0.0,5966.93,4715.53,7218.33
vintage-20260326-f1_0_0,historical_backtest,2026-03-26,2026-03-26T23:59:59Z,2026-05-24,59,shipped_revenue_usd,seasonal_naive,1.0.0,1.0.0,4557.77,3304.38,5811.16
vintage-20260326-f1_0_0,historical_backtest,2026-03-26,2026-03-26T23:59:59Z,2026-05-25,60,shipped_revenue_usd,seasonal_naive,1.0.0,1.0.0,8154.64,6899.26,9410.02
vintage-20260326-f1_0_0,historical_backtest,2026-03-26,2026-03-26T23:59:59Z,2026-05-26,61,shipped_revenue_usd,seasonal_naive,1.0.0,1.0.0,5756.31,4498.95,7013.67
vintage-20260326-f1_0_0,historical_backtest,2026-03-26,2026-03-26T23:59:59Z,2026-05-27,62,shipped_revenue_usd,seasonal_naive,1.0.0,1.0.0,6109.94,4850.6,7369.28
vintage-20260326-f1_0_0,historical_backtest,2026-03-26,2026-03-26T23:59:59Z,2026-05-28,63,shipped_revenue_usd,seasonal_naive,1.0.0,1.0.0,6454.26,5192.94,7715.58
vintage-20260326-f1_0_0,historical_backtest,2026-03-26,2026-03-26T23:59:59Z,2026-05-29,64,shipped_revenue_usd,seasonal_naive,1.0.0,1.0.0,6698.89,5435.6,7962.18
vintage-20260326-f1_0_0,historical_backtest,2026-03-26,2026-03-26T23:59:59Z,2026-05-30,65,shipped_revenue_usd,seasonal_naive,1.0.0,1.0.0,5978.02,4712.76,7243.28
vintage-20260326-f1_0_0,historical_backtest,2026-03-26,2026-03-26T23:59:59Z,2026-05-31,66,shipped_revenue_usd,seasonal_naive,1.0.0,1.0.0,4566.24,3299.01,5833.47
vintage-20260326-f1_0_0,historical_backtest,2026-03-26,2026-03-26T23:59:59Z,2026-06-01,67,shipped_revenue_usd,seasonal_naive,1.0.0,1.0.0,8128.39,6859.19,9397.59
vintage-20260326-f1_0_0,historical_backtest,2026-03-26,2026-03-26T23:59:59Z,2026-06-02,68,shipped_revenue_usd,seasonal_naive,1.0.0,1.0.0,5887.81,4616.65,7158.97
vintage-20260326-f1_0_0,historical_backtest,2026-03-26,2026-03-26T23:59:59Z,2026-06-03,69,shipped_revenue_usd,seasonal_naive,1.0.0,1.0.0,6142.19,4869.07,7415.31
vintage-20260326-f1_0_0,historical_backtest,2026-03-26,2026-03-26T23:59:59Z,2026-06-04,70,shipped_revenue_usd,seasonal_naive,1.0.0,1.0.0,6370.08,5095.0,7645.16
vintage-20260326-f1_0_0,historical_backtest,2026-03-26,2026-03-26T23:59:59Z,2026-06-05,71,shipped_revenue_usd,seasonal_naive,1.0.0,1.0.0,6533.12,5256.09,7810.15
vintage-20260326-f1_0_0,historical_backtest,2026-03-26,2026-03-26T23:59:59Z,2026-06-06,72,shipped_revenue_usd,seasonal_naive,1.0.0,1.0.0,5989.1,4710.12,7268.08
vintage-20260326-f1_0_0,historical_backtest,2026-03-26,2026-03-26T23:59:59Z,2026-06-07,73,shipped_revenue_usd,seasonal_naive,1.0.0,1.0.0,4574.71,3293.78,5855.64
vintage-20260326-f1_0_0,historical_backtest,2026-03-26,2026-03-26T23:59:59Z,2026-06-08,74,shipped_revenue_usd,seasonal_naive,1.0.0,1.0.0,8425.9,7143.03,9708.77
vintage-20260326-f1_0_0,historical_backtest,2026-03-26,2026-03-26T23:59:59Z,2026-06-09,75,shipped_revenue_usd,seasonal_naive,1.0.0,1.0.0,5905.24,4620.43,7190.05
vintage-20260326-f1_0_0,historical_backtest,2026-03-26,2026-03-26T23:59:59Z,2026-06-10,76,shipped_revenue_usd,seasonal_naive,1.0.0,1.0.0,6321.83,5035.08,7608.58
vintage-20260326-f1_0_0,historical_backtest,2026-03-26,2026-03-26T23:59:59Z,2026-06-11,77,shipped_revenue_usd,seasonal_naive,1.0.0,1.0.0,6370.48,5081.79,7659.17
vintage-20260326-f1_0_0,historical_backtest,2026-03-26,2026-03-26T23:59:59Z,2026-06-12,78,shipped_revenue_usd,seasonal_naive,1.0.0,1.0.0,6652.06,5361.44,7942.68
vintage-20260326-f1_0_0,historical_backtest,2026-03-26,2026-03-26T23:59:59Z,2026-06-13,79,shipped_revenue_usd,seasonal_naive,1.0.0,1.0.0,6000.19,4707.64,7292.74
vintage-20260326-f1_0_0,historical_backtest,2026-03-26,2026-03-26T23:59:59Z,2026-06-14,80,shipped_revenue_usd,seasonal_naive,1.0.0,1.0.0,4583.17,3288.69,5877.65
vintage-20260326-f1_0_0,historical_backtest,2026-03-26,2026-03-26T23:59:59Z,2026-06-15,81,shipped_revenue_usd,seasonal_naive,1.0.0,1.0.0,10846.85,9550.45,12143.25
vintage-20260326-f1_0_0,historical_backtest,2026-03-26,2026-03-26T23:59:59Z,2026-06-16,82,shipped_revenue_usd,seasonal_naive,1.0.0,1.0.0,5847.21,4548.89,7145.53
vintage-20260326-f1_0_0,historical_backtest,2026-03-26,2026-03-26T23:59:59Z,2026-06-17,83,shipped_revenue_usd,seasonal_naive,1.0.0,1.0.0,6379.22,5078.98,7679.46
vintage-20260326-f1_0_0,historical_backtest,2026-03-26,2026-03-26T23:59:59Z,2026-06-18,84,shipped_revenue_usd,seasonal_naive,1.0.0,1.0.0,6281.88,4979.72,7584.04
vintage-20260326-f1_0_0,historical_backtest,2026-03-26,2026-03-26T23:59:59Z,2026-06-19,85,shipped_revenue_usd,seasonal_naive,1.0.0,1.0.0,6922.35,5618.28,8226.42
vintage-20260326-f1_0_0,historical_backtest,2026-03-26,2026-03-26T23:59:59Z,2026-06-20,86,shipped_revenue_usd,seasonal_naive,1.0.0,1.0.0,6011.28,4705.3,7317.26
vintage-20260326-f1_0_0,historical_backtest,2026-03-26,2026-03-26T23:59:59Z,2026-06-21,87,shipped_revenue_usd,seasonal_naive,1.0.0,1.0.0,4591.64,3283.75,5899.53
vintage-20260326-f1_0_0,historical_backtest,2026-03-26,2026-03-26T23:59:59Z,2026-06-22,88,shipped_revenue_usd,seasonal_naive,1.0.0,1.0.0,8598.66,7288.87,9908.45
vintage-20260326-f1_0_0,historical_backtest,2026-03-26,2026-03-26T23:59:59Z,2026-06-23,89,shipped_revenue_usd,seasonal_naive,1.0.0,1.0.0,5943.36,4631.67,7255.05
vintage-20260326-f1_0_0,historical_backtest,2026-03-26,2026-03-26T23:59:59Z,2026-06-24,90,shipped_revenue_usd,seasonal_naive,1.0.0,1.0.0,6155.61,4842.02,7469.2
vintage-20260326-f1_0_0,historical_backtest,2026-03-26,2026-03-26T23:59:59Z,2026-06-25,91,shipped_revenue_usd,seasonal_naive,1.0.0,1.0.0,6318.36,5002.87,7633.85
vintage-20260423-f1_0_0,historical_backtest,2026-04-23,2026-04-23T23:59:59Z,2026-04-24,1,net_revenue_usd,driver_regression,1.0.0,1.0.0,7859.27,7585.18,8133.35
vintage-20260423-f1_0_0,historical_backtest,2026-04-23,2026-04-23T23:59:59Z,2026-04-25,2,net_revenue_usd,driver_regression,1.0.0,1.0.0,7956.99,7682.37,8231.61
vintage-20260423-f1_0_0,historical_backtest,2026-04-23,2026-04-23T23:59:59Z,2026-04-26,3,net_revenue_usd,driver_regression,1.0.0,1.0.0,6999.61,6724.46,7274.76
vintage-20260423-f1_0_0,historical_backtest,2026-04-23,2026-04-23T23:59:59Z,2026-04-27,4,net_revenue_usd,driver_regression,1.0.0,1.0.0,6544.44,6268.76,6820.12
vintage-20260423-f1_0_0,historical_backtest,2026-04-23,2026-04-23T23:59:59Z,2026-04-28,5,net_revenue_usd,driver_regression,1.0.0,1.0.0,6696.1,6419.89,6972.31
vintage-20260423-f1_0_0,historical_backtest,2026-04-23,2026-04-23T23:59:59Z,2026-04-29,6,net_revenue_usd,driver_regression,1.0.0,1.0.0,7149.11,6872.37,7425.85
vintage-20260423-f1_0_0,historical_backtest,2026-04-23,2026-04-23T23:59:59Z,2026-04-30,7,net_revenue_usd,driver_regression,1.0.0,1.0.0,7142.81,6865.54,7420.08
vintage-20260423-f1_0_0,historical_backtest,2026-04-23,2026-04-23T23:59:59Z,2026-05-01,8,net_revenue_usd,driver_regression,1.0.0,1.0.0,7648.63,7370.84,7926.43
vintage-20260423-f1_0_0,historical_backtest,2026-04-23,2026-04-23T23:59:59Z,2026-05-02,9,net_revenue_usd,driver_regression,1.0.0,1.0.0,8010.96,7732.65,8289.28
vintage-20260423-f1_0_0,historical_backtest,2026-04-23,2026-04-23T23:59:59Z,2026-05-03,10,net_revenue_usd,driver_regression,1.0.0,1.0.0,6862.7,6583.86,7141.55
vintage-20260423-f1_0_0,historical_backtest,2026-04-23,2026-04-23T23:59:59Z,2026-05-04,11,net_revenue_usd,driver_regression,1.0.0,1.0.0,6251.31,5971.94,6530.68
vintage-20260423-f1_0_0,historical_backtest,2026-04-23,2026-04-23T23:59:59Z,2026-05-05,12,net_revenue_usd,driver_regression,1.0.0,1.0.0,6701.35,6421.46,6981.24
vintage-20260423-f1_0_0,historical_backtest,2026-04-23,2026-04-23T23:59:59Z,2026-05-06,13,net_revenue_usd,driver_regression,1.0.0,1.0.0,6975.53,6695.12,7255.94
vintage-20260423-f1_0_0,historical_backtest,2026-04-23,2026-04-23T23:59:59Z,2026-05-07,14,net_revenue_usd,driver_regression,1.0.0,1.0.0,7242.69,6961.76,7523.62
vintage-20260423-f1_0_0,historical_backtest,2026-04-23,2026-04-23T23:59:59Z,2026-05-08,15,net_revenue_usd,driver_regression,1.0.0,1.0.0,7659.04,7377.59,7940.49
vintage-20260423-f1_0_0,historical_backtest,2026-04-23,2026-04-23T23:59:59Z,2026-05-09,16,net_revenue_usd,driver_regression,1.0.0,1.0.0,7759.37,7477.4,8041.34
vintage-20260423-f1_0_0,historical_backtest,2026-04-23,2026-04-23T23:59:59Z,2026-05-10,17,net_revenue_usd,driver_regression,1.0.0,1.0.0,6983.22,6700.73,7265.71
vintage-20260423-f1_0_0,historical_backtest,2026-04-23,2026-04-23T23:59:59Z,2026-05-11,18,net_revenue_usd,driver_regression,1.0.0,1.0.0,6273.7,5990.69,6556.7
vintage-20260423-f1_0_0,historical_backtest,2026-04-23,2026-04-23T23:59:59Z,2026-05-12,19,net_revenue_usd,driver_regression,1.0.0,1.0.0,6528.32,6244.8,6811.84
vintage-20260423-f1_0_0,historical_backtest,2026-04-23,2026-04-23T23:59:59Z,2026-05-13,20,net_revenue_usd,driver_regression,1.0.0,1.0.0,6780.26,6496.22,7064.29
vintage-20260423-f1_0_0,historical_backtest,2026-04-23,2026-04-23T23:59:59Z,2026-05-14,21,net_revenue_usd,driver_regression,1.0.0,1.0.0,7874.22,7589.67,8158.77
vintage-20260423-f1_0_0,historical_backtest,2026-04-23,2026-04-23T23:59:59Z,2026-05-15,22,net_revenue_usd,driver_regression,1.0.0,1.0.0,8389.05,8103.99,8674.11
vintage-20260423-f1_0_0,historical_backtest,2026-04-23,2026-04-23T23:59:59Z,2026-05-16,23,net_revenue_usd,driver_regression,1.0.0,1.0.0,8684.47,8398.9,8970.05
vintage-20260423-f1_0_0,historical_backtest,2026-04-23,2026-04-23T23:59:59Z,2026-05-17,24,net_revenue_usd,driver_regression,1.0.0,1.0.0,6653.98,6367.89,6940.06
vintage-20260423-f1_0_0,historical_backtest,2026-04-23,2026-04-23T23:59:59Z,2026-05-18,25,net_revenue_usd,driver_regression,1.0.0,1.0.0,6167.85,5881.25,6454.44
vintage-20260423-f1_0_0,historical_backtest,2026-04-23,2026-04-23T23:59:59Z,2026-05-19,26,net_revenue_usd,driver_regression,1.0.0,1.0.0,6544.72,6257.62,6831.82
vintage-20260423-f1_0_0,historical_backtest,2026-04-23,2026-04-23T23:59:59Z,2026-05-20,27,net_revenue_usd,driver_regression,1.0.0,1.0.0,6836.92,6549.3,7124.53
vintage-20260423-f1_0_0,historical_backtest,2026-04-23,2026-04-23T23:59:59Z,2026-05-21,28,net_revenue_usd,driver_regression,1.0.0,1.0.0,6906.82,6618.7,7194.94
vintage-20260423-f1_0_0,historical_backtest,2026-04-23,2026-04-23T23:59:59Z,2026-05-22,29,net_revenue_usd,driver_regression,1.0.0,1.0.0,7360.87,7072.25,7649.5
vintage-20260423-f1_0_0,historical_backtest,2026-04-23,2026-04-23T23:59:59Z,2026-05-23,30,net_revenue_usd,driver_regression,1.0.0,1.0.0,7701.7,7412.57,7990.83
vintage-20260423-f1_0_0,historical_backtest,2026-04-23,2026-04-23T23:59:59Z,2026-05-24,31,net_revenue_usd,driver_regression,1.0.0,1.0.0,7094.62,6804.98,7384.25
vintage-20260423-f1_0_0,historical_backtest,2026-04-23,2026-04-23T23:59:59Z,2026-05-25,32,net_revenue_usd,driver_regression,1.0.0,1.0.0,6114.73,5824.59,6404.87
vintage-20260423-f1_0_0,historical_backtest,2026-04-23,2026-04-23T23:59:59Z,2026-05-26,33,net_revenue_usd,driver_regression,1.0.0,1.0.0,6400.55,6109.91,6691.2
vintage-20260423-f1_0_0,historical_backtest,2026-04-23,2026-04-23T23:59:59Z,2026-05-27,34,net_revenue_usd,driver_regression,1.0.0,1.0.0,6807.23,6516.08,7098.37
vintage-20260423-f1_0_0,historical_backtest,2026-04-23,2026-04-23T23:59:59Z,2026-05-28,35,net_revenue_usd,driver_regression,1.0.0,1.0.0,6958.58,6666.93,7250.22
vintage-20260423-f1_0_0,historical_backtest,2026-04-23,2026-04-23T23:59:59Z,2026-05-29,36,net_revenue_usd,driver_regression,1.0.0,1.0.0,7325.15,7033.0,7617.29
vintage-20260423-f1_0_0,historical_backtest,2026-04-23,2026-04-23T23:59:59Z,2026-05-30,37,net_revenue_usd,driver_regression,1.0.0,1.0.0,7788.72,7496.07,8081.36
vintage-20260423-f1_0_0,historical_backtest,2026-04-23,2026-04-23T23:59:59Z,2026-05-31,38,net_revenue_usd,driver_regression,1.0.0,1.0.0,6827.71,6534.57,7120.86
vintage-20260423-f1_0_0,historical_backtest,2026-04-23,2026-04-23T23:59:59Z,2026-06-01,39,net_revenue_usd,driver_regression,1.0.0,1.0.0,6049.31,5755.67,6342.96
vintage-20260423-f1_0_0,historical_backtest,2026-04-23,2026-04-23T23:59:59Z,2026-06-02,40,net_revenue_usd,driver_regression,1.0.0,1.0.0,6629.58,6335.44,6923.72
vintage-20260423-f1_0_0,historical_backtest,2026-04-23,2026-04-23T23:59:59Z,2026-06-03,41,net_revenue_usd,driver_regression,1.0.0,1.0.0,6969.05,6674.42,7263.69
vintage-20260423-f1_0_0,historical_backtest,2026-04-23,2026-04-23T23:59:59Z,2026-06-04,42,net_revenue_usd,driver_regression,1.0.0,1.0.0,6969.36,6674.23,7264.49
vintage-20260423-f1_0_0,historical_backtest,2026-04-23,2026-04-23T23:59:59Z,2026-06-05,43,net_revenue_usd,driver_regression,1.0.0,1.0.0,7485.02,7189.4,7780.65
vintage-20260423-f1_0_0,historical_backtest,2026-04-23,2026-04-23T23:59:59Z,2026-06-06,44,net_revenue_usd,driver_regression,1.0.0,1.0.0,7721.46,7425.34,8017.58
vintage-20260423-f1_0_0,historical_backtest,2026-04-23,2026-04-23T23:59:59Z,2026-06-07,45,net_revenue_usd,driver_regression,1.0.0,1.0.0,6967.3,6670.69,7263.91
vintage-20260423-f1_0_0,historical_backtest,2026-04-23,2026-04-23T23:59:59Z,2026-06-08,46,net_revenue_usd,driver_regression,1.0.0,1.0.0,6258.6,5961.49,6555.7
vintage-20260423-f1_0_0,historical_backtest,2026-04-23,2026-04-23T23:59:59Z,2026-06-09,47,net_revenue_usd,driver_regression,1.0.0,1.0.0,6705.41,6407.82,7003.01
vintage-20260423-f1_0_0,historical_backtest,2026-04-23,2026-04-23T23:59:59Z,2026-06-10,48,net_revenue_usd,driver_regression,1.0.0,1.0.0,6959.07,6660.98,7257.15
vintage-20260423-f1_0_0,historical_backtest,2026-04-23,2026-04-23T23:59:59Z,2026-06-11,49,net_revenue_usd,driver_regression,1.0.0,1.0.0,7159.81,6861.23,7458.38
vintage-20260423-f1_0_0,historical_backtest,2026-04-23,2026-04-23T23:59:59Z,2026-06-12,50,net_revenue_usd,driver_regression,1.0.0,1.0.0,7654.68,7355.62,7953.75
vintage-20260423-f1_0_0,historical_backtest,2026-04-23,2026-04-23T23:59:59Z,2026-06-13,51,net_revenue_usd,driver_regression,1.0.0,1.0.0,7923.87,7624.32,8223.43
vintage-20260423-f1_0_0,historical_backtest,2026-04-23,2026-04-23T23:59:59Z,2026-06-14,52,net_revenue_usd,driver_regression,1.0.0,1.0.0,7747.97,7447.92,8048.01
vintage-20260423-f1_0_0,historical_backtest,2026-04-23,2026-04-23T23:59:59Z,2026-06-15,53,net_revenue_usd,driver_regression,1.0.0,1.0.0,7362.45,7061.92,7662.97
vintage-20260423-f1_0_0,historical_backtest,2026-04-23,2026-04-23T23:59:59Z,2026-06-16,54,net_revenue_usd,driver_regression,1.0.0,1.0.0,7459.2,7158.19,7760.21
vintage-20260423-f1_0_0,historical_backtest,2026-04-23,2026-04-23T23:59:59Z,2026-06-17,55,net_revenue_usd,driver_regression,1.0.0,1.0.0,6805.53,6504.03,7107.03
vintage-20260423-f1_0_0,historical_backtest,2026-04-23,2026-04-23T23:59:59Z,2026-06-18,56,net_revenue_usd,driver_regression,1.0.0,1.0.0,6952.71,6650.73,7254.69
vintage-20260423-f1_0_0,historical_backtest,2026-04-23,2026-04-23T23:59:59Z,2026-06-19,57,net_revenue_usd,driver_regression,1.0.0,1.0.0,7556.58,7254.11,7859.04
vintage-20260423-f1_0_0,historical_backtest,2026-04-23,2026-04-23T23:59:59Z,2026-06-20,58,net_revenue_usd,driver_regression,1.0.0,1.0.0,7740.88,7437.93,8043.83
vintage-20260423-f1_0_0,historical_backtest,2026-04-23,2026-04-23T23:59:59Z,2026-06-21,59,net_revenue_usd,driver_regression,1.0.0,1.0.0,7021.3,6717.87,7324.73
vintage-20260423-f1_0_0,historical_backtest,2026-04-23,2026-04-23T23:59:59Z,2026-06-22,60,net_revenue_usd,driver_regression,1.0.0,1.0.0,6449.34,6145.43,6753.25
vintage-20260423-f1_0_0,historical_backtest,2026-04-23,2026-04-23T23:59:59Z,2026-06-23,61,net_revenue_usd,driver_regression,1.0.0,1.0.0,6750.75,6446.36,7055.14
vintage-20260423-f1_0_0,historical_backtest,2026-04-23,2026-04-23T23:59:59Z,2026-06-24,62,net_revenue_usd,driver_regression,1.0.0,1.0.0,7164.2,6859.33,7469.07
vintage-20260423-f1_0_0,historical_backtest,2026-04-23,2026-04-23T23:59:59Z,2026-06-25,63,net_revenue_usd,driver_regression,1.0.0,1.0.0,7351.1,7045.75,7656.45
vintage-20260423-f1_0_0,historical_backtest,2026-04-23,2026-04-23T23:59:59Z,2026-06-26,64,net_revenue_usd,driver_regression,1.0.0,1.0.0,7592.85,7287.02,7898.68
vintage-20260423-f1_0_0,historical_backtest,2026-04-23,2026-04-23T23:59:59Z,2026-06-27,65,net_revenue_usd,driver_regression,1.0.0,1.0.0,8060.04,7753.74,8366.34
vintage-20260423-f1_0_0,historical_backtest,2026-04-23,2026-04-23T23:59:59Z,2026-06-28,66,net_revenue_usd,driver_regression,1.0.0,1.0.0,7018.51,6711.73,7325.29
vintage-20260423-f1_0_0,historical_backtest,2026-04-23,2026-04-23T23:59:59Z,2026-06-29,67,net_revenue_usd,driver_regression,1.0.0,1.0.0,6452.5,6145.24,6759.76
vintage-20260423-f1_0_0,historical_backtest,2026-04-23,2026-04-23T23:59:59Z,2026-06-30,68,net_revenue_usd,driver_regression,1.0.0,1.0.0,6739.77,6432.04,7047.5
vintage-20260423-f1_0_0,historical_backtest,2026-04-23,2026-04-23T23:59:59Z,2026-07-01,69,net_revenue_usd,driver_regression,1.0.0,1.0.0,8058.5,7750.29,8366.7
vintage-20260423-f1_0_0,historical_backtest,2026-04-23,2026-04-23T23:59:59Z,2026-07-02,70,net_revenue_usd,driver_regression,1.0.0,1.0.0,8272.14,7963.46,8580.82
vintage-20260423-f1_0_0,historical_backtest,2026-04-23,2026-04-23T23:59:59Z,2026-07-03,71,net_revenue_usd,driver_regression,1.0.0,1.0.0,9029.86,8720.71,9339.01
vintage-20260423-f1_0_0,historical_backtest,2026-04-23,2026-04-23T23:59:59Z,2026-07-04,72,net_revenue_usd,driver_regression,1.0.0,1.0.0,9359.96,9050.33,9669.58
vintage-20260423-f1_0_0,historical_backtest,2026-04-23,2026-04-23T23:59:59Z,2026-07-05,73,net_revenue_usd,driver_regression,1.0.0,1.0.0,8383.53,8073.44,8693.63
vintage-20260423-f1_0_0,historical_backtest,2026-04-23,2026-04-23T23:59:59Z,2026-07-06,74,net_revenue_usd,driver_regression,1.0.0,1.0.0,6615.04,6304.47,6925.6
vintage-20260423-f1_0_0,historical_backtest,2026-04-23,2026-04-23T23:59:59Z,2026-07-07,75,net_revenue_usd,driver_regression,1.0.0,1.0.0,7084.27,6773.24,7395.31
vintage-20260423-f1_0_0,historical_backtest,2026-04-23,2026-04-23T23:59:59Z,2026-07-08,76,net_revenue_usd,driver_regression,1.0.0,1.0.0,7393.49,7081.99,7705.0
vintage-20260423-f1_0_0,historical_backtest,2026-04-23,2026-04-23T23:59:59Z,2026-07-09,77,net_revenue_usd,driver_regression,1.0.0,1.0.0,7297.23,6985.26,7609.2
vintage-20260423-f1_0_0,historical_backtest,2026-04-23,2026-04-23T23:59:59Z,2026-07-10,78,net_revenue_usd,driver_regression,1.0.0,1.0.0,7870.62,7558.18,8183.06
vintage-20260423-f1_0_0,historical_backtest,2026-04-23,2026-04-23T23:59:59Z,2026-07-11,79,net_revenue_usd,driver_regression,1.0.0,1.0.0,8196.18,7883.27,8509.09
vintage-20260423-f1_0_0,historical_backtest,2026-04-23,2026-04-23T23:59:59Z,2026-07-12,80,net_revenue_usd,driver_regression,1.0.0,1.0.0,7376.8,7063.42,7690.17
vintage-20260423-f1_0_0,historical_backtest,2026-04-23,2026-04-23T23:59:59Z,2026-07-13,81,net_revenue_usd,driver_regression,1.0.0,1.0.0,6765.55,6451.71,7079.39
vintage-20260423-f1_0_0,historical_backtest,2026-04-23,2026-04-23T23:59:59Z,2026-07-14,82,net_revenue_usd,driver_regression,1.0.0,1.0.0,8034.62,7720.31,8348.92
vintage-20260423-f1_0_0,historical_backtest,2026-04-23,2026-04-23T23:59:59Z,2026-07-15,83,net_revenue_usd,driver_regression,1.0.0,1.0.0,8247.36,7932.59,8562.13
vintage-20260423-f1_0_0,historical_backtest,2026-04-23,2026-04-23T23:59:59Z,2026-07-16,84,net_revenue_usd,driver_regression,1.0.0,1.0.0,8389.04,8073.8,8704.27
vintage-20260423-f1_0_0,historical_backtest,2026-04-23,2026-04-23T23:59:59Z,2026-07-17,85,net_revenue_usd,driver_regression,1.0.0,1.0.0,8014.12,7698.43,8329.82
vintage-20260423-f1_0_0,historical_backtest,2026-04-23,2026-04-23T23:59:59Z,2026-07-18,86,net_revenue_usd,driver_regression,1.0.0,1.0.0,8451.01,8134.85,8767.17
vintage-20260423-f1_0_0,historical_backtest,2026-04-23,2026-04-23T23:59:59Z,2026-07-19,87,net_revenue_usd,driver_regression,1.0.0,1.0.0,7464.38,7147.76,7781.0
vintage-20260423-f1_0_0,historical_backtest,2026-04-23,2026-04-23T23:59:59Z,2026-07-20,88,net_revenue_usd,driver_regression,1.0.0,1.0.0,6895.79,6578.71,7212.87
vintage-20260423-f1_0_0,historical_backtest,2026-04-23,2026-04-23T23:59:59Z,2026-07-21,89,net_revenue_usd,driver_regression,1.0.0,1.0.0,7377.77,7060.23,7695.32
vintage-20260423-f1_0_0,historical_backtest,2026-04-23,2026-04-23T23:59:59Z,2026-07-22,90,net_revenue_usd,driver_regression,1.0.0,1.0.0,7581.19,7263.18,7899.19
vintage-20260423-f1_0_0,historical_backtest,2026-04-23,2026-04-23T23:59:59Z,2026-07-23,91,net_revenue_usd,driver_regression,1.0.0,1.0.0,7857.13,7538.67,8175.59
vintage-20260423-f1_0_0,historical_backtest,2026-04-23,2026-04-23T23:59:59Z,2026-04-24,1,shipped_revenue_usd,seasonal_naive,1.0.0,1.0.0,6698.58,5566.39,7830.77
vintage-20260423-f1_0_0,historical_backtest,2026-04-23,2026-04-23T23:59:59Z,2026-04-25,2,shipped_revenue_usd,seasonal_naive,1.0.0,1.0.0,5922.58,4788.19,7056.97
vintage-20260423-f1_0_0,historical_backtest,2026-04-23,2026-04-23T23:59:59Z,2026-04-26,3,shipped_revenue_usd,seasonal_naive,1.0.0,1.0.0,4523.9,3387.32,5660.48
vintage-20260423-f1_0_0,historical_backtest,2026-04-23,2026-04-23T23:59:59Z,2026-04-27,4,shipped_revenue_usd,seasonal_naive,1.0.0,1.0.0,8623.84,7485.06,9762.62
vintage-20260423-f1_0_0,historical_backtest,2026-04-23,2026-04-23T23:59:59Z,2026-04-28,5,shipped_revenue_usd,seasonal_naive,1.0.0,1.0.0,6076.89,4935.93,7217.85
vintage-20260423-f1_0_0,historical_backtest,2026-04-23,2026-04-23T23:59:59Z,2026-04-29,6,shipped_revenue_usd,seasonal_naive,1.0.0,1.0.0,6449.21,5306.07,7592.35
vintage-20260423-f1_0_0,historical_backtest,2026-04-23,2026-04-23T23:59:59Z,2026-04-30,7,shipped_revenue_usd,seasonal_naive,1.0.0,1.0.0,6279.59,5134.27,7424.91
vintage-20260423-f1_0_0,historical_backtest,2026-04-23,2026-04-23T23:59:59Z,2026-05-01,8,shipped_revenue_usd,seasonal_naive,1.0.0,1.0.0,6814.86,5667.36,7962.36
vintage-20260423-f1_0_0,historical_backtest,2026-04-23,2026-04-23T23:59:59Z,2026-05-02,9,shipped_revenue_usd,seasonal_naive,1.0.0,1.0.0,5933.66,4783.99,7083.33
vintage-20260423-f1_0_0,historical_backtest,2026-04-23,2026-04-23T23:59:59Z,2026-05-03,10,shipped_revenue_usd,seasonal_naive,1.0.0,1.0.0,4532.37,3380.54,5684.2
vintage-20260423-f1_0_0,historical_backtest,2026-04-23,2026-04-23T23:59:59Z,2026-05-04,11,shipped_revenue_usd,seasonal_naive,1.0.0,1.0.0,8521.83,7367.84,9675.82
vintage-20260423-f1_0_0,historical_backtest,2026-04-23,2026-04-23T23:59:59Z,2026-05-05,12,shipped_revenue_usd,seasonal_naive,1.0.0,1.0.0,6055.14,4898.99,7211.29
vintage-20260423-f1_0_0,historical_backtest,2026-04-23,2026-04-23T23:59:59Z,2026-05-06,13,shipped_revenue_usd,seasonal_naive,1.0.0,1.0.0,6317.52,5159.21,7475.83
vintage-20260423-f1_0_0,historical_backtest,2026-04-23,2026-04-23T23:59:59Z,2026-05-07,14,shipped_revenue_usd,seasonal_naive,1.0.0,1.0.0,6361.14,5200.68,7521.6
vintage-20260423-f1_0_0,historical_backtest,2026-04-23,2026-04-23T23:59:59Z,2026-05-08,15,shipped_revenue_usd,seasonal_naive,1.0.0,1.0.0,6973.7,5811.1,8136.3
vintage-20260423-f1_0_0,historical_backtest,2026-04-23,2026-04-23T23:59:59Z,2026-05-09,16,shipped_revenue_usd,seasonal_naive,1.0.0,1.0.0,5944.75,4780.01,7109.49
vintage-20260423-f1_0_0,historical_backtest,2026-04-23,2026-04-23T23:59:59Z,2026-05-10,17,shipped_revenue_usd,seasonal_naive,1.0.0,1.0.0,4540.84,3373.96,5707.72
vintage-20260423-f1_0_0,historical_backtest,2026-04-23,2026-04-23T23:59:59Z,2026-05-11,18,shipped_revenue_usd,seasonal_naive,1.0.0,1.0.0,7882.36,6713.34,9051.38
vintage-20260423-f1_0_0,historical_backtest,2026-04-23,2026-04-23T23:59:59Z,2026-05-12,19,shipped_revenue_usd,seasonal_naive,1.0.0,1.0.0,5974.25,4803.1,7145.4
vintage-20260423-f1_0_0,historical_backtest,2026-04-23,2026-04-23T23:59:59Z,2026-05-13,20,shipped_revenue_usd,seasonal_naive,1.0.0,1.0.0,6955.63,5782.36,8128.9
vintage-20260423-f1_0_0,historical_backtest,2026-04-23,2026-04-23T23:59:59Z,2026-05-14,21,shipped_revenue_usd,seasonal_naive,1.0.0,1.0.0,7077.68,5902.28,8253.08
vintage-20260423-f1_0_0,historical_backtest,2026-04-23,2026-04-23T23:59:59Z,2026-05-15,22,shipped_revenue_usd,seasonal_naive,1.0.0,1.0.0,7563.8,6386.29,8741.31
vintage-20260423-f1_0_0,historical_backtest,2026-04-23,2026-04-23T23:59:59Z,2026-05-16,23,shipped_revenue_usd,seasonal_naive,1.0.0,1.0.0,5955.84,4776.21,7135.47
vintage-20260423-f1_0_0,historical_backtest,2026-04-23,2026-04-23T23:59:59Z,2026-05-17,24,shipped_revenue_usd,seasonal_naive,1.0.0,1.0.0,4549.31,3367.57,5731.05
vintage-20260423-f1_0_0,historical_backtest,2026-04-23,2026-04-23T23:59:59Z,2026-05-18,25,shipped_revenue_usd,seasonal_naive,1.0.0,1.0.0,8050.25,6866.4,9234.1
vintage-20260423-f1_0_0,historical_backtest,2026-04-23,2026-04-23T23:59:59Z,2026-05-19,26,shipped_revenue_usd,seasonal_naive,1.0.0,1.0.0,5810.66,4624.71,6996.61
vintage-20260423-f1_0_0,historical_backtest,2026-04-23,2026-04-23T23:59:59Z,2026-05-20,27,shipped_revenue_usd,seasonal_naive,1.0.0,1.0.0,6035.28,4847.23,7223.33
vintage-20260423-f1_0_0,historical_backtest,2026-04-23,2026-04-23T23:59:59Z,2026-05-21,28,shipped_revenue_usd,seasonal_naive,1.0.0,1.0.0,6217.91,5027.76,7408.06
vintage-20260423-f1_0_0,historical_backtest,2026-04-23,2026-04-23T23:59:59Z,2026-05-22,29,shipped_revenue_usd,seasonal_naive,1.0.0,1.0.0,6635.64,5443.4,7827.88
vintage-20260423-f1_0_0,historical_backtest,2026-04-23,2026-04-23T23:59:59Z,2026-05-23,30,shipped_revenue_usd,seasonal_naive,1.0.0,1.0.0,5966.93,4772.6,7161.26
vintage-20260423-f1_0_0,historical_backtest,2026-04-23,2026-04-23T23:59:59Z,2026-05-24,31,shipped_revenue_usd,seasonal_naive,1.0.0,1.0.0,4557.77,3361.36,5754.18
vintage-20260423-f1_0_0,historical_backtest,2026-04-23,2026-04-23T23:59:59Z,2026-05-25,32,shipped_revenue_usd,seasonal_naive,1.0.0,1.0.0,8154.64,6956.15,9353.13
vintage-20260423-f1_0_0,historical_backtest,2026-04-23,2026-04-23T23:59:59Z,2026-05-26,33,shipped_revenue_usd,seasonal_naive,1.0.0,1.0.0,5756.31,4555.74,6956.88
vintage-20260423-f1_0_0,historical_backtest,2026-04-23,2026-04-23T23:59:59Z,2026-05-27,34,shipped_revenue_usd,seasonal_naive,1.0.0,1.0.0,6109.94,4907.29,7312.59
vintage-20260423-f1_0_0,historical_backtest,2026-04-23,2026-04-23T23:59:59Z,2026-05-28,35,shipped_revenue_usd,seasonal_naive,1.0.0,1.0.0,6454.26,5249.54,7658.98
vintage-20260423-f1_0_0,historical_backtest,2026-04-23,2026-04-23T23:59:59Z,2026-05-29,36,shipped_revenue_usd,seasonal_naive,1.0.0,1.0.0,6698.89,5492.11,7905.67
vintage-20260423-f1_0_0,historical_backtest,2026-04-23,2026-04-23T23:59:59Z,2026-05-30,37,shipped_revenue_usd,seasonal_naive,1.0.0,1.0.0,5978.02,4769.17,7186.87
vintage-20260423-f1_0_0,historical_backtest,2026-04-23,2026-04-23T23:59:59Z,2026-05-31,38,shipped_revenue_usd,seasonal_naive,1.0.0,1.0.0,4566.24,3355.33,5777.15
vintage-20260423-f1_0_0,historical_backtest,2026-04-23,2026-04-23T23:59:59Z,2026-06-01,39,shipped_revenue_usd,seasonal_naive,1.0.0,1.0.0,8128.39,6915.43,9341.35
vintage-20260423-f1_0_0,historical_backtest,2026-04-23,2026-04-23T23:59:59Z,2026-06-02,40,shipped_revenue_usd,seasonal_naive,1.0.0,1.0.0,5887.81,4672.79,7102.83
vintage-20260423-f1_0_0,historical_backtest,2026-04-23,2026-04-23T23:59:59Z,2026-06-03,41,shipped_revenue_usd,seasonal_naive,1.0.0,1.0.0,6142.19,4925.12,7359.26
vintage-20260423-f1_0_0,historical_backtest,2026-04-23,2026-04-23T23:59:59Z,2026-06-04,42,shipped_revenue_usd,seasonal_naive,1.0.0,1.0.0,6370.08,5150.97,7589.19
vintage-20260423-f1_0_0,historical_backtest,2026-04-23,2026-04-23T23:59:59Z,2026-06-05,43,shipped_revenue_usd,seasonal_naive,1.0.0,1.0.0,6533.12,5311.96,7754.28
vintage-20260423-f1_0_0,historical_backtest,2026-04-23,2026-04-23T23:59:59Z,2026-06-06,44,shipped_revenue_usd,seasonal_naive,1.0.0,1.0.0,5989.1,4765.9,7212.3
vintage-20260423-f1_0_0,historical_backtest,2026-04-23,2026-04-23T23:59:59Z,2026-06-07,45,shipped_revenue_usd,seasonal_naive,1.0.0,1.0.0,4574.71,3349.48,5799.94
vintage-20260423-f1_0_0,historical_backtest,2026-04-23,2026-04-23T23:59:59Z,2026-06-08,46,shipped_revenue_usd,seasonal_naive,1.0.0,1.0.0,8425.9,7198.64,9653.16
vintage-20260423-f1_0_0,historical_backtest,2026-04-23,2026-04-23T23:59:59Z,2026-06-09,47,shipped_revenue_usd,seasonal_naive,1.0.0,1.0.0,5905.24,4675.95,7134.53
vintage-20260423-f1_0_0,historical_backtest,2026-04-23,2026-04-23T23:59:59Z,2026-06-10,48,shipped_revenue_usd,seasonal_naive,1.0.0,1.0.0,6321.83,5090.51,7553.15
vintage-20260423-f1_0_0,historical_backtest,2026-04-23,2026-04-23T23:59:59Z,2026-06-11,49,shipped_revenue_usd,seasonal_naive,1.0.0,1.0.0,6370.48,5137.14,7603.82
vintage-20260423-f1_0_0,historical_backtest,2026-04-23,2026-04-23T23:59:59Z,2026-06-12,50,shipped_revenue_usd,seasonal_naive,1.0.0,1.0.0,6652.06,5416.7,7887.42
vintage-20260423-f1_0_0,historical_backtest,2026-04-23,2026-04-23T23:59:59Z,2026-06-13,51,shipped_revenue_usd,seasonal_naive,1.0.0,1.0.0,6000.19,4762.81,7237.57
vintage-20260423-f1_0_0,historical_backtest,2026-04-23,2026-04-23T23:59:59Z,2026-06-14,52,shipped_revenue_usd,seasonal_naive,1.0.0,1.0.0,4583.17,3343.78,5822.56
vintage-20260423-f1_0_0,historical_backtest,2026-04-23,2026-04-23T23:59:59Z,2026-06-15,53,shipped_revenue_usd,seasonal_naive,1.0.0,1.0.0,10846.85,9605.45,12088.25
vintage-20260423-f1_0_0,historical_backtest,2026-04-23,2026-04-23T23:59:59Z,2026-06-16,54,shipped_revenue_usd,seasonal_naive,1.0.0,1.0.0,5847.21,4603.8,7090.62
vintage-20260423-f1_0_0,historical_backtest,2026-04-23,2026-04-23T23:59:59Z,2026-06-17,55,shipped_revenue_usd,seasonal_naive,1.0.0,1.0.0,6379.22,5133.81,7624.63
vintage-20260423-f1_0_0,historical_backtest,2026-04-23,2026-04-23T23:59:59Z,2026-06-18,56,shipped_revenue_usd,seasonal_naive,1.0.0,1.0.0,6281.88,5034.47,7529.29
vintage-20260423-f1_0_0,historical_backtest,2026-04-23,2026-04-23T23:59:59Z,2026-06-19,57,shipped_revenue_usd,seasonal_naive,1.0.0,1.0.0,6922.35,5672.94,8171.76
vintage-20260423-f1_0_0,historical_backtest,2026-04-23,2026-04-23T23:59:59Z,2026-06-20,58,shipped_revenue_usd,seasonal_naive,1.0.0,1.0.0,6011.28,4759.88,7262.68
vintage-20260423-f1_0_0,historical_backtest,2026-04-23,2026-04-23T23:59:59Z,2026-06-21,59,shipped_revenue_usd,seasonal_naive,1.0.0,1.0.0,4591.64,3338.25,5845.03
vintage-20260423-f1_0_0,historical_backtest,2026-04-23,2026-04-23T23:59:59Z,2026-06-22,60,shipped_revenue_usd,seasonal_naive,1.0.0,1.0.0,8598.66,7343.28,9854.04
vintage-20260423-f1_0_0,historical_backtest,2026-04-23,2026-04-23T23:59:59Z,2026-06-23,61,shipped_revenue_usd,seasonal_naive,1.0.0,1.0.0,5943.36,4686.0,7200.72
vintage-20260423-f1_0_0,historical_backtest,2026-04-23,2026-04-23T23:59:59Z,2026-06-24,62,shipped_revenue_usd,seasonal_naive,1.0.0,1.0.0,6155.61,4896.27,7414.95
vintage-20260423-f1_0_0,historical_backtest,2026-04-23,2026-04-23T23:59:59Z,2026-06-25,63,shipped_revenue_usd,seasonal_naive,1.0.0,1.0.0,6318.36,5057.04,7579.68
vintage-20260423-f1_0_0,historical_backtest,2026-04-23,2026-04-23T23:59:59Z,2026-06-26,64,shipped_revenue_usd,seasonal_naive,1.0.0,1.0.0,7016.96,5753.67,8280.25
vintage-20260423-f1_0_0,historical_backtest,2026-04-23,2026-04-23T23:59:59Z,2026-06-27,65,shipped_revenue_usd,seasonal_naive,1.0.0,1.0.0,6022.37,4757.11,7287.63
vintage-20260423-f1_0_0,historical_backtest,2026-04-23,2026-04-23T23:59:59Z,2026-06-28,66,shipped_revenue_usd,seasonal_naive,1.0.0,1.0.0,4600.11,3332.88,5867.34
vintage-20260423-f1_0_0,historical_backtest,2026-04-23,2026-04-23T23:59:59Z,2026-06-29,67,shipped_revenue_usd,seasonal_naive,1.0.0,1.0.0,8828.36,7559.16,10097.56
vintage-20260423-f1_0_0,historical_backtest,2026-04-23,2026-04-23T23:59:59Z,2026-06-30,68,shipped_revenue_usd,seasonal_naive,1.0.0,1.0.0,7561.8,6290.64,8832.96
vintage-20260423-f1_0_0,historical_backtest,2026-04-23,2026-04-23T23:59:59Z,2026-07-01,69,shipped_revenue_usd,seasonal_naive,1.0.0,1.0.0,7933.17,6660.05,9206.29
vintage-20260423-f1_0_0,historical_backtest,2026-04-23,2026-04-23T23:59:59Z,2026-07-02,70,shipped_revenue_usd,seasonal_naive,1.0.0,1.0.0,7938.05,6662.97,9213.13
vintage-20260423-f1_0_0,historical_backtest,2026-04-23,2026-04-23T23:59:59Z,2026-07-03,71,shipped_revenue_usd,seasonal_naive,1.0.0,1.0.0,8253.82,6976.79,9530.85
vintage-20260423-f1_0_0,historical_backtest,2026-04-23,2026-04-23T23:59:59Z,2026-07-04,72,shipped_revenue_usd,seasonal_naive,1.0.0,1.0.0,6033.46,4754.48,7312.44
vintage-20260423-f1_0_0,historical_backtest,2026-04-23,2026-04-23T23:59:59Z,2026-07-05,73,shipped_revenue_usd,seasonal_naive,1.0.0,1.0.0,4608.58,3327.65,5889.51
vintage-20260423-f1_0_0,historical_backtest,2026-04-23,2026-04-23T23:59:59Z,2026-07-06,74,shipped_revenue_usd,seasonal_naive,1.0.0,1.0.0,10613.79,9330.92,11896.66
vintage-20260423-f1_0_0,historical_backtest,2026-04-23,2026-04-23T23:59:59Z,2026-07-07,75,shipped_revenue_usd,seasonal_naive,1.0.0,1.0.0,6081.01,4796.2,7365.82
vintage-20260423-f1_0_0,historical_backtest,2026-04-23,2026-04-23T23:59:59Z,2026-07-08,76,shipped_revenue_usd,seasonal_naive,1.0.0,1.0.0,6428.06,5141.31,7714.81
vintage-20260423-f1_0_0,historical_backtest,2026-04-23,2026-04-23T23:59:59Z,2026-07-09,77,shipped_revenue_usd,seasonal_naive,1.0.0,1.0.0,6679.47,5390.78,7968.16
vintage-20260423-f1_0_0,historical_backtest,2026-04-23,2026-04-23T23:59:59Z,2026-07-10,78,shipped_revenue_usd,seasonal_naive,1.0.0,1.0.0,7386.95,6096.33,8677.57
vintage-20260423-f1_0_0,historical_backtest,2026-04-23,2026-04-23T23:59:59Z,2026-07-11,79,shipped_revenue_usd,seasonal_naive,1.0.0,1.0.0,6044.54,4751.99,7337.09
vintage-20260423-f1_0_0,historical_backtest,2026-04-23,2026-04-23T23:59:59Z,2026-07-12,80,shipped_revenue_usd,seasonal_naive,1.0.0,1.0.0,4617.04,3322.56,5911.52
vintage-20260423-f1_0_0,historical_backtest,2026-04-23,2026-04-23T23:59:59Z,2026-07-13,81,shipped_revenue_usd,seasonal_naive,1.0.0,1.0.0,10654.41,9358.01,11950.81
vintage-20260423-f1_0_0,historical_backtest,2026-04-23,2026-04-23T23:59:59Z,2026-07-14,82,shipped_revenue_usd,seasonal_naive,1.0.0,1.0.0,7351.45,6053.13,8649.77
vintage-20260423-f1_0_0,historical_backtest,2026-04-23,2026-04-23T23:59:59Z,2026-07-15,83,shipped_revenue_usd,seasonal_naive,1.0.0,1.0.0,7533.2,6232.96,8833.44
vintage-20260423-f1_0_0,historical_backtest,2026-04-23,2026-04-23T23:59:59Z,2026-07-16,84,shipped_revenue_usd,seasonal_naive,1.0.0,1.0.0,6983.34,5681.18,8285.5
vintage-20260423-f1_0_0,historical_backtest,2026-04-23,2026-04-23T23:59:59Z,2026-07-17,85,shipped_revenue_usd,seasonal_naive,1.0.0,1.0.0,7699.45,6395.38,9003.52
vintage-20260423-f1_0_0,historical_backtest,2026-04-23,2026-04-23T23:59:59Z,2026-07-18,86,shipped_revenue_usd,seasonal_naive,1.0.0,1.0.0,6055.63,4749.65,7361.61
vintage-20260423-f1_0_0,historical_backtest,2026-04-23,2026-04-23T23:59:59Z,2026-07-19,87,shipped_revenue_usd,seasonal_naive,1.0.0,1.0.0,4625.51,3317.62,5933.4
vintage-20260423-f1_0_0,historical_backtest,2026-04-23,2026-04-23T23:59:59Z,2026-07-20,88,shipped_revenue_usd,seasonal_naive,1.0.0,1.0.0,9567.04,8257.25,10876.83
vintage-20260423-f1_0_0,historical_backtest,2026-04-23,2026-04-23T23:59:59Z,2026-07-21,89,shipped_revenue_usd,seasonal_naive,1.0.0,1.0.0,6718.93,5407.24,8030.62
vintage-20260423-f1_0_0,historical_backtest,2026-04-23,2026-04-23T23:59:59Z,2026-07-22,90,shipped_revenue_usd,seasonal_naive,1.0.0,1.0.0,6948.28,5634.69,8261.87
vintage-20260423-f1_0_0,historical_backtest,2026-04-23,2026-04-23T23:59:59Z,2026-07-23,91,shipped_revenue_usd,seasonal_naive,1.0.0,1.0.0,7039.29,5723.8,8354.78
vintage-20260521-f1_0_0,historical_backtest,2026-05-21,2026-05-21T23:59:59Z,2026-05-22,1,net_revenue_usd,driver_regression,1.0.0,1.0.0,7351.09,7079.62,7622.55
vintage-20260521-f1_0_0,historical_backtest,2026-05-21,2026-05-21T23:59:59Z,2026-05-23,2,net_revenue_usd,driver_regression,1.0.0,1.0.0,7693.28,7421.28,7965.28
vintage-20260521-f1_0_0,historical_backtest,2026-05-21,2026-05-21T23:59:59Z,2026-05-24,3,net_revenue_usd,driver_regression,1.0.0,1.0.0,7085.8,6813.27,7358.32
vintage-20260521-f1_0_0,historical_backtest,2026-05-21,2026-05-21T23:59:59Z,2026-05-25,4,net_revenue_usd,driver_regression,1.0.0,1.0.0,6106.47,5833.43,6379.52
vintage-20260521-f1_0_0,historical_backtest,2026-05-21,2026-05-21T23:59:59Z,2026-05-26,5,net_revenue_usd,driver_regression,1.0.0,1.0.0,6388.79,6115.22,6662.37
vintage-20260521-f1_0_0,historical_backtest,2026-05-21,2026-05-21T23:59:59Z,2026-05-27,6,net_revenue_usd,driver_regression,1.0.0,1.0.0,6800.98,6526.88,7075.07
vintage-20260521-f1_0_0,historical_backtest,2026-05-21,2026-05-21T23:59:59Z,2026-05-28,7,net_revenue_usd,driver_regression,1.0.0,1.0.0,6951.84,6677.22,7226.46
vintage-20260521-f1_0_0,historical_backtest,2026-05-21,2026-05-21T23:59:59Z,2026-05-29,8,net_revenue_usd,driver_regression,1.0.0,1.0.0,7315.07,7039.93,7590.21
vintage-20260521-f1_0_0,historical_backtest,2026-05-21,2026-05-21T23:59:59Z,2026-05-30,9,net_revenue_usd,driver_regression,1.0.0,1.0.0,7780.44,7504.78,8056.1
vintage-20260521-f1_0_0,historical_backtest,2026-05-21,2026-05-21T23:59:59Z,2026-05-31,10,net_revenue_usd,driver_regression,1.0.0,1.0.0,6817.77,6541.59,7093.95
vintage-20260521-f1_0_0,historical_backtest,2026-05-21,2026-05-21T23:59:59Z,2026-06-01,11,net_revenue_usd,driver_regression,1.0.0,1.0.0,6040.74,5764.04,6317.43
vintage-20260521-f1_0_0,historical_backtest,2026-05-21,2026-05-21T23:59:59Z,2026-06-02,12,net_revenue_usd,driver_regression,1.0.0,1.0.0,6618.39,6341.17,6895.6
vintage-20260521-f1_0_0,historical_backtest,2026-05-21,2026-05-21T23:59:59Z,2026-06-03,13,net_revenue_usd,driver_regression,1.0.0,1.0.0,6963.2,6685.47,7240.93
vintage-20260521-f1_0_0,historical_backtest,2026-05-21,2026-05-21T23:59:59Z,2026-06-04,14,net_revenue_usd,driver_regression,1.0.0,1.0.0,6963.05,6684.81,7241.3
vintage-20260521-f1_0_0,historical_backtest,2026-05-21,2026-05-21T23:59:59Z,2026-06-05,15,net_revenue_usd,driver_regression,1.0.0,1.0.0,7475.49,7196.73,7754.25
vintage-20260521-f1_0_0,historical_backtest,2026-05-21,2026-05-21T23:59:59Z,2026-06-06,16,net_revenue_usd,driver_regression,1.0.0,1.0.0,7713.01,7433.73,7992.28
vintage-20260521-f1_0_0,historical_backtest,2026-05-21,2026-05-21T23:59:59Z,2026-06-07,17,net_revenue_usd,driver_regression,1.0.0,1.0.0,6957.35,6677.56,7237.13
vintage-20260521-f1_0_0,historical_backtest,2026-05-21,2026-05-21T23:59:59Z,2026-06-08,18,net_revenue_usd,driver_regression,1.0.0,1.0.0,6249.5,5969.2,6529.8
vintage-20260521-f1_0_0,historical_backtest,2026-05-21,2026-05-21T23:59:59Z,2026-06-09,19,net_revenue_usd,driver_regression,1.0.0,1.0.0,6694.14,6413.33,6974.95
vintage-20260521-f1_0_0,historical_backtest,2026-05-21,2026-05-21T23:59:59Z,2026-06-10,20,net_revenue_usd,driver_regression,1.0.0,1.0.0,6952.27,6670.95,7233.59
vintage-20260521-f1_0_0,historical_backtest,2026-05-21,2026-05-21T23:59:59Z,2026-06-11,21,net_revenue_usd,driver_regression,1.0.0,1.0.0,7153.52,6871.69,7435.35
vintage-20260521-f1_0_0,historical_backtest,2026-05-21,2026-05-21T23:59:59Z,2026-06-12,22,net_revenue_usd,driver_regression,1.0.0,1.0.0,7645.45,7363.11,7927.78
vintage-20260521-f1_0_0,historical_backtest,2026-05-21,2026-05-21T23:59:59Z,2026-06-13,23,net_revenue_usd,driver_regression,1.0.0,1.0.0,7916.65,7633.8,8199.49
vintage-20260521-f1_0_0,historical_backtest,2026-05-21,2026-05-21T23:59:59Z,2026-06-14,24,net_revenue_usd,driver_regression,1.0.0,1.0.0,7734.52,7451.16,8017.87
vintage-20260521-f1_0_0,historical_backtest,2026-05-21,2026-05-21T23:59:59Z,2026-06-15,25,net_revenue_usd,driver_regression,1.0.0,1.0.0,7352.05,7068.2,7635.91
vintage-20260521-f1_0_0,historical_backtest,2026-05-21,2026-05-21T23:59:59Z,2026-06-16,26,net_revenue_usd,driver_regression,1.0.0,1.0.0,7444.79,7160.43,7729.15
vintage-20260521-f1_0_0,historical_backtest,2026-05-21,2026-05-21T23:59:59Z,2026-06-17,27,net_revenue_usd,driver_regression,1.0.0,1.0.0,6798.0,6513.14,7082.87
vintage-20260521-f1_0_0,historical_backtest,2026-05-21,2026-05-21T23:59:59Z,2026-06-18,28,net_revenue_usd,driver_regression,1.0.0,1.0.0,6945.53,6660.17,7230.9
vintage-20260521-f1_0_0,historical_backtest,2026-05-21,2026-05-21T23:59:59Z,2026-06-19,29,net_revenue_usd,driver_regression,1.0.0,1.0.0,7546.81,7260.94,7832.67
vintage-20260521-f1_0_0,historical_backtest,2026-05-21,2026-05-21T23:59:59Z,2026-06-20,30,net_revenue_usd,driver_regression,1.0.0,1.0.0,7732.54,7446.17,8018.9
vintage-20260521-f1_0_0,historical_backtest,2026-05-21,2026-05-21T23:59:59Z,2026-06-21,31,net_revenue_usd,driver_regression,1.0.0,1.0.0,7011.65,6724.78,7298.52
vintage-20260521-f1_0_0,historical_backtest,2026-05-21,2026-05-21T23:59:59Z,2026-06-22,32,net_revenue_usd,driver_regression,1.0.0,1.0.0,6440.93,6153.57,6728.3
vintage-20260521-f1_0_0,historical_backtest,2026-05-21,2026-05-21T23:59:59Z,2026-06-23,33,net_revenue_usd,driver_regression,1.0.0,1.0.0,6739.92,6452.05,7027.78
vintage-20260521-f1_0_0,historical_backtest,2026-05-21,2026-05-21T23:59:59Z,2026-06-24,34,net_revenue_usd,driver_regression,1.0.0,1.0.0,7157.53,6869.16,7445.89
vintage-20260521-f1_0_0,historical_backtest,2026-05-21,2026-05-21T23:59:59Z,2026-06-25,35,net_revenue_usd,driver_regression,1.0.0,1.0.0,7345.38,7056.52,7634.24
vintage-20260521-f1_0_0,historical_backtest,2026-05-21,2026-05-21T23:59:59Z,2026-06-26,36,net_revenue_usd,driver_regression,1.0.0,1.0.0,7583.15,7293.8,7872.51
vintage-20260521-f1_0_0,historical_backtest,2026-05-21,2026-05-21T23:59:59Z,2026-06-27,37,net_revenue_usd,driver_regression,1.0.0,1.0.0,8052.31,7762.46,8342.16
vintage-20260521-f1_0_0,historical_backtest,2026-05-21,2026-05-21T23:59:59Z,2026-06-28,38,net_revenue_usd,driver_regression,1.0.0,1.0.0,7008.67,6718.33,7299.02
vintage-20260521-f1_0_0,historical_backtest,2026-05-21,2026-05-21T23:59:59Z,2026-06-29,39,net_revenue_usd,driver_regression,1.0.0,1.0.0,6443.64,6152.8,6734.47
vintage-20260521-f1_0_0,historical_backtest,2026-05-21,2026-05-21T23:59:59Z,2026-06-30,40,net_revenue_usd,driver_regression,1.0.0,1.0.0,6728.49,6437.16,7019.82
vintage-20260521-f1_0_0,historical_backtest,2026-05-21,2026-05-21T23:59:59Z,2026-07-01,41,net_revenue_usd,driver_regression,1.0.0,1.0.0,8054.8,7762.98,8346.62
vintage-20260521-f1_0_0,historical_backtest,2026-05-21,2026-05-21T23:59:59Z,2026-07-02,42,net_revenue_usd,driver_regression,1.0.0,1.0.0,8268.93,7976.62,8561.24
vintage-20260521-f1_0_0,historical_backtest,2026-05-21,2026-05-21T23:59:59Z,2026-07-03,43,net_revenue_usd,driver_regression,1.0.0,1.0.0,9024.9,8732.09,9317.7
vintage-20260521-f1_0_0,historical_backtest,2026-05-21,2026-05-21T23:59:59Z,2026-07-04,44,net_revenue_usd,driver_regression,1.0.0,1.0.0,9356.99,9063.7,9650.28
vintage-20260521-f1_0_0,historical_backtest,2026-05-21,2026-05-21T23:59:59Z,2026-07-05,45,net_revenue_usd,driver_regression,1.0.0,1.0.0,8378.9,8085.12,8672.68
vintage-20260521-f1_0_0,historical_backtest,2026-05-21,2026-05-21T23:59:59Z,2026-07-06,46,net_revenue_usd,driver_regression,1.0.0,1.0.0,6607.54,6313.27,6901.8
vintage-20260521-f1_0_0,historical_backtest,2026-05-21,2026-05-21T23:59:59Z,2026-07-07,47,net_revenue_usd,driver_regression,1.0.0,1.0.0,7074.57,6779.82,7369.32
vintage-20260521-f1_0_0,historical_backtest,2026-05-21,2026-05-21T23:59:59Z,2026-07-08,48,net_revenue_usd,driver_regression,1.0.0,1.0.0,7387.58,7092.34,7682.81
vintage-20260521-f1_0_0,historical_backtest,2026-05-21,2026-05-21T23:59:59Z,2026-07-09,49,net_revenue_usd,driver_regression,1.0.0,1.0.0,7290.26,6994.54,7585.98
vintage-20260521-f1_0_0,historical_backtest,2026-05-21,2026-05-21T23:59:59Z,2026-07-10,50,net_revenue_usd,driver_regression,1.0.0,1.0.0,7861.18,7564.97,8157.39
vintage-20260521-f1_0_0,historical_backtest,2026-05-21,2026-05-21T23:59:59Z,2026-07-11,51,net_revenue_usd,driver_regression,1.0.0,1.0.0,8188.38,7891.69,8485.07
vintage-20260521-f1_0_0,historical_backtest,2026-05-21,2026-05-21T23:59:59Z,2026-07-12,52,net_revenue_usd,driver_regression,1.0.0,1.0.0,7367.84,7070.66,7665.01
vintage-20260521-f1_0_0,historical_backtest,2026-05-21,2026-05-21T23:59:59Z,2026-07-13,53,net_revenue_usd,driver_regression,1.0.0,1.0.0,6757.92,6460.27,7055.58
vintage-20260521-f1_0_0,historical_backtest,2026-05-21,2026-05-21T23:59:59Z,2026-07-14,54,net_revenue_usd,driver_regression,1.0.0,1.0.0,8021.63,7723.49,8319.76
vintage-20260521-f1_0_0,historical_backtest,2026-05-21,2026-05-21T23:59:59Z,2026-07-15,55,net_revenue_usd,driver_regression,1.0.0,1.0.0,8237.56,7938.94,8536.17
vintage-20260521-f1_0_0,historical_backtest,2026-05-21,2026-05-21T23:59:59Z,2026-07-16,56,net_revenue_usd,driver_regression,1.0.0,1.0.0,8379.27,8080.18,8678.37
vintage-20260521-f1_0_0,historical_backtest,2026-05-21,2026-05-21T23:59:59Z,2026-07-17,57,net_revenue_usd,driver_regression,1.0.0,1.0.0,8004.81,7705.24,8304.39
vintage-20260521-f1_0_0,historical_backtest,2026-05-21,2026-05-21T23:59:59Z,2026-07-18,58,net_revenue_usd,driver_regression,1.0.0,1.0.0,8444.37,8144.32,8744.43
vintage-20260521-f1_0_0,historical_backtest,2026-05-21,2026-05-21T23:59:59Z,2026-07-19,59,net_revenue_usd,driver_regression,1.0.0,1.0.0,7454.83,7154.3,7755.36
vintage-20260521-f1_0_0,historical_backtest,2026-05-21,2026-05-21T23:59:59Z,2026-07-20,60,net_revenue_usd,driver_regression,1.0.0,1.0.0,6887.58,6586.57,7188.58
vintage-20260521-f1_0_0,historical_backtest,2026-05-21,2026-05-21T23:59:59Z,2026-07-21,61,net_revenue_usd,driver_regression,1.0.0,1.0.0,7368.21,7066.73,7669.69
vintage-20260521-f1_0_0,historical_backtest,2026-05-21,2026-05-21T23:59:59Z,2026-07-22,62,net_revenue_usd,driver_regression,1.0.0,1.0.0,7575.77,7273.81,7877.73
vintage-20260521-f1_0_0,historical_backtest,2026-05-21,2026-05-21T23:59:59Z,2026-07-23,63,net_revenue_usd,driver_regression,1.0.0,1.0.0,7852.16,7549.73,8154.59
vintage-20260521-f1_0_0,historical_backtest,2026-05-21,2026-05-21T23:59:59Z,2026-07-24,64,net_revenue_usd,driver_regression,1.0.0,1.0.0,8295.01,7992.11,8597.92
vintage-20260521-f1_0_0,historical_backtest,2026-05-21,2026-05-21T23:59:59Z,2026-07-25,65,net_revenue_usd,driver_regression,1.0.0,1.0.0,8436.84,8133.46,8740.22
vintage-20260521-f1_0_0,historical_backtest,2026-05-21,2026-05-21T23:59:59Z,2026-07-26,66,net_revenue_usd,driver_regression,1.0.0,1.0.0,7771.82,7467.97,8075.67
vintage-20260521-f1_0_0,historical_backtest,2026-05-21,2026-05-21T23:59:59Z,2026-07-27,67,net_revenue_usd,driver_regression,1.0.0,1.0.0,7121.54,6817.22,7425.86
vintage-20260521-f1_0_0,historical_backtest,2026-05-21,2026-05-21T23:59:59Z,2026-07-28,68,net_revenue_usd,driver_regression,1.0.0,1.0.0,7567.81,7263.02,7872.61
vintage-20260521-f1_0_0,historical_backtest,2026-05-21,2026-05-21T23:59:59Z,2026-07-29,69,net_revenue_usd,driver_regression,1.0.0,1.0.0,7668.43,7363.17,7973.69
vintage-20260521-f1_0_0,historical_backtest,2026-05-21,2026-05-21T23:59:59Z,2026-07-30,70,net_revenue_usd,driver_regression,1.0.0,1.0.0,7980.84,7675.11,8286.57
vintage-20260521-f1_0_0,historical_backtest,2026-05-21,2026-05-21T23:59:59Z,2026-07-31,71,net_revenue_usd,driver_regression,1.0.0,1.0.0,8553.72,8247.52,8859.92
vintage-20260521-f1_0_0,historical_backtest,2026-05-21,2026-05-21T23:59:59Z,2026-08-01,72,net_revenue_usd,driver_regression,1.0.0,1.0.0,8841.53,8534.86,9148.19
vintage-20260521-f1_0_0,historical_backtest,2026-05-21,2026-05-21T23:59:59Z,2026-08-02,73,net_revenue_usd,driver_regression,1.0.0,1.0.0,7771.85,7464.71,8078.98
vintage-20260521-f1_0_0,historical_backtest,2026-05-21,2026-05-21T23:59:59Z,2026-08-03,74,net_revenue_usd,driver_regression,1.0.0,1.0.0,7273.34,6965.74,7580.94
vintage-20260521-f1_0_0,historical_backtest,2026-05-21,2026-05-21T23:59:59Z,2026-08-04,75,net_revenue_usd,driver_regression,1.0.0,1.0.0,7419.24,7111.18,7727.31
vintage-20260521-f1_0_0,historical_backtest,2026-05-21,2026-05-21T23:59:59Z,2026-08-05,76,net_revenue_usd,driver_regression,1.0.0,1.0.0,7658.48,7349.95,7967.01
vintage-20260521-f1_0_0,historical_backtest,2026-05-21,2026-05-21T23:59:59Z,2026-08-06,77,net_revenue_usd,driver_regression,1.0.0,1.0.0,8108.73,7799.73,8417.72
vintage-20260521-f1_0_0,historical_backtest,2026-05-21,2026-05-21T23:59:59Z,2026-08-07,78,net_revenue_usd,driver_regression,1.0.0,1.0.0,8732.53,8423.07,9041.99
vintage-20260521-f1_0_0,historical_backtest,2026-05-21,2026-05-21T23:59:59Z,2026-08-08,79,net_revenue_usd,driver_regression,1.0.0,1.0.0,9023.95,8714.03,9333.86
vintage-20260521-f1_0_0,historical_backtest,2026-05-21,2026-05-21T23:59:59Z,2026-08-09,80,net_revenue_usd,driver_regression,1.0.0,1.0.0,7940.44,7630.06,8250.82
vintage-20260521-f1_0_0,historical_backtest,2026-05-21,2026-05-21T23:59:59Z,2026-08-10,81,net_revenue_usd,driver_regression,1.0.0,1.0.0,7223.51,6912.67,7534.36
vintage-20260521-f1_0_0,historical_backtest,2026-05-21,2026-05-21T23:59:59Z,2026-08-11,82,net_revenue_usd,driver_regression,1.0.0,1.0.0,7777.45,7466.15,8088.76
vintage-20260521-f1_0_0,historical_backtest,2026-05-21,2026-05-21T23:59:59Z,2026-08-12,83,net_revenue_usd,driver_regression,1.0.0,1.0.0,8317.19,8005.43,8628.95
vintage-20260521-f1_0_0,historical_backtest,2026-05-21,2026-05-21T23:59:59Z,2026-08-13,84,net_revenue_usd,driver_regression,1.0.0,1.0.0,8027.17,7714.94,8339.39
vintage-20260521-f1_0_0,historical_backtest,2026-05-21,2026-05-21T23:59:59Z,2026-08-14,85,net_revenue_usd,driver_regression,1.0.0,1.0.0,9520.63,9207.95,9833.32
vintage-20260521-f1_0_0,historical_backtest,2026-05-21,2026-05-21T23:59:59Z,2026-08-15,86,net_revenue_usd,driver_regression,1.0.0,1.0.0,10017.92,9704.78,10331.05
vintage-20260521-f1_0_0,historical_backtest,2026-05-21,2026-05-21T23:59:59Z,2026-08-16,87,net_revenue_usd,driver_regression,1.0.0,1.0.0,8912.33,8598.73,9225.92
vintage-20260521-f1_0_0,historical_backtest,2026-05-21,2026-05-21T23:59:59Z,2026-08-17,88,net_revenue_usd,driver_regression,1.0.0,1.0.0,7738.52,7424.46,8052.57
vintage-20260521-f1_0_0,historical_backtest,2026-05-21,2026-05-21T23:59:59Z,2026-08-18,89,net_revenue_usd,driver_regression,1.0.0,1.0.0,7881.92,7567.41,8196.43
vintage-20260521-f1_0_0,historical_backtest,2026-05-21,2026-05-21T23:59:59Z,2026-08-19,90,net_revenue_usd,driver_regression,1.0.0,1.0.0,8406.75,8091.78,8721.71
vintage-20260521-f1_0_0,historical_backtest,2026-05-21,2026-05-21T23:59:59Z,2026-08-20,91,net_revenue_usd,driver_regression,1.0.0,1.0.0,8460.36,8144.94,8775.78
vintage-20260521-f1_0_0,historical_backtest,2026-05-21,2026-05-21T23:59:59Z,2026-05-22,1,shipped_revenue_usd,seasonal_naive,1.0.0,1.0.0,6635.64,5503.45,7767.83
vintage-20260521-f1_0_0,historical_backtest,2026-05-21,2026-05-21T23:59:59Z,2026-05-23,2,shipped_revenue_usd,seasonal_naive,1.0.0,1.0.0,5966.93,4832.54,7101.32
vintage-20260521-f1_0_0,historical_backtest,2026-05-21,2026-05-21T23:59:59Z,2026-05-24,3,shipped_revenue_usd,seasonal_naive,1.0.0,1.0.0,4557.77,3421.19,5694.35
vintage-20260521-f1_0_0,historical_backtest,2026-05-21,2026-05-21T23:59:59Z,2026-05-25,4,shipped_revenue_usd,seasonal_naive,1.0.0,1.0.0,8154.64,7015.86,9293.42
vintage-20260521-f1_0_0,historical_backtest,2026-05-21,2026-05-21T23:59:59Z,2026-05-26,5,shipped_revenue_usd,seasonal_naive,1.0.0,1.0.0,5756.31,4615.35,6897.27
vintage-20260521-f1_0_0,historical_backtest,2026-05-21,2026-05-21T23:59:59Z,2026-05-27,6,shipped_revenue_usd,seasonal_naive,1.0.0,1.0.0,6109.94,4966.8,7253.08
vintage-20260521-f1_0_0,historical_backtest,2026-05-21,2026-05-21T23:59:59Z,2026-05-28,7,shipped_revenue_usd,seasonal_naive,1.0.0,1.0.0,6454.26,5308.94,7599.58
vintage-20260521-f1_0_0,historical_backtest,2026-05-21,2026-05-21T23:59:59Z,2026-05-29,8,shipped_revenue_usd,seasonal_naive,1.0.0,1.0.0,6698.89,5551.39,7846.39
vintage-20260521-f1_0_0,historical_backtest,2026-05-21,2026-05-21T23:59:59Z,2026-05-30,9,shipped_revenue_usd,seasonal_naive,1.0.0,1.0.0,5978.02,4828.35,7127.69
vintage-20260521-f1_0_0,historical_backtest,2026-05-21,2026-05-21T23:59:59Z,2026-05-31,10,shipped_revenue_usd,seasonal_naive,1.0.0,1.0.0,4566.24,3414.41,5718.07
vintage-20260521-f1_0_0,historical_backtest,2026-05-21,2026-05-21T23:59:59Z,2026-06-01,11,shipped_revenue_usd,seasonal_naive,1.0.0,1.0.0,8128.39,6974.4,9282.38
vintage-20260521-f1_0_0,historical_backtest,2026-05-21,2026-05-21T23:59:59Z,2026-06-02,12,shipped_revenue_usd,seasonal_naive,1.0.0,1.0.0,5887.81,4731.66,7043.96
vintage-20260521-f1_0_0,historical_backtest,2026-05-21,2026-05-21T23:59:59Z,2026-06-03,13,shipped_revenue_usd,seasonal_naive,1.0.0,1.0.0,6142.19,4983.88,7300.5
vintage-20260521-f1_0_0,historical_backtest,2026-05-21,2026-05-21T23:59:59Z,2026-06-04,14,shipped_revenue_usd,seasonal_naive,1.0.0,1.0.0,6370.08,5209.62,7530.54
vintage-20260521-f1_0_0,historical_backtest,2026-05-21,2026-05-21T23:59:59Z,2026-06-05,15,shipped_revenue_usd,seasonal_naive,1.0.0,1.0.0,6533.12,5370.52,7695.72
vintage-20260521-f1_0_0,historical_backtest,2026-05-21,2026-05-21T23:59:59Z,2026-06-06,16,shipped_revenue_usd,seasonal_naive,1.0.0,1.0.0,5989.1,4824.36,7153.84
vintage-20260521-f1_0_0,historical_backtest,2026-05-21,2026-05-21T23:59:59Z,2026-06-07,17,shipped_revenue_usd,seasonal_naive,1.0.0,1.0.0,4574.71,3407.83,5741.59
vintage-20260521-f1_0_0,historical_backtest,2026-05-21,2026-05-21T23:59:59Z,2026-06-08,18,shipped_revenue_usd,seasonal_naive,1.0.0,1.0.0,8425.9,7256.88,9594.92
vintage-20260521-f1_0_0,historical_backtest,2026-05-21,2026-05-21T23:59:59Z,2026-06-09,19,shipped_revenue_usd,seasonal_naive,1.0.0,1.0.0,5905.24,4734.09,7076.39
vintage-20260521-f1_0_0,historical_backtest,2026-05-21,2026-05-21T23:59:59Z,2026-06-10,20,shipped_revenue_usd,seasonal_naive,1.0.0,1.0.0,6321.83,5148.56,7495.1
vintage-20260521-f1_0_0,historical_backtest,2026-05-21,2026-05-21T23:59:59Z,2026-06-11,21,shipped_revenue_usd,seasonal_naive,1.0.0,1.0.0,6370.48,5195.08,7545.88
vintage-20260521-f1_0_0,historical_backtest,2026-05-21,2026-05-21T23:59:59Z,2026-06-12,22,shipped_revenue_usd,seasonal_naive,1.0.0,1.0.0,6652.06,5474.55,7829.57
vintage-20260521-f1_0_0,historical_backtest,2026-05-21,2026-05-21T23:59:59Z,2026-06-13,23,shipped_revenue_usd,seasonal_naive,1.0.0,1.0.0,6000.19,4820.56,7179.82
vintage-20260521-f1_0_0,historical_backtest,2026-05-21,2026-05-21T23:59:59Z,2026-06-14,24,shipped_revenue_usd,seasonal_naive,1.0.0,1.0.0,4583.17,3401.43,5764.91
vintage-20260521-f1_0_0,historical_backtest,2026-05-21,2026-05-21T23:59:59Z,2026-06-15,25,shipped_revenue_usd,seasonal_naive,1.0.0,1.0.0,10846.85,9663.0,12030.7
vintage-20260521-f1_0_0,historical_backtest,2026-05-21,2026-05-21T23:59:59Z,2026-06-16,26,shipped_revenue_usd,seasonal_naive,1.0.0,1.0.0,5847.21,4661.26,7033.16
vintage-20260521-f1_0_0,historical_backtest,2026-05-21,2026-05-21T23:59:59Z,2026-06-17,27,shipped_revenue_usd,seasonal_naive,1.0.0,1.0.0,6379.22,5191.17,7567.27
vintage-20260521-f1_0_0,historical_backtest,2026-05-21,2026-05-21T23:59:59Z,2026-06-18,28,shipped_revenue_usd,seasonal_naive,1.0.0,1.0.0,6281.88,5091.73,7472.03
vintage-20260521-f1_0_0,historical_backtest,2026-05-21,2026-05-21T23:59:59Z,2026-06-19,29,shipped_revenue_usd,seasonal_naive,1.0.0,1.0.0,6922.35,5730.11,8114.59
vintage-20260521-f1_0_0,historical_backtest,2026-05-21,2026-05-21T23:59:59Z,2026-06-20,30,shipped_revenue_usd,seasonal_naive,1.0.0,1.0.0,6011.28,4816.95,7205.61
vintage-20260521-f1_0_0,historical_backtest,2026-05-21,2026-05-21T23:59:59Z,2026-06-21,31,shipped_revenue_usd,seasonal_naive,1.0.0,1.0.0,4591.64,3395.23,5788.05
vintage-20260521-f1_0_0,historical_backtest,2026-05-21,2026-05-21T23:59:59Z,2026-06-22,32,shipped_revenue_usd,seasonal_naive,1.0.0,1.0.0,8598.66,7400.17,9797.15
vintage-20260521-f1_0_0,historical_backtest,2026-05-21,2026-05-21T23:59:59Z,2026-06-23,33,shipped_revenue_usd,seasonal_naive,1.0.0,1.0.0,5943.36,4742.79,7143.93
vintage-20260521-f1_0_0,historical_backtest,2026-05-21,2026-05-21T23:59:59Z,2026-06-24,34,shipped_revenue_usd,seasonal_naive,1.0.0,1.0.0,6155.61,4952.96,7358.26
vintage-20260521-f1_0_0,historical_backtest,2026-05-21,2026-05-21T23:59:59Z,2026-06-25,35,shipped_revenue_usd,seasonal_naive,1.0.0,1.0.0,6318.36,5113.64,7523.08
vintage-20260521-f1_0_0,historical_backtest,2026-05-21,2026-05-21T23:59:59Z,2026-06-26,36,shipped_revenue_usd,seasonal_naive,1.0.0,1.0.0,7016.96,5810.18,8223.74
vintage-20260521-f1_0_0,historical_backtest,2026-05-21,2026-05-21T23:59:59Z,2026-06-27,37,shipped_revenue_usd,seasonal_naive,1.0.0,1.0.0,6022.37,4813.52,7231.22
vintage-20260521-f1_0_0,historical_backtest,2026-05-21,2026-05-21T23:59:59Z,2026-06-28,38,shipped_revenue_usd,seasonal_naive,1.0.0,1.0.0,4600.11,3389.2,5811.02
vintage-20260521-f1_0_0,historical_backtest,2026-05-21,2026-05-21T23:59:59Z,2026-06-29,39,shipped_revenue_usd,seasonal_naive,1.0.0,1.0.0,8828.36,7615.4,10041.32
vintage-20260521-f1_0_0,historical_backtest,2026-05-21,2026-05-21T23:59:59Z,2026-06-30,40,shipped_revenue_usd,seasonal_naive,1.0.0,1.0.0,7561.8,6346.78,8776.82
vintage-20260521-f1_0_0,historical_backtest,2026-05-21,2026-05-21T23:59:59Z,2026-07-01,41,shipped_revenue_usd,seasonal_naive,1.0.0,1.0.0,7933.17,6716.1,9150.24
vintage-20260521-f1_0_0,historical_backtest,2026-05-21,2026-05-21T23:59:59Z,2026-07-02,42,shipped_revenue_usd,seasonal_naive,1.0.0,1.0.0,7938.05,6718.94,9157.16
vintage-20260521-f1_0_0,historical_backtest,2026-05-21,2026-05-21T23:59:59Z,2026-07-03,43,shipped_revenue_usd,seasonal_naive,1.0.0,1.0.0,8253.82,7032.66,9474.98
vintage-20260521-f1_0_0,historical_backtest,2026-05-21,2026-05-21T23:59:59Z,2026-07-04,44,shipped_revenue_usd,seasonal_naive,1.0.0,1.0.0,6033.46,4810.26,7256.66
vintage-20260521-f1_0_0,historical_backtest,2026-05-21,2026-05-21T23:59:59Z,2026-07-05,45,shipped_revenue_usd,seasonal_naive,1.0.0,1.0.0,4608.58,3383.35,5833.81
vintage-20260521-f1_0_0,historical_backtest,2026-05-21,2026-05-21T23:59:59Z,2026-07-06,46,shipped_revenue_usd,seasonal_naive,1.0.0,1.0.0,10613.79,9386.53,11841.05
vintage-20260521-f1_0_0,historical_backtest,2026-05-21,2026-05-21T23:59:59Z,2026-07-07,47,shipped_revenue_usd,seasonal_naive,1.0.0,1.0.0,6081.01,4851.72,7310.3
vintage-20260521-f1_0_0,historical_backtest,2026-05-21,2026-05-21T23:59:59Z,2026-07-08,48,shipped_revenue_usd,seasonal_naive,1.0.0,1.0.0,6428.06,5196.74,7659.38
vintage-20260521-f1_0_0,historical_backtest,2026-05-21,2026-05-21T23:59:59Z,2026-07-09,49,shipped_revenue_usd,seasonal_naive,1.0.0,1.0.0,6679.47,5446.13,7912.81
vintage-20260521-f1_0_0,historical_backtest,2026-05-21,2026-05-21T23:59:59Z,2026-07-10,50,shipped_revenue_usd,seasonal_naive,1.0.0,1.0.0,7386.95,6151.59,8622.31
vintage-20260521-f1_0_0,historical_backtest,2026-05-21,2026-05-21T23:59:59Z,2026-07-11,51,shipped_revenue_usd,seasonal_naive,1.0.0,1.0.0,6044.54,4807.16,7281.92
vintage-20260521-f1_0_0,historical_backtest,2026-05-21,2026-05-21T23:59:59Z,2026-07-12,52,shipped_revenue_usd,seasonal_naive,1.0.0,1.0.0,4617.04,3377.65,5856.43
vintage-20260521-f1_0_0,historical_backtest,2026-05-21,2026-05-21T23:59:59Z,2026-07-13,53,shipped_revenue_usd,seasonal_naive,1.0.0,1.0.0,10654.41,9413.01,11895.81
vintage-20260521-f1_0_0,historical_backtest,2026-05-21,2026-05-21T23:59:59Z,2026-07-14,54,shipped_revenue_usd,seasonal_naive,1.0.0,1.0.0,7351.45,6108.04,8594.86
vintage-20260521-f1_0_0,historical_backtest,2026-05-21,2026-05-21T23:59:59Z,2026-07-15,55,shipped_revenue_usd,seasonal_naive,1.0.0,1.0.0,7533.2,6287.79,8778.61
vintage-20260521-f1_0_0,historical_backtest,2026-05-21,2026-05-21T23:59:59Z,2026-07-16,56,shipped_revenue_usd,seasonal_naive,1.0.0,1.0.0,6983.34,5735.93,8230.75
vintage-20260521-f1_0_0,historical_backtest,2026-05-21,2026-05-21T23:59:59Z,2026-07-17,57,shipped_revenue_usd,seasonal_naive,1.0.0,1.0.0,7699.45,6450.04,8948.86
vintage-20260521-f1_0_0,historical_backtest,2026-05-21,2026-05-21T23:59:59Z,2026-07-18,58,shipped_revenue_usd,seasonal_naive,1.0.0,1.0.0,6055.63,4804.23,7307.03
vintage-20260521-f1_0_0,historical_backtest,2026-05-21,2026-05-21T23:59:59Z,2026-07-19,59,shipped_revenue_usd,seasonal_naive,1.0.0,1.0.0,4625.51,3372.12,5878.9
vintage-20260521-f1_0_0,historical_backtest,2026-05-21,2026-05-21T23:59:59Z,2026-07-20,60,shipped_revenue_usd,seasonal_naive,1.0.0,1.0.0,9567.04,8311.66,10822.42
vintage-20260521-f1_0_0,historical_backtest,2026-05-21,2026-05-21T23:59:59Z,2026-07-21,61,shipped_revenue_usd,seasonal_naive,1.0.0,1.0.0,6718.93,5461.57,7976.29
vintage-20260521-f1_0_0,historical_backtest,2026-05-21,2026-05-21T23:59:59Z,2026-07-22,62,shipped_revenue_usd,seasonal_naive,1.0.0,1.0.0,6948.28,5688.94,8207.62
vintage-20260521-f1_0_0,historical_backtest,2026-05-21,2026-05-21T23:59:59Z,2026-07-23,63,shipped_revenue_usd,seasonal_naive,1.0.0,1.0.0,7039.29,5777.97,8300.61
vintage-20260521-f1_0_0,historical_backtest,2026-05-21,2026-05-21T23:59:59Z,2026-07-24,64,shipped_revenue_usd,seasonal_naive,1.0.0,1.0.0,7552.14,6288.85,8815.43
vintage-20260521-f1_0_0,historical_backtest,2026-05-21,2026-05-21T23:59:59Z,2026-07-25,65,shipped_revenue_usd,seasonal_naive,1.0.0,1.0.0,6066.72,4801.46,7331.98
vintage-20260521-f1_0_0,historical_backtest,2026-05-21,2026-05-21T23:59:59Z,2026-07-26,66,shipped_revenue_usd,seasonal_naive,1.0.0,1.0.0,4633.98,3366.75,5901.21
vintage-20260521-f1_0_0,historical_backtest,2026-05-21,2026-05-21T23:59:59Z,2026-07-27,67,shipped_revenue_usd,seasonal_naive,1.0.0,1.0.0,10537.24,9268.04,11806.44
vintage-20260521-f1_0_0,historical_backtest,2026-05-21,2026-05-21T23:59:59Z,2026-07-28,68,shipped_revenue_usd,seasonal_naive,1.0.0,1.0.0,6808.66,5537.5,8079.82
vintage-20260521-f1_0_0,historical_backtest,2026-05-21,2026-05-21T23:59:59Z,2026-07-29,69,shipped_revenue_usd,seasonal_naive,1.0.0,1.0.0,7143.12,5870.0,8416.24
vintage-20260521-f1_0_0,historical_backtest,2026-05-21,2026-05-21T23:59:59Z,2026-07-30,70,shipped_revenue_usd,seasonal_naive,1.0.0,1.0.0,7289.57,6014.49,8564.65
vintage-20260521-f1_0_0,historical_backtest,2026-05-21,2026-05-21T23:59:59Z,2026-07-31,71,shipped_revenue_usd,seasonal_naive,1.0.0,1.0.0,7778.86,6501.83,9055.89
vintage-20260521-f1_0_0,historical_backtest,2026-05-21,2026-05-21T23:59:59Z,2026-08-01,72,shipped_revenue_usd,seasonal_naive,1.0.0,1.0.0,6077.81,4798.83,7356.79
vintage-20260521-f1_0_0,historical_backtest,2026-05-21,2026-05-21T23:59:59Z,2026-08-02,73,shipped_revenue_usd,seasonal_naive,1.0.0,1.0.0,4642.44,3361.51,5923.37
vintage-20260521-f1_0_0,historical_backtest,2026-05-21,2026-05-21T23:59:59Z,2026-08-03,74,shipped_revenue_usd,seasonal_naive,1.0.0,1.0.0,10596.52,9313.65,11879.39
vintage-20260521-f1_0_0,historical_backtest,2026-05-21,2026-05-21T23:59:59Z,2026-08-04,75,shipped_revenue_usd,seasonal_naive,1.0.0,1.0.0,6819.71,5534.9,8104.52
vintage-20260521-f1_0_0,historical_backtest,2026-05-21,2026-05-21T23:59:59Z,2026-08-05,76,shipped_revenue_usd,seasonal_naive,1.0.0,1.0.0,7219.43,5932.68,8506.18
vintage-20260521-f1_0_0,historical_backtest,2026-05-21,2026-05-21T23:59:59Z,2026-08-06,77,shipped_revenue_usd,seasonal_naive,1.0.0,1.0.0,7413.86,6125.17,8702.55
vintage-20260521-f1_0_0,historical_backtest,2026-05-21,2026-05-21T23:59:59Z,2026-08-07,78,shipped_revenue_usd,seasonal_naive,1.0.0,1.0.0,7866.74,6576.12,9157.36
vintage-20260521-f1_0_0,historical_backtest,2026-05-21,2026-05-21T23:59:59Z,2026-08-08,79,shipped_revenue_usd,seasonal_naive,1.0.0,1.0.0,6088.9,4796.35,7381.45
vintage-20260521-f1_0_0,historical_backtest,2026-05-21,2026-05-21T23:59:59Z,2026-08-09,80,shipped_revenue_usd,seasonal_naive,1.0.0,1.0.0,4650.91,3356.43,5945.39
vintage-20260521-f1_0_0,historical_backtest,2026-05-21,2026-05-21T23:59:59Z,2026-08-10,81,shipped_revenue_usd,seasonal_naive,1.0.0,1.0.0,11166.53,9870.13,12462.93
vintage-20260521-f1_0_0,historical_backtest,2026-05-21,2026-05-21T23:59:59Z,2026-08-11,82,shipped_revenue_usd,seasonal_naive,1.0.0,1.0.0,7160.33,5862.01,8458.65
vintage-20260521-f1_0_0,historical_backtest,2026-05-21,2026-05-21T23:59:59Z,2026-08-12,83,shipped_revenue_usd,seasonal_naive,1.0.0,1.0.0,7346.94,6046.7,8647.18
vintage-20260521-f1_0_0,historical_backtest,2026-05-21,2026-05-21T23:59:59Z,2026-08-13,84,shipped_revenue_usd,seasonal_naive,1.0.0,1.0.0,8324.99,7022.83,9627.15
vintage-20260521-f1_0_0,historical_backtest,2026-05-21,2026-05-21T23:59:59Z,2026-08-14,85,shipped_revenue_usd,seasonal_naive,1.0.0,1.0.0,9094.2,7790.13,10398.27
vintage-20260521-f1_0_0,historical_backtest,2026-05-21,2026-05-21T23:59:59Z,2026-08-15,86,shipped_revenue_usd,seasonal_naive,1.0.0,1.0.0,6099.98,4794.0,7405.96
vintage-20260521-f1_0_0,historical_backtest,2026-05-21,2026-05-21T23:59:59Z,2026-08-16,87,shipped_revenue_usd,seasonal_naive,1.0.0,1.0.0,4659.38,3351.49,5967.27
vintage-20260521-f1_0_0,historical_backtest,2026-05-21,2026-05-21T23:59:59Z,2026-08-17,88,shipped_revenue_usd,seasonal_naive,1.0.0,1.0.0,11984.37,10674.58,13294.16
vintage-20260521-f1_0_0,historical_backtest,2026-05-21,2026-05-21T23:59:59Z,2026-08-18,89,shipped_revenue_usd,seasonal_naive,1.0.0,1.0.0,8297.14,6985.45,9608.83
vintage-20260521-f1_0_0,historical_backtest,2026-05-21,2026-05-21T23:59:59Z,2026-08-19,90,shipped_revenue_usd,seasonal_naive,1.0.0,1.0.0,7730.11,6416.52,9043.7
vintage-20260521-f1_0_0,historical_backtest,2026-05-21,2026-05-21T23:59:59Z,2026-08-20,91,shipped_revenue_usd,seasonal_naive,1.0.0,1.0.0,7809.33,6493.84,9124.82
vintage-20260820-f1_0_0,current_plan,2026-08-20,2026-08-20T23:59:59Z,2026-08-21,1,net_revenue_usd,driver_regression,1.0.0,1.0.0,9121.0,8855.59,9386.42
vintage-20260820-f1_0_0,current_plan,2026-08-20,2026-08-20T23:59:59Z,2026-08-22,2,net_revenue_usd,driver_regression,1.0.0,1.0.0,8950.59,8684.66,9216.52
vintage-20260820-f1_0_0,current_plan,2026-08-20,2026-08-20T23:59:59Z,2026-08-23,3,net_revenue_usd,driver_regression,1.0.0,1.0.0,8355.64,8089.19,8622.08
vintage-20260820-f1_0_0,current_plan,2026-08-20,2026-08-20T23:59:59Z,2026-08-24,4,net_revenue_usd,driver_regression,1.0.0,1.0.0,7717.56,7450.6,7984.52
vintage-20260820-f1_0_0,current_plan,2026-08-20,2026-08-20T23:59:59Z,2026-08-25,5,net_revenue_usd,driver_regression,1.0.0,1.0.0,8205.91,7938.44,8473.38
vintage-20260820-f1_0_0,current_plan,2026-08-20,2026-08-20T23:59:59Z,2026-08-26,6,net_revenue_usd,driver_regression,1.0.0,1.0.0,8479.73,8211.74,8747.71
vintage-20260820-f1_0_0,current_plan,2026-08-20,2026-08-20T23:59:59Z,2026-08-27,7,net_revenue_usd,driver_regression,1.0.0,1.0.0,8685.05,8416.56,8953.54
vintage-20260820-f1_0_0,current_plan,2026-08-20,2026-08-20T23:59:59Z,2026-08-28,8,net_revenue_usd,driver_regression,1.0.0,1.0.0,9228.13,8959.12,9497.13
vintage-20260820-f1_0_0,current_plan,2026-08-20,2026-08-20T23:59:59Z,2026-08-29,9,net_revenue_usd,driver_regression,1.0.0,1.0.0,9216.05,8946.54,9485.56
vintage-20260820-f1_0_0,current_plan,2026-08-20,2026-08-20T23:59:59Z,2026-08-30,10,net_revenue_usd,driver_regression,1.0.0,1.0.0,8518.29,8248.27,8788.31
vintage-20260820-f1_0_0,current_plan,2026-08-20,2026-08-20T23:59:59Z,2026-08-31,11,net_revenue_usd,driver_regression,1.0.0,1.0.0,7949.77,7679.24,8220.3
vintage-20260820-f1_0_0,current_plan,2026-08-20,2026-08-20T23:59:59Z,2026-09-01,12,net_revenue_usd,driver_regression,1.0.0,1.0.0,8352.83,8081.8,8623.86
vintage-20260820-f1_0_0,current_plan,2026-08-20,2026-08-20T23:59:59Z,2026-09-02,13,net_revenue_usd,driver_regression,1.0.0,1.0.0,8478.26,8206.72,8749.8
vintage-20260820-f1_0_0,current_plan,2026-08-20,2026-08-20T23:59:59Z,2026-09-03,14,net_revenue_usd,driver_regression,1.0.0,1.0.0,8557.76,8285.72,8829.8
vintage-20260820-f1_0_0,current_plan,2026-08-20,2026-08-20T23:59:59Z,2026-09-04,15,net_revenue_usd,driver_regression,1.0.0,1.0.0,9337.81,9065.27,9610.35
vintage-20260820-f1_0_0,current_plan,2026-08-20,2026-08-20T23:59:59Z,2026-09-05,16,net_revenue_usd,driver_regression,1.0.0,1.0.0,9476.49,9203.45,9749.54
vintage-20260820-f1_0_0,current_plan,2026-08-20,2026-08-20T23:59:59Z,2026-09-06,17,net_revenue_usd,driver_regression,1.0.0,1.0.0,8835.06,8561.51,9108.61
vintage-20260820-f1_0_0,current_plan,2026-08-20,2026-08-20T23:59:59Z,2026-09-07,18,net_revenue_usd,driver_regression,1.0.0,1.0.0,8050.15,7776.1,8324.19
vintage-20260820-f1_0_0,current_plan,2026-08-20,2026-08-20T23:59:59Z,2026-09-08,19,net_revenue_usd,driver_regression,1.0.0,1.0.0,8654.69,8380.14,8929.24
vintage-20260820-f1_0_0,current_plan,2026-08-20,2026-08-20T23:59:59Z,2026-09-09,20,net_revenue_usd,driver_regression,1.0.0,1.0.0,8805.86,8530.81,9080.9
vintage-20260820-f1_0_0,current_plan,2026-08-20,2026-08-20T23:59:59Z,2026-09-10,21,net_revenue_usd,driver_regression,1.0.0,1.0.0,8911.15,8635.61,9186.7
vintage-20260820-f1_0_0,current_plan,2026-08-20,2026-08-20T23:59:59Z,2026-09-11,22,net_revenue_usd,driver_regression,1.0.0,1.0.0,9475.27,9199.23,9751.31
vintage-20260820-f1_0_0,current_plan,2026-08-20,2026-08-20T23:59:59Z,2026-09-12,23,net_revenue_usd,driver_regression,1.0.0,1.0.0,9874.53,9598.0,10151.07
vintage-20260820-f1_0_0,current_plan,2026-08-20,2026-08-20T23:59:59Z,2026-09-13,24,net_revenue_usd,driver_regression,1.0.0,1.0.0,9995.09,9718.06,10272.12
vintage-20260820-f1_0_0,current_plan,2026-08-20,2026-08-20T23:59:59Z,2026-09-14,25,net_revenue_usd,driver_regression,1.0.0,1.0.0,9612.05,9334.52,9889.57
vintage-20260820-f1_0_0,current_plan,2026-08-20,2026-08-20T23:59:59Z,2026-09-15,26,net_revenue_usd,driver_regression,1.0.0,1.0.0,9651.79,9373.77,9929.81
vintage-20260820-f1_0_0,current_plan,2026-08-20,2026-08-20T23:59:59Z,2026-09-16,27,net_revenue_usd,driver_regression,1.0.0,1.0.0,9189.34,8910.83,9467.85
vintage-20260820-f1_0_0,current_plan,2026-08-20,2026-08-20T23:59:59Z,2026-09-17,28,net_revenue_usd,driver_regression,1.0.0,1.0.0,9277.56,8998.55,9556.56
vintage-20260820-f1_0_0,current_plan,2026-08-20,2026-08-20T23:59:59Z,2026-09-18,29,net_revenue_usd,driver_regression,1.0.0,1.0.0,9605.8,9326.31,9885.29
vintage-20260820-f1_0_0,current_plan,2026-08-20,2026-08-20T23:59:59Z,2026-09-19,30,net_revenue_usd,driver_regression,1.0.0,1.0.0,10051.02,9771.04,10331.0
vintage-20260820-f1_0_0,current_plan,2026-08-20,2026-08-20T23:59:59Z,2026-09-20,31,net_revenue_usd,driver_regression,1.0.0,1.0.0,8964.57,8684.1,9245.04
vintage-20260820-f1_0_0,current_plan,2026-08-20,2026-08-20T23:59:59Z,2026-09-21,32,net_revenue_usd,driver_regression,1.0.0,1.0.0,8638.73,8357.77,8919.69
vintage-20260820-f1_0_0,current_plan,2026-08-20,2026-08-20T23:59:59Z,2026-09-22,33,net_revenue_usd,driver_regression,1.0.0,1.0.0,9054.92,8773.47,9336.36
vintage-20260820-f1_0_0,current_plan,2026-08-20,2026-08-20T23:59:59Z,2026-09-23,34,net_revenue_usd,driver_regression,1.0.0,1.0.0,9034.29,8752.35,9316.22
vintage-20260820-f1_0_0,current_plan,2026-08-20,2026-08-20T23:59:59Z,2026-09-24,35,net_revenue_usd,driver_regression,1.0.0,1.0.0,9375.86,9093.44,9658.28
vintage-20260820-f1_0_0,current_plan,2026-08-20,2026-08-20T23:59:59Z,2026-09-25,36,net_revenue_usd,driver_regression,1.0.0,1.0.0,9956.04,9673.14,10238.94
vintage-20260820-f1_0_0,current_plan,2026-08-20,2026-08-20T23:59:59Z,2026-09-26,37,net_revenue_usd,driver_regression,1.0.0,1.0.0,10370.68,10087.29,10654.06
vintage-20260820-f1_0_0,current_plan,2026-08-20,2026-08-20T23:59:59Z,2026-09-27,38,net_revenue_usd,driver_regression,1.0.0,1.0.0,9055.4,8771.53,9339.27
vintage-20260820-f1_0_0,current_plan,2026-08-20,2026-08-20T23:59:59Z,2026-09-28,39,net_revenue_usd,driver_regression,1.0.0,1.0.0,8694.94,8410.59,8979.29
vintage-20260820-f1_0_0,current_plan,2026-08-20,2026-08-20T23:59:59Z,2026-09-29,40,net_revenue_usd,driver_regression,1.0.0,1.0.0,9368.79,9083.96,9653.62
vintage-20260820-f1_0_0,current_plan,2026-08-20,2026-08-20T23:59:59Z,2026-09-30,41,net_revenue_usd,driver_regression,1.0.0,1.0.0,9492.55,9207.23,9777.86
vintage-20260820-f1_0_0,current_plan,2026-08-20,2026-08-20T23:59:59Z,2026-10-01,42,net_revenue_usd,driver_regression,1.0.0,1.0.0,9513.41,9227.62,9799.2
vintage-20260820-f1_0_0,current_plan,2026-08-20,2026-08-20T23:59:59Z,2026-10-02,43,net_revenue_usd,driver_regression,1.0.0,1.0.0,9980.3,9694.03,10266.57
vintage-20260820-f1_0_0,current_plan,2026-08-20,2026-08-20T23:59:59Z,2026-10-03,44,net_revenue_usd,driver_regression,1.0.0,1.0.0,10353.57,10066.82,10640.32
vintage-20260820-f1_0_0,current_plan,2026-08-20,2026-08-20T23:59:59Z,2026-10-04,45,net_revenue_usd,driver_regression,1.0.0,1.0.0,9371.6,9084.37,9658.82
vintage-20260820-f1_0_0,current_plan,2026-08-20,2026-08-20T23:59:59Z,2026-10-05,46,net_revenue_usd,driver_regression,1.0.0,1.0.0,9036.31,8748.61,9324.01
vintage-20260820-f1_0_0,current_plan,2026-08-20,2026-08-20T23:59:59Z,2026-10-06,47,net_revenue_usd,driver_regression,1.0.0,1.0.0,9255.39,8967.21,9543.57
vintage-20260820-f1_0_0,current_plan,2026-08-20,2026-08-20T23:59:59Z,2026-10-07,48,net_revenue_usd,driver_regression,1.0.0,1.0.0,9947.14,9658.48,10235.79
vintage-20260820-f1_0_0,current_plan,2026-08-20,2026-08-20T23:59:59Z,2026-10-08,49,net_revenue_usd,driver_regression,1.0.0,1.0.0,9927.89,9638.76,10217.01
vintage-20260820-f1_0_0,current_plan,2026-08-20,2026-08-20T23:59:59Z,2026-10-09,50,net_revenue_usd,driver_regression,1.0.0,1.0.0,10198.19,9908.59,10487.79
vintage-20260820-f1_0_0,current_plan,2026-08-20,2026-08-20T23:59:59Z,2026-10-10,51,net_revenue_usd,driver_regression,1.0.0,1.0.0,10288.47,9998.4,10578.55
vintage-20260820-f1_0_0,current_plan,2026-08-20,2026-08-20T23:59:59Z,2026-10-11,52,net_revenue_usd,driver_regression,1.0.0,1.0.0,9856.93,9566.38,10147.47
vintage-20260820-f1_0_0,current_plan,2026-08-20,2026-08-20T23:59:59Z,2026-10-12,53,net_revenue_usd,driver_regression,1.0.0,1.0.0,8832.85,8541.83,9123.87
vintage-20260820-f1_0_0,current_plan,2026-08-20,2026-08-20T23:59:59Z,2026-10-13,54,net_revenue_usd,driver_regression,1.0.0,1.0.0,10505.97,10214.48,10797.45
vintage-20260820-f1_0_0,current_plan,2026-08-20,2026-08-20T23:59:59Z,2026-10-14,55,net_revenue_usd,driver_regression,1.0.0,1.0.0,10655.53,10363.57,10947.49
vintage-20260820-f1_0_0,current_plan,2026-08-20,2026-08-20T23:59:59Z,2026-10-15,56,net_revenue_usd,driver_regression,1.0.0,1.0.0,11263.7,10971.28,11556.13
vintage-20260820-f1_0_0,current_plan,2026-08-20,2026-08-20T23:59:59Z,2026-10-16,57,net_revenue_usd,driver_regression,1.0.0,1.0.0,10371.47,10078.57,10664.36
vintage-20260820-f1_0_0,current_plan,2026-08-20,2026-08-20T23:59:59Z,2026-10-17,58,net_revenue_usd,driver_regression,1.0.0,1.0.0,10497.0,10203.64,10790.36
vintage-20260820-f1_0_0,current_plan,2026-08-20,2026-08-20T23:59:59Z,2026-10-18,59,net_revenue_usd,driver_regression,1.0.0,1.0.0,9980.67,9686.85,10274.5
vintage-20260820-f1_0_0,current_plan,2026-08-20,2026-08-20T23:59:59Z,2026-10-19,60,net_revenue_usd,driver_regression,1.0.0,1.0.0,8953.74,8659.45,9248.03
vintage-20260820-f1_0_0,current_plan,2026-08-20,2026-08-20T23:59:59Z,2026-10-20,61,net_revenue_usd,driver_regression,1.0.0,1.0.0,9313.39,9018.64,9608.15
vintage-20260820-f1_0_0,current_plan,2026-08-20,2026-08-20T23:59:59Z,2026-10-21,62,net_revenue_usd,driver_regression,1.0.0,1.0.0,9573.77,9278.55,9868.99
vintage-20260820-f1_0_0,current_plan,2026-08-20,2026-08-20T23:59:59Z,2026-10-22,63,net_revenue_usd,driver_regression,1.0.0,1.0.0,10100.13,9804.45,10395.82
vintage-20260820-f1_0_0,current_plan,2026-08-20,2026-08-20T23:59:59Z,2026-10-23,64,net_revenue_usd,driver_regression,1.0.0,1.0.0,10455.48,10159.33,10751.62
vintage-20260820-f1_0_0,current_plan,2026-08-20,2026-08-20T23:59:59Z,2026-10-24,65,net_revenue_usd,driver_regression,1.0.0,1.0.0,10505.69,10209.08,10802.3
vintage-20260820-f1_0_0,current_plan,2026-08-20,2026-08-20T23:59:59Z,2026-10-25,66,net_revenue_usd,driver_regression,1.0.0,1.0.0,10049.16,9752.09,10346.23
vintage-20260820-f1_0_0,current_plan,2026-08-20,2026-08-20T23:59:59Z,2026-10-26,67,net_revenue_usd,driver_regression,1.0.0,1.0.0,8959.06,8661.52,9256.59
vintage-20260820-f1_0_0,current_plan,2026-08-20,2026-08-20T23:59:59Z,2026-10-27,68,net_revenue_usd,driver_regression,1.0.0,1.0.0,9724.62,9426.62,10022.61
vintage-20260820-f1_0_0,current_plan,2026-08-20,2026-08-20T23:59:59Z,2026-10-28,69,net_revenue_usd,driver_regression,1.0.0,1.0.0,9774.06,9475.61,10072.51
vintage-20260820-f1_0_0,current_plan,2026-08-20,2026-08-20T23:59:59Z,2026-10-29,70,net_revenue_usd,driver_regression,1.0.0,1.0.0,10122.37,9823.46,10421.28
vintage-20260820-f1_0_0,current_plan,2026-08-20,2026-08-20T23:59:59Z,2026-10-30,71,net_revenue_usd,driver_regression,1.0.0,1.0.0,10691.19,10391.82,10990.56
vintage-20260820-f1_0_0,current_plan,2026-08-20,2026-08-20T23:59:59Z,2026-10-31,72,net_revenue_usd,driver_regression,1.0.0,1.0.0,10704.71,10404.89,11004.54
vintage-20260820-f1_0_0,current_plan,2026-08-20,2026-08-20T23:59:59Z,2026-11-01,73,net_revenue_usd,driver_regression,1.0.0,1.0.0,9906.09,9605.81,10206.37
vintage-20260820-f1_0_0,current_plan,2026-08-20,2026-08-20T23:59:59Z,2026-11-02,74,net_revenue_usd,driver_regression,1.0.0,1.0.0,9310.81,9010.07,9611.55
vintage-20260820-f1_0_0,current_plan,2026-08-20,2026-08-20T23:59:59Z,2026-11-03,75,net_revenue_usd,driver_regression,1.0.0,1.0.0,9399.63,9098.43,9700.82
vintage-20260820-f1_0_0,current_plan,2026-08-20,2026-08-20T23:59:59Z,2026-11-04,76,net_revenue_usd,driver_regression,1.0.0,1.0.0,9730.7,9429.05,10032.34
vintage-20260820-f1_0_0,current_plan,2026-08-20,2026-08-20T23:59:59Z,2026-11-05,77,net_revenue_usd,driver_regression,1.0.0,1.0.0,10307.34,10005.24,10609.44
vintage-20260820-f1_0_0,current_plan,2026-08-20,2026-08-20T23:59:59Z,2026-11-06,78,net_revenue_usd,driver_regression,1.0.0,1.0.0,10317.73,10015.17,10620.28
vintage-20260820-f1_0_0,current_plan,2026-08-20,2026-08-20T23:59:59Z,2026-11-07,79,net_revenue_usd,driver_regression,1.0.0,1.0.0,11186.71,10883.7,11489.71
vintage-20260820-f1_0_0,current_plan,2026-08-20,2026-08-20T23:59:59Z,2026-11-08,80,net_revenue_usd,driver_regression,1.0.0,1.0.0,10010.84,9707.38,10314.3
vintage-20260820-f1_0_0,current_plan,2026-08-20,2026-08-20T23:59:59Z,2026-11-09,81,net_revenue_usd,driver_regression,1.0.0,1.0.0,9376.68,9072.77,9680.59
vintage-20260820-f1_0_0,current_plan,2026-08-20,2026-08-20T23:59:59Z,2026-11-10,82,net_revenue_usd,driver_regression,1.0.0,1.0.0,9985.55,9681.19,10289.91
vintage-20260820-f1_0_0,current_plan,2026-08-20,2026-08-20T23:59:59Z,2026-11-11,83,net_revenue_usd,driver_regression,1.0.0,1.0.0,9807.93,9503.11,10112.74
vintage-20260820-f1_0_0,current_plan,2026-08-20,2026-08-20T23:59:59Z,2026-11-12,84,net_revenue_usd,driver_regression,1.0.0,1.0.0,10370.57,10065.31,10675.83
vintage-20260820-f1_0_0,current_plan,2026-08-20,2026-08-20T23:59:59Z,2026-11-13,85,net_revenue_usd,driver_regression,1.0.0,1.0.0,11918.4,11612.69,12224.11
vintage-20260820-f1_0_0,current_plan,2026-08-20,2026-08-20T23:59:59Z,2026-11-14,86,net_revenue_usd,driver_regression,1.0.0,1.0.0,12223.69,11917.53,12529.84
vintage-20260820-f1_0_0,current_plan,2026-08-20,2026-08-20T23:59:59Z,2026-11-15,87,net_revenue_usd,driver_regression,1.0.0,1.0.0,11509.46,11202.86,11816.07
vintage-20260820-f1_0_0,current_plan,2026-08-20,2026-08-20T23:59:59Z,2026-11-16,88,net_revenue_usd,driver_regression,1.0.0,1.0.0,9539.54,9232.49,9846.59
vintage-20260820-f1_0_0,current_plan,2026-08-20,2026-08-20T23:59:59Z,2026-11-17,89,net_revenue_usd,driver_regression,1.0.0,1.0.0,9546.33,9238.84,9853.83
vintage-20260820-f1_0_0,current_plan,2026-08-20,2026-08-20T23:59:59Z,2026-11-18,90,net_revenue_usd,driver_regression,1.0.0,1.0.0,10373.67,10065.73,10681.6
vintage-20260820-f1_0_0,current_plan,2026-08-20,2026-08-20T23:59:59Z,2026-11-19,91,net_revenue_usd,driver_regression,1.0.0,1.0.0,13649.96,13341.58,13958.35
vintage-20260820-f1_0_0,current_plan,2026-08-20,2026-08-20T23:59:59Z,2026-08-21,1,shipped_revenue_usd,seasonal_naive,1.0.0,1.0.0,8417.7,7285.51,9549.89
vintage-20260820-f1_0_0,current_plan,2026-08-20,2026-08-20T23:59:59Z,2026-08-22,2,shipped_revenue_usd,seasonal_naive,1.0.0,1.0.0,6111.07,4976.68,7245.46
vintage-20260820-f1_0_0,current_plan,2026-08-20,2026-08-20T23:59:59Z,2026-08-23,3,shipped_revenue_usd,seasonal_naive,1.0.0,1.0.0,4667.85,3531.27,5804.43
vintage-20260820-f1_0_0,current_plan,2026-08-20,2026-08-20T23:59:59Z,2026-08-24,4,shipped_revenue_usd,seasonal_naive,1.0.0,1.0.0,11897.25,10758.47,13036.03
vintage-20260820-f1_0_0,current_plan,2026-08-20,2026-08-20T23:59:59Z,2026-08-25,5,shipped_revenue_usd,seasonal_naive,1.0.0,1.0.0,7419.1,6278.14,8560.06
vintage-20260820-f1_0_0,current_plan,2026-08-20,2026-08-20T23:59:59Z,2026-08-26,6,shipped_revenue_usd,seasonal_naive,1.0.0,1.0.0,7661.6,6518.46,8804.74
vintage-20260820-f1_0_0,current_plan,2026-08-20,2026-08-20T23:59:59Z,2026-08-27,7,shipped_revenue_usd,seasonal_naive,1.0.0,1.0.0,7972.74,6827.42,9118.06
vintage-20260820-f1_0_0,current_plan,2026-08-20,2026-08-20T23:59:59Z,2026-08-28,8,shipped_revenue_usd,seasonal_naive,1.0.0,1.0.0,8347.01,7199.51,9494.51
vintage-20260820-f1_0_0,current_plan,2026-08-20,2026-08-20T23:59:59Z,2026-08-29,9,shipped_revenue_usd,seasonal_naive,1.0.0,1.0.0,6122.16,4972.49,7271.83
vintage-20260820-f1_0_0,current_plan,2026-08-20,2026-08-20T23:59:59Z,2026-08-30,10,shipped_revenue_usd,seasonal_naive,1.0.0,1.0.0,4676.31,3524.48,5828.14
vintage-20260820-f1_0_0,current_plan,2026-08-20,2026-08-20T23:59:59Z,2026-08-31,11,shipped_revenue_usd,seasonal_naive,1.0.0,1.0.0,12027.92,10873.93,13181.91
vintage-20260820-f1_0_0,current_plan,2026-08-20,2026-08-20T23:59:59Z,2026-09-01,12,shipped_revenue_usd,seasonal_naive,1.0.0,1.0.0,8599.72,7443.57,9755.87
vintage-20260820-f1_0_0,current_plan,2026-08-20,2026-08-20T23:59:59Z,2026-09-02,13,shipped_revenue_usd,seasonal_naive,1.0.0,1.0.0,7779.14,6620.83,8937.45
vintage-20260820-f1_0_0,current_plan,2026-08-20,2026-08-20T23:59:59Z,2026-09-03,14,shipped_revenue_usd,seasonal_naive,1.0.0,1.0.0,7969.26,6808.8,9129.72
vintage-20260820-f1_0_0,current_plan,2026-08-20,2026-08-20T23:59:59Z,2026-09-04,15,shipped_revenue_usd,seasonal_naive,1.0.0,1.0.0,8474.31,7311.71,9636.91
vintage-20260820-f1_0_0,current_plan,2026-08-20,2026-08-20T23:59:59Z,2026-09-05,16,shipped_revenue_usd,seasonal_naive,1.0.0,1.0.0,6133.25,4968.51,7297.99
vintage-20260820-f1_0_0,current_plan,2026-08-20,2026-08-20T23:59:59Z,2026-09-06,17,shipped_revenue_usd,seasonal_naive,1.0.0,1.0.0,4684.78,3517.9,5851.66
vintage-20260820-f1_0_0,current_plan,2026-08-20,2026-08-20T23:59:59Z,2026-09-07,18,shipped_revenue_usd,seasonal_naive,1.0.0,1.0.0,12049.69,10880.67,13218.71
vintage-20260820-f1_0_0,current_plan,2026-08-20,2026-08-20T23:59:59Z,2026-09-08,19,shipped_revenue_usd,seasonal_naive,1.0.0,1.0.0,9360.76,8189.61,10531.91
vintage-20260820-f1_0_0,current_plan,2026-08-20,2026-08-20T23:59:59Z,2026-09-09,20,shipped_revenue_usd,seasonal_naive,1.0.0,1.0.0,8196.44,7023.17,9369.71
vintage-20260820-f1_0_0,current_plan,2026-08-20,2026-08-20T23:59:59Z,2026-09-10,21,shipped_revenue_usd,seasonal_naive,1.0.0,1.0.0,8139.23,6963.83,9314.63
vintage-20260820-f1_0_0,current_plan,2026-08-20,2026-08-20T23:59:59Z,2026-09-11,22,shipped_revenue_usd,seasonal_naive,1.0.0,1.0.0,9055.06,7877.55,10232.57
vintage-20260820-f1_0_0,current_plan,2026-08-20,2026-08-20T23:59:59Z,2026-09-12,23,shipped_revenue_usd,seasonal_naive,1.0.0,1.0.0,6144.34,4964.71,7323.97
vintage-20260820-f1_0_0,current_plan,2026-08-20,2026-08-20T23:59:59Z,2026-09-13,24,shipped_revenue_usd,seasonal_naive,1.0.0,1.0.0,4693.25,3511.51,5874.99
vintage-20260820-f1_0_0,current_plan,2026-08-20,2026-08-20T23:59:59Z,2026-09-14,25,shipped_revenue_usd,seasonal_naive,1.0.0,1.0.0,12071.46,10887.61,13255.31
vintage-20260820-f1_0_0,current_plan,2026-08-20,2026-08-20T23:59:59Z,2026-09-15,26,shipped_revenue_usd,seasonal_naive,1.0.0,1.0.0,12074.57,10888.62,13260.52
vintage-20260820-f1_0_0,current_plan,2026-08-20,2026-08-20T23:59:59Z,2026-09-16,27,shipped_revenue_usd,seasonal_naive,1.0.0,1.0.0,9151.91,7963.86,10339.96
vintage-20260820-f1_0_0,current_plan,2026-08-20,2026-08-20T23:59:59Z,2026-09-17,28,shipped_revenue_usd,seasonal_naive,1.0.0,1.0.0,8717.82,7527.67,9907.97
vintage-20260820-f1_0_0,current_plan,2026-08-20,2026-08-20T23:59:59Z,2026-09-18,29,shipped_revenue_usd,seasonal_naive,1.0.0,1.0.0,8980.18,7787.94,10172.42
vintage-20260820-f1_0_0,current_plan,2026-08-20,2026-08-20T23:59:59Z,2026-09-19,30,shipped_revenue_usd,seasonal_naive,1.0.0,1.0.0,6155.42,4961.09,7349.75
vintage-20260820-f1_0_0,current_plan,2026-08-20,2026-08-20T23:59:59Z,2026-09-20,31,shipped_revenue_usd,seasonal_naive,1.0.0,1.0.0,4701.72,3505.31,5898.13
vintage-20260820-f1_0_0,current_plan,2026-08-20,2026-08-20T23:59:59Z,2026-09-21,32,shipped_revenue_usd,seasonal_naive,1.0.0,1.0.0,12093.24,10894.75,13291.73
vintage-20260820-f1_0_0,current_plan,2026-08-20,2026-08-20T23:59:59Z,2026-09-22,33,shipped_revenue_usd,seasonal_naive,1.0.0,1.0.0,9971.55,8770.98,11172.12
vintage-20260820-f1_0_0,current_plan,2026-08-20,2026-08-20T23:59:59Z,2026-09-23,34,shipped_revenue_usd,seasonal_naive,1.0.0,1.0.0,8196.41,6993.76,9399.06
vintage-20260820-f1_0_0,current_plan,2026-08-20,2026-08-20T23:59:59Z,2026-09-24,35,shipped_revenue_usd,seasonal_naive,1.0.0,1.0.0,8820.09,7615.37,10024.81
vintage-20260820-f1_0_0,current_plan,2026-08-20,2026-08-20T23:59:59Z,2026-09-25,36,shipped_revenue_usd,seasonal_naive,1.0.0,1.0.0,9426.36,8219.58,10633.14
vintage-20260820-f1_0_0,current_plan,2026-08-20,2026-08-20T23:59:59Z,2026-09-26,37,shipped_revenue_usd,seasonal_naive,1.0.0,1.0.0,6166.51,4957.66,7375.36
vintage-20260820-f1_0_0,current_plan,2026-08-20,2026-08-20T23:59:59Z,2026-09-27,38,shipped_revenue_usd,seasonal_naive,1.0.0,1.0.0,4710.18,3499.27,5921.09
vintage-20260820-f1_0_0,current_plan,2026-08-20,2026-08-20T23:59:59Z,2026-09-28,39,shipped_revenue_usd,seasonal_naive,1.0.0,1.0.0,12115.01,10902.05,13327.97
vintage-20260820-f1_0_0,current_plan,2026-08-20,2026-08-20T23:59:59Z,2026-09-29,40,shipped_revenue_usd,seasonal_naive,1.0.0,1.0.0,11309.68,10094.66,12524.7
vintage-20260820-f1_0_0,current_plan,2026-08-20,2026-08-20T23:59:59Z,2026-09-30,41,shipped_revenue_usd,seasonal_naive,1.0.0,1.0.0,8635.63,7418.56,9852.7
vintage-20260820-f1_0_0,current_plan,2026-08-20,2026-08-20T23:59:59Z,2026-10-01,42,shipped_revenue_usd,seasonal_naive,1.0.0,1.0.0,8694.54,7475.43,9913.65
vintage-20260820-f1_0_0,current_plan,2026-08-20,2026-08-20T23:59:59Z,2026-10-02,43,shipped_revenue_usd,seasonal_naive,1.0.0,1.0.0,9410.59,8189.43,10631.75
vintage-20260820-f1_0_0,current_plan,2026-08-20,2026-08-20T23:59:59Z,2026-10-03,44,shipped_revenue_usd,seasonal_naive,1.0.0,1.0.0,6177.6,4954.4,7400.8
vintage-20260820-f1_0_0,current_plan,2026-08-20,2026-08-20T23:59:59Z,2026-10-04,45,shipped_revenue_usd,seasonal_naive,1.0.0,1.0.0,4718.65,3493.42,5943.88
vintage-20260820-f1_0_0,current_plan,2026-08-20,2026-08-20T23:59:59Z,2026-10-05,46,shipped_revenue_usd,seasonal_naive,1.0.0,1.0.0,12136.78,10909.52,13364.04
vintage-20260820-f1_0_0,current_plan,2026-08-20,2026-08-20T23:59:59Z,2026-10-06,47,shipped_revenue_usd,seasonal_naive,1.0.0,1.0.0,12139.89,10910.6,13369.18
vintage-20260820-f1_0_0,current_plan,2026-08-20,2026-08-20T23:59:59Z,2026-10-07,48,shipped_revenue_usd,seasonal_naive,1.0.0,1.0.0,8930.08,7698.76,10161.4
vintage-20260820-f1_0_0,current_plan,2026-08-20,2026-08-20T23:59:59Z,2026-10-08,49,shipped_revenue_usd,seasonal_naive,1.0.0,1.0.0,9054.68,7821.34,10288.02
vintage-20260820-f1_0_0,current_plan,2026-08-20,2026-08-20T23:59:59Z,2026-10-09,50,shipped_revenue_usd,seasonal_naive,1.0.0,1.0.0,9747.5,8512.14,10982.86
vintage-20260820-f1_0_0,current_plan,2026-08-20,2026-08-20T23:59:59Z,2026-10-10,51,shipped_revenue_usd,seasonal_naive,1.0.0,1.0.0,6188.69,4951.31,7426.07
vintage-20260820-f1_0_0,current_plan,2026-08-20,2026-08-20T23:59:59Z,2026-10-11,52,shipped_revenue_usd,seasonal_naive,1.0.0,1.0.0,4727.12,3487.73,5966.51
vintage-20260820-f1_0_0,current_plan,2026-08-20,2026-08-20T23:59:59Z,2026-10-12,53,shipped_revenue_usd,seasonal_naive,1.0.0,1.0.0,12158.55,10917.15,13399.95
vintage-20260820-f1_0_0,current_plan,2026-08-20,2026-08-20T23:59:59Z,2026-10-13,54,shipped_revenue_usd,seasonal_naive,1.0.0,1.0.0,12161.66,10918.25,13405.07
vintage-20260820-f1_0_0,current_plan,2026-08-20,2026-08-20T23:59:59Z,2026-10-14,55,shipped_revenue_usd,seasonal_naive,1.0.0,1.0.0,10965.4,9719.99,12210.81
vintage-20260820-f1_0_0,current_plan,2026-08-20,2026-08-20T23:59:59Z,2026-10-15,56,shipped_revenue_usd,seasonal_naive,1.0.0,1.0.0,10317.85,9070.44,11565.26
vintage-20260820-f1_0_0,current_plan,2026-08-20,2026-08-20T23:59:59Z,2026-10-16,57,shipped_revenue_usd,seasonal_naive,1.0.0,1.0.0,9398.73,8149.32,10648.14
vintage-20260820-f1_0_0,current_plan,2026-08-20,2026-08-20T23:59:59Z,2026-10-17,58,shipped_revenue_usd,seasonal_naive,1.0.0,1.0.0,6199.78,4948.38,7451.18
vintage-20260820-f1_0_0,current_plan,2026-08-20,2026-08-20T23:59:59Z,2026-10-18,59,shipped_revenue_usd,seasonal_naive,1.0.0,1.0.0,4735.58,3482.19,5988.97
vintage-20260820-f1_0_0,current_plan,2026-08-20,2026-08-20T23:59:59Z,2026-10-19,60,shipped_revenue_usd,seasonal_naive,1.0.0,1.0.0,12180.33,10924.95,13435.71
vintage-20260820-f1_0_0,current_plan,2026-08-20,2026-08-20T23:59:59Z,2026-10-20,61,shipped_revenue_usd,seasonal_naive,1.0.0,1.0.0,12183.44,10926.08,13440.8
vintage-20260820-f1_0_0,current_plan,2026-08-20,2026-08-20T23:59:59Z,2026-10-21,62,shipped_revenue_usd,seasonal_naive,1.0.0,1.0.0,9233.25,7973.91,10492.59
vintage-20260820-f1_0_0,current_plan,2026-08-20,2026-08-20T23:59:59Z,2026-10-22,63,shipped_revenue_usd,seasonal_naive,1.0.0,1.0.0,9091.91,7830.59,10353.23
vintage-20260820-f1_0_0,current_plan,2026-08-20,2026-08-20T23:59:59Z,2026-10-23,64,shipped_revenue_usd,seasonal_naive,1.0.0,1.0.0,9886.55,8623.26,11149.84
vintage-20260820-f1_0_0,current_plan,2026-08-20,2026-08-20T23:59:59Z,2026-10-24,65,shipped_revenue_usd,seasonal_naive,1.0.0,1.0.0,6210.86,4945.6,7476.12
vintage-20260820-f1_0_0,current_plan,2026-08-20,2026-08-20T23:59:59Z,2026-10-25,66,shipped_revenue_usd,seasonal_naive,1.0.0,1.0.0,4744.05,3476.82,6011.28
vintage-20260820-f1_0_0,current_plan,2026-08-20,2026-08-20T23:59:59Z,2026-10-26,67,shipped_revenue_usd,seasonal_naive,1.0.0,1.0.0,12202.1,10932.9,13471.3
vintage-20260820-f1_0_0,current_plan,2026-08-20,2026-08-20T23:59:59Z,2026-10-27,68,shipped_revenue_usd,seasonal_naive,1.0.0,1.0.0,12205.21,10934.05,13476.37
vintage-20260820-f1_0_0,current_plan,2026-08-20,2026-08-20T23:59:59Z,2026-10-28,69,shipped_revenue_usd,seasonal_naive,1.0.0,1.0.0,9602.24,8329.12,10875.36
vintage-20260820-f1_0_0,current_plan,2026-08-20,2026-08-20T23:59:59Z,2026-10-29,70,shipped_revenue_usd,seasonal_naive,1.0.0,1.0.0,9144.91,7869.83,10419.99
vintage-20260820-f1_0_0,current_plan,2026-08-20,2026-08-20T23:59:59Z,2026-10-30,71,shipped_revenue_usd,seasonal_naive,1.0.0,1.0.0,10240.1,8963.07,11517.13
vintage-20260820-f1_0_0,current_plan,2026-08-20,2026-08-20T23:59:59Z,2026-10-31,72,shipped_revenue_usd,seasonal_naive,1.0.0,1.0.0,6221.95,4942.97,7500.93
vintage-20260820-f1_0_0,current_plan,2026-08-20,2026-08-20T23:59:59Z,2026-11-01,73,shipped_revenue_usd,seasonal_naive,1.0.0,1.0.0,4752.52,3471.59,6033.45
vintage-20260820-f1_0_0,current_plan,2026-08-20,2026-08-20T23:59:59Z,2026-11-02,74,shipped_revenue_usd,seasonal_naive,1.0.0,1.0.0,12223.87,10941.0,13506.74
vintage-20260820-f1_0_0,current_plan,2026-08-20,2026-08-20T23:59:59Z,2026-11-03,75,shipped_revenue_usd,seasonal_naive,1.0.0,1.0.0,12226.98,10942.17,13511.79
vintage-20260820-f1_0_0,current_plan,2026-08-20,2026-08-20T23:59:59Z,2026-11-04,76,shipped_revenue_usd,seasonal_naive,1.0.0,1.0.0,9912.7,8625.95,11199.45
vintage-20260820-f1_0_0,current_plan,2026-08-20,2026-08-20T23:59:59Z,2026-11-05,77,shipped_revenue_usd,seasonal_naive,1.0.0,1.0.0,9424.61,8135.92,10713.3
vintage-20260820-f1_0_0,current_plan,2026-08-20,2026-08-20T23:59:59Z,2026-11-06,78,shipped_revenue_usd,seasonal_naive,1.0.0,1.0.0,9922.59,8631.97,11213.21
vintage-20260820-f1_0_0,current_plan,2026-08-20,2026-08-20T23:59:59Z,2026-11-07,79,shipped_revenue_usd,seasonal_naive,1.0.0,1.0.0,6233.04,4940.49,7525.59
vintage-20260820-f1_0_0,current_plan,2026-08-20,2026-08-20T23:59:59Z,2026-11-08,80,shipped_revenue_usd,seasonal_naive,1.0.0,1.0.0,4760.99,3466.51,6055.47
vintage-20260820-f1_0_0,current_plan,2026-08-20,2026-08-20T23:59:59Z,2026-11-09,81,shipped_revenue_usd,seasonal_naive,1.0.0,1.0.0,12245.64,10949.24,13542.04
vintage-20260820-f1_0_0,current_plan,2026-08-20,2026-08-20T23:59:59Z,2026-11-10,82,shipped_revenue_usd,seasonal_naive,1.0.0,1.0.0,12248.76,10950.44,13547.08
vintage-20260820-f1_0_0,current_plan,2026-08-20,2026-08-20T23:59:59Z,2026-11-11,83,shipped_revenue_usd,seasonal_naive,1.0.0,1.0.0,10558.06,9257.82,11858.3
vintage-20260820-f1_0_0,current_plan,2026-08-20,2026-08-20T23:59:59Z,2026-11-12,84,shipped_revenue_usd,seasonal_naive,1.0.0,1.0.0,9637.03,8334.87,10939.19
vintage-20260820-f1_0_0,current_plan,2026-08-20,2026-08-20T23:59:59Z,2026-11-13,85,shipped_revenue_usd,seasonal_naive,1.0.0,1.0.0,11123.08,9819.01,12427.15
vintage-20260820-f1_0_0,current_plan,2026-08-20,2026-08-20T23:59:59Z,2026-11-14,86,shipped_revenue_usd,seasonal_naive,1.0.0,1.0.0,6244.13,4938.15,7550.11
vintage-20260820-f1_0_0,current_plan,2026-08-20,2026-08-20T23:59:59Z,2026-11-15,87,shipped_revenue_usd,seasonal_naive,1.0.0,1.0.0,4769.45,3461.56,6077.34
vintage-20260820-f1_0_0,current_plan,2026-08-20,2026-08-20T23:59:59Z,2026-11-16,88,shipped_revenue_usd,seasonal_naive,1.0.0,1.0.0,12267.42,10957.63,13577.21
vintage-20260820-f1_0_0,current_plan,2026-08-20,2026-08-20T23:59:59Z,2026-11-17,89,shipped_revenue_usd,seasonal_naive,1.0.0,1.0.0,12270.53,10958.84,13582.22
vintage-20260820-f1_0_0,current_plan,2026-08-20,2026-08-20T23:59:59Z,2026-11-18,90,shipped_revenue_usd,seasonal_naive,1.0.0,1.0.0,12046.35,10732.76,13359.94
vintage-20260820-f1_0_0,current_plan,2026-08-20,2026-08-20T23:59:59Z,2026-11-19,91,shipped_revenue_usd,seasonal_naive,1.0.0,1.0.0,10639.85,9324.36,11955.34
