scenario_id,scenario_label,forecast_date,horizon_day,target,baseline_model,scenario_method,forecast,lower_bound,upper_bound,delta_vs_base_usd,planned_marketing_spend_usd,planned_affiliate_revenue_usd,planned_stockout_rate,planned_event,fulfillment_capacity_multiplier
base_plan,Base plan,2026-08-21,1,net_revenue_usd,driver_regression,champion_baseline_plus_driver_delta,9121.0,8855.59,9386.42,0.0,1312.44,1777.08,0.0180,none,1.0
base_plan,Base plan,2026-08-21,1,shipped_revenue_usd,seasonal_naive,champion_baseline_plus_driver_delta,8417.7,7285.51,9549.89,0.0,1312.44,1777.08,0.0180,none,1.0
base_plan,Base plan,2026-08-22,2,net_revenue_usd,driver_regression,champion_baseline_plus_driver_delta,8950.59,8684.66,9216.52,0.0,1227.40,1638.16,0.0180,none,1.0
base_plan,Base plan,2026-08-22,2,shipped_revenue_usd,seasonal_naive,champion_baseline_plus_driver_delta,6111.07,4976.68,7245.46,0.0,1227.40,1638.16,0.0180,none,1.0
base_plan,Base plan,2026-08-23,3,net_revenue_usd,driver_regression,champion_baseline_plus_driver_delta,8355.64,8089.19,8622.08,0.0,1253.76,1866.79,0.0180,none,1.0
base_plan,Base plan,2026-08-23,3,shipped_revenue_usd,seasonal_naive,champion_baseline_plus_driver_delta,4667.85,3531.27,5804.43,0.0,1253.76,1866.79,0.0180,none,1.0
base_plan,Base plan,2026-08-24,4,net_revenue_usd,driver_regression,champion_baseline_plus_driver_delta,7717.56,7450.6,7984.52,0.0,1274.78,1746.26,0.0180,none,1.0
base_plan,Base plan,2026-08-24,4,shipped_revenue_usd,seasonal_naive,champion_baseline_plus_driver_delta,11897.25,10758.47,13036.03,0.0,1274.78,1746.26,0.0180,none,1.0
base_plan,Base plan,2026-08-25,5,net_revenue_usd,driver_regression,champion_baseline_plus_driver_delta,8205.91,7938.44,8473.38,0.0,1330.29,1716.95,0.0180,none,1.0
base_plan,Base plan,2026-08-25,5,shipped_revenue_usd,seasonal_naive,champion_baseline_plus_driver_delta,7419.1,6278.14,8560.06,0.0,1330.29,1716.95,0.0180,none,1.0
base_plan,Base plan,2026-08-26,6,net_revenue_usd,driver_regression,champion_baseline_plus_driver_delta,8479.73,8211.74,8747.71,0.0,1317.71,1738.24,0.0180,none,1.0
base_plan,Base plan,2026-08-26,6,shipped_revenue_usd,seasonal_naive,champion_baseline_plus_driver_delta,7661.6,6518.46,8804.74,0.0,1317.71,1738.24,0.0180,none,1.0
base_plan,Base plan,2026-08-27,7,net_revenue_usd,driver_regression,champion_baseline_plus_driver_delta,8685.05,8416.56,8953.54,0.0,1283.03,1889.19,0.0180,none,1.0
base_plan,Base plan,2026-08-27,7,shipped_revenue_usd,seasonal_naive,champion_baseline_plus_driver_delta,7972.74,6827.42,9118.06,0.0,1283.03,1889.19,0.0180,none,1.0
base_plan,Base plan,2026-08-28,8,net_revenue_usd,driver_regression,champion_baseline_plus_driver_delta,9228.13,8959.12,9497.13,0.0,1336.80,1750.14,0.0180,none,1.0
base_plan,Base plan,2026-08-28,8,shipped_revenue_usd,seasonal_naive,champion_baseline_plus_driver_delta,8347.01,7199.51,9494.51,0.0,1336.80,1750.14,0.0180,none,1.0
base_plan,Base plan,2026-08-29,9,net_revenue_usd,driver_regression,champion_baseline_plus_driver_delta,9216.05,8946.54,9485.56,0.0,1282.47,1674.50,0.0180,none,1.0
base_plan,Base plan,2026-08-29,9,shipped_revenue_usd,seasonal_naive,champion_baseline_plus_driver_delta,6122.16,4972.49,7271.83,0.0,1282.47,1674.50,0.0180,none,1.0
base_plan,Base plan,2026-08-30,10,net_revenue_usd,driver_regression,champion_baseline_plus_driver_delta,8518.29,8248.27,8788.31,0.0,1315.31,1773.24,0.0180,none,1.0
base_plan,Base plan,2026-08-30,10,shipped_revenue_usd,seasonal_naive,champion_baseline_plus_driver_delta,4676.31,3524.48,5828.14,0.0,1315.31,1773.24,0.0180,none,1.0
base_plan,Base plan,2026-08-31,11,net_revenue_usd,driver_regression,champion_baseline_plus_driver_delta,7949.77,7679.24,8220.3,0.0,1298.41,1853.31,0.0180,none,1.0
base_plan,Base plan,2026-08-31,11,shipped_revenue_usd,seasonal_naive,champion_baseline_plus_driver_delta,12027.92,10873.93,13181.91,0.0,1298.41,1853.31,0.0180,none,1.0
base_plan,Base plan,2026-09-01,12,net_revenue_usd,driver_regression,champion_baseline_plus_driver_delta,8352.83,8081.8,8623.86,0.0,1311.68,1876.30,0.0180,none,1.0
base_plan,Base plan,2026-09-01,12,shipped_revenue_usd,seasonal_naive,champion_baseline_plus_driver_delta,8599.72,7443.57,9755.87,0.0,1311.68,1876.30,0.0180,none,1.0
base_plan,Base plan,2026-09-02,13,net_revenue_usd,driver_regression,champion_baseline_plus_driver_delta,8478.26,8206.72,8749.8,0.0,1284.42,1790.93,0.0180,none,1.0
base_plan,Base plan,2026-09-02,13,shipped_revenue_usd,seasonal_naive,champion_baseline_plus_driver_delta,7779.14,6620.83,8937.45,0.0,1284.42,1790.93,0.0180,none,1.0
base_plan,Base plan,2026-09-03,14,net_revenue_usd,driver_regression,champion_baseline_plus_driver_delta,8557.76,8285.72,8829.8,0.0,1298.05,1647.28,0.0180,none,1.0
base_plan,Base plan,2026-09-03,14,shipped_revenue_usd,seasonal_naive,champion_baseline_plus_driver_delta,7969.26,6808.8,9129.72,0.0,1298.05,1647.28,0.0180,none,1.0
base_plan,Base plan,2026-09-04,15,net_revenue_usd,driver_regression,champion_baseline_plus_driver_delta,9337.81,9065.27,9610.35,0.0,1291.35,1960.72,0.0180,none,1.0
base_plan,Base plan,2026-09-04,15,shipped_revenue_usd,seasonal_naive,champion_baseline_plus_driver_delta,8474.31,7311.71,9636.91,0.0,1291.35,1960.72,0.0180,none,1.0
base_plan,Base plan,2026-09-05,16,net_revenue_usd,driver_regression,champion_baseline_plus_driver_delta,9476.49,9203.45,9749.54,0.0,1314.53,1783.22,0.0180,none,1.0
base_plan,Base plan,2026-09-05,16,shipped_revenue_usd,seasonal_naive,champion_baseline_plus_driver_delta,6133.25,4968.51,7297.99,0.0,1314.53,1783.22,0.0180,none,1.0
base_plan,Base plan,2026-09-06,17,net_revenue_usd,driver_regression,champion_baseline_plus_driver_delta,8835.06,8561.51,9108.61,0.0,1339.28,1968.49,0.0180,none,1.0
base_plan,Base plan,2026-09-06,17,shipped_revenue_usd,seasonal_naive,champion_baseline_plus_driver_delta,4684.78,3517.9,5851.66,0.0,1339.28,1968.49,0.0180,none,1.0
base_plan,Base plan,2026-09-07,18,net_revenue_usd,driver_regression,champion_baseline_plus_driver_delta,8050.15,7776.1,8324.19,0.0,1309.05,1865.93,0.0180,none,1.0
base_plan,Base plan,2026-09-07,18,shipped_revenue_usd,seasonal_naive,champion_baseline_plus_driver_delta,12049.69,10880.67,13218.71,0.0,1309.05,1865.93,0.0180,none,1.0
base_plan,Base plan,2026-09-08,19,net_revenue_usd,driver_regression,champion_baseline_plus_driver_delta,8654.69,8380.14,8929.24,0.0,1323.28,2097.71,0.0180,none,1.0
base_plan,Base plan,2026-09-08,19,shipped_revenue_usd,seasonal_naive,champion_baseline_plus_driver_delta,9360.76,8189.61,10531.91,0.0,1323.28,2097.71,0.0180,none,1.0
base_plan,Base plan,2026-09-09,20,net_revenue_usd,driver_regression,champion_baseline_plus_driver_delta,8805.86,8530.81,9080.9,0.0,1343.78,1879.05,0.0180,none,1.0
base_plan,Base plan,2026-09-09,20,shipped_revenue_usd,seasonal_naive,champion_baseline_plus_driver_delta,8196.44,7023.17,9369.71,0.0,1343.78,1879.05,0.0180,none,1.0
base_plan,Base plan,2026-09-10,21,net_revenue_usd,driver_regression,champion_baseline_plus_driver_delta,8911.15,8635.61,9186.7,0.0,1349.86,1788.07,0.0180,none,1.0
base_plan,Base plan,2026-09-10,21,shipped_revenue_usd,seasonal_naive,champion_baseline_plus_driver_delta,8139.23,6963.83,9314.63,0.0,1349.86,1788.07,0.0180,none,1.0
base_plan,Base plan,2026-09-11,22,net_revenue_usd,driver_regression,champion_baseline_plus_driver_delta,9475.27,9199.23,9751.31,0.0,1314.31,1971.59,0.0180,none,1.0
base_plan,Base plan,2026-09-11,22,shipped_revenue_usd,seasonal_naive,champion_baseline_plus_driver_delta,9055.06,7877.55,10232.57,0.0,1314.31,1971.59,0.0180,none,1.0
base_plan,Base plan,2026-09-12,23,net_revenue_usd,driver_regression,champion_baseline_plus_driver_delta,9874.53,9598.0,10151.07,0.0,1364.50,1977.53,0.0180,none,1.0
base_plan,Base plan,2026-09-12,23,shipped_revenue_usd,seasonal_naive,champion_baseline_plus_driver_delta,6144.34,4964.71,7323.97,0.0,1364.50,1977.53,0.0180,none,1.0
base_plan,Base plan,2026-09-13,24,net_revenue_usd,driver_regression,champion_baseline_plus_driver_delta,9995.09,9718.06,10272.12,0.0,1571.60,2146.86,0.0360,none,1.0
base_plan,Base plan,2026-09-13,24,shipped_revenue_usd,seasonal_naive,champion_baseline_plus_driver_delta,4693.25,3511.51,5874.99,0.0,1571.60,2146.86,0.0360,none,1.0
base_plan,Base plan,2026-09-14,25,net_revenue_usd,driver_regression,champion_baseline_plus_driver_delta,9612.05,9334.52,9889.57,0.0,1579.39,2278.22,0.0360,monthly_promotion,1.0
base_plan,Base plan,2026-09-14,25,shipped_revenue_usd,seasonal_naive,champion_baseline_plus_driver_delta,12071.46,10887.61,13255.31,0.0,1579.39,2278.22,0.0360,monthly_promotion,1.0
base_plan,Base plan,2026-09-15,26,net_revenue_usd,driver_regression,champion_baseline_plus_driver_delta,9651.79,9373.77,9929.81,0.0,1518.56,2168.57,0.0360,monthly_promotion,1.0
base_plan,Base plan,2026-09-15,26,shipped_revenue_usd,seasonal_naive,champion_baseline_plus_driver_delta,12074.57,10888.62,13260.52,0.0,1518.56,2168.57,0.0360,monthly_promotion,1.0
base_plan,Base plan,2026-09-16,27,net_revenue_usd,driver_regression,champion_baseline_plus_driver_delta,9189.34,8910.83,9467.85,0.0,1405.51,1958.36,0.0180,monthly_promotion,1.0
base_plan,Base plan,2026-09-16,27,shipped_revenue_usd,seasonal_naive,champion_baseline_plus_driver_delta,9151.91,7963.86,10339.96,0.0,1405.51,1958.36,0.0180,monthly_promotion,1.0
base_plan,Base plan,2026-09-17,28,net_revenue_usd,driver_regression,champion_baseline_plus_driver_delta,9277.56,8998.55,9556.56,0.0,1426.82,1859.64,0.0180,none,1.0
base_plan,Base plan,2026-09-17,28,shipped_revenue_usd,seasonal_naive,champion_baseline_plus_driver_delta,8717.82,7527.67,9907.97,0.0,1426.82,1859.64,0.0180,none,1.0
base_plan,Base plan,2026-09-18,29,net_revenue_usd,driver_regression,champion_baseline_plus_driver_delta,9605.8,9326.31,9885.29,0.0,1364.41,1885.68,0.0180,none,1.0
base_plan,Base plan,2026-09-18,29,shipped_revenue_usd,seasonal_naive,champion_baseline_plus_driver_delta,8980.18,7787.94,10172.42,0.0,1364.41,1885.68,0.0180,none,1.0
base_plan,Base plan,2026-09-19,30,net_revenue_usd,driver_regression,champion_baseline_plus_driver_delta,10051.02,9771.04,10331.0,0.0,1383.09,2046.15,0.0180,none,1.0
base_plan,Base plan,2026-09-19,30,shipped_revenue_usd,seasonal_naive,champion_baseline_plus_driver_delta,6155.42,4961.09,7349.75,0.0,1383.09,2046.15,0.0180,none,1.0
base_plan,Base plan,2026-09-20,31,net_revenue_usd,driver_regression,champion_baseline_plus_driver_delta,8964.57,8684.1,9245.04,0.0,1351.06,1954.82,0.0180,none,1.0
base_plan,Base plan,2026-09-20,31,shipped_revenue_usd,seasonal_naive,champion_baseline_plus_driver_delta,4701.72,3505.31,5898.13,0.0,1351.06,1954.82,0.0180,none,1.0
base_plan,Base plan,2026-09-21,32,net_revenue_usd,driver_regression,champion_baseline_plus_driver_delta,8638.73,8357.77,8919.69,0.0,1386.81,2113.83,0.0180,none,1.0
base_plan,Base plan,2026-09-21,32,shipped_revenue_usd,seasonal_naive,champion_baseline_plus_driver_delta,12093.24,10894.75,13291.73,0.0,1386.81,2113.83,0.0180,none,1.0
base_plan,Base plan,2026-09-22,33,net_revenue_usd,driver_regression,champion_baseline_plus_driver_delta,9054.92,8773.47,9336.36,0.0,1422.30,2076.69,0.0180,none,1.0
base_plan,Base plan,2026-09-22,33,shipped_revenue_usd,seasonal_naive,champion_baseline_plus_driver_delta,9971.55,8770.98,11172.12,0.0,1422.30,2076.69,0.0180,none,1.0
base_plan,Base plan,2026-09-23,34,net_revenue_usd,driver_regression,champion_baseline_plus_driver_delta,9034.29,8752.35,9316.22,0.0,1394.34,1840.86,0.0180,none,1.0
base_plan,Base plan,2026-09-23,34,shipped_revenue_usd,seasonal_naive,champion_baseline_plus_driver_delta,8196.41,6993.76,9399.06,0.0,1394.34,1840.86,0.0180,none,1.0
base_plan,Base plan,2026-09-24,35,net_revenue_usd,driver_regression,champion_baseline_plus_driver_delta,9375.86,9093.44,9658.28,0.0,1380.11,2067.25,0.0180,none,1.0
base_plan,Base plan,2026-09-24,35,shipped_revenue_usd,seasonal_naive,champion_baseline_plus_driver_delta,8820.09,7615.37,10024.81,0.0,1380.11,2067.25,0.0180,none,1.0
base_plan,Base plan,2026-09-25,36,net_revenue_usd,driver_regression,champion_baseline_plus_driver_delta,9956.04,9673.14,10238.94,0.0,1429.53,1982.78,0.0180,none,1.0
base_plan,Base plan,2026-09-25,36,shipped_revenue_usd,seasonal_naive,champion_baseline_plus_driver_delta,9426.36,8219.58,10633.14,0.0,1429.53,1982.78,0.0180,none,1.0
base_plan,Base plan,2026-09-26,37,net_revenue_usd,driver_regression,champion_baseline_plus_driver_delta,10370.68,10087.29,10654.06,0.0,1521.16,1866.34,0.0180,none,1.0
base_plan,Base plan,2026-09-26,37,shipped_revenue_usd,seasonal_naive,champion_baseline_plus_driver_delta,6166.51,4957.66,7375.36,0.0,1521.16,1866.34,0.0180,none,1.0
base_plan,Base plan,2026-09-27,38,net_revenue_usd,driver_regression,champion_baseline_plus_driver_delta,9055.4,8771.53,9339.27,0.0,1384.63,1885.99,0.0180,none,1.0
base_plan,Base plan,2026-09-27,38,shipped_revenue_usd,seasonal_naive,champion_baseline_plus_driver_delta,4710.18,3499.27,5921.09,0.0,1384.63,1885.99,0.0180,none,1.0
base_plan,Base plan,2026-09-28,39,net_revenue_usd,driver_regression,champion_baseline_plus_driver_delta,8694.94,8410.59,8979.29,0.0,1454.33,1894.94,0.0180,none,1.0
base_plan,Base plan,2026-09-28,39,shipped_revenue_usd,seasonal_naive,champion_baseline_plus_driver_delta,12115.01,10902.05,13327.97,0.0,1454.33,1894.94,0.0180,none,1.0
base_plan,Base plan,2026-09-29,40,net_revenue_usd,driver_regression,champion_baseline_plus_driver_delta,9368.79,9083.96,9653.62,0.0,1454.01,2249.54,0.0180,none,1.0
base_plan,Base plan,2026-09-29,40,shipped_revenue_usd,seasonal_naive,champion_baseline_plus_driver_delta,11309.68,10094.66,12524.7,0.0,1454.01,2249.54,0.0180,none,1.0
base_plan,Base plan,2026-09-30,41,net_revenue_usd,driver_regression,champion_baseline_plus_driver_delta,9492.55,9207.23,9777.86,0.0,1475.11,2001.13,0.0180,none,1.0
base_plan,Base plan,2026-09-30,41,shipped_revenue_usd,seasonal_naive,champion_baseline_plus_driver_delta,8635.63,7418.56,9852.7,0.0,1475.11,2001.13,0.0180,none,1.0
base_plan,Base plan,2026-10-01,42,net_revenue_usd,driver_regression,champion_baseline_plus_driver_delta,9513.41,9227.62,9799.2,0.0,1417.93,2035.09,0.0180,none,1.0
base_plan,Base plan,2026-10-01,42,shipped_revenue_usd,seasonal_naive,champion_baseline_plus_driver_delta,8694.54,7475.43,9913.65,0.0,1417.93,2035.09,0.0180,none,1.0
base_plan,Base plan,2026-10-02,43,net_revenue_usd,driver_regression,champion_baseline_plus_driver_delta,9980.3,9694.03,10266.57,0.0,1434.38,1942.78,0.0180,none,1.0
base_plan,Base plan,2026-10-02,43,shipped_revenue_usd,seasonal_naive,champion_baseline_plus_driver_delta,9410.59,8189.43,10631.75,0.0,1434.38,1942.78,0.0180,none,1.0
base_plan,Base plan,2026-10-03,44,net_revenue_usd,driver_regression,champion_baseline_plus_driver_delta,10353.57,10066.82,10640.32,0.0,1422.02,2132.82,0.0180,none,1.0
base_plan,Base plan,2026-10-03,44,shipped_revenue_usd,seasonal_naive,champion_baseline_plus_driver_delta,6177.6,4954.4,7400.8,0.0,1422.02,2132.82,0.0180,none,1.0
base_plan,Base plan,2026-10-04,45,net_revenue_usd,driver_regression,champion_baseline_plus_driver_delta,9371.6,9084.37,9658.82,0.0,1451.57,1945.33,0.0180,none,1.0
base_plan,Base plan,2026-10-04,45,shipped_revenue_usd,seasonal_naive,champion_baseline_plus_driver_delta,4718.65,3493.42,5943.88,0.0,1451.57,1945.33,0.0180,none,1.0
base_plan,Base plan,2026-10-05,46,net_revenue_usd,driver_regression,champion_baseline_plus_driver_delta,9036.31,8748.61,9324.01,0.0,1479.28,2122.39,0.0180,none,1.0
base_plan,Base plan,2026-10-05,46,shipped_revenue_usd,seasonal_naive,champion_baseline_plus_driver_delta,12136.78,10909.52,13364.04,0.0,1479.28,2122.39,0.0180,none,1.0
base_plan,Base plan,2026-10-06,47,net_revenue_usd,driver_regression,champion_baseline_plus_driver_delta,9255.39,8967.21,9543.57,0.0,1496.03,1941.94,0.0180,none,1.0
base_plan,Base plan,2026-10-06,47,shipped_revenue_usd,seasonal_naive,champion_baseline_plus_driver_delta,12139.89,10910.6,13369.18,0.0,1496.03,1941.94,0.0180,none,1.0
base_plan,Base plan,2026-10-07,48,net_revenue_usd,driver_regression,champion_baseline_plus_driver_delta,9947.14,9658.48,10235.79,0.0,1540.76,2211.95,0.0180,none,1.0
base_plan,Base plan,2026-10-07,48,shipped_revenue_usd,seasonal_naive,champion_baseline_plus_driver_delta,8930.08,7698.76,10161.4,0.0,1540.76,2211.95,0.0180,none,1.0
base_plan,Base plan,2026-10-08,49,net_revenue_usd,driver_regression,champion_baseline_plus_driver_delta,9927.89,9638.76,10217.01,0.0,1495.23,2165.14,0.0180,none,1.0
base_plan,Base plan,2026-10-08,49,shipped_revenue_usd,seasonal_naive,champion_baseline_plus_driver_delta,9054.68,7821.34,10288.02,0.0,1495.23,2165.14,0.0180,none,1.0
base_plan,Base plan,2026-10-09,50,net_revenue_usd,driver_regression,champion_baseline_plus_driver_delta,10198.19,9908.59,10487.79,0.0,1478.96,1976.65,0.0180,none,1.0
base_plan,Base plan,2026-10-09,50,shipped_revenue_usd,seasonal_naive,champion_baseline_plus_driver_delta,9747.5,8512.14,10982.86,0.0,1478.96,1976.65,0.0180,none,1.0
base_plan,Base plan,2026-10-10,51,net_revenue_usd,driver_regression,champion_baseline_plus_driver_delta,10288.47,9998.4,10578.55,0.0,1443.57,1947.09,0.0180,none,1.0
base_plan,Base plan,2026-10-10,51,shipped_revenue_usd,seasonal_naive,champion_baseline_plus_driver_delta,6188.69,4951.31,7426.07,0.0,1443.57,1947.09,0.0180,none,1.0
base_plan,Base plan,2026-10-11,52,net_revenue_usd,driver_regression,champion_baseline_plus_driver_delta,9856.93,9566.38,10147.47,0.0,1508.87,2218.87,0.0180,none,1.0
base_plan,Base plan,2026-10-11,52,shipped_revenue_usd,seasonal_naive,champion_baseline_plus_driver_delta,4727.12,3487.73,5966.51,0.0,1508.87,2218.87,0.0180,none,1.0
base_plan,Base plan,2026-10-12,53,net_revenue_usd,driver_regression,champion_baseline_plus_driver_delta,8832.85,8541.83,9123.87,0.0,1490.32,1827.70,0.0180,none,1.0
base_plan,Base plan,2026-10-12,53,shipped_revenue_usd,seasonal_naive,champion_baseline_plus_driver_delta,12158.55,10917.15,13399.95,0.0,1490.32,1827.70,0.0180,none,1.0
base_plan,Base plan,2026-10-13,54,net_revenue_usd,driver_regression,champion_baseline_plus_driver_delta,10505.97,10214.48,10797.45,0.0,1703.90,2310.78,0.0360,none,1.0
base_plan,Base plan,2026-10-13,54,shipped_revenue_usd,seasonal_naive,champion_baseline_plus_driver_delta,12161.66,10918.25,13405.07,0.0,1703.90,2310.78,0.0360,none,1.0
base_plan,Base plan,2026-10-14,55,net_revenue_usd,driver_regression,champion_baseline_plus_driver_delta,10655.53,10363.57,10947.49,0.0,1620.05,2382.27,0.0360,monthly_promotion,1.0
base_plan,Base plan,2026-10-14,55,shipped_revenue_usd,seasonal_naive,champion_baseline_plus_driver_delta,10965.4,9719.99,12210.81,0.0,1620.05,2382.27,0.0360,monthly_promotion,1.0
base_plan,Base plan,2026-10-15,56,net_revenue_usd,driver_regression,champion_baseline_plus_driver_delta,11263.7,10971.28,11556.13,0.0,1751.27,2401.88,0.0360,monthly_promotion,1.0
base_plan,Base plan,2026-10-15,56,shipped_revenue_usd,seasonal_naive,champion_baseline_plus_driver_delta,10317.85,9070.44,11565.26,0.0,1751.27,2401.88,0.0360,monthly_promotion,1.0
base_plan,Base plan,2026-10-16,57,net_revenue_usd,driver_regression,champion_baseline_plus_driver_delta,10371.47,10078.57,10664.36,0.0,1455.87,2134.25,0.0180,monthly_promotion,1.0
base_plan,Base plan,2026-10-16,57,shipped_revenue_usd,seasonal_naive,champion_baseline_plus_driver_delta,9398.73,8149.32,10648.14,0.0,1455.87,2134.25,0.0180,monthly_promotion,1.0
base_plan,Base plan,2026-10-17,58,net_revenue_usd,driver_regression,champion_baseline_plus_driver_delta,10497.0,10203.64,10790.36,0.0,1491.90,1963.53,0.0180,none,1.0
base_plan,Base plan,2026-10-17,58,shipped_revenue_usd,seasonal_naive,champion_baseline_plus_driver_delta,6199.78,4948.38,7451.18,0.0,1491.90,1963.53,0.0180,none,1.0
base_plan,Base plan,2026-10-18,59,net_revenue_usd,driver_regression,champion_baseline_plus_driver_delta,9980.67,9686.85,10274.5,0.0,1537.85,2211.87,0.0180,none,1.0
base_plan,Base plan,2026-10-18,59,shipped_revenue_usd,seasonal_naive,champion_baseline_plus_driver_delta,4735.58,3482.19,5988.97,0.0,1537.85,2211.87,0.0180,none,1.0
base_plan,Base plan,2026-10-19,60,net_revenue_usd,driver_regression,champion_baseline_plus_driver_delta,8953.74,8659.45,9248.03,0.0,1469.76,1984.87,0.0180,none,1.0
base_plan,Base plan,2026-10-19,60,shipped_revenue_usd,seasonal_naive,champion_baseline_plus_driver_delta,12180.33,10924.95,13435.71,0.0,1469.76,1984.87,0.0180,none,1.0
base_plan,Base plan,2026-10-20,61,net_revenue_usd,driver_regression,champion_baseline_plus_driver_delta,9313.39,9018.64,9608.15,0.0,1417.75,2184.65,0.0180,none,1.0
base_plan,Base plan,2026-10-20,61,shipped_revenue_usd,seasonal_naive,champion_baseline_plus_driver_delta,12183.44,10926.08,13440.8,0.0,1417.75,2184.65,0.0180,none,1.0
base_plan,Base plan,2026-10-21,62,net_revenue_usd,driver_regression,champion_baseline_plus_driver_delta,9573.77,9278.55,9868.99,0.0,1486.48,1921.73,0.0180,none,1.0
base_plan,Base plan,2026-10-21,62,shipped_revenue_usd,seasonal_naive,champion_baseline_plus_driver_delta,9233.25,7973.91,10492.59,0.0,1486.48,1921.73,0.0180,none,1.0
base_plan,Base plan,2026-10-22,63,net_revenue_usd,driver_regression,champion_baseline_plus_driver_delta,10100.13,9804.45,10395.82,0.0,1549.30,2085.90,0.0180,none,1.0
base_plan,Base plan,2026-10-22,63,shipped_revenue_usd,seasonal_naive,champion_baseline_plus_driver_delta,9091.91,7830.59,10353.23,0.0,1549.30,2085.90,0.0180,none,1.0
base_plan,Base plan,2026-10-23,64,net_revenue_usd,driver_regression,champion_baseline_plus_driver_delta,10455.48,10159.33,10751.62,0.0,1525.91,2012.14,0.0180,none,1.0
base_plan,Base plan,2026-10-23,64,shipped_revenue_usd,seasonal_naive,champion_baseline_plus_driver_delta,9886.55,8623.26,11149.84,0.0,1525.91,2012.14,0.0180,none,1.0
base_plan,Base plan,2026-10-24,65,net_revenue_usd,driver_regression,champion_baseline_plus_driver_delta,10505.69,10209.08,10802.3,0.0,1447.81,2085.39,0.0180,none,1.0
base_plan,Base plan,2026-10-24,65,shipped_revenue_usd,seasonal_naive,champion_baseline_plus_driver_delta,6210.86,4945.6,7476.12,0.0,1447.81,2085.39,0.0180,none,1.0
base_plan,Base plan,2026-10-25,66,net_revenue_usd,driver_regression,champion_baseline_plus_driver_delta,10049.16,9752.09,10346.23,0.0,1564.09,2160.99,0.0180,none,1.0
base_plan,Base plan,2026-10-25,66,shipped_revenue_usd,seasonal_naive,champion_baseline_plus_driver_delta,4744.05,3476.82,6011.28,0.0,1564.09,2160.99,0.0180,none,1.0
base_plan,Base plan,2026-10-26,67,net_revenue_usd,driver_regression,champion_baseline_plus_driver_delta,8959.06,8661.52,9256.59,0.0,1462.42,1981.17,0.0180,none,1.0
base_plan,Base plan,2026-10-26,67,shipped_revenue_usd,seasonal_naive,champion_baseline_plus_driver_delta,12202.1,10932.9,13471.3,0.0,1462.42,1981.17,0.0180,none,1.0
base_plan,Base plan,2026-10-27,68,net_revenue_usd,driver_regression,champion_baseline_plus_driver_delta,9724.62,9426.62,10022.61,0.0,1530.62,2204.56,0.0180,none,1.0
base_plan,Base plan,2026-10-27,68,shipped_revenue_usd,seasonal_naive,champion_baseline_plus_driver_delta,12205.21,10934.05,13476.37,0.0,1530.62,2204.56,0.0180,none,1.0
base_plan,Base plan,2026-10-28,69,net_revenue_usd,driver_regression,champion_baseline_plus_driver_delta,9774.06,9475.61,10072.51,0.0,1522.77,1977.96,0.0180,none,1.0
base_plan,Base plan,2026-10-28,69,shipped_revenue_usd,seasonal_naive,champion_baseline_plus_driver_delta,9602.24,8329.12,10875.36,0.0,1522.77,1977.96,0.0180,none,1.0
base_plan,Base plan,2026-10-29,70,net_revenue_usd,driver_regression,champion_baseline_plus_driver_delta,10122.37,9823.46,10421.28,0.0,1511.30,2205.34,0.0180,none,1.0
base_plan,Base plan,2026-10-29,70,shipped_revenue_usd,seasonal_naive,champion_baseline_plus_driver_delta,9144.91,7869.83,10419.99,0.0,1511.30,2205.34,0.0180,none,1.0
base_plan,Base plan,2026-10-30,71,net_revenue_usd,driver_regression,champion_baseline_plus_driver_delta,10691.19,10391.82,10990.56,0.0,1581.27,2043.10,0.0180,none,1.0
base_plan,Base plan,2026-10-30,71,shipped_revenue_usd,seasonal_naive,champion_baseline_plus_driver_delta,10240.1,8963.07,11517.13,0.0,1581.27,2043.10,0.0180,none,1.0
base_plan,Base plan,2026-10-31,72,net_revenue_usd,driver_regression,champion_baseline_plus_driver_delta,10704.71,10404.89,11004.54,0.0,1511.04,2052.11,0.0180,none,1.0
base_plan,Base plan,2026-10-31,72,shipped_revenue_usd,seasonal_naive,champion_baseline_plus_driver_delta,6221.95,4942.97,7500.93,0.0,1511.04,2052.11,0.0180,none,1.0
base_plan,Base plan,2026-11-01,73,net_revenue_usd,driver_regression,champion_baseline_plus_driver_delta,9906.09,9605.81,10206.37,0.0,1531.23,2091.71,0.0180,none,1.0
base_plan,Base plan,2026-11-01,73,shipped_revenue_usd,seasonal_naive,champion_baseline_plus_driver_delta,4752.52,3471.59,6033.45,0.0,1531.23,2091.71,0.0180,none,1.0
base_plan,Base plan,2026-11-02,74,net_revenue_usd,driver_regression,champion_baseline_plus_driver_delta,9310.81,9010.07,9611.55,0.0,1515.07,2145.67,0.0180,none,1.0
base_plan,Base plan,2026-11-02,74,shipped_revenue_usd,seasonal_naive,champion_baseline_plus_driver_delta,12223.87,10941.0,13506.74,0.0,1515.07,2145.67,0.0180,none,1.0
base_plan,Base plan,2026-11-03,75,net_revenue_usd,driver_regression,champion_baseline_plus_driver_delta,9399.63,9098.43,9700.82,0.0,1483.11,1994.84,0.0180,none,1.0
base_plan,Base plan,2026-11-03,75,shipped_revenue_usd,seasonal_naive,champion_baseline_plus_driver_delta,12226.98,10942.17,13511.79,0.0,1483.11,1994.84,0.0180,none,1.0
base_plan,Base plan,2026-11-04,76,net_revenue_usd,driver_regression,champion_baseline_plus_driver_delta,9730.7,9429.05,10032.34,0.0,1474.33,2068.34,0.0180,none,1.0
base_plan,Base plan,2026-11-04,76,shipped_revenue_usd,seasonal_naive,champion_baseline_plus_driver_delta,9912.7,8625.95,11199.45,0.0,1474.33,2068.34,0.0180,none,1.0
base_plan,Base plan,2026-11-05,77,net_revenue_usd,driver_regression,champion_baseline_plus_driver_delta,10307.34,10005.24,10609.44,0.0,1541.59,2272.07,0.0180,none,1.0
base_plan,Base plan,2026-11-05,77,shipped_revenue_usd,seasonal_naive,champion_baseline_plus_driver_delta,9424.61,8135.92,10713.3,0.0,1541.59,2272.07,0.0180,none,1.0
base_plan,Base plan,2026-11-06,78,net_revenue_usd,driver_regression,champion_baseline_plus_driver_delta,10317.73,10015.17,10620.28,0.0,1434.89,2117.17,0.0180,none,1.0
base_plan,Base plan,2026-11-06,78,shipped_revenue_usd,seasonal_naive,champion_baseline_plus_driver_delta,9922.59,8631.97,11213.21,0.0,1434.89,2117.17,0.0180,none,1.0
base_plan,Base plan,2026-11-07,79,net_revenue_usd,driver_regression,champion_baseline_plus_driver_delta,11186.71,10883.7,11489.71,0.0,1604.42,2220.83,0.0180,none,1.0
base_plan,Base plan,2026-11-07,79,shipped_revenue_usd,seasonal_naive,champion_baseline_plus_driver_delta,6233.04,4940.49,7525.59,0.0,1604.42,2220.83,0.0180,none,1.0
base_plan,Base plan,2026-11-08,80,net_revenue_usd,driver_regression,champion_baseline_plus_driver_delta,10010.84,9707.38,10314.3,0.0,1571.45,2043.24,0.0180,none,1.0
base_plan,Base plan,2026-11-08,80,shipped_revenue_usd,seasonal_naive,champion_baseline_plus_driver_delta,4760.99,3466.51,6055.47,0.0,1571.45,2043.24,0.0180,none,1.0
base_plan,Base plan,2026-11-09,81,net_revenue_usd,driver_regression,champion_baseline_plus_driver_delta,9376.68,9072.77,9680.59,0.0,1544.99,2091.78,0.0180,none,1.0
base_plan,Base plan,2026-11-09,81,shipped_revenue_usd,seasonal_naive,champion_baseline_plus_driver_delta,12245.64,10949.24,13542.04,0.0,1544.99,2091.78,0.0180,none,1.0
base_plan,Base plan,2026-11-10,82,net_revenue_usd,driver_regression,champion_baseline_plus_driver_delta,9985.55,9681.19,10289.91,0.0,1555.08,2347.36,0.0180,none,1.0
base_plan,Base plan,2026-11-10,82,shipped_revenue_usd,seasonal_naive,champion_baseline_plus_driver_delta,12248.76,10950.44,13547.08,0.0,1555.08,2347.36,0.0180,none,1.0
base_plan,Base plan,2026-11-11,83,net_revenue_usd,driver_regression,champion_baseline_plus_driver_delta,9807.93,9503.11,10112.74,0.0,1507.84,2016.05,0.0180,none,1.0
base_plan,Base plan,2026-11-11,83,shipped_revenue_usd,seasonal_naive,champion_baseline_plus_driver_delta,10558.06,9257.82,11858.3,0.0,1507.84,2016.05,0.0180,none,1.0
base_plan,Base plan,2026-11-12,84,net_revenue_usd,driver_regression,champion_baseline_plus_driver_delta,10370.57,10065.31,10675.83,0.0,1554.08,2276.57,0.0180,none,1.0
base_plan,Base plan,2026-11-12,84,shipped_revenue_usd,seasonal_naive,champion_baseline_plus_driver_delta,9637.03,8334.87,10939.19,0.0,1554.08,2276.57,0.0180,none,1.0
base_plan,Base plan,2026-11-13,85,net_revenue_usd,driver_regression,champion_baseline_plus_driver_delta,11918.4,11612.69,12224.11,0.0,1774.86,2434.08,0.0360,none,1.0
base_plan,Base plan,2026-11-13,85,shipped_revenue_usd,seasonal_naive,champion_baseline_plus_driver_delta,11123.08,9819.01,12427.15,0.0,1774.86,2434.08,0.0360,none,1.0
base_plan,Base plan,2026-11-14,86,net_revenue_usd,driver_regression,champion_baseline_plus_driver_delta,12223.69,11917.53,12529.84,0.0,1765.71,2485.22,0.0360,monthly_promotion,1.0
base_plan,Base plan,2026-11-14,86,shipped_revenue_usd,seasonal_naive,champion_baseline_plus_driver_delta,6244.13,4938.15,7550.11,0.0,1765.71,2485.22,0.0360,monthly_promotion,1.0
base_plan,Base plan,2026-11-15,87,net_revenue_usd,driver_regression,champion_baseline_plus_driver_delta,11509.46,11202.86,11816.07,0.0,1806.16,2547.21,0.0360,monthly_promotion,1.0
base_plan,Base plan,2026-11-15,87,shipped_revenue_usd,seasonal_naive,champion_baseline_plus_driver_delta,4769.45,3461.56,6077.34,0.0,1806.16,2547.21,0.0360,monthly_promotion,1.0
base_plan,Base plan,2026-11-16,88,net_revenue_usd,driver_regression,champion_baseline_plus_driver_delta,9539.54,9232.49,9846.59,0.0,1556.61,2146.35,0.0180,monthly_promotion,1.0
base_plan,Base plan,2026-11-16,88,shipped_revenue_usd,seasonal_naive,champion_baseline_plus_driver_delta,12267.42,10957.63,13577.21,0.0,1556.61,2146.35,0.0180,monthly_promotion,1.0
base_plan,Base plan,2026-11-17,89,net_revenue_usd,driver_regression,champion_baseline_plus_driver_delta,9546.33,9238.84,9853.83,0.0,1481.60,2116.82,0.0180,none,1.0
base_plan,Base plan,2026-11-17,89,shipped_revenue_usd,seasonal_naive,champion_baseline_plus_driver_delta,12270.53,10958.84,13582.22,0.0,1481.60,2116.82,0.0180,none,1.0
base_plan,Base plan,2026-11-18,90,net_revenue_usd,driver_regression,champion_baseline_plus_driver_delta,10373.67,10065.73,10681.6,0.0,1589.06,2323.28,0.0180,none,1.0
base_plan,Base plan,2026-11-18,90,shipped_revenue_usd,seasonal_naive,champion_baseline_plus_driver_delta,12046.35,10732.76,13359.94,0.0,1589.06,2323.28,0.0180,none,1.0
base_plan,Base plan,2026-11-19,91,net_revenue_usd,driver_regression,champion_baseline_plus_driver_delta,13649.96,13341.58,13958.35,0.0,2227.79,2821.86,0.0730,none,1.0
base_plan,Base plan,2026-11-19,91,shipped_revenue_usd,seasonal_naive,champion_baseline_plus_driver_delta,10639.85,9324.36,11955.34,0.0,2227.79,2821.86,0.0730,none,1.0
downside,Downside,2026-08-21,1,net_revenue_usd,driver_regression,champion_baseline_plus_driver_delta,8439.64,8174.23,8705.06,-681.36,1178.56,1510.52,0.0180,none,0.95
downside,Downside,2026-08-21,1,shipped_revenue_usd,seasonal_naive,champion_baseline_plus_driver_delta,7568.98,6436.79,8701.17,-848.72,1178.56,1510.52,0.0180,none,0.95
downside,Downside,2026-08-22,2,net_revenue_usd,driver_regression,champion_baseline_plus_driver_delta,8320.21,8054.28,8586.14,-630.38,1103.27,1392.44,0.0180,none,0.95
downside,Downside,2026-08-22,2,shipped_revenue_usd,seasonal_naive,champion_baseline_plus_driver_delta,5410.02,4275.63,6544.41,-701.05,1103.27,1392.44,0.0180,none,0.95
downside,Downside,2026-08-23,3,net_revenue_usd,driver_regression,champion_baseline_plus_driver_delta,7683.28,7416.83,7949.72,-672.36,1126.70,1586.77,0.0180,none,0.95
downside,Downside,2026-08-23,3,shipped_revenue_usd,seasonal_naive,champion_baseline_plus_driver_delta,4006.05,2869.47,5142.63,-661.8,1126.70,1586.77,0.0180,none,0.95
downside,Downside,2026-08-24,4,net_revenue_usd,driver_regression,champion_baseline_plus_driver_delta,7055.3,6788.34,7322.26,-662.26,1145.50,1484.32,0.0180,none,0.95
downside,Downside,2026-08-24,4,shipped_revenue_usd,seasonal_naive,champion_baseline_plus_driver_delta,10885.5,9746.72,12024.28,-1011.75,1145.50,1484.32,0.0180,none,0.95
downside,Downside,2026-08-25,5,net_revenue_usd,driver_regression,champion_baseline_plus_driver_delta,7531.18,7263.71,7798.65,-674.73,1195.80,1459.41,0.0180,none,0.95
downside,Downside,2026-08-25,5,shipped_revenue_usd,seasonal_naive,champion_baseline_plus_driver_delta,6626.83,5485.87,7767.79,-792.27,1195.80,1459.41,0.0180,none,0.95
downside,Downside,2026-08-26,6,net_revenue_usd,driver_regression,champion_baseline_plus_driver_delta,7803.46,7535.47,8071.44,-676.27,1183.69,1477.50,0.0180,none,0.95
downside,Downside,2026-08-26,6,shipped_revenue_usd,seasonal_naive,champion_baseline_plus_driver_delta,6855.28,5712.14,7998.42,-806.32,1183.69,1477.50,0.0180,none,0.95
downside,Downside,2026-08-27,7,net_revenue_usd,driver_regression,champion_baseline_plus_driver_delta,8000.96,7732.47,8269.45,-684.09,1153.30,1605.81,0.0180,none,0.95
downside,Downside,2026-08-27,7,shipped_revenue_usd,seasonal_naive,champion_baseline_plus_driver_delta,7138.78,5993.46,8284.1,-833.96,1153.30,1605.81,0.0180,none,0.95
downside,Downside,2026-08-28,8,net_revenue_usd,driver_regression,champion_baseline_plus_driver_delta,8544.61,8275.6,8813.61,-683.52,1201.04,1487.62,0.0180,none,0.95
downside,Downside,2026-08-28,8,shipped_revenue_usd,seasonal_naive,champion_baseline_plus_driver_delta,7502.26,6354.76,8649.76,-844.75,1201.04,1487.62,0.0180,none,0.95
downside,Downside,2026-08-29,9,net_revenue_usd,driver_regression,champion_baseline_plus_driver_delta,8563.14,8293.63,8832.65,-652.91,1152.91,1423.33,0.0180,none,0.95
downside,Downside,2026-08-29,9,shipped_revenue_usd,seasonal_naive,champion_baseline_plus_driver_delta,5407.64,4257.97,6557.31,-714.52,1152.91,1423.33,0.0180,none,0.95
downside,Downside,2026-08-30,10,net_revenue_usd,driver_regression,champion_baseline_plus_driver_delta,7840.16,7570.14,8110.18,-678.13,1182.27,1507.25,0.0180,none,0.95
downside,Downside,2026-08-30,10,shipped_revenue_usd,seasonal_naive,champion_baseline_plus_driver_delta,4016.43,2864.6,5168.26,-659.88,1182.27,1507.25,0.0180,none,0.95
downside,Downside,2026-08-31,11,net_revenue_usd,driver_regression,champion_baseline_plus_driver_delta,7264.47,6993.94,7535.0,-685.3,1166.70,1575.31,0.0180,none,0.95
downside,Downside,2026-08-31,11,shipped_revenue_usd,seasonal_naive,champion_baseline_plus_driver_delta,10992.59,9838.6,12146.58,-1035.33,1166.70,1575.31,0.0180,none,0.95
downside,Downside,2026-09-01,12,net_revenue_usd,driver_regression,champion_baseline_plus_driver_delta,7661.61,7390.58,7932.64,-691.22,1179.14,1594.86,0.0180,none,0.95
downside,Downside,2026-09-01,12,shipped_revenue_usd,seasonal_naive,champion_baseline_plus_driver_delta,7731.66,6575.51,8887.81,-868.06,1179.14,1594.86,0.0180,none,0.95
downside,Downside,2026-09-02,13,net_revenue_usd,driver_regression,champion_baseline_plus_driver_delta,7804.99,7533.45,8076.53,-673.27,1153.69,1522.29,0.0180,none,0.95
downside,Downside,2026-09-02,13,shipped_revenue_usd,seasonal_naive,champion_baseline_plus_driver_delta,6965.51,5807.2,8123.82,-813.63,1153.69,1522.29,0.0180,none,0.95
downside,Downside,2026-09-03,14,net_revenue_usd,driver_regression,champion_baseline_plus_driver_delta,7903.2,7631.16,8175.24,-654.56,1166.76,1400.19,0.0180,none,0.95
downside,Downside,2026-09-03,14,shipped_revenue_usd,seasonal_naive,champion_baseline_plus_driver_delta,7163.08,6002.62,8323.54,-806.18,1166.76,1400.19,0.0180,none,0.95
downside,Downside,2026-09-04,15,net_revenue_usd,driver_regression,champion_baseline_plus_driver_delta,8638.69,8366.15,8911.23,-699.12,1160.11,1666.61,0.0180,none,0.95
downside,Downside,2026-09-04,15,shipped_revenue_usd,seasonal_naive,champion_baseline_plus_driver_delta,7604.06,6441.46,8766.66,-870.25,1160.11,1666.61,0.0180,none,0.95
downside,Downside,2026-09-05,16,net_revenue_usd,driver_regression,champion_baseline_plus_driver_delta,8792.95,8519.91,9066.0,-683.54,1180.24,1515.74,0.0180,none,0.95
downside,Downside,2026-09-05,16,shipped_revenue_usd,seasonal_naive,champion_baseline_plus_driver_delta,5397.36,4232.62,6562.1,-735.89,1180.24,1515.74,0.0180,none,0.95
downside,Downside,2026-09-06,17,net_revenue_usd,driver_regression,champion_baseline_plus_driver_delta,8117.96,7844.41,8391.51,-717.1,1202.76,1673.22,0.0180,none,0.95
downside,Downside,2026-09-06,17,shipped_revenue_usd,seasonal_naive,champion_baseline_plus_driver_delta,3994.87,2827.99,5161.75,-689.91,1202.76,1673.22,0.0180,none,0.95
downside,Downside,2026-09-07,18,net_revenue_usd,driver_regression,champion_baseline_plus_driver_delta,7359.15,7085.1,7633.19,-691.0,1176.12,1586.04,0.0180,none,0.95
downside,Downside,2026-09-07,18,shipped_revenue_usd,seasonal_naive,champion_baseline_plus_driver_delta,11009.81,9840.79,12178.83,-1039.88,1176.12,1586.04,0.0180,none,0.95
downside,Downside,2026-09-08,19,net_revenue_usd,driver_regression,champion_baseline_plus_driver_delta,7924.56,7650.01,8199.11,-730.13,1188.45,1783.05,0.0180,none,0.95
downside,Downside,2026-09-08,19,shipped_revenue_usd,seasonal_naive,champion_baseline_plus_driver_delta,8423.62,7252.47,9594.77,-937.14,1188.45,1783.05,0.0180,none,0.95
downside,Downside,2026-09-09,20,net_revenue_usd,driver_regression,champion_baseline_plus_driver_delta,8102.38,7827.33,8377.42,-703.48,1207.53,1597.19,0.0180,none,0.95
downside,Downside,2026-09-09,20,shipped_revenue_usd,seasonal_naive,champion_baseline_plus_driver_delta,7342.46,6169.19,8515.73,-853.98,1207.53,1597.19,0.0180,none,0.95
downside,Downside,2026-09-10,21,net_revenue_usd,driver_regression,champion_baseline_plus_driver_delta,8216.69,7941.15,8492.24,-694.46,1212.37,1519.86,0.0180,none,0.95
downside,Downside,2026-09-10,21,shipped_revenue_usd,seasonal_naive,champion_baseline_plus_driver_delta,7297.48,6122.08,8472.88,-841.75,1212.37,1519.86,0.0180,none,0.95
downside,Downside,2026-09-11,22,net_revenue_usd,driver_regression,champion_baseline_plus_driver_delta,8766.71,8490.67,9042.75,-708.56,1180.60,1675.85,0.0180,none,0.95
downside,Downside,2026-09-11,22,shipped_revenue_usd,seasonal_naive,champion_baseline_plus_driver_delta,8150.6,6973.09,9328.11,-904.46,1180.60,1675.85,0.0180,none,0.95
downside,Downside,2026-09-12,23,net_revenue_usd,driver_regression,champion_baseline_plus_driver_delta,9150.58,8874.05,9427.12,-723.95,1226.24,1680.90,0.0180,none,0.95
downside,Downside,2026-09-12,23,shipped_revenue_usd,seasonal_naive,champion_baseline_plus_driver_delta,5377.63,4198.0,6557.26,-766.71,1226.24,1680.90,0.0180,none,0.95
downside,Downside,2026-09-13,24,net_revenue_usd,driver_regression,champion_baseline_plus_driver_delta,9176.2,8899.17,9453.23,-818.89,1411.19,1824.83,0.0360,none,0.95
downside,Downside,2026-09-13,24,shipped_revenue_usd,seasonal_naive,champion_baseline_plus_driver_delta,3943.78,2762.04,5125.52,-749.47,1411.19,1824.83,0.0360,none,0.95
downside,Downside,2026-09-14,25,net_revenue_usd,driver_regression,champion_baseline_plus_driver_delta,8767.91,8490.38,9045.43,-844.14,1418.76,1936.49,0.0360,monthly_promotion,0.95
downside,Downside,2026-09-14,25,shipped_revenue_usd,seasonal_naive,champion_baseline_plus_driver_delta,10880.04,9696.19,12063.89,-1191.42,1418.76,1936.49,0.0360,monthly_promotion,0.95
downside,Downside,2026-09-15,26,net_revenue_usd,driver_regression,champion_baseline_plus_driver_delta,8845.97,8567.95,9123.99,-805.82,1365.03,1843.28,0.0360,monthly_promotion,0.95
downside,Downside,2026-09-15,26,shipped_revenue_usd,seasonal_naive,champion_baseline_plus_driver_delta,10907.59,9721.64,12093.54,-1166.98,1365.03,1843.28,0.0360,monthly_promotion,0.95
downside,Downside,2026-09-16,27,net_revenue_usd,driver_regression,champion_baseline_plus_driver_delta,8448.06,8169.55,8726.57,-741.28,1262.79,1664.61,0.0180,monthly_promotion,0.95
downside,Downside,2026-09-16,27,shipped_revenue_usd,seasonal_naive,champion_baseline_plus_driver_delta,8173.89,6985.84,9361.94,-978.02,1262.79,1664.61,0.0180,monthly_promotion,0.95
downside,Downside,2026-09-17,28,net_revenue_usd,driver_regression,champion_baseline_plus_driver_delta,8549.14,8270.13,8828.14,-728.42,1281.90,1580.69,0.0180,none,0.95
downside,Downside,2026-09-17,28,shipped_revenue_usd,seasonal_naive,champion_baseline_plus_driver_delta,7826.75,6636.6,9016.9,-891.07,1281.90,1580.69,0.0180,none,0.95
downside,Downside,2026-09-18,29,net_revenue_usd,driver_regression,champion_baseline_plus_driver_delta,8895.85,8616.36,9175.34,-709.95,1226.43,1602.83,0.0180,none,0.95
downside,Downside,2026-09-18,29,shipped_revenue_usd,seasonal_naive,champion_baseline_plus_driver_delta,8083.51,6891.27,9275.75,-896.67,1226.43,1602.83,0.0180,none,0.95
downside,Downside,2026-09-19,30,net_revenue_usd,driver_regression,champion_baseline_plus_driver_delta,9310.32,9030.34,9590.3,-740.7,1242.65,1739.23,0.0180,none,0.95
downside,Downside,2026-09-19,30,shipped_revenue_usd,seasonal_naive,champion_baseline_plus_driver_delta,5376.27,4181.94,6570.6,-779.15,1242.65,1739.23,0.0180,none,0.95
downside,Downside,2026-09-20,31,net_revenue_usd,driver_regression,champion_baseline_plus_driver_delta,8249.52,7969.05,8529.99,-715.05,1214.57,1661.60,0.0180,none,0.95
downside,Downside,2026-09-20,31,shipped_revenue_usd,seasonal_naive,champion_baseline_plus_driver_delta,4012.7,2816.29,5209.11,-689.02,1214.57,1661.60,0.0180,none,0.95
downside,Downside,2026-09-21,32,net_revenue_usd,driver_regression,champion_baseline_plus_driver_delta,7888.76,7607.8,8169.72,-749.97,1246.49,1796.76,0.0180,none,0.95
downside,Downside,2026-09-21,32,shipped_revenue_usd,seasonal_naive,champion_baseline_plus_driver_delta,11008.99,9810.5,12207.48,-1084.25,1246.49,1796.76,0.0180,none,0.95
downside,Downside,2026-09-22,33,net_revenue_usd,driver_regression,champion_baseline_plus_driver_delta,8299.54,8018.09,8580.98,-755.38,1278.63,1765.19,0.0180,none,0.95
downside,Downside,2026-09-22,33,shipped_revenue_usd,seasonal_naive,champion_baseline_plus_driver_delta,8992.8,7792.23,10193.37,-978.75,1278.63,1765.19,0.0180,none,0.95
downside,Downside,2026-09-23,34,net_revenue_usd,driver_regression,champion_baseline_plus_driver_delta,8320.79,8038.85,8602.72,-713.5,1253.25,1564.73,0.0180,none,0.95
downside,Downside,2026-09-23,34,shipped_revenue_usd,seasonal_naive,champion_baseline_plus_driver_delta,7339.67,6137.02,8542.32,-856.74,1253.25,1564.73,0.0180,none,0.95
downside,Downside,2026-09-24,35,net_revenue_usd,driver_regression,champion_baseline_plus_driver_delta,8635.34,8352.92,8917.76,-740.52,1240.67,1757.16,0.0180,none,0.95
downside,Downside,2026-09-24,35,shipped_revenue_usd,seasonal_naive,champion_baseline_plus_driver_delta,7906.63,6701.91,9111.35,-913.46,1240.67,1757.16,0.0180,none,0.95
downside,Downside,2026-09-25,36,net_revenue_usd,driver_regression,champion_baseline_plus_driver_delta,9211.4,8928.5,9494.3,-744.64,1285.03,1685.36,0.0180,none,0.95
downside,Downside,2026-09-25,36,shipped_revenue_usd,seasonal_naive,champion_baseline_plus_driver_delta,8485.23,7278.45,9692.01,-941.13,1285.03,1685.36,0.0180,none,0.95
downside,Downside,2026-09-26,37,net_revenue_usd,driver_regression,champion_baseline_plus_driver_delta,9611.33,9327.94,9894.71,-759.35,1366.86,1586.39,0.0180,none,0.95
downside,Downside,2026-09-26,37,shipped_revenue_usd,seasonal_naive,champion_baseline_plus_driver_delta,5387.65,4178.8,6596.5,-778.86,1366.86,1586.39,0.0180,none,0.95
downside,Downside,2026-09-27,38,net_revenue_usd,driver_regression,champion_baseline_plus_driver_delta,8338.31,8054.44,8622.18,-717.09,1244.43,1603.09,0.0180,none,0.95
downside,Downside,2026-09-27,38,shipped_revenue_usd,seasonal_naive,champion_baseline_plus_driver_delta,4023.53,2812.62,5234.44,-686.65,1244.43,1603.09,0.0180,none,0.95
downside,Downside,2026-09-28,39,net_revenue_usd,driver_regression,champion_baseline_plus_driver_delta,7950.75,7666.4,8235.1,-744.19,1306.05,1610.70,0.0180,none,0.95
downside,Downside,2026-09-28,39,shipped_revenue_usd,seasonal_naive,champion_baseline_plus_driver_delta,11044.5,9831.54,12257.46,-1070.51,1306.05,1610.70,0.0180,none,0.95
downside,Downside,2026-09-29,40,net_revenue_usd,driver_regression,champion_baseline_plus_driver_delta,8576.48,8291.65,8861.31,-792.31,1306.50,1912.11,0.0180,none,0.95
downside,Downside,2026-09-29,40,shipped_revenue_usd,seasonal_naive,champion_baseline_plus_driver_delta,10236.63,9021.61,11451.65,-1073.05,1306.50,1912.11,0.0180,none,0.95
downside,Downside,2026-09-30,41,net_revenue_usd,driver_regression,champion_baseline_plus_driver_delta,8726.44,8441.12,9011.75,-766.11,1324.71,1700.96,0.0180,none,0.95
downside,Downside,2026-09-30,41,shipped_revenue_usd,seasonal_naive,champion_baseline_plus_driver_delta,7722.63,6505.56,8939.7,-913.0,1324.71,1700.96,0.0180,none,0.95
downside,Downside,2026-10-01,42,net_revenue_usd,driver_regression,champion_baseline_plus_driver_delta,8763.96,8478.17,9049.75,-749.45,1274.26,1729.83,0.0180,none,0.95
downside,Downside,2026-10-01,42,shipped_revenue_usd,seasonal_naive,champion_baseline_plus_driver_delta,7784.8,6565.69,9003.91,-909.74,1274.26,1729.83,0.0180,none,0.95
downside,Downside,2026-10-02,43,net_revenue_usd,driver_regression,champion_baseline_plus_driver_delta,9237.5,8951.23,9523.77,-742.8,1288.67,1651.36,0.0180,none,0.95
downside,Downside,2026-10-02,43,shipped_revenue_usd,seasonal_naive,champion_baseline_plus_driver_delta,8473.34,7252.18,9694.5,-937.25,1288.67,1651.36,0.0180,none,0.95
downside,Downside,2026-10-03,44,net_revenue_usd,driver_regression,champion_baseline_plus_driver_delta,9588.43,9301.68,9875.18,-765.14,1277.80,1812.90,0.0180,none,0.95
downside,Downside,2026-10-03,44,shipped_revenue_usd,seasonal_naive,champion_baseline_plus_driver_delta,5380.73,4157.53,6603.93,-796.87,1277.80,1812.90,0.0180,none,0.95
downside,Downside,2026-10-04,45,net_revenue_usd,driver_regression,champion_baseline_plus_driver_delta,8624.09,8336.86,8911.31,-747.51,1304.50,1653.53,0.0180,none,0.95
downside,Downside,2026-10-04,45,shipped_revenue_usd,seasonal_naive,champion_baseline_plus_driver_delta,4013.58,2788.35,5238.81,-705.07,1304.50,1653.53,0.0180,none,0.95
downside,Downside,2026-10-05,46,net_revenue_usd,driver_regression,champion_baseline_plus_driver_delta,8251.68,7963.98,8539.38,-784.63,1328.50,1804.03,0.0180,none,0.95
downside,Downside,2026-10-05,46,shipped_revenue_usd,seasonal_naive,champion_baseline_plus_driver_delta,11033.08,9805.82,12260.34,-1103.7,1328.50,1804.03,0.0180,none,0.95
downside,Downside,2026-10-06,47,net_revenue_usd,driver_regression,champion_baseline_plus_driver_delta,8492.61,8204.43,8780.79,-762.78,1344.03,1650.65,0.0180,none,0.95
downside,Downside,2026-10-06,47,shipped_revenue_usd,seasonal_naive,champion_baseline_plus_driver_delta,11056.54,9827.25,12285.83,-1083.35,1344.03,1650.65,0.0180,none,0.95
downside,Downside,2026-10-07,48,net_revenue_usd,driver_regression,champion_baseline_plus_driver_delta,9130.95,8842.29,9419.6,-816.19,1384.10,1880.16,0.0180,none,0.95
downside,Downside,2026-10-07,48,shipped_revenue_usd,seasonal_naive,champion_baseline_plus_driver_delta,7966.5,6735.18,9197.82,-963.58,1384.10,1880.16,0.0180,none,0.95
downside,Downside,2026-10-08,49,net_revenue_usd,driver_regression,champion_baseline_plus_driver_delta,9135.09,8845.96,9424.21,-792.8,1343.80,1840.37,0.0180,none,0.95
downside,Downside,2026-10-08,49,shipped_revenue_usd,seasonal_naive,champion_baseline_plus_driver_delta,8098.78,6865.44,9332.12,-955.9,1343.80,1840.37,0.0180,none,0.95
downside,Downside,2026-10-09,50,net_revenue_usd,driver_regression,champion_baseline_plus_driver_delta,9437.87,9148.27,9727.47,-760.32,1329.28,1680.15,0.0180,none,0.95
downside,Downside,2026-10-09,50,shipped_revenue_usd,seasonal_naive,champion_baseline_plus_driver_delta,8783.05,7547.69,10018.41,-964.45,1329.28,1680.15,0.0180,none,0.95
downside,Downside,2026-10-10,51,net_revenue_usd,driver_regression,champion_baseline_plus_driver_delta,9545.41,9255.34,9835.49,-743.06,1297.97,1655.03,0.0180,none,0.95
downside,Downside,2026-10-10,51,shipped_revenue_usd,seasonal_naive,champion_baseline_plus_driver_delta,5412.18,4174.8,6649.56,-776.51,1297.97,1655.03,0.0180,none,0.95
downside,Downside,2026-10-11,52,net_revenue_usd,driver_regression,champion_baseline_plus_driver_delta,9051.77,8761.22,9342.31,-805.16,1355.97,1886.04,0.0180,none,0.95
downside,Downside,2026-10-11,52,shipped_revenue_usd,seasonal_naive,champion_baseline_plus_driver_delta,3978.65,2739.26,5218.04,-748.47,1355.97,1886.04,0.0180,none,0.95
downside,Downside,2026-10-12,53,net_revenue_usd,driver_regression,champion_baseline_plus_driver_delta,8089.72,7798.7,8380.74,-743.13,1339.37,1553.55,0.0180,none,0.95
downside,Downside,2026-10-12,53,shipped_revenue_usd,seasonal_naive,champion_baseline_plus_driver_delta,11090.07,9848.67,12331.47,-1068.48,1339.37,1553.55,0.0180,none,0.95
downside,Downside,2026-10-13,54,net_revenue_usd,driver_regression,champion_baseline_plus_driver_delta,9623.46,9331.97,9914.94,-882.51,1530.90,1964.16,0.0360,none,0.95
downside,Downside,2026-10-13,54,shipped_revenue_usd,seasonal_naive,champion_baseline_plus_driver_delta,10998.93,9755.52,12242.34,-1162.73,1530.90,1964.16,0.0360,none,0.95
downside,Downside,2026-10-14,55,net_revenue_usd,driver_regression,champion_baseline_plus_driver_delta,9782.8,9490.84,10074.76,-872.73,1455.12,2024.93,0.0360,monthly_promotion,0.95
downside,Downside,2026-10-14,55,shipped_revenue_usd,seasonal_naive,champion_baseline_plus_driver_delta,9809.71,8564.3,11055.12,-1155.69,1455.12,2024.93,0.0360,monthly_promotion,0.95
downside,Downside,2026-10-15,56,net_revenue_usd,driver_regression,champion_baseline_plus_driver_delta,10344.97,10052.55,10637.4,-918.73,1572.82,2041.60,0.0360,monthly_promotion,0.95
downside,Downside,2026-10-15,56,shipped_revenue_usd,seasonal_naive,champion_baseline_plus_driver_delta,9171.17,7923.76,10418.58,-1146.68,1572.82,2041.60,0.0360,monthly_promotion,0.95
downside,Downside,2026-10-16,57,net_revenue_usd,driver_regression,champion_baseline_plus_driver_delta,9589.79,9296.89,9882.68,-781.68,1308.36,1814.11,0.0180,monthly_promotion,0.95
downside,Downside,2026-10-16,57,shipped_revenue_usd,seasonal_naive,champion_baseline_plus_driver_delta,8379.12,7129.71,9628.53,-1019.61,1308.36,1814.11,0.0180,monthly_promotion,0.95
downside,Downside,2026-10-17,58,net_revenue_usd,driver_regression,champion_baseline_plus_driver_delta,9732.22,9438.86,10025.58,-764.78,1340.24,1669.00,0.0180,none,0.95
downside,Downside,2026-10-17,58,shipped_revenue_usd,seasonal_naive,champion_baseline_plus_driver_delta,5411.28,4159.88,6662.68,-788.5,1340.24,1669.00,0.0180,none,0.95
downside,Downside,2026-10-18,59,net_revenue_usd,driver_regression,champion_baseline_plus_driver_delta,9164.84,8871.02,9458.67,-815.83,1381.30,1880.09,0.0180,none,0.95
downside,Downside,2026-10-18,59,shipped_revenue_usd,seasonal_naive,champion_baseline_plus_driver_delta,3981.91,2728.52,5235.3,-753.67,1381.30,1880.09,0.0180,none,0.95
downside,Downside,2026-10-19,60,net_revenue_usd,driver_regression,champion_baseline_plus_driver_delta,8195.76,7901.47,8490.05,-757.98,1321.18,1687.14,0.0180,none,0.95
downside,Downside,2026-10-19,60,shipped_revenue_usd,seasonal_naive,champion_baseline_plus_driver_delta,11094.93,9839.55,12350.31,-1085.4,1321.18,1687.14,0.0180,none,0.95
downside,Downside,2026-10-20,61,net_revenue_usd,driver_regression,champion_baseline_plus_driver_delta,8540.5,8245.75,8835.26,-772.89,1273.42,1856.95,0.0180,none,0.95
downside,Downside,2026-10-20,61,shipped_revenue_usd,seasonal_naive,champion_baseline_plus_driver_delta,11079.67,9822.31,12337.03,-1103.77,1273.42,1856.95,0.0180,none,0.95
downside,Downside,2026-10-21,62,net_revenue_usd,driver_regression,champion_baseline_plus_driver_delta,8818.69,8523.47,9113.91,-755.08,1335.99,1633.47,0.0180,none,0.95
downside,Downside,2026-10-21,62,shipped_revenue_usd,seasonal_naive,champion_baseline_plus_driver_delta,8300.08,7040.74,9559.42,-933.17,1335.99,1633.47,0.0180,none,0.95
downside,Downside,2026-10-22,63,net_revenue_usd,driver_regression,champion_baseline_plus_driver_delta,9300.13,9004.45,9595.82,-800.0,1392.08,1773.02,0.0180,none,0.95
downside,Downside,2026-10-22,63,shipped_revenue_usd,seasonal_naive,champion_baseline_plus_driver_delta,8135.02,6873.7,9396.34,-956.89,1392.08,1773.02,0.0180,none,0.95
downside,Downside,2026-10-23,64,net_revenue_usd,driver_regression,champion_baseline_plus_driver_delta,9676.93,9380.78,9973.07,-778.55,1372.11,1710.32,0.0180,none,0.95
downside,Downside,2026-10-23,64,shipped_revenue_usd,seasonal_naive,champion_baseline_plus_driver_delta,8904.37,7641.08,10167.66,-982.18,1372.11,1710.32,0.0180,none,0.95
downside,Downside,2026-10-24,65,net_revenue_usd,driver_regression,champion_baseline_plus_driver_delta,9737.94,9441.33,10034.55,-767.75,1300.66,1772.58,0.0180,none,0.95
downside,Downside,2026-10-24,65,shipped_revenue_usd,seasonal_naive,champion_baseline_plus_driver_delta,5413.67,4148.41,6678.93,-797.19,1300.66,1772.58,0.0180,none,0.95
downside,Downside,2026-10-25,66,net_revenue_usd,driver_regression,champion_baseline_plus_driver_delta,9234.9,8937.83,9531.97,-814.26,1405.76,1836.84,0.0180,none,0.95
downside,Downside,2026-10-25,66,shipped_revenue_usd,seasonal_naive,champion_baseline_plus_driver_delta,3993.51,2726.28,5260.74,-750.54,1405.76,1836.84,0.0180,none,0.95
downside,Downside,2026-10-26,67,net_revenue_usd,driver_regression,champion_baseline_plus_driver_delta,8201.22,7903.68,8498.75,-757.84,1313.72,1683.99,0.0180,none,0.95
downside,Downside,2026-10-26,67,shipped_revenue_usd,seasonal_naive,champion_baseline_plus_driver_delta,11115.88,9846.68,12385.08,-1086.22,1313.72,1683.99,0.0180,none,0.95
downside,Downside,2026-10-27,68,net_revenue_usd,driver_regression,champion_baseline_plus_driver_delta,8916.74,8618.74,9214.73,-807.88,1376.23,1873.88,0.0180,none,0.95
downside,Downside,2026-10-27,68,shipped_revenue_usd,seasonal_naive,champion_baseline_plus_driver_delta,11082.31,9811.15,12353.47,-1122.9,1376.23,1873.88,0.0180,none,0.95
downside,Downside,2026-10-28,69,net_revenue_usd,driver_regression,champion_baseline_plus_driver_delta,8998.86,8700.41,9297.31,-775.2,1368.49,1681.27,0.0180,none,0.95
downside,Downside,2026-10-28,69,shipped_revenue_usd,seasonal_naive,champion_baseline_plus_driver_delta,8637.78,7364.66,9910.9,-964.46,1368.49,1681.27,0.0180,none,0.95
downside,Downside,2026-10-29,70,net_revenue_usd,driver_regression,champion_baseline_plus_driver_delta,9321.09,9022.18,9620.0,-801.28,1359.01,1874.54,0.0180,none,0.95
downside,Downside,2026-10-29,70,shipped_revenue_usd,seasonal_naive,champion_baseline_plus_driver_delta,8178.18,6903.1,9453.26,-966.73,1359.01,1874.54,0.0180,none,0.95
downside,Downside,2026-10-30,71,net_revenue_usd,driver_regression,champion_baseline_plus_driver_delta,9888.28,9588.91,10187.65,-802.91,1421.23,1736.63,0.0180,none,0.95
downside,Downside,2026-10-30,71,shipped_revenue_usd,seasonal_naive,champion_baseline_plus_driver_delta,9226.73,7949.7,10503.76,-1013.37,1421.23,1736.63,0.0180,none,0.95
downside,Downside,2026-10-31,72,net_revenue_usd,driver_regression,champion_baseline_plus_driver_delta,9921.8,9621.98,10221.63,-782.91,1357.66,1744.29,0.0180,none,0.95
downside,Downside,2026-10-31,72,shipped_revenue_usd,seasonal_naive,champion_baseline_plus_driver_delta,5418.69,4139.71,6697.67,-803.26,1357.66,1744.29,0.0180,none,0.95
downside,Downside,2026-11-01,73,net_revenue_usd,driver_regression,champion_baseline_plus_driver_delta,9108.96,8808.68,9409.24,-797.13,1375.17,1777.95,0.0180,none,0.95
downside,Downside,2026-11-01,73,shipped_revenue_usd,seasonal_naive,champion_baseline_plus_driver_delta,4013.67,2732.74,5294.6,-738.85,1375.17,1777.95,0.0180,none,0.95
downside,Downside,2026-11-02,74,net_revenue_usd,driver_regression,champion_baseline_plus_driver_delta,8516.41,8215.67,8817.15,-794.4,1362.27,1823.82,0.0180,none,0.95
downside,Downside,2026-11-02,74,shipped_revenue_usd,seasonal_naive,champion_baseline_plus_driver_delta,11109.8,9826.93,12392.67,-1114.07,1362.27,1823.82,0.0180,none,0.95
downside,Downside,2026-11-03,75,net_revenue_usd,driver_regression,champion_baseline_plus_driver_delta,8633.71,8332.51,8934.9,-765.92,1332.49,1695.61,0.0180,none,0.95
downside,Downside,2026-11-03,75,shipped_revenue_usd,seasonal_naive,champion_baseline_plus_driver_delta,11134.85,9850.04,12419.66,-1092.13,1332.49,1695.61,0.0180,none,0.95
downside,Downside,2026-11-04,76,net_revenue_usd,driver_regression,champion_baseline_plus_driver_delta,8958.77,8657.12,9260.41,-771.93,1325.11,1758.09,0.0180,none,0.95
downside,Downside,2026-11-04,76,shipped_revenue_usd,seasonal_naive,champion_baseline_plus_driver_delta,8929.33,7642.58,10216.08,-983.37,1325.11,1758.09,0.0180,none,0.95
downside,Downside,2026-11-05,77,net_revenue_usd,driver_regression,champion_baseline_plus_driver_delta,9486.73,9184.63,9788.83,-820.61,1386.23,1931.26,0.0180,none,0.95
downside,Downside,2026-11-05,77,shipped_revenue_usd,seasonal_naive,champion_baseline_plus_driver_delta,8430.86,7142.17,9719.55,-993.75,1386.23,1931.26,0.0180,none,0.95
downside,Downside,2026-11-06,78,net_revenue_usd,driver_regression,champion_baseline_plus_driver_delta,9550.91,9248.35,9853.46,-766.82,1289.45,1799.59,0.0180,none,0.95
downside,Downside,2026-11-06,78,shipped_revenue_usd,seasonal_naive,champion_baseline_plus_driver_delta,8938.52,7647.9,10229.14,-984.07,1289.45,1799.59,0.0180,none,0.95
downside,Downside,2026-11-07,79,net_revenue_usd,driver_regression,champion_baseline_plus_driver_delta,10348.9,10045.89,10651.9,-837.81,1441.39,1887.71,0.0180,none,0.95
downside,Downside,2026-11-07,79,shipped_revenue_usd,seasonal_naive,champion_baseline_plus_driver_delta,5393.35,4100.8,6685.9,-839.69,1441.39,1887.71,0.0180,none,0.95
downside,Downside,2026-11-08,80,net_revenue_usd,driver_regression,champion_baseline_plus_driver_delta,9208.29,8904.83,9511.75,-802.55,1411.53,1736.75,0.0180,none,0.95
downside,Downside,2026-11-08,80,shipped_revenue_usd,seasonal_naive,champion_baseline_plus_driver_delta,4021.75,2727.27,5316.23,-739.24,1411.53,1736.75,0.0180,none,0.95
downside,Downside,2026-11-09,81,net_revenue_usd,driver_regression,champion_baseline_plus_driver_delta,8578.27,8274.36,8882.18,-798.41,1388.53,1778.01,0.0180,none,0.95
downside,Downside,2026-11-09,81,shipped_revenue_usd,seasonal_naive,champion_baseline_plus_driver_delta,11131.5,9835.1,12427.9,-1114.14,1388.53,1778.01,0.0180,none,0.95
downside,Downside,2026-11-10,82,net_revenue_usd,driver_regression,champion_baseline_plus_driver_delta,9148.77,8844.41,9453.13,-836.78,1398.02,1995.26,0.0180,none,0.95
downside,Downside,2026-11-10,82,shipped_revenue_usd,seasonal_naive,champion_baseline_plus_driver_delta,11101.83,9803.51,12400.15,-1146.93,1398.02,1995.26,0.0180,none,0.95
downside,Downside,2026-11-11,83,net_revenue_usd,driver_regression,champion_baseline_plus_driver_delta,9032.75,8727.93,9337.56,-775.18,1355.27,1713.64,0.0180,none,0.95
downside,Downside,2026-11-11,83,shipped_revenue_usd,seasonal_naive,champion_baseline_plus_driver_delta,9543.72,8243.48,10843.96,-1014.34,1355.27,1713.64,0.0180,none,0.95
downside,Downside,2026-11-12,84,net_revenue_usd,driver_regression,champion_baseline_plus_driver_delta,9543.75,9238.49,9849.01,-826.82,1396.98,1935.08,0.0180,none,0.95
downside,Downside,2026-11-12,84,shipped_revenue_usd,seasonal_naive,champion_baseline_plus_driver_delta,8629.4,7327.24,9931.56,-1007.63,1396.98,1935.08,0.0180,none,0.95
downside,Downside,2026-11-13,85,net_revenue_usd,driver_regression,champion_baseline_plus_driver_delta,10997.18,10691.47,11302.89,-921.22,1595.25,2068.97,0.0360,none,0.95
downside,Downside,2026-11-13,85,shipped_revenue_usd,seasonal_naive,champion_baseline_plus_driver_delta,9986.75,8682.68,11290.82,-1136.33,1595.25,2068.97,0.0360,none,0.95
downside,Downside,2026-11-14,86,net_revenue_usd,driver_regression,champion_baseline_plus_driver_delta,11292.72,10986.56,11598.87,-930.97,1587.15,2112.44,0.0360,monthly_promotion,0.95
downside,Downside,2026-11-14,86,shipped_revenue_usd,seasonal_naive,champion_baseline_plus_driver_delta,5290.62,3984.64,6596.6,-953.51,1587.15,2112.44,0.0360,monthly_promotion,0.95
downside,Downside,2026-11-15,87,net_revenue_usd,driver_regression,champion_baseline_plus_driver_delta,10553.38,10246.78,10859.99,-956.08,1622.51,2165.13,0.0360,monthly_promotion,0.95
downside,Downside,2026-11-15,87,shipped_revenue_usd,seasonal_naive,champion_baseline_plus_driver_delta,3874.1,2566.21,5181.99,-895.35,1622.51,2165.13,0.0360,monthly_promotion,0.95
downside,Downside,2026-11-16,88,net_revenue_usd,driver_regression,champion_baseline_plus_driver_delta,8721.56,8414.51,9028.61,-817.98,1398.28,1824.40,0.0180,monthly_promotion,0.95
downside,Downside,2026-11-16,88,shipped_revenue_usd,seasonal_naive,champion_baseline_plus_driver_delta,11086.12,9776.33,12395.91,-1181.3,1398.28,1824.40,0.0180,monthly_promotion,0.95
downside,Downside,2026-11-17,89,net_revenue_usd,driver_regression,champion_baseline_plus_driver_delta,8764.96,8457.47,9072.46,-781.37,1331.59,1799.30,0.0180,none,0.95
downside,Downside,2026-11-17,89,shipped_revenue_usd,seasonal_naive,champion_baseline_plus_driver_delta,11162.03,9850.34,12473.72,-1108.5,1331.59,1799.30,0.0180,none,0.95
downside,Downside,2026-11-18,90,net_revenue_usd,driver_regression,champion_baseline_plus_driver_delta,9528.72,9220.78,9836.65,-844.95,1428.37,1974.79,0.0180,none,0.95
downside,Downside,2026-11-18,90,shipped_revenue_usd,seasonal_naive,champion_baseline_plus_driver_delta,10906.9,9593.31,12220.49,-1139.45,1428.37,1974.79,0.0180,none,0.95
downside,Downside,2026-11-19,91,net_revenue_usd,driver_regression,champion_baseline_plus_driver_delta,12522.0,12213.62,12830.39,-1127.96,2000.80,2398.58,0.0730,none,0.95
downside,Downside,2026-11-19,91,shipped_revenue_usd,seasonal_naive,champion_baseline_plus_driver_delta,9406.19,8090.7,10721.68,-1233.66,2000.80,2398.58,0.0730,none,0.95
upside,Upside,2026-08-21,1,net_revenue_usd,driver_regression,champion_baseline_plus_driver_delta,9885.13,9619.72,10150.55,764.13,1472.22,2043.64,0.0180,none,1.12
upside,Upside,2026-08-21,1,shipped_revenue_usd,seasonal_naive,champion_baseline_plus_driver_delta,9027.25,7895.06,10159.44,609.55,1472.22,2043.64,0.0180,none,1.12
upside,Upside,2026-08-22,2,net_revenue_usd,driver_regression,champion_baseline_plus_driver_delta,9655.85,9389.92,9921.78,705.26,1374.96,1883.88,0.0180,none,1.12
upside,Upside,2026-08-22,2,shipped_revenue_usd,seasonal_naive,champion_baseline_plus_driver_delta,6936.41,5802.02,8070.8,825.34,1374.96,1883.88,0.0180,none,1.12
upside,Upside,2026-08-23,3,net_revenue_usd,driver_regression,champion_baseline_plus_driver_delta,9104.99,8838.54,9371.43,749.35,1404.91,2146.81,0.0180,none,1.12
upside,Upside,2026-08-23,3,shipped_revenue_usd,seasonal_naive,champion_baseline_plus_driver_delta,5631.7,4495.12,6768.28,963.85,1404.91,2146.81,0.0180,none,1.12
upside,Upside,2026-08-24,4,net_revenue_usd,driver_regression,champion_baseline_plus_driver_delta,8458.5,8191.54,8725.46,740.94,1428.68,2008.20,0.0180,none,1.12
upside,Upside,2026-08-24,4,shipped_revenue_usd,seasonal_naive,champion_baseline_plus_driver_delta,12376.21,11237.43,13514.99,478.96,1428.68,2008.20,0.0180,none,1.12
upside,Upside,2026-08-25,5,net_revenue_usd,driver_regression,champion_baseline_plus_driver_delta,8961.97,8694.5,9229.44,756.06,1490.23,1974.49,0.0180,none,1.12
upside,Upside,2026-08-25,5,shipped_revenue_usd,seasonal_naive,champion_baseline_plus_driver_delta,8031.03,6890.07,9171.99,611.93,1490.23,1974.49,0.0180,none,1.12
upside,Upside,2026-08-26,6,net_revenue_usd,driver_regression,champion_baseline_plus_driver_delta,9238.17,8970.18,9506.15,758.44,1477.44,1998.98,0.0180,none,1.12
upside,Upside,2026-08-26,6,shipped_revenue_usd,seasonal_naive,champion_baseline_plus_driver_delta,8279.72,7136.58,9422.86,618.12,1477.44,1998.98,0.0180,none,1.12
upside,Upside,2026-08-27,7,net_revenue_usd,driver_regression,champion_baseline_plus_driver_delta,9447.88,9179.39,9716.37,762.83,1437.40,2172.57,0.0180,none,1.12
upside,Upside,2026-08-27,7,shipped_revenue_usd,seasonal_naive,champion_baseline_plus_driver_delta,8588.35,7443.03,9733.67,615.61,1437.40,2172.57,0.0180,none,1.12
upside,Upside,2026-08-28,8,net_revenue_usd,driver_regression,champion_baseline_plus_driver_delta,9994.59,9725.58,10263.59,766.46,1498.51,2012.66,0.0180,none,1.12
upside,Upside,2026-08-28,8,shipped_revenue_usd,seasonal_naive,champion_baseline_plus_driver_delta,8977.85,7830.35,10125.35,630.84,1498.51,2012.66,0.0180,none,1.12
upside,Upside,2026-08-29,9,net_revenue_usd,driver_regression,champion_baseline_plus_driver_delta,9947.01,9677.5,10216.52,730.96,1436.45,1925.67,0.0180,none,1.12
upside,Upside,2026-08-29,9,shipped_revenue_usd,seasonal_naive,champion_baseline_plus_driver_delta,6994.49,5844.82,8144.16,872.33,1436.45,1925.67,0.0180,none,1.12
upside,Upside,2026-08-30,10,net_revenue_usd,driver_regression,champion_baseline_plus_driver_delta,9276.83,9006.81,9546.85,758.54,1473.51,2039.23,0.0180,none,1.12
upside,Upside,2026-08-30,10,shipped_revenue_usd,seasonal_naive,champion_baseline_plus_driver_delta,5659.13,4507.3,6810.96,982.82,1473.51,2039.23,0.0180,none,1.12
upside,Upside,2026-08-31,11,net_revenue_usd,driver_regression,champion_baseline_plus_driver_delta,8715.32,8444.79,8985.85,765.55,1455.23,2131.31,0.0180,none,1.12
upside,Upside,2026-08-31,11,shipped_revenue_usd,seasonal_naive,champion_baseline_plus_driver_delta,12525.63,11371.64,13679.62,497.71,1455.23,2131.31,0.0180,none,1.12
upside,Upside,2026-09-01,12,net_revenue_usd,driver_regression,champion_baseline_plus_driver_delta,9124.24,8853.21,9395.27,771.41,1469.31,2157.74,0.0180,none,1.12
upside,Upside,2026-09-01,12,shipped_revenue_usd,seasonal_naive,champion_baseline_plus_driver_delta,9104.44,7948.29,10260.59,504.72,1469.31,2157.74,0.0180,none,1.12
upside,Upside,2026-09-02,13,net_revenue_usd,driver_regression,champion_baseline_plus_driver_delta,9231.55,8960.01,9503.09,753.29,1440.19,2059.57,0.0180,none,1.12
upside,Upside,2026-09-02,13,shipped_revenue_usd,seasonal_naive,champion_baseline_plus_driver_delta,8382.73,7224.42,9541.04,603.59,1440.19,2059.57,0.0180,none,1.12
upside,Upside,2026-09-03,14,net_revenue_usd,driver_regression,champion_baseline_plus_driver_delta,9291.55,9019.51,9563.59,733.79,1454.13,1894.37,0.0180,none,1.12
upside,Upside,2026-09-03,14,shipped_revenue_usd,seasonal_naive,champion_baseline_plus_driver_delta,8541.17,7380.71,9701.63,571.91,1454.13,1894.37,0.0180,none,1.12
upside,Upside,2026-09-04,15,net_revenue_usd,driver_regression,champion_baseline_plus_driver_delta,10117.3,9844.76,10389.84,779.49,1447.74,2254.83,0.0180,none,1.12
upside,Upside,2026-09-04,15,shipped_revenue_usd,seasonal_naive,champion_baseline_plus_driver_delta,9121.18,7958.58,10283.78,646.87,1447.74,2254.83,0.0180,none,1.12
upside,Upside,2026-09-05,16,net_revenue_usd,driver_regression,champion_baseline_plus_driver_delta,10242.84,9969.8,10515.89,766.35,1474.73,2050.70,0.0180,none,1.12
upside,Upside,2026-09-05,16,shipped_revenue_usd,seasonal_naive,champion_baseline_plus_driver_delta,7061.17,5896.43,8225.91,927.92,1474.73,2050.70,0.0180,none,1.12
upside,Upside,2026-09-06,17,net_revenue_usd,driver_regression,champion_baseline_plus_driver_delta,9636.11,9362.56,9909.66,801.05,1502.07,2263.76,0.0180,none,1.12
upside,Upside,2026-09-06,17,shipped_revenue_usd,seasonal_naive,champion_baseline_plus_driver_delta,5738.72,4571.84,6905.6,1053.94,1502.07,2263.76,0.0180,none,1.12
upside,Upside,2026-09-07,18,net_revenue_usd,driver_regression,champion_baseline_plus_driver_delta,8822.1,8548.05,9096.14,771.95,1467.31,2145.82,0.0180,none,1.12
upside,Upside,2026-09-07,18,shipped_revenue_usd,seasonal_naive,champion_baseline_plus_driver_delta,12551.39,11382.37,13720.41,501.7,1467.31,2145.82,0.0180,none,1.12
upside,Upside,2026-09-08,19,net_revenue_usd,driver_regression,champion_baseline_plus_driver_delta,9467.37,9192.82,9741.92,812.68,1483.94,2412.37,0.0180,none,1.12
upside,Upside,2026-09-08,19,shipped_revenue_usd,seasonal_naive,champion_baseline_plus_driver_delta,9896.65,8725.5,11067.8,535.89,1483.94,2412.37,0.0180,none,1.12
upside,Upside,2026-09-09,20,net_revenue_usd,driver_regression,champion_baseline_plus_driver_delta,9592.08,9317.03,9867.12,786.22,1505.92,2160.91,0.0180,none,1.12
upside,Upside,2026-09-09,20,shipped_revenue_usd,seasonal_naive,champion_baseline_plus_driver_delta,8812.49,7639.22,9985.76,616.05,1505.92,2160.91,0.0180,none,1.12
upside,Upside,2026-09-10,21,net_revenue_usd,driver_regression,champion_baseline_plus_driver_delta,9689.44,9413.9,9964.99,778.29,1513.58,2056.28,0.0180,none,1.12
upside,Upside,2026-09-10,21,shipped_revenue_usd,seasonal_naive,champion_baseline_plus_driver_delta,8765.63,7590.23,9941.03,626.4,1513.58,2056.28,0.0180,none,1.12
upside,Upside,2026-09-11,22,net_revenue_usd,driver_regression,champion_baseline_plus_driver_delta,10265.84,9989.8,10541.88,790.57,1473.68,2267.33,0.0180,none,1.12
upside,Upside,2026-09-11,22,shipped_revenue_usd,seasonal_naive,champion_baseline_plus_driver_delta,9655.59,8478.08,10833.1,600.53,1473.68,2267.33,0.0180,none,1.12
upside,Upside,2026-09-12,23,net_revenue_usd,driver_regression,champion_baseline_plus_driver_delta,10682.6,10406.07,10959.14,808.07,1529.08,2274.16,0.0180,none,1.12
upside,Upside,2026-09-12,23,shipped_revenue_usd,seasonal_naive,champion_baseline_plus_driver_delta,7152.32,5972.69,8331.95,1007.98,1529.08,2274.16,0.0180,none,1.12
upside,Upside,2026-09-13,24,net_revenue_usd,driver_regression,champion_baseline_plus_driver_delta,10912.67,10635.64,11189.7,917.58,1762.89,2468.89,0.0360,none,1.12
upside,Upside,2026-09-13,24,shipped_revenue_usd,seasonal_naive,champion_baseline_plus_driver_delta,5960.75,4779.01,7142.49,1267.5,1762.89,2468.89,0.0360,none,1.12
upside,Upside,2026-09-14,25,net_revenue_usd,driver_regression,champion_baseline_plus_driver_delta,10557.5,10279.97,10835.02,945.45,1770.81,2619.95,0.0360,monthly_promotion,1.12
upside,Upside,2026-09-14,25,shipped_revenue_usd,seasonal_naive,champion_baseline_plus_driver_delta,12770.13,11586.28,13953.98,698.67,1770.81,2619.95,0.0360,monthly_promotion,1.12
upside,Upside,2026-09-15,26,net_revenue_usd,driver_regression,champion_baseline_plus_driver_delta,10552.84,10274.82,10830.86,901.05,1700.98,2493.86,0.0360,monthly_promotion,1.12
upside,Upside,2026-09-15,26,shipped_revenue_usd,seasonal_naive,champion_baseline_plus_driver_delta,12744.25,11558.3,13930.2,669.68,1700.98,2493.86,0.0360,monthly_promotion,1.12
upside,Upside,2026-09-16,27,net_revenue_usd,driver_regression,champion_baseline_plus_driver_delta,10020.64,9742.13,10299.15,831.3,1575.49,2252.11,0.0180,monthly_promotion,1.12
upside,Upside,2026-09-16,27,shipped_revenue_usd,seasonal_naive,champion_baseline_plus_driver_delta,9803.46,8615.41,10991.51,651.55,1575.49,2252.11,0.0180,monthly_promotion,1.12
upside,Upside,2026-09-17,28,net_revenue_usd,driver_regression,champion_baseline_plus_driver_delta,10094.19,9815.18,10373.19,816.63,1599.34,2138.59,0.0180,none,1.12
upside,Upside,2026-09-17,28,shipped_revenue_usd,seasonal_naive,champion_baseline_plus_driver_delta,9344.22,8154.07,10534.37,626.4,1599.34,2138.59,0.0180,none,1.12
upside,Upside,2026-09-18,29,net_revenue_usd,driver_regression,champion_baseline_plus_driver_delta,10399.61,10120.12,10679.1,793.81,1528.63,2168.53,0.0180,none,1.12
upside,Upside,2026-09-18,29,shipped_revenue_usd,seasonal_naive,champion_baseline_plus_driver_delta,9602.83,8410.59,10795.07,622.65,1528.63,2168.53,0.0180,none,1.12
upside,Upside,2026-09-19,30,net_revenue_usd,driver_regression,champion_baseline_plus_driver_delta,10877.28,10597.3,11157.26,826.26,1550.30,2353.07,0.0180,none,1.12
upside,Upside,2026-09-19,30,shipped_revenue_usd,seasonal_naive,champion_baseline_plus_driver_delta,7197.09,6002.76,8391.42,1041.67,1550.30,2353.07,0.0180,none,1.12
upside,Upside,2026-09-20,31,net_revenue_usd,driver_regression,champion_baseline_plus_driver_delta,9761.88,9481.41,10042.35,797.31,1513.29,2248.04,0.0180,none,1.12
upside,Upside,2026-09-20,31,shipped_revenue_usd,seasonal_naive,champion_baseline_plus_driver_delta,5766.35,4569.94,6962.76,1064.63,1513.29,2248.04,0.0180,none,1.12
upside,Upside,2026-09-21,32,net_revenue_usd,driver_regression,champion_baseline_plus_driver_delta,9473.81,9192.85,9754.77,835.08,1553.76,2430.90,0.0180,none,1.12
upside,Upside,2026-09-21,32,shipped_revenue_usd,seasonal_naive,champion_baseline_plus_driver_delta,12641.48,11442.99,13839.97,548.24,1553.76,2430.90,0.0180,none,1.12
upside,Upside,2026-09-22,33,net_revenue_usd,driver_regression,champion_baseline_plus_driver_delta,9897.07,9615.62,10178.51,842.15,1593.12,2388.19,0.0180,none,1.12
upside,Upside,2026-09-22,33,shipped_revenue_usd,seasonal_naive,champion_baseline_plus_driver_delta,10521.25,9320.68,11721.82,549.7,1593.12,2388.19,0.0180,none,1.12
upside,Upside,2026-09-23,34,net_revenue_usd,driver_regression,champion_baseline_plus_driver_delta,9833.09,9551.15,10115.02,798.8,1562.12,2116.99,0.0180,none,1.12
upside,Upside,2026-09-23,34,shipped_revenue_usd,seasonal_naive,champion_baseline_plus_driver_delta,8845.08,7642.43,10047.73,648.67,1562.12,2116.99,0.0180,none,1.12
upside,Upside,2026-09-24,35,net_revenue_usd,driver_regression,champion_baseline_plus_driver_delta,10200.27,9917.85,10482.69,824.41,1545.80,2377.34,0.0180,none,1.12
upside,Upside,2026-09-24,35,shipped_revenue_usd,seasonal_naive,champion_baseline_plus_driver_delta,9461.01,8256.29,10665.73,640.92,1545.80,2377.34,0.0180,none,1.12
upside,Upside,2026-09-25,36,net_revenue_usd,driver_regression,champion_baseline_plus_driver_delta,10787.8,10504.9,11070.7,831.76,1601.29,2280.20,0.0180,none,1.12
upside,Upside,2026-09-25,36,shipped_revenue_usd,seasonal_naive,champion_baseline_plus_driver_delta,10064.03,8857.25,11270.81,637.67,1601.29,2280.20,0.0180,none,1.12
upside,Upside,2026-09-26,37,net_revenue_usd,driver_regression,champion_baseline_plus_driver_delta,11223.96,10940.57,11507.34,853.28,1704.85,2146.29,0.0180,none,1.12
upside,Upside,2026-09-26,37,shipped_revenue_usd,seasonal_naive,champion_baseline_plus_driver_delta,7251.43,6042.58,8460.28,1084.92,1704.85,2146.29,0.0180,none,1.12
upside,Upside,2026-09-27,38,net_revenue_usd,driver_regression,champion_baseline_plus_driver_delta,9856.99,9573.12,10140.86,801.59,1551.27,2168.89,0.0180,none,1.12
upside,Upside,2026-09-27,38,shipped_revenue_usd,seasonal_naive,champion_baseline_plus_driver_delta,5783.62,4572.71,6994.53,1073.44,1551.27,2168.89,0.0180,none,1.12
upside,Upside,2026-09-28,39,net_revenue_usd,driver_regression,champion_baseline_plus_driver_delta,9530.63,9246.28,9814.98,835.69,1631.24,2179.18,0.0180,none,1.12
upside,Upside,2026-09-28,39,shipped_revenue_usd,seasonal_naive,champion_baseline_plus_driver_delta,12650.9,11437.94,13863.86,535.89,1631.24,2179.18,0.0180,none,1.12
upside,Upside,2026-09-29,40,net_revenue_usd,driver_regression,champion_baseline_plus_driver_delta,10251.23,9966.4,10536.06,882.44,1629.72,2586.97,0.0180,none,1.12
upside,Upside,2026-09-29,40,shipped_revenue_usd,seasonal_naive,champion_baseline_plus_driver_delta,11889.93,10674.91,13104.95,580.25,1629.72,2586.97,0.0180,none,1.12
upside,Upside,2026-09-30,41,net_revenue_usd,driver_regression,champion_baseline_plus_driver_delta,10351.34,10066.02,10636.65,858.79,1654.51,2301.30,0.0180,none,1.12
upside,Upside,2026-09-30,41,shipped_revenue_usd,seasonal_naive,champion_baseline_plus_driver_delta,9328.88,8111.81,10545.95,693.25,1654.51,2301.30,0.0180,none,1.12
upside,Upside,2026-10-01,42,net_revenue_usd,driver_regression,champion_baseline_plus_driver_delta,10350.52,10064.73,10636.31,837.11,1589.03,2340.35,0.0180,none,1.12
upside,Upside,2026-10-01,42,shipped_revenue_usd,seasonal_naive,champion_baseline_plus_driver_delta,9372.61,8153.5,10591.72,678.07,1589.03,2340.35,0.0180,none,1.12
upside,Upside,2026-10-02,43,net_revenue_usd,driver_regression,champion_baseline_plus_driver_delta,10812.33,10526.06,11098.6,832.03,1608.01,2234.20,0.0180,none,1.12
upside,Upside,2026-10-02,43,shipped_revenue_usd,seasonal_naive,champion_baseline_plus_driver_delta,10051.18,8830.02,11272.34,640.59,1608.01,2234.20,0.0180,none,1.12
upside,Upside,2026-10-03,44,net_revenue_usd,driver_regression,champion_baseline_plus_driver_delta,11205.93,10919.18,11492.68,852.36,1593.53,2452.74,0.0180,none,1.12
upside,Upside,2026-10-03,44,shipped_revenue_usd,seasonal_naive,champion_baseline_plus_driver_delta,7272.18,6048.98,8495.38,1094.58,1593.53,2452.74,0.0180,none,1.12
upside,Upside,2026-10-04,45,net_revenue_usd,driver_regression,champion_baseline_plus_driver_delta,10208.76,9921.53,10495.98,837.16,1626.69,2237.13,0.0180,none,1.12
upside,Upside,2026-10-04,45,shipped_revenue_usd,seasonal_naive,champion_baseline_plus_driver_delta,5852.27,4627.04,7077.5,1133.62,1626.69,2237.13,0.0180,none,1.12
upside,Upside,2026-10-05,46,net_revenue_usd,driver_regression,champion_baseline_plus_driver_delta,9913.75,9626.05,10201.45,877.44,1659.10,2440.75,0.0180,none,1.12
upside,Upside,2026-10-05,46,shipped_revenue_usd,seasonal_naive,champion_baseline_plus_driver_delta,12707.13,11479.87,13934.39,570.35,1659.10,2440.75,0.0180,none,1.12
upside,Upside,2026-10-06,47,net_revenue_usd,driver_regression,champion_baseline_plus_driver_delta,10111.56,9823.38,10399.74,856.17,1677.25,2233.23,0.0180,none,1.12
upside,Upside,2026-10-06,47,shipped_revenue_usd,seasonal_naive,champion_baseline_plus_driver_delta,12688.94,11459.65,13918.23,549.05,1677.25,2233.23,0.0180,none,1.12
upside,Upside,2026-10-07,48,net_revenue_usd,driver_regression,champion_baseline_plus_driver_delta,10859.01,10570.35,11147.66,911.87,1727.36,2543.74,0.0180,none,1.12
upside,Upside,2026-10-07,48,shipped_revenue_usd,seasonal_naive,champion_baseline_plus_driver_delta,9683.47,8452.15,10914.79,753.39,1727.36,2543.74,0.0180,none,1.12
upside,Upside,2026-10-08,49,net_revenue_usd,driver_regression,champion_baseline_plus_driver_delta,10812.83,10523.7,11101.95,884.94,1675.49,2489.91,0.0180,none,1.12
upside,Upside,2026-10-08,49,shipped_revenue_usd,seasonal_naive,champion_baseline_plus_driver_delta,9773.1,8539.76,11006.44,718.42,1675.49,2489.91,0.0180,none,1.12
upside,Upside,2026-10-09,50,net_revenue_usd,driver_regression,champion_baseline_plus_driver_delta,11049.28,10759.68,11338.88,851.09,1657.04,2273.15,0.0180,none,1.12
upside,Upside,2026-10-09,50,shipped_revenue_usd,seasonal_naive,champion_baseline_plus_driver_delta,10386.37,9151.01,11621.73,638.87,1657.04,2273.15,0.0180,none,1.12
upside,Upside,2026-10-10,51,net_revenue_usd,driver_regression,champion_baseline_plus_driver_delta,11118.94,10828.87,11409.02,830.47,1616.52,2239.15,0.0180,none,1.12
upside,Upside,2026-10-10,51,shipped_revenue_usd,seasonal_naive,champion_baseline_plus_driver_delta,7252.22,6014.84,8489.6,1063.53,1616.52,2239.15,0.0180,none,1.12
upside,Upside,2026-10-11,52,net_revenue_usd,driver_regression,champion_baseline_plus_driver_delta,10755.32,10464.77,11045.86,898.39,1690.94,2551.70,0.0180,none,1.12
upside,Upside,2026-10-11,52,shipped_revenue_usd,seasonal_naive,champion_baseline_plus_driver_delta,5966.72,4727.33,7206.11,1239.6,1690.94,2551.70,0.0180,none,1.12
upside,Upside,2026-10-12,53,net_revenue_usd,driver_regression,champion_baseline_plus_driver_delta,9668.12,9377.1,9959.14,835.27,1670.10,2101.86,0.0180,none,1.12
upside,Upside,2026-10-12,53,shipped_revenue_usd,seasonal_naive,champion_baseline_plus_driver_delta,12690.34,11448.94,13931.74,531.79,1670.10,2101.86,0.0180,none,1.12
upside,Upside,2026-10-13,54,net_revenue_usd,driver_regression,champion_baseline_plus_driver_delta,11494.01,11202.52,11785.49,988.04,1909.92,2657.40,0.0360,none,1.12
upside,Upside,2026-10-13,54,shipped_revenue_usd,seasonal_naive,champion_baseline_plus_driver_delta,12799.32,11555.91,14042.73,637.66,1909.92,2657.40,0.0360,none,1.12
upside,Upside,2026-10-14,55,net_revenue_usd,driver_regression,champion_baseline_plus_driver_delta,11632.35,11340.39,11924.31,976.82,1816.64,2739.61,0.0360,monthly_promotion,1.12
upside,Upside,2026-10-14,55,shipped_revenue_usd,seasonal_naive,champion_baseline_plus_driver_delta,11686.09,10440.68,12931.5,720.69,1816.64,2739.61,0.0360,monthly_promotion,1.12
upside,Upside,2026-10-15,56,net_revenue_usd,driver_regression,champion_baseline_plus_driver_delta,12295.12,12002.7,12587.55,1031.42,1964.07,2762.16,0.0360,monthly_promotion,1.12
upside,Upside,2026-10-15,56,shipped_revenue_usd,seasonal_naive,champion_baseline_plus_driver_delta,11214.83,9967.42,12462.24,896.98,1964.07,2762.16,0.0360,monthly_promotion,1.12
upside,Upside,2026-10-16,57,net_revenue_usd,driver_regression,champion_baseline_plus_driver_delta,11245.61,10952.71,11538.5,874.14,1631.40,2454.39,0.0180,monthly_promotion,1.12
upside,Upside,2026-10-16,57,shipped_revenue_usd,seasonal_naive,champion_baseline_plus_driver_delta,10195.84,8946.43,11445.25,797.11,1631.40,2454.39,0.0180,monthly_promotion,1.12
upside,Upside,2026-10-17,58,net_revenue_usd,driver_regression,champion_baseline_plus_driver_delta,11354.84,11061.48,11648.2,857.84,1672.68,2258.06,0.0180,none,1.12
upside,Upside,2026-10-17,58,shipped_revenue_usd,seasonal_naive,champion_baseline_plus_driver_delta,7303.41,6052.01,8554.81,1103.63,1672.68,2258.06,0.0180,none,1.12
upside,Upside,2026-10-18,59,net_revenue_usd,driver_regression,champion_baseline_plus_driver_delta,10892.54,10598.72,11186.37,911.87,1724.45,2543.65,0.0180,none,1.12
upside,Upside,2026-10-18,59,shipped_revenue_usd,seasonal_naive,champion_baseline_plus_driver_delta,5996.33,4742.94,7249.72,1260.75,1724.45,2543.65,0.0180,none,1.12
upside,Upside,2026-10-19,60,net_revenue_usd,driver_regression,champion_baseline_plus_driver_delta,9801.81,9507.52,10096.1,848.07,1646.53,2282.60,0.0180,none,1.12
upside,Upside,2026-10-19,60,shipped_revenue_usd,seasonal_naive,champion_baseline_plus_driver_delta,12727.74,11472.36,13983.12,547.41,1646.53,2282.60,0.0180,none,1.12
upside,Upside,2026-10-20,61,net_revenue_usd,driver_regression,champion_baseline_plus_driver_delta,10174.75,9880.0,10469.51,861.36,1589.76,2512.35,0.0180,none,1.12
upside,Upside,2026-10-20,61,shipped_revenue_usd,seasonal_naive,champion_baseline_plus_driver_delta,12749.19,11491.83,14006.55,565.75,1589.76,2512.35,0.0180,none,1.12
upside,Upside,2026-10-21,62,net_revenue_usd,driver_regression,champion_baseline_plus_driver_delta,10420.31,10125.09,10715.53,846.54,1665.59,2209.99,0.0180,none,1.12
upside,Upside,2026-10-21,62,shipped_revenue_usd,seasonal_naive,champion_baseline_plus_driver_delta,9853.52,8594.18,11112.86,620.27,1665.59,2209.99,0.0180,none,1.12
upside,Upside,2026-10-22,63,net_revenue_usd,driver_regression,champion_baseline_plus_driver_delta,10996.0,10700.32,11291.69,895.87,1736.52,2398.78,0.0180,none,1.12
upside,Upside,2026-10-22,63,shipped_revenue_usd,seasonal_naive,champion_baseline_plus_driver_delta,9828.72,8567.4,11090.04,736.81,1736.52,2398.78,0.0180,none,1.12
upside,Upside,2026-10-23,64,net_revenue_usd,driver_regression,champion_baseline_plus_driver_delta,11326.23,11030.08,11622.37,870.75,1708.56,2313.96,0.0180,none,1.12
upside,Upside,2026-10-23,64,shipped_revenue_usd,seasonal_naive,champion_baseline_plus_driver_delta,10552.6,9289.31,11815.89,666.05,1708.56,2313.96,0.0180,none,1.12
upside,Upside,2026-10-24,65,net_revenue_usd,driver_regression,champion_baseline_plus_driver_delta,11363.4,11066.79,11660.01,857.71,1623.11,2398.20,0.0180,none,1.12
upside,Upside,2026-10-24,65,shipped_revenue_usd,seasonal_naive,champion_baseline_plus_driver_delta,7320.33,6055.07,8585.59,1109.47,1623.11,2398.20,0.0180,none,1.12
upside,Upside,2026-10-25,66,net_revenue_usd,driver_regression,champion_baseline_plus_driver_delta,10959.11,10662.04,11256.18,909.95,1752.36,2485.14,0.0180,none,1.12
upside,Upside,2026-10-25,66,shipped_revenue_usd,seasonal_naive,champion_baseline_plus_driver_delta,6008.32,4741.09,7275.55,1264.27,1752.36,2485.14,0.0180,none,1.12
upside,Upside,2026-10-26,67,net_revenue_usd,driver_regression,champion_baseline_plus_driver_delta,9807.98,9510.44,10105.51,848.92,1639.62,2278.35,0.0180,none,1.12
upside,Upside,2026-10-26,67,shipped_revenue_usd,seasonal_naive,champion_baseline_plus_driver_delta,12749.73,11480.53,14018.93,547.63,1639.62,2278.35,0.0180,none,1.12
upside,Upside,2026-10-27,68,net_revenue_usd,driver_regression,champion_baseline_plus_driver_delta,10625.34,10327.34,10923.33,900.72,1714.06,2535.24,0.0180,none,1.12
upside,Upside,2026-10-27,68,shipped_revenue_usd,seasonal_naive,champion_baseline_plus_driver_delta,12792.18,11521.02,14063.34,586.97,1714.06,2535.24,0.0180,none,1.12
upside,Upside,2026-10-28,69,net_revenue_usd,driver_regression,champion_baseline_plus_driver_delta,10643.64,10345.19,10942.09,869.58,1706.58,2274.65,0.0180,none,1.12
upside,Upside,2026-10-28,69,shipped_revenue_usd,seasonal_naive,champion_baseline_plus_driver_delta,10218.23,8945.11,11491.35,615.99,1706.58,2274.65,0.0180,none,1.12
upside,Upside,2026-10-29,70,net_revenue_usd,driver_regression,champion_baseline_plus_driver_delta,11015.21,10716.3,11314.12,892.84,1692.24,2536.14,0.0180,none,1.12
upside,Upside,2026-10-29,70,shipped_revenue_usd,seasonal_naive,champion_baseline_plus_driver_delta,9882.39,8607.31,11157.47,737.48,1692.24,2536.14,0.0180,none,1.12
upside,Upside,2026-10-30,71,net_revenue_usd,driver_regression,champion_baseline_plus_driver_delta,11591.35,11291.98,11890.72,900.16,1771.74,2349.56,0.0180,none,1.12
upside,Upside,2026-10-30,71,shipped_revenue_usd,seasonal_naive,champion_baseline_plus_driver_delta,10910.31,9633.28,12187.34,670.21,1771.74,2349.56,0.0180,none,1.12
upside,Upside,2026-10-31,72,net_revenue_usd,driver_regression,champion_baseline_plus_driver_delta,11581.42,11281.6,11881.25,876.71,1693.77,2359.93,0.0180,none,1.12
upside,Upside,2026-10-31,72,shipped_revenue_usd,seasonal_naive,champion_baseline_plus_driver_delta,7363.09,6084.11,8642.07,1141.14,1693.77,2359.93,0.0180,none,1.12
upside,Upside,2026-11-01,73,net_revenue_usd,driver_regression,champion_baseline_plus_driver_delta,10799.51,10499.23,11099.79,893.42,1717.42,2405.47,0.0180,none,1.12
upside,Upside,2026-11-01,73,shipped_revenue_usd,seasonal_naive,champion_baseline_plus_driver_delta,5985.68,4704.75,7266.61,1233.16,1717.42,2405.47,0.0180,none,1.12
upside,Upside,2026-11-02,74,net_revenue_usd,driver_regression,champion_baseline_plus_driver_delta,10196.97,9896.23,10497.71,886.16,1696.58,2467.52,0.0180,none,1.12
upside,Upside,2026-11-02,74,shipped_revenue_usd,seasonal_naive,champion_baseline_plus_driver_delta,12800.01,11517.14,14082.88,576.14,1696.58,2467.52,0.0180,none,1.12
upside,Upside,2026-11-03,75,net_revenue_usd,driver_regression,champion_baseline_plus_driver_delta,10257.56,9956.36,10558.75,857.93,1662.52,2294.07,0.0180,none,1.12
upside,Upside,2026-11-03,75,shipped_revenue_usd,seasonal_naive,champion_baseline_plus_driver_delta,12780.0,11495.19,14064.81,553.02,1662.52,2294.07,0.0180,none,1.12
upside,Upside,2026-11-04,76,net_revenue_usd,driver_regression,champion_baseline_plus_driver_delta,10593.04,10291.39,10894.68,862.34,1651.84,2378.59,0.0180,none,1.12
upside,Upside,2026-11-04,76,shipped_revenue_usd,seasonal_naive,champion_baseline_plus_driver_delta,10486.72,9199.97,11773.47,574.02,1651.84,2378.59,0.0180,none,1.12
upside,Upside,2026-11-05,77,net_revenue_usd,driver_regression,champion_baseline_plus_driver_delta,11221.34,10919.24,11523.44,914.0,1726.17,2612.88,0.0180,none,1.12
upside,Upside,2026-11-05,77,shipped_revenue_usd,seasonal_naive,champion_baseline_plus_driver_delta,10166.15,8877.46,11454.84,741.54,1726.17,2612.88,0.0180,none,1.12
upside,Upside,2026-11-06,78,net_revenue_usd,driver_regression,champion_baseline_plus_driver_delta,11172.72,10870.16,11475.27,854.99,1607.92,2434.75,0.0180,none,1.12
upside,Upside,2026-11-06,78,shipped_revenue_usd,seasonal_naive,champion_baseline_plus_driver_delta,10564.17,9273.55,11854.79,641.58,1607.92,2434.75,0.0180,none,1.12
upside,Upside,2026-11-07,79,net_revenue_usd,driver_regression,champion_baseline_plus_driver_delta,12124.43,11821.42,12427.43,937.72,1798.71,2553.95,0.0180,none,1.12
upside,Upside,2026-11-07,79,shipped_revenue_usd,seasonal_naive,champion_baseline_plus_driver_delta,7473.98,6181.43,8766.53,1240.94,1798.71,2553.95,0.0180,none,1.12
upside,Upside,2026-11-08,80,net_revenue_usd,driver_regression,champion_baseline_plus_driver_delta,10911.98,10608.52,11215.44,901.14,1762.22,2349.73,0.0180,none,1.12
upside,Upside,2026-11-08,80,shipped_revenue_usd,seasonal_naive,champion_baseline_plus_driver_delta,6007.62,4713.14,7302.1,1246.63,1762.22,2349.73,0.0180,none,1.12
upside,Upside,2026-11-09,81,net_revenue_usd,driver_regression,champion_baseline_plus_driver_delta,10270.08,9966.17,10573.99,893.4,1731.17,2405.55,0.0180,none,1.12
upside,Upside,2026-11-09,81,shipped_revenue_usd,seasonal_naive,champion_baseline_plus_driver_delta,12822.36,11525.96,14118.76,576.72,1731.17,2405.55,0.0180,none,1.12
upside,Upside,2026-11-10,82,net_revenue_usd,driver_regression,champion_baseline_plus_driver_delta,10917.09,10612.73,11221.45,931.54,1741.79,2699.46,0.0180,none,1.12
upside,Upside,2026-11-10,82,shipped_revenue_usd,seasonal_naive,champion_baseline_plus_driver_delta,12859.72,11561.4,14158.04,610.96,1741.79,2699.46,0.0180,none,1.12
upside,Upside,2026-11-11,83,net_revenue_usd,driver_regression,champion_baseline_plus_driver_delta,10675.57,10370.75,10980.38,867.64,1689.34,2318.46,0.0180,none,1.12
upside,Upside,2026-11-11,83,shipped_revenue_usd,seasonal_naive,champion_baseline_plus_driver_delta,11117.25,9817.01,12417.49,559.19,1689.34,2318.46,0.0180,none,1.12
upside,Upside,2026-11-12,84,net_revenue_usd,driver_regression,champion_baseline_plus_driver_delta,11292.53,10987.27,11597.79,921.96,1740.95,2618.06,0.0180,none,1.12
upside,Upside,2026-11-12,84,shipped_revenue_usd,seasonal_naive,champion_baseline_plus_driver_delta,10365.43,9063.27,11667.59,728.4,1740.95,2618.06,0.0180,none,1.12
upside,Upside,2026-11-13,85,net_revenue_usd,driver_regression,champion_baseline_plus_driver_delta,12948.28,12642.57,13253.99,1029.88,1988.47,2799.19,0.0360,none,1.12
upside,Upside,2026-11-13,85,shipped_revenue_usd,seasonal_naive,champion_baseline_plus_driver_delta,11928.3,10624.23,13232.37,805.22,1988.47,2799.19,0.0360,none,1.12
upside,Upside,2026-11-14,86,net_revenue_usd,driver_regression,champion_baseline_plus_driver_delta,13264.95,12958.79,13571.1,1041.26,1977.87,2858.00,0.0360,monthly_promotion,1.12
upside,Upside,2026-11-14,86,shipped_revenue_usd,seasonal_naive,champion_baseline_plus_driver_delta,7755.0,6449.02,9060.98,1510.87,1977.87,2858.00,0.0360,monthly_promotion,1.12
upside,Upside,2026-11-15,87,net_revenue_usd,driver_regression,champion_baseline_plus_driver_delta,12580.18,12273.58,12886.79,1070.72,2024.77,2929.29,0.0360,monthly_promotion,1.12
upside,Upside,2026-11-15,87,shipped_revenue_usd,seasonal_naive,champion_baseline_plus_driver_delta,6391.49,5083.6,7699.38,1622.04,2024.77,2929.29,0.0360,monthly_promotion,1.12
upside,Upside,2026-11-16,88,net_revenue_usd,driver_regression,champion_baseline_plus_driver_delta,10457.78,10150.73,10764.83,918.24,1745.40,2468.30,0.0180,monthly_promotion,1.12
upside,Upside,2026-11-16,88,shipped_revenue_usd,seasonal_naive,champion_baseline_plus_driver_delta,12944.57,11634.78,14254.36,677.15,1745.40,2468.30,0.0180,monthly_promotion,1.12
upside,Upside,2026-11-17,89,net_revenue_usd,driver_regression,champion_baseline_plus_driver_delta,10418.81,10111.32,10726.31,872.48,1660.12,2434.34,0.0180,none,1.12
upside,Upside,2026-11-17,89,shipped_revenue_usd,seasonal_naive,champion_baseline_plus_driver_delta,12838.02,11526.33,14149.71,567.49,1660.12,2434.34,0.0180,none,1.12
upside,Upside,2026-11-18,90,net_revenue_usd,driver_regression,champion_baseline_plus_driver_delta,11315.81,11007.87,11623.74,942.14,1780.16,2671.77,0.0180,none,1.12
upside,Upside,2026-11-18,90,shipped_revenue_usd,seasonal_naive,champion_baseline_plus_driver_delta,12661.32,11347.73,13974.91,614.97,1780.16,2671.77,0.0180,none,1.12
upside,Upside,2026-11-19,91,net_revenue_usd,driver_regression,champion_baseline_plus_driver_delta,14916.94,14608.56,15225.33,1266.98,2498.28,3245.14,0.0730,none,1.12
upside,Upside,2026-11-19,91,shipped_revenue_usd,seasonal_naive,champion_baseline_plus_driver_delta,11865.47,10549.98,13180.96,1225.62,2498.28,3245.14,0.0730,none,1.12
marketing_acceleration,Marketing acceleration,2026-08-21,1,net_revenue_usd,driver_regression,champion_baseline_plus_driver_delta,9775.49,9510.08,10040.91,654.49,1517.23,1777.08,0.0180,none,1.0
marketing_acceleration,Marketing acceleration,2026-08-21,1,shipped_revenue_usd,seasonal_naive,champion_baseline_plus_driver_delta,8751.52,7619.33,9883.71,333.82,1517.23,1777.08,0.0180,none,1.0
marketing_acceleration,Marketing acceleration,2026-08-22,2,net_revenue_usd,driver_regression,champion_baseline_plus_driver_delta,9554.81,9288.88,9820.74,604.22,1416.46,1638.16,0.0180,none,1.0
marketing_acceleration,Marketing acceleration,2026-08-22,2,shipped_revenue_usd,seasonal_naive,champion_baseline_plus_driver_delta,6419.25,5284.86,7553.64,308.18,1416.46,1638.16,0.0180,none,1.0
marketing_acceleration,Marketing acceleration,2026-08-23,3,net_revenue_usd,driver_regression,champion_baseline_plus_driver_delta,8974.27,8707.82,9240.71,618.63,1447.33,1866.79,0.0180,none,1.0
marketing_acceleration,Marketing acceleration,2026-08-23,3,shipped_revenue_usd,seasonal_naive,champion_baseline_plus_driver_delta,4983.38,3846.8,6119.96,315.53,1447.33,1866.79,0.0180,none,1.0
marketing_acceleration,Marketing acceleration,2026-08-24,4,net_revenue_usd,driver_regression,champion_baseline_plus_driver_delta,8347.28,8080.32,8614.24,629.72,1471.82,1746.26,0.0180,none,1.0
marketing_acceleration,Marketing acceleration,2026-08-24,4,shipped_revenue_usd,seasonal_naive,champion_baseline_plus_driver_delta,12218.44,11079.66,13357.22,321.19,1471.82,1746.26,0.0180,none,1.0
marketing_acceleration,Marketing acceleration,2026-08-25,5,net_revenue_usd,driver_regression,champion_baseline_plus_driver_delta,8859.95,8592.48,9127.42,654.04,1534.94,1716.95,0.0180,none,1.0
marketing_acceleration,Marketing acceleration,2026-08-25,5,shipped_revenue_usd,seasonal_naive,champion_baseline_plus_driver_delta,7752.69,6611.73,8893.65,333.59,1534.94,1716.95,0.0180,none,1.0
marketing_acceleration,Marketing acceleration,2026-08-26,6,net_revenue_usd,driver_regression,champion_baseline_plus_driver_delta,9133.71,8865.72,9401.69,653.98,1522.34,1738.24,0.0180,none,1.0
marketing_acceleration,Marketing acceleration,2026-08-26,6,shipped_revenue_usd,seasonal_naive,champion_baseline_plus_driver_delta,7995.16,6852.02,9138.3,333.56,1522.34,1738.24,0.0180,none,1.0
marketing_acceleration,Marketing acceleration,2026-08-27,7,net_revenue_usd,driver_regression,champion_baseline_plus_driver_delta,9316.43,9047.94,9584.92,631.38,1480.59,1889.19,0.0180,none,1.0
marketing_acceleration,Marketing acceleration,2026-08-27,7,shipped_revenue_usd,seasonal_naive,champion_baseline_plus_driver_delta,8294.78,7149.46,9440.1,322.04,1480.59,1889.19,0.0180,none,1.0
marketing_acceleration,Marketing acceleration,2026-08-28,8,net_revenue_usd,driver_regression,champion_baseline_plus_driver_delta,9889.78,9620.77,10158.78,661.65,1543.83,1750.14,0.0180,none,1.0
marketing_acceleration,Marketing acceleration,2026-08-28,8,shipped_revenue_usd,seasonal_naive,champion_baseline_plus_driver_delta,8684.48,7536.98,9831.98,337.47,1543.83,1750.14,0.0180,none,1.0
marketing_acceleration,Marketing acceleration,2026-08-29,9,net_revenue_usd,driver_regression,champion_baseline_plus_driver_delta,9845.64,9576.13,10115.15,629.59,1479.47,1674.50,0.0180,none,1.0
marketing_acceleration,Marketing acceleration,2026-08-29,9,shipped_revenue_usd,seasonal_naive,champion_baseline_plus_driver_delta,6443.28,5293.61,7592.95,321.12,1479.47,1674.50,0.0180,none,1.0
marketing_acceleration,Marketing acceleration,2026-08-30,10,net_revenue_usd,driver_regression,champion_baseline_plus_driver_delta,9165.43,8895.41,9435.45,647.14,1517.80,1773.24,0.0180,none,1.0
marketing_acceleration,Marketing acceleration,2026-08-30,10,shipped_revenue_usd,seasonal_naive,champion_baseline_plus_driver_delta,5006.38,3854.55,6158.21,330.07,1517.80,1773.24,0.0180,none,1.0
marketing_acceleration,Marketing acceleration,2026-08-31,11,net_revenue_usd,driver_regression,champion_baseline_plus_driver_delta,8591.98,8321.45,8862.51,642.21,1499.36,1853.31,0.0180,none,1.0
marketing_acceleration,Marketing acceleration,2026-08-31,11,shipped_revenue_usd,seasonal_naive,champion_baseline_plus_driver_delta,12355.48,11201.49,13509.47,327.56,1499.36,1853.31,0.0180,none,1.0
marketing_acceleration,Marketing acceleration,2026-09-01,12,net_revenue_usd,driver_regression,champion_baseline_plus_driver_delta,8997.28,8726.25,9268.31,644.45,1513.33,1876.30,0.0180,none,1.0
marketing_acceleration,Marketing acceleration,2026-09-01,12,shipped_revenue_usd,seasonal_naive,champion_baseline_plus_driver_delta,8928.42,7772.27,10084.57,328.7,1513.33,1876.30,0.0180,none,1.0
marketing_acceleration,Marketing acceleration,2026-09-02,13,net_revenue_usd,driver_regression,champion_baseline_plus_driver_delta,9116.74,8845.2,9388.28,638.48,1484.20,1790.93,0.0180,none,1.0
marketing_acceleration,Marketing acceleration,2026-09-02,13,shipped_revenue_usd,seasonal_naive,champion_baseline_plus_driver_delta,8104.79,6946.48,9263.1,325.65,1484.20,1790.93,0.0180,none,1.0
marketing_acceleration,Marketing acceleration,2026-09-03,14,net_revenue_usd,driver_regression,champion_baseline_plus_driver_delta,9196.4,8924.36,9468.44,638.64,1497.88,1647.28,0.0180,none,1.0
marketing_acceleration,Marketing acceleration,2026-09-03,14,shipped_revenue_usd,seasonal_naive,champion_baseline_plus_driver_delta,8295.0,7134.54,9455.46,325.74,1497.88,1647.28,0.0180,none,1.0
marketing_acceleration,Marketing acceleration,2026-09-04,15,net_revenue_usd,driver_regression,champion_baseline_plus_driver_delta,9978.65,9706.11,10251.19,640.84,1491.87,1960.72,0.0180,none,1.0
marketing_acceleration,Marketing acceleration,2026-09-04,15,shipped_revenue_usd,seasonal_naive,champion_baseline_plus_driver_delta,8801.17,7638.57,9963.77,326.86,1491.87,1960.72,0.0180,none,1.0
marketing_acceleration,Marketing acceleration,2026-09-05,16,net_revenue_usd,driver_regression,champion_baseline_plus_driver_delta,10133.79,9860.75,10406.84,657.3,1520.20,1783.22,0.0180,none,1.0
marketing_acceleration,Marketing acceleration,2026-09-05,16,shipped_revenue_usd,seasonal_naive,champion_baseline_plus_driver_delta,6468.51,5303.77,7633.25,335.26,1520.20,1783.22,0.0180,none,1.0
marketing_acceleration,Marketing acceleration,2026-09-06,17,net_revenue_usd,driver_regression,champion_baseline_plus_driver_delta,9502.55,9229.0,9776.1,667.49,1548.14,1968.49,0.0180,none,1.0
marketing_acceleration,Marketing acceleration,2026-09-06,17,shipped_revenue_usd,seasonal_naive,champion_baseline_plus_driver_delta,5025.24,3858.36,6192.12,340.46,1548.14,1968.49,0.0180,none,1.0
marketing_acceleration,Marketing acceleration,2026-09-07,18,net_revenue_usd,driver_regression,champion_baseline_plus_driver_delta,8698.34,8424.29,8972.38,648.19,1511.87,1865.93,0.0180,none,1.0
marketing_acceleration,Marketing acceleration,2026-09-07,18,shipped_revenue_usd,seasonal_naive,champion_baseline_plus_driver_delta,12380.3,11211.28,13549.32,330.61,1511.87,1865.93,0.0180,none,1.0
marketing_acceleration,Marketing acceleration,2026-09-08,19,net_revenue_usd,driver_regression,champion_baseline_plus_driver_delta,9313.65,9039.1,9588.2,658.96,1529.47,2097.71,0.0180,none,1.0
marketing_acceleration,Marketing acceleration,2026-09-08,19,shipped_revenue_usd,seasonal_naive,champion_baseline_plus_driver_delta,9696.86,8525.71,10868.01,336.1,1529.47,2097.71,0.0180,none,1.0
marketing_acceleration,Marketing acceleration,2026-09-09,20,net_revenue_usd,driver_regression,champion_baseline_plus_driver_delta,9469.49,9194.44,9744.53,663.63,1551.43,1879.05,0.0180,none,1.0
marketing_acceleration,Marketing acceleration,2026-09-09,20,shipped_revenue_usd,seasonal_naive,champion_baseline_plus_driver_delta,8534.92,7361.65,9708.19,338.48,1551.43,1879.05,0.0180,none,1.0
marketing_acceleration,Marketing acceleration,2026-09-10,21,net_revenue_usd,driver_regression,champion_baseline_plus_driver_delta,9582.77,9307.23,9858.32,671.62,1560.01,1788.07,0.0180,none,1.0
marketing_acceleration,Marketing acceleration,2026-09-10,21,shipped_revenue_usd,seasonal_naive,champion_baseline_plus_driver_delta,8481.79,7306.39,9657.19,342.56,1560.01,1788.07,0.0180,none,1.0
marketing_acceleration,Marketing acceleration,2026-09-11,22,net_revenue_usd,driver_regression,champion_baseline_plus_driver_delta,10128.51,9852.47,10404.55,653.24,1518.71,1971.59,0.0180,none,1.0
marketing_acceleration,Marketing acceleration,2026-09-11,22,shipped_revenue_usd,seasonal_naive,champion_baseline_plus_driver_delta,9388.25,8210.74,10565.76,333.19,1518.71,1971.59,0.0180,none,1.0
marketing_acceleration,Marketing acceleration,2026-09-12,23,net_revenue_usd,driver_regression,champion_baseline_plus_driver_delta,10547.62,10271.09,10824.16,673.09,1575.11,1977.53,0.0180,none,1.0
marketing_acceleration,Marketing acceleration,2026-09-12,23,shipped_revenue_usd,seasonal_naive,champion_baseline_plus_driver_delta,6487.65,5308.02,7667.28,343.31,1575.11,1977.53,0.0180,none,1.0
marketing_acceleration,Marketing acceleration,2026-09-13,24,net_revenue_usd,driver_regression,champion_baseline_plus_driver_delta,10779.3,10502.27,11056.33,784.21,1816.98,2146.86,0.0360,none,1.0
marketing_acceleration,Marketing acceleration,2026-09-13,24,shipped_revenue_usd,seasonal_naive,champion_baseline_plus_driver_delta,5093.24,3911.5,6274.98,399.99,1816.98,2146.86,0.0360,none,1.0
marketing_acceleration,Marketing acceleration,2026-09-14,25,net_revenue_usd,driver_regression,champion_baseline_plus_driver_delta,10396.16,10118.63,10673.68,784.11,1824.74,2278.22,0.0360,monthly_promotion,1.0
marketing_acceleration,Marketing acceleration,2026-09-14,25,shipped_revenue_usd,seasonal_naive,champion_baseline_plus_driver_delta,12471.4,11287.55,13655.25,399.94,1824.74,2278.22,0.0360,monthly_promotion,1.0
marketing_acceleration,Marketing acceleration,2026-09-15,26,net_revenue_usd,driver_regression,champion_baseline_plus_driver_delta,10398.67,10120.65,10676.69,746.88,1752.26,2168.57,0.0360,monthly_promotion,1.0
marketing_acceleration,Marketing acceleration,2026-09-15,26,shipped_revenue_usd,seasonal_naive,champion_baseline_plus_driver_delta,12455.52,11269.57,13641.47,380.95,1752.26,2168.57,0.0360,monthly_promotion,1.0
marketing_acceleration,Marketing acceleration,2026-09-16,27,net_revenue_usd,driver_regression,champion_baseline_plus_driver_delta,9885.73,9607.22,10164.24,696.39,1623.41,1958.36,0.0180,monthly_promotion,1.0
marketing_acceleration,Marketing acceleration,2026-09-16,27,shipped_revenue_usd,seasonal_naive,champion_baseline_plus_driver_delta,9507.1,8319.05,10695.15,355.19,1623.41,1958.36,0.0180,monthly_promotion,1.0
marketing_acceleration,Marketing acceleration,2026-09-17,28,net_revenue_usd,driver_regression,champion_baseline_plus_driver_delta,9984.27,9705.26,10263.27,706.71,1647.95,1859.64,0.0180,none,1.0
marketing_acceleration,Marketing acceleration,2026-09-17,28,shipped_revenue_usd,seasonal_naive,champion_baseline_plus_driver_delta,9078.28,7888.13,10268.43,360.46,1647.95,1859.64,0.0180,none,1.0
marketing_acceleration,Marketing acceleration,2026-09-18,29,net_revenue_usd,driver_regression,champion_baseline_plus_driver_delta,10276.94,9997.45,10556.43,671.14,1574.41,1885.68,0.0180,none,1.0
marketing_acceleration,Marketing acceleration,2026-09-18,29,shipped_revenue_usd,seasonal_naive,champion_baseline_plus_driver_delta,9322.49,8130.25,10514.73,342.31,1574.41,1885.68,0.0180,none,1.0
marketing_acceleration,Marketing acceleration,2026-09-19,30,net_revenue_usd,driver_regression,champion_baseline_plus_driver_delta,10736.32,10456.34,11016.3,685.3,1597.52,2046.15,0.0180,none,1.0
marketing_acceleration,Marketing acceleration,2026-09-19,30,shipped_revenue_usd,seasonal_naive,champion_baseline_plus_driver_delta,6504.96,5310.63,7699.29,349.54,1597.52,2046.15,0.0180,none,1.0
marketing_acceleration,Marketing acceleration,2026-09-20,31,net_revenue_usd,driver_regression,champion_baseline_plus_driver_delta,9627.91,9347.44,9908.38,663.34,1558.62,1954.82,0.0180,none,1.0
marketing_acceleration,Marketing acceleration,2026-09-20,31,shipped_revenue_usd,seasonal_naive,champion_baseline_plus_driver_delta,5040.06,3843.65,6236.47,338.34,1558.62,1954.82,0.0180,none,1.0
marketing_acceleration,Marketing acceleration,2026-09-21,32,net_revenue_usd,driver_regression,champion_baseline_plus_driver_delta,9321.34,9040.38,9602.3,682.61,1600.40,2113.83,0.0180,none,1.0
marketing_acceleration,Marketing acceleration,2026-09-21,32,shipped_revenue_usd,seasonal_naive,champion_baseline_plus_driver_delta,12441.41,11242.92,13639.9,348.17,1600.40,2113.83,0.0180,none,1.0
marketing_acceleration,Marketing acceleration,2026-09-22,33,net_revenue_usd,driver_regression,champion_baseline_plus_driver_delta,9753.48,9472.03,10034.92,698.56,1640.88,2076.69,0.0180,none,1.0
marketing_acceleration,Marketing acceleration,2026-09-22,33,shipped_revenue_usd,seasonal_naive,champion_baseline_plus_driver_delta,10327.85,9127.28,11528.42,356.3,1640.88,2076.69,0.0180,none,1.0
marketing_acceleration,Marketing acceleration,2026-09-23,34,net_revenue_usd,driver_regression,champion_baseline_plus_driver_delta,9720.61,9438.67,10002.54,686.32,1609.09,1840.86,0.0180,none,1.0
marketing_acceleration,Marketing acceleration,2026-09-23,34,shipped_revenue_usd,seasonal_naive,champion_baseline_plus_driver_delta,8546.47,7343.82,9749.12,350.06,1609.09,1840.86,0.0180,none,1.0
marketing_acceleration,Marketing acceleration,2026-09-24,35,net_revenue_usd,driver_regression,champion_baseline_plus_driver_delta,10053.42,9771.0,10335.84,677.56,1592.12,2067.25,0.0180,none,1.0
marketing_acceleration,Marketing acceleration,2026-09-24,35,shipped_revenue_usd,seasonal_naive,champion_baseline_plus_driver_delta,9165.68,7960.96,10370.4,345.59,1592.12,2067.25,0.0180,none,1.0
marketing_acceleration,Marketing acceleration,2026-09-25,36,net_revenue_usd,driver_regression,champion_baseline_plus_driver_delta,10658.72,10375.82,10941.62,702.68,1649.40,1982.78,0.0180,none,1.0
marketing_acceleration,Marketing acceleration,2026-09-25,36,shipped_revenue_usd,seasonal_naive,champion_baseline_plus_driver_delta,9784.76,8577.98,10991.54,358.4,1649.40,1982.78,0.0180,none,1.0
marketing_acceleration,Marketing acceleration,2026-09-26,37,net_revenue_usd,driver_regression,champion_baseline_plus_driver_delta,11122.67,10839.28,11406.05,751.99,1756.46,1866.34,0.0180,none,1.0
marketing_acceleration,Marketing acceleration,2026-09-26,37,shipped_revenue_usd,seasonal_naive,champion_baseline_plus_driver_delta,6550.06,5341.21,7758.91,383.55,1756.46,1866.34,0.0180,none,1.0
marketing_acceleration,Marketing acceleration,2026-09-27,38,net_revenue_usd,driver_regression,champion_baseline_plus_driver_delta,9737.92,9454.05,10021.79,682.52,1598.19,1885.99,0.0180,none,1.0
marketing_acceleration,Marketing acceleration,2026-09-27,38,shipped_revenue_usd,seasonal_naive,champion_baseline_plus_driver_delta,5058.3,3847.39,6269.21,348.12,1598.19,1885.99,0.0180,none,1.0
marketing_acceleration,Marketing acceleration,2026-09-28,39,net_revenue_usd,driver_regression,champion_baseline_plus_driver_delta,9419.83,9135.48,9704.18,724.89,1681.15,1894.94,0.0180,none,1.0
marketing_acceleration,Marketing acceleration,2026-09-28,39,shipped_revenue_usd,seasonal_naive,champion_baseline_plus_driver_delta,12484.74,11271.78,13697.7,369.73,1681.15,1894.94,0.0180,none,1.0
marketing_acceleration,Marketing acceleration,2026-09-29,40,net_revenue_usd,driver_regression,champion_baseline_plus_driver_delta,10087.39,9802.56,10372.22,718.6,1678.86,2249.54,0.0180,none,1.0
marketing_acceleration,Marketing acceleration,2026-09-29,40,shipped_revenue_usd,seasonal_naive,champion_baseline_plus_driver_delta,11676.2,10461.18,12891.22,366.52,1678.86,2249.54,0.0180,none,1.0
marketing_acceleration,Marketing acceleration,2026-09-30,41,net_revenue_usd,driver_regression,champion_baseline_plus_driver_delta,10227.57,9942.25,10512.88,735.02,1705.10,2001.13,0.0180,none,1.0
marketing_acceleration,Marketing acceleration,2026-09-30,41,shipped_revenue_usd,seasonal_naive,champion_baseline_plus_driver_delta,9010.53,7793.46,10227.6,374.9,1705.10,2001.13,0.0180,none,1.0
marketing_acceleration,Marketing acceleration,2026-10-01,42,net_revenue_usd,driver_regression,champion_baseline_plus_driver_delta,10213.09,9927.3,10498.88,699.68,1636.86,2035.09,0.0180,none,1.0
marketing_acceleration,Marketing acceleration,2026-10-01,42,shipped_revenue_usd,seasonal_naive,champion_baseline_plus_driver_delta,9051.41,7832.3,10270.52,356.87,1636.86,2035.09,0.0180,none,1.0
marketing_acceleration,Marketing acceleration,2026-10-02,43,net_revenue_usd,driver_regression,champion_baseline_plus_driver_delta,10691.19,10404.92,10977.46,710.89,1656.82,1942.78,0.0180,none,1.0
marketing_acceleration,Marketing acceleration,2026-10-02,43,shipped_revenue_usd,seasonal_naive,champion_baseline_plus_driver_delta,9773.18,8552.02,10994.34,362.59,1656.82,1942.78,0.0180,none,1.0
marketing_acceleration,Marketing acceleration,2026-10-03,44,net_revenue_usd,driver_regression,champion_baseline_plus_driver_delta,11056.22,10769.47,11342.97,702.65,1641.88,2132.82,0.0180,none,1.0
marketing_acceleration,Marketing acceleration,2026-10-03,44,shipped_revenue_usd,seasonal_naive,champion_baseline_plus_driver_delta,6535.99,5312.79,7759.19,358.39,1641.88,2132.82,0.0180,none,1.0
marketing_acceleration,Marketing acceleration,2026-10-04,45,net_revenue_usd,driver_regression,champion_baseline_plus_driver_delta,10087.93,9800.7,10375.15,716.33,1675.71,1945.33,0.0180,none,1.0
marketing_acceleration,Marketing acceleration,2026-10-04,45,shipped_revenue_usd,seasonal_naive,champion_baseline_plus_driver_delta,5084.01,3858.78,6309.24,365.36,1675.71,1945.33,0.0180,none,1.0
marketing_acceleration,Marketing acceleration,2026-10-05,46,net_revenue_usd,driver_regression,champion_baseline_plus_driver_delta,9773.03,9485.33,10060.73,736.72,1709.80,2122.39,0.0180,none,1.0
marketing_acceleration,Marketing acceleration,2026-10-05,46,shipped_revenue_usd,seasonal_naive,champion_baseline_plus_driver_delta,12512.54,11285.28,13739.8,375.76,1709.80,2122.39,0.0180,none,1.0
marketing_acceleration,Marketing acceleration,2026-10-06,47,net_revenue_usd,driver_regression,champion_baseline_plus_driver_delta,9997.16,9708.98,10285.34,741.77,1728.13,1941.94,0.0180,none,1.0
marketing_acceleration,Marketing acceleration,2026-10-06,47,shipped_revenue_usd,seasonal_naive,champion_baseline_plus_driver_delta,12518.23,11288.94,13747.52,378.34,1728.13,1941.94,0.0180,none,1.0
marketing_acceleration,Marketing acceleration,2026-10-07,48,net_revenue_usd,driver_regression,champion_baseline_plus_driver_delta,10711.37,10422.71,11000.02,764.23,1779.89,2211.95,0.0180,none,1.0
marketing_acceleration,Marketing acceleration,2026-10-07,48,shipped_revenue_usd,seasonal_naive,champion_baseline_plus_driver_delta,9319.88,8088.56,10551.2,389.8,1779.89,2211.95,0.0180,none,1.0
marketing_acceleration,Marketing acceleration,2026-10-08,49,net_revenue_usd,driver_regression,champion_baseline_plus_driver_delta,10665.09,10375.96,10954.21,737.2,1725.90,2165.14,0.0180,none,1.0
marketing_acceleration,Marketing acceleration,2026-10-08,49,shipped_revenue_usd,seasonal_naive,champion_baseline_plus_driver_delta,9430.69,8197.35,10664.03,376.01,1725.90,2165.14,0.0180,none,1.0
marketing_acceleration,Marketing acceleration,2026-10-09,50,net_revenue_usd,driver_regression,champion_baseline_plus_driver_delta,10926.44,10636.84,11216.04,728.25,1706.83,1976.65,0.0180,none,1.0
marketing_acceleration,Marketing acceleration,2026-10-09,50,shipped_revenue_usd,seasonal_naive,champion_baseline_plus_driver_delta,10118.94,8883.58,11354.3,371.44,1706.83,1976.65,0.0180,none,1.0
marketing_acceleration,Marketing acceleration,2026-10-10,51,net_revenue_usd,driver_regression,champion_baseline_plus_driver_delta,10996.07,10706.0,11286.15,707.6,1664.98,1947.09,0.0180,none,1.0
marketing_acceleration,Marketing acceleration,2026-10-10,51,shipped_revenue_usd,seasonal_naive,champion_baseline_plus_driver_delta,6549.6,5312.22,7786.98,360.91,1664.98,1947.09,0.0180,none,1.0
marketing_acceleration,Marketing acceleration,2026-10-11,52,net_revenue_usd,driver_regression,champion_baseline_plus_driver_delta,10601.64,10311.09,10892.18,744.71,1741.89,2218.87,0.0180,none,1.0
marketing_acceleration,Marketing acceleration,2026-10-11,52,shipped_revenue_usd,seasonal_naive,champion_baseline_plus_driver_delta,5106.96,3867.57,6346.35,379.84,1741.89,2218.87,0.0180,none,1.0
marketing_acceleration,Marketing acceleration,2026-10-12,53,net_revenue_usd,driver_regression,champion_baseline_plus_driver_delta,9568.07,9277.05,9859.09,735.22,1720.37,1827.70,0.0180,none,1.0
marketing_acceleration,Marketing acceleration,2026-10-12,53,shipped_revenue_usd,seasonal_naive,champion_baseline_plus_driver_delta,12533.55,11292.15,13774.95,375.0,1720.37,1827.70,0.0180,none,1.0
marketing_acceleration,Marketing acceleration,2026-10-13,54,net_revenue_usd,driver_regression,champion_baseline_plus_driver_delta,11349.11,11057.62,11640.59,843.14,1967.72,2310.78,0.0360,none,1.0
marketing_acceleration,Marketing acceleration,2026-10-13,54,shipped_revenue_usd,seasonal_naive,champion_baseline_plus_driver_delta,12591.7,11348.29,13835.11,430.04,1967.72,2310.78,0.0360,none,1.0
marketing_acceleration,Marketing acceleration,2026-10-14,55,net_revenue_usd,driver_regression,champion_baseline_plus_driver_delta,11461.21,11169.25,11753.17,805.68,1872.15,2382.27,0.0360,monthly_promotion,1.0
marketing_acceleration,Marketing acceleration,2026-10-14,55,shipped_revenue_usd,seasonal_naive,champion_baseline_plus_driver_delta,11376.34,10130.93,12621.75,410.94,1872.15,2382.27,0.0360,monthly_promotion,1.0
marketing_acceleration,Marketing acceleration,2026-10-15,56,net_revenue_usd,driver_regression,champion_baseline_plus_driver_delta,12135.38,11842.96,12427.81,871.68,2024.02,2401.88,0.0360,monthly_promotion,1.0
marketing_acceleration,Marketing acceleration,2026-10-15,56,shipped_revenue_usd,seasonal_naive,champion_baseline_plus_driver_delta,10762.45,9515.04,12009.86,444.6,2024.02,2401.88,0.0360,monthly_promotion,1.0
marketing_acceleration,Marketing acceleration,2026-10-16,57,net_revenue_usd,driver_regression,champion_baseline_plus_driver_delta,11090.26,10797.36,11383.15,718.79,1680.78,2134.25,0.0180,monthly_promotion,1.0
marketing_acceleration,Marketing acceleration,2026-10-16,57,shipped_revenue_usd,seasonal_naive,champion_baseline_plus_driver_delta,9765.35,8515.94,11014.76,366.62,1680.78,2134.25,0.0180,monthly_promotion,1.0
marketing_acceleration,Marketing acceleration,2026-10-17,58,net_revenue_usd,driver_regression,champion_baseline_plus_driver_delta,11236.95,10943.59,11530.31,739.95,1723.43,1963.53,0.0180,none,1.0
marketing_acceleration,Marketing acceleration,2026-10-17,58,shipped_revenue_usd,seasonal_naive,champion_baseline_plus_driver_delta,6577.19,5325.79,7828.59,377.41,1723.43,1963.53,0.0180,none,1.0
marketing_acceleration,Marketing acceleration,2026-10-18,59,net_revenue_usd,driver_regression,champion_baseline_plus_driver_delta,10745.06,10451.24,11038.89,764.39,1777.03,2211.87,0.0180,none,1.0
marketing_acceleration,Marketing acceleration,2026-10-18,59,shipped_revenue_usd,seasonal_naive,champion_baseline_plus_driver_delta,5125.46,3872.07,6378.85,389.88,1777.03,2211.87,0.0180,none,1.0
marketing_acceleration,Marketing acceleration,2026-10-19,60,net_revenue_usd,driver_regression,champion_baseline_plus_driver_delta,9676.75,9382.46,9971.04,723.01,1695.99,1984.87,0.0180,none,1.0
marketing_acceleration,Marketing acceleration,2026-10-19,60,shipped_revenue_usd,seasonal_naive,champion_baseline_plus_driver_delta,12549.1,11293.72,13804.48,368.77,1695.99,1984.87,0.0180,none,1.0
marketing_acceleration,Marketing acceleration,2026-10-20,61,net_revenue_usd,driver_regression,champion_baseline_plus_driver_delta,10018.28,9723.53,10313.04,704.89,1638.31,2184.65,0.0180,none,1.0
marketing_acceleration,Marketing acceleration,2026-10-20,61,shipped_revenue_usd,seasonal_naive,champion_baseline_plus_driver_delta,12542.97,11285.61,13800.33,359.53,1638.31,2184.65,0.0180,none,1.0
marketing_acceleration,Marketing acceleration,2026-10-21,62,net_revenue_usd,driver_regression,champion_baseline_plus_driver_delta,10306.59,10011.37,10601.81,732.82,1715.78,1921.73,0.0180,none,1.0
marketing_acceleration,Marketing acceleration,2026-10-21,62,shipped_revenue_usd,seasonal_naive,champion_baseline_plus_driver_delta,9607.02,8347.68,10866.36,373.77,1715.78,1921.73,0.0180,none,1.0
marketing_acceleration,Marketing acceleration,2026-10-22,63,net_revenue_usd,driver_regression,champion_baseline_plus_driver_delta,10866.76,10571.08,11162.45,766.63,1789.18,2085.90,0.0180,none,1.0
marketing_acceleration,Marketing acceleration,2026-10-22,63,shipped_revenue_usd,seasonal_naive,champion_baseline_plus_driver_delta,9482.93,8221.61,10744.25,391.02,1789.18,2085.90,0.0180,none,1.0
marketing_acceleration,Marketing acceleration,2026-10-23,64,net_revenue_usd,driver_regression,champion_baseline_plus_driver_delta,11201.82,10905.67,11497.96,746.34,1759.44,2012.14,0.0180,none,1.0
marketing_acceleration,Marketing acceleration,2026-10-23,64,shipped_revenue_usd,seasonal_naive,champion_baseline_plus_driver_delta,10267.22,9003.93,11530.51,380.67,1759.44,2012.14,0.0180,none,1.0
marketing_acceleration,Marketing acceleration,2026-10-24,65,net_revenue_usd,driver_regression,champion_baseline_plus_driver_delta,11224.0,10927.39,11520.61,718.31,1672.57,2085.39,0.0180,none,1.0
marketing_acceleration,Marketing acceleration,2026-10-24,65,shipped_revenue_usd,seasonal_naive,champion_baseline_plus_driver_delta,6577.23,5311.97,7842.49,366.37,1672.57,2085.39,0.0180,none,1.0
marketing_acceleration,Marketing acceleration,2026-10-25,66,net_revenue_usd,driver_regression,champion_baseline_plus_driver_delta,10819.34,10522.27,11116.41,770.18,1805.08,2160.99,0.0180,none,1.0
marketing_acceleration,Marketing acceleration,2026-10-25,66,shipped_revenue_usd,seasonal_naive,champion_baseline_plus_driver_delta,5136.88,3869.65,6404.11,392.83,1805.08,2160.99,0.0180,none,1.0
marketing_acceleration,Marketing acceleration,2026-10-26,67,net_revenue_usd,driver_regression,champion_baseline_plus_driver_delta,9685.04,9387.5,9982.57,725.98,1689.58,1981.17,0.0180,none,1.0
marketing_acceleration,Marketing acceleration,2026-10-26,67,shipped_revenue_usd,seasonal_naive,champion_baseline_plus_driver_delta,12572.39,11303.19,13841.59,370.29,1689.58,1981.17,0.0180,none,1.0
marketing_acceleration,Marketing acceleration,2026-10-27,68,net_revenue_usd,driver_regression,champion_baseline_plus_driver_delta,10474.09,10176.09,10772.08,749.47,1765.13,2204.56,0.0180,none,1.0
marketing_acceleration,Marketing acceleration,2026-10-27,68,shipped_revenue_usd,seasonal_naive,champion_baseline_plus_driver_delta,12587.48,11316.32,13858.64,382.27,1765.13,2204.56,0.0180,none,1.0
marketing_acceleration,Marketing acceleration,2026-10-28,69,net_revenue_usd,driver_regression,champion_baseline_plus_driver_delta,10525.57,10227.12,10824.02,751.51,1757.92,1977.96,0.0180,none,1.0
marketing_acceleration,Marketing acceleration,2026-10-28,69,shipped_revenue_usd,seasonal_naive,champion_baseline_plus_driver_delta,9985.55,8712.43,11258.67,383.31,1757.92,1977.96,0.0180,none,1.0
marketing_acceleration,Marketing acceleration,2026-10-29,70,net_revenue_usd,driver_regression,champion_baseline_plus_driver_delta,10861.77,10562.86,11160.68,739.4,1742.66,2205.34,0.0180,none,1.0
marketing_acceleration,Marketing acceleration,2026-10-29,70,shipped_revenue_usd,seasonal_naive,champion_baseline_plus_driver_delta,9522.04,8246.96,10797.12,377.13,1742.66,2205.34,0.0180,none,1.0
marketing_acceleration,Marketing acceleration,2026-10-30,71,net_revenue_usd,driver_regression,champion_baseline_plus_driver_delta,11470.25,11170.88,11769.62,779.06,1825.04,2043.10,0.0180,none,1.0
marketing_acceleration,Marketing acceleration,2026-10-30,71,shipped_revenue_usd,seasonal_naive,champion_baseline_plus_driver_delta,10637.46,9360.43,11914.49,397.36,1825.04,2043.10,0.0180,none,1.0
marketing_acceleration,Marketing acceleration,2026-10-31,72,net_revenue_usd,driver_regression,champion_baseline_plus_driver_delta,11452.68,11152.86,11752.51,747.97,1745.08,2052.11,0.0180,none,1.0
marketing_acceleration,Marketing acceleration,2026-10-31,72,shipped_revenue_usd,seasonal_naive,champion_baseline_plus_driver_delta,6603.45,5324.47,7882.43,381.5,1745.08,2052.11,0.0180,none,1.0
marketing_acceleration,Marketing acceleration,2026-11-01,73,net_revenue_usd,driver_regression,champion_baseline_plus_driver_delta,10669.3,10369.02,10969.58,763.21,1770.04,2091.71,0.0180,none,1.0
marketing_acceleration,Marketing acceleration,2026-11-01,73,shipped_revenue_usd,seasonal_naive,champion_baseline_plus_driver_delta,5141.8,3860.87,6422.73,389.28,1770.04,2091.71,0.0180,none,1.0
marketing_acceleration,Marketing acceleration,2026-11-02,74,net_revenue_usd,driver_regression,champion_baseline_plus_driver_delta,10052.9,9752.16,10353.64,742.09,1747.27,2145.67,0.0180,none,1.0
marketing_acceleration,Marketing acceleration,2026-11-02,74,shipped_revenue_usd,seasonal_naive,champion_baseline_plus_driver_delta,12602.37,11319.5,13885.24,378.5,1747.27,2145.67,0.0180,none,1.0
marketing_acceleration,Marketing acceleration,2026-11-03,75,net_revenue_usd,driver_regression,champion_baseline_plus_driver_delta,10134.11,9832.91,10435.3,734.48,1712.93,1994.84,0.0180,none,1.0
marketing_acceleration,Marketing acceleration,2026-11-03,75,shipped_revenue_usd,seasonal_naive,champion_baseline_plus_driver_delta,12601.6,11316.79,13886.41,374.62,1712.93,1994.84,0.0180,none,1.0
marketing_acceleration,Marketing acceleration,2026-11-04,76,net_revenue_usd,driver_regression,champion_baseline_plus_driver_delta,10457.35,10155.7,10758.99,726.65,1701.70,2068.34,0.0180,none,1.0
marketing_acceleration,Marketing acceleration,2026-11-04,76,shipped_revenue_usd,seasonal_naive,champion_baseline_plus_driver_delta,10283.33,8996.58,11570.08,370.63,1701.70,2068.34,0.0180,none,1.0
marketing_acceleration,Marketing acceleration,2026-11-05,77,net_revenue_usd,driver_regression,champion_baseline_plus_driver_delta,11061.67,10759.57,11363.77,754.33,1777.62,2272.07,0.0180,none,1.0
marketing_acceleration,Marketing acceleration,2026-11-05,77,shipped_revenue_usd,seasonal_naive,champion_baseline_plus_driver_delta,9809.35,8520.66,11098.04,384.74,1777.62,2272.07,0.0180,none,1.0
marketing_acceleration,Marketing acceleration,2026-11-06,78,net_revenue_usd,driver_regression,champion_baseline_plus_driver_delta,11026.2,10723.64,11328.75,708.47,1656.57,2117.17,0.0180,none,1.0
marketing_acceleration,Marketing acceleration,2026-11-06,78,shipped_revenue_usd,seasonal_naive,champion_baseline_plus_driver_delta,10283.94,8993.32,11574.56,361.35,1656.57,2117.17,0.0180,none,1.0
marketing_acceleration,Marketing acceleration,2026-11-07,79,net_revenue_usd,driver_regression,champion_baseline_plus_driver_delta,11982.3,11679.29,12285.3,795.59,1853.36,2220.83,0.0180,none,1.0
marketing_acceleration,Marketing acceleration,2026-11-07,79,shipped_revenue_usd,seasonal_naive,champion_baseline_plus_driver_delta,6638.83,5346.28,7931.38,405.79,1853.36,2220.83,0.0180,none,1.0
marketing_acceleration,Marketing acceleration,2026-11-08,80,net_revenue_usd,driver_regression,champion_baseline_plus_driver_delta,10791.98,10488.52,11095.44,781.14,1815.87,2043.24,0.0180,none,1.0
marketing_acceleration,Marketing acceleration,2026-11-08,80,shipped_revenue_usd,seasonal_naive,champion_baseline_plus_driver_delta,5159.41,3864.93,6453.89,398.42,1815.87,2043.24,0.0180,none,1.0
marketing_acceleration,Marketing acceleration,2026-11-09,81,net_revenue_usd,driver_regression,champion_baseline_plus_driver_delta,10138.65,9834.74,10442.56,761.97,1783.41,2091.78,0.0180,none,1.0
marketing_acceleration,Marketing acceleration,2026-11-09,81,shipped_revenue_usd,seasonal_naive,champion_baseline_plus_driver_delta,12634.28,11337.88,13930.68,388.64,1783.41,2091.78,0.0180,none,1.0
marketing_acceleration,Marketing acceleration,2026-11-10,82,net_revenue_usd,driver_regression,champion_baseline_plus_driver_delta,10749.08,10444.72,11053.44,763.53,1793.99,2347.36,0.0180,none,1.0
marketing_acceleration,Marketing acceleration,2026-11-10,82,shipped_revenue_usd,seasonal_naive,champion_baseline_plus_driver_delta,12638.2,11339.88,13936.52,389.44,1793.99,2347.36,0.0180,none,1.0
marketing_acceleration,Marketing acceleration,2026-11-11,83,net_revenue_usd,driver_regression,champion_baseline_plus_driver_delta,10550.21,10245.39,10855.02,742.28,1740.10,2016.05,0.0180,none,1.0
marketing_acceleration,Marketing acceleration,2026-11-11,83,shipped_revenue_usd,seasonal_naive,champion_baseline_plus_driver_delta,10936.66,9636.42,12236.9,378.6,1740.10,2016.05,0.0180,none,1.0
marketing_acceleration,Marketing acceleration,2026-11-12,84,net_revenue_usd,driver_regression,champion_baseline_plus_driver_delta,11134.55,10829.29,11439.81,763.98,1793.13,2276.57,0.0180,none,1.0
marketing_acceleration,Marketing acceleration,2026-11-12,84,shipped_revenue_usd,seasonal_naive,champion_baseline_plus_driver_delta,10026.7,8724.54,11328.86,389.67,1793.13,2276.57,0.0180,none,1.0
marketing_acceleration,Marketing acceleration,2026-11-13,85,net_revenue_usd,driver_regression,champion_baseline_plus_driver_delta,12791.81,12486.1,13097.52,873.41,2048.15,2434.08,0.0360,none,1.0
marketing_acceleration,Marketing acceleration,2026-11-13,85,shipped_revenue_usd,seasonal_naive,champion_baseline_plus_driver_delta,11568.56,10264.49,12872.63,445.48,2048.15,2434.08,0.0360,none,1.0
marketing_acceleration,Marketing acceleration,2026-11-14,86,net_revenue_usd,driver_regression,champion_baseline_plus_driver_delta,13092.21,12786.05,13398.36,868.52,2037.47,2485.22,0.0360,monthly_promotion,1.0
marketing_acceleration,Marketing acceleration,2026-11-14,86,shipped_revenue_usd,seasonal_naive,champion_baseline_plus_driver_delta,6687.12,5381.14,7993.1,442.99,2037.47,2485.22,0.0360,monthly_promotion,1.0
marketing_acceleration,Marketing acceleration,2026-11-15,87,net_revenue_usd,driver_regression,champion_baseline_plus_driver_delta,12405.08,12098.48,12711.69,895.62,2086.40,2547.21,0.0360,monthly_promotion,1.0
marketing_acceleration,Marketing acceleration,2026-11-15,87,shipped_revenue_usd,seasonal_naive,champion_baseline_plus_driver_delta,5226.26,3918.37,6534.15,456.81,2086.40,2547.21,0.0360,monthly_promotion,1.0
marketing_acceleration,Marketing acceleration,2026-11-16,88,net_revenue_usd,driver_regression,champion_baseline_plus_driver_delta,10312.66,10005.61,10619.71,773.12,1798.52,2146.35,0.0180,monthly_promotion,1.0
marketing_acceleration,Marketing acceleration,2026-11-16,88,shipped_revenue_usd,seasonal_naive,champion_baseline_plus_driver_delta,12661.75,11351.96,13971.54,394.33,1798.52,2146.35,0.0180,monthly_promotion,1.0
marketing_acceleration,Marketing acceleration,2026-11-17,89,net_revenue_usd,driver_regression,champion_baseline_plus_driver_delta,10276.5,9969.01,10584.0,730.17,1710.07,2116.82,0.0180,none,1.0
marketing_acceleration,Marketing acceleration,2026-11-17,89,shipped_revenue_usd,seasonal_naive,champion_baseline_plus_driver_delta,12642.95,11331.26,13954.64,372.42,1710.07,2116.82,0.0180,none,1.0
marketing_acceleration,Marketing acceleration,2026-11-18,90,net_revenue_usd,driver_regression,champion_baseline_plus_driver_delta,11155.16,10847.22,11463.09,781.49,1833.59,2323.28,0.0180,none,1.0
marketing_acceleration,Marketing acceleration,2026-11-18,90,shipped_revenue_usd,seasonal_naive,champion_baseline_plus_driver_delta,12444.95,11131.36,13758.54,398.6,1833.59,2323.28,0.0180,none,1.0
marketing_acceleration,Marketing acceleration,2026-11-19,91,net_revenue_usd,driver_regression,champion_baseline_plus_driver_delta,14758.42,14450.04,15066.81,1108.46,2574.63,2821.86,0.0730,none,1.0
marketing_acceleration,Marketing acceleration,2026-11-19,91,shipped_revenue_usd,seasonal_naive,champion_baseline_plus_driver_delta,11205.22,9889.73,12520.71,565.37,2574.63,2821.86,0.0730,none,1.0
affiliate_expansion,Affiliate expansion,2026-08-21,1,net_revenue_usd,driver_regression,champion_baseline_plus_driver_delta,9543.49,9278.08,9808.91,422.49,1312.44,2221.35,0.0180,none,1.0
affiliate_expansion,Affiliate expansion,2026-08-21,1,shipped_revenue_usd,seasonal_naive,champion_baseline_plus_driver_delta,8804.57,7672.38,9936.76,386.87,1312.44,2221.35,0.0180,none,1.0
affiliate_expansion,Affiliate expansion,2026-08-22,2,net_revenue_usd,driver_regression,champion_baseline_plus_driver_delta,9340.05,9074.12,9605.98,389.46,1227.40,2047.70,0.0180,none,1.0
affiliate_expansion,Affiliate expansion,2026-08-22,2,shipped_revenue_usd,seasonal_naive,champion_baseline_plus_driver_delta,6467.7,5333.31,7602.09,356.63,1227.40,2047.70,0.0180,none,1.0
affiliate_expansion,Affiliate expansion,2026-08-23,3,net_revenue_usd,driver_regression,champion_baseline_plus_driver_delta,8799.46,8533.01,9065.9,443.82,1253.76,2333.49,0.0180,none,1.0
affiliate_expansion,Affiliate expansion,2026-08-23,3,shipped_revenue_usd,seasonal_naive,champion_baseline_plus_driver_delta,5074.25,3937.67,6210.83,406.4,1253.76,2333.49,0.0180,none,1.0
affiliate_expansion,Affiliate expansion,2026-08-24,4,net_revenue_usd,driver_regression,champion_baseline_plus_driver_delta,8132.71,7865.75,8399.67,415.15,1274.78,2182.82,0.0180,none,1.0
affiliate_expansion,Affiliate expansion,2026-08-24,4,shipped_revenue_usd,seasonal_naive,champion_baseline_plus_driver_delta,12277.4,11138.62,13416.18,380.15,1274.78,2182.82,0.0180,none,1.0
affiliate_expansion,Affiliate expansion,2026-08-25,5,net_revenue_usd,driver_regression,champion_baseline_plus_driver_delta,8614.1,8346.63,8881.57,408.19,1330.29,2146.19,0.0180,none,1.0
affiliate_expansion,Affiliate expansion,2026-08-25,5,shipped_revenue_usd,seasonal_naive,champion_baseline_plus_driver_delta,7792.88,6651.92,8933.84,373.78,1330.29,2146.19,0.0180,none,1.0
affiliate_expansion,Affiliate expansion,2026-08-26,6,net_revenue_usd,driver_regression,champion_baseline_plus_driver_delta,8892.98,8624.99,9160.96,413.25,1317.71,2172.80,0.0180,none,1.0
affiliate_expansion,Affiliate expansion,2026-08-26,6,shipped_revenue_usd,seasonal_naive,champion_baseline_plus_driver_delta,8040.01,6896.87,9183.15,378.41,1317.71,2172.80,0.0180,none,1.0
affiliate_expansion,Affiliate expansion,2026-08-27,7,net_revenue_usd,driver_regression,champion_baseline_plus_driver_delta,9134.19,8865.7,9402.68,449.14,1283.03,2361.49,0.0180,none,1.0
affiliate_expansion,Affiliate expansion,2026-08-27,7,shipped_revenue_usd,seasonal_naive,champion_baseline_plus_driver_delta,8384.02,7238.7,9529.34,411.28,1283.03,2361.49,0.0180,none,1.0
affiliate_expansion,Affiliate expansion,2026-08-28,8,net_revenue_usd,driver_regression,champion_baseline_plus_driver_delta,9644.22,9375.21,9913.22,416.09,1336.80,2187.68,0.0180,none,1.0
affiliate_expansion,Affiliate expansion,2026-08-28,8,shipped_revenue_usd,seasonal_naive,champion_baseline_plus_driver_delta,8728.02,7580.52,9875.52,381.01,1336.80,2187.68,0.0180,none,1.0
affiliate_expansion,Affiliate expansion,2026-08-29,9,net_revenue_usd,driver_regression,champion_baseline_plus_driver_delta,9614.14,9344.63,9883.65,398.09,1282.47,2093.12,0.0180,none,1.0
affiliate_expansion,Affiliate expansion,2026-08-29,9,shipped_revenue_usd,seasonal_naive,champion_baseline_plus_driver_delta,6486.69,5337.02,7636.36,364.53,1282.47,2093.12,0.0180,none,1.0
affiliate_expansion,Affiliate expansion,2026-08-30,10,net_revenue_usd,driver_regression,champion_baseline_plus_driver_delta,8939.86,8669.84,9209.88,421.57,1315.31,2216.55,0.0180,none,1.0
affiliate_expansion,Affiliate expansion,2026-08-30,10,shipped_revenue_usd,seasonal_naive,champion_baseline_plus_driver_delta,5062.34,3910.51,6214.17,386.03,1315.31,2216.55,0.0180,none,1.0
affiliate_expansion,Affiliate expansion,2026-08-31,11,net_revenue_usd,driver_regression,champion_baseline_plus_driver_delta,8390.38,8119.85,8660.91,440.61,1298.41,2316.64,0.0180,none,1.0
affiliate_expansion,Affiliate expansion,2026-08-31,11,shipped_revenue_usd,seasonal_naive,champion_baseline_plus_driver_delta,12431.39,11277.4,13585.38,403.47,1298.41,2316.64,0.0180,none,1.0
affiliate_expansion,Affiliate expansion,2026-09-01,12,net_revenue_usd,driver_regression,champion_baseline_plus_driver_delta,8798.91,8527.88,9069.94,446.08,1311.68,2345.38,0.0180,none,1.0
affiliate_expansion,Affiliate expansion,2026-09-01,12,shipped_revenue_usd,seasonal_naive,champion_baseline_plus_driver_delta,9008.19,7852.04,10164.34,408.47,1311.68,2345.38,0.0180,none,1.0
affiliate_expansion,Affiliate expansion,2026-09-02,13,net_revenue_usd,driver_regression,champion_baseline_plus_driver_delta,8904.04,8632.5,9175.58,425.78,1284.42,2238.66,0.0180,none,1.0
affiliate_expansion,Affiliate expansion,2026-09-02,13,shipped_revenue_usd,seasonal_naive,champion_baseline_plus_driver_delta,8169.02,7010.71,9327.33,389.88,1284.42,2238.66,0.0180,none,1.0
affiliate_expansion,Affiliate expansion,2026-09-03,14,net_revenue_usd,driver_regression,champion_baseline_plus_driver_delta,8949.39,8677.35,9221.43,391.63,1298.05,2059.10,0.0180,none,1.0
affiliate_expansion,Affiliate expansion,2026-09-03,14,shipped_revenue_usd,seasonal_naive,champion_baseline_plus_driver_delta,8327.87,7167.41,9488.33,358.61,1298.05,2059.10,0.0180,none,1.0
affiliate_expansion,Affiliate expansion,2026-09-04,15,net_revenue_usd,driver_regression,champion_baseline_plus_driver_delta,9803.95,9531.41,10076.49,466.14,1291.35,2450.90,0.0180,none,1.0
affiliate_expansion,Affiliate expansion,2026-09-04,15,shipped_revenue_usd,seasonal_naive,champion_baseline_plus_driver_delta,8901.16,7738.56,10063.76,426.85,1291.35,2450.90,0.0180,none,1.0
affiliate_expansion,Affiliate expansion,2026-09-05,16,net_revenue_usd,driver_regression,champion_baseline_plus_driver_delta,9900.44,9627.4,10173.49,423.95,1314.53,2229.03,0.0180,none,1.0
affiliate_expansion,Affiliate expansion,2026-09-05,16,shipped_revenue_usd,seasonal_naive,champion_baseline_plus_driver_delta,6521.46,5356.72,7686.2,388.21,1314.53,2229.03,0.0180,none,1.0
affiliate_expansion,Affiliate expansion,2026-09-06,17,net_revenue_usd,driver_regression,champion_baseline_plus_driver_delta,9303.05,9029.5,9576.6,467.99,1339.28,2460.61,0.0180,none,1.0
affiliate_expansion,Affiliate expansion,2026-09-06,17,shipped_revenue_usd,seasonal_naive,champion_baseline_plus_driver_delta,5113.32,3946.44,6280.2,428.54,1339.28,2460.61,0.0180,none,1.0
affiliate_expansion,Affiliate expansion,2026-09-07,18,net_revenue_usd,driver_regression,champion_baseline_plus_driver_delta,8493.76,8219.71,8767.8,443.61,1309.05,2332.41,0.0180,none,1.0
affiliate_expansion,Affiliate expansion,2026-09-07,18,shipped_revenue_usd,seasonal_naive,champion_baseline_plus_driver_delta,12455.9,11286.88,13624.92,406.21,1309.05,2332.41,0.0180,none,1.0
affiliate_expansion,Affiliate expansion,2026-09-08,19,net_revenue_usd,driver_regression,champion_baseline_plus_driver_delta,9153.41,8878.86,9427.96,498.72,1323.28,2622.14,0.0180,none,1.0
affiliate_expansion,Affiliate expansion,2026-09-08,19,shipped_revenue_usd,seasonal_naive,champion_baseline_plus_driver_delta,9817.43,8646.28,10988.58,456.67,1323.28,2622.14,0.0180,none,1.0
affiliate_expansion,Affiliate expansion,2026-09-09,20,net_revenue_usd,driver_regression,champion_baseline_plus_driver_delta,9252.59,8977.54,9527.63,446.73,1343.78,2348.81,0.0180,none,1.0
affiliate_expansion,Affiliate expansion,2026-09-09,20,shipped_revenue_usd,seasonal_naive,champion_baseline_plus_driver_delta,8605.5,7432.23,9778.77,409.06,1343.78,2348.81,0.0180,none,1.0
affiliate_expansion,Affiliate expansion,2026-09-10,21,net_revenue_usd,driver_regression,champion_baseline_plus_driver_delta,9336.25,9060.71,9611.8,425.1,1349.86,2235.09,0.0180,none,1.0
affiliate_expansion,Affiliate expansion,2026-09-10,21,shipped_revenue_usd,seasonal_naive,champion_baseline_plus_driver_delta,8528.49,7353.09,9703.89,389.26,1349.86,2235.09,0.0180,none,1.0
affiliate_expansion,Affiliate expansion,2026-09-11,22,net_revenue_usd,driver_regression,champion_baseline_plus_driver_delta,9944.0,9667.96,10220.04,468.73,1314.31,2464.49,0.0180,none,1.0
affiliate_expansion,Affiliate expansion,2026-09-11,22,shipped_revenue_usd,seasonal_naive,champion_baseline_plus_driver_delta,9484.28,8306.77,10661.79,429.22,1314.31,2464.49,0.0180,none,1.0
affiliate_expansion,Affiliate expansion,2026-09-12,23,net_revenue_usd,driver_regression,champion_baseline_plus_driver_delta,10344.67,10068.14,10621.21,470.14,1364.50,2471.91,0.0180,none,1.0
affiliate_expansion,Affiliate expansion,2026-09-12,23,shipped_revenue_usd,seasonal_naive,champion_baseline_plus_driver_delta,6574.84,5395.21,7754.47,430.5,1364.50,2471.91,0.0180,none,1.0
affiliate_expansion,Affiliate expansion,2026-09-13,24,net_revenue_usd,driver_regression,champion_baseline_plus_driver_delta,10505.49,10228.46,10782.52,510.4,1571.60,2683.58,0.0360,none,1.0
affiliate_expansion,Affiliate expansion,2026-09-13,24,shipped_revenue_usd,seasonal_naive,champion_baseline_plus_driver_delta,5160.62,3978.88,6342.36,467.37,1571.60,2683.58,0.0360,none,1.0
affiliate_expansion,Affiliate expansion,2026-09-14,25,net_revenue_usd,driver_regression,champion_baseline_plus_driver_delta,10153.67,9876.14,10431.19,541.62,1579.39,2847.77,0.0360,monthly_promotion,1.0
affiliate_expansion,Affiliate expansion,2026-09-14,25,shipped_revenue_usd,seasonal_naive,champion_baseline_plus_driver_delta,12567.42,11383.57,13751.27,495.96,1579.39,2847.77,0.0360,monthly_promotion,1.0
affiliate_expansion,Affiliate expansion,2026-09-15,26,net_revenue_usd,driver_regression,champion_baseline_plus_driver_delta,10167.35,9889.33,10445.37,515.56,1518.56,2710.71,0.0360,monthly_promotion,1.0
affiliate_expansion,Affiliate expansion,2026-09-15,26,shipped_revenue_usd,seasonal_naive,champion_baseline_plus_driver_delta,12546.66,11360.71,13732.61,472.09,1518.56,2710.71,0.0360,monthly_promotion,1.0
affiliate_expansion,Affiliate expansion,2026-09-16,27,net_revenue_usd,driver_regression,champion_baseline_plus_driver_delta,9654.92,9376.41,9933.43,465.58,1405.51,2447.95,0.0180,monthly_promotion,1.0
affiliate_expansion,Affiliate expansion,2026-09-16,27,shipped_revenue_usd,seasonal_naive,champion_baseline_plus_driver_delta,9578.24,8390.19,10766.29,426.33,1405.51,2447.95,0.0180,monthly_promotion,1.0
affiliate_expansion,Affiliate expansion,2026-09-17,28,net_revenue_usd,driver_regression,champion_baseline_plus_driver_delta,9719.67,9440.66,9998.67,442.11,1426.82,2324.55,0.0180,none,1.0
affiliate_expansion,Affiliate expansion,2026-09-17,28,shipped_revenue_usd,seasonal_naive,champion_baseline_plus_driver_delta,9122.66,7932.51,10312.81,404.84,1426.82,2324.55,0.0180,none,1.0
affiliate_expansion,Affiliate expansion,2026-09-18,29,net_revenue_usd,driver_regression,champion_baseline_plus_driver_delta,10054.1,9774.61,10333.59,448.3,1364.41,2357.10,0.0180,none,1.0
affiliate_expansion,Affiliate expansion,2026-09-18,29,shipped_revenue_usd,seasonal_naive,champion_baseline_plus_driver_delta,9390.69,8198.45,10582.93,410.51,1364.41,2357.10,0.0180,none,1.0
affiliate_expansion,Affiliate expansion,2026-09-19,30,net_revenue_usd,driver_regression,champion_baseline_plus_driver_delta,10537.48,10257.5,10817.46,486.46,1383.09,2557.69,0.0180,none,1.0
affiliate_expansion,Affiliate expansion,2026-09-19,30,shipped_revenue_usd,seasonal_naive,champion_baseline_plus_driver_delta,6600.87,5406.54,7795.2,445.45,1383.09,2557.69,0.0180,none,1.0
affiliate_expansion,Affiliate expansion,2026-09-20,31,net_revenue_usd,driver_regression,champion_baseline_plus_driver_delta,9429.32,9148.85,9709.79,464.75,1351.06,2443.53,0.0180,none,1.0
affiliate_expansion,Affiliate expansion,2026-09-20,31,shipped_revenue_usd,seasonal_naive,champion_baseline_plus_driver_delta,5127.29,3930.88,6323.7,425.57,1351.06,2443.53,0.0180,none,1.0
affiliate_expansion,Affiliate expansion,2026-09-21,32,net_revenue_usd,driver_regression,champion_baseline_plus_driver_delta,9141.28,8860.32,9422.24,502.55,1386.81,2642.29,0.0180,none,1.0
affiliate_expansion,Affiliate expansion,2026-09-21,32,shipped_revenue_usd,seasonal_naive,champion_baseline_plus_driver_delta,12553.42,11354.93,13751.91,460.18,1386.81,2642.29,0.0180,none,1.0
affiliate_expansion,Affiliate expansion,2026-09-22,33,net_revenue_usd,driver_regression,champion_baseline_plus_driver_delta,9548.63,9267.18,9830.07,493.71,1422.30,2595.86,0.0180,none,1.0
affiliate_expansion,Affiliate expansion,2026-09-22,33,shipped_revenue_usd,seasonal_naive,champion_baseline_plus_driver_delta,10423.64,9223.07,11624.21,452.09,1422.30,2595.86,0.0180,none,1.0
affiliate_expansion,Affiliate expansion,2026-09-23,34,net_revenue_usd,driver_regression,champion_baseline_plus_driver_delta,9471.93,9189.99,9753.86,437.64,1394.34,2301.07,0.0180,none,1.0
affiliate_expansion,Affiliate expansion,2026-09-23,34,shipped_revenue_usd,seasonal_naive,champion_baseline_plus_driver_delta,8597.16,7394.51,9799.81,400.75,1394.34,2301.07,0.0180,none,1.0
affiliate_expansion,Affiliate expansion,2026-09-24,35,net_revenue_usd,driver_regression,champion_baseline_plus_driver_delta,9867.33,9584.91,10149.75,491.47,1380.11,2584.06,0.0180,none,1.0
affiliate_expansion,Affiliate expansion,2026-09-24,35,shipped_revenue_usd,seasonal_naive,champion_baseline_plus_driver_delta,9270.13,8065.41,10474.85,450.04,1380.11,2584.06,0.0180,none,1.0
affiliate_expansion,Affiliate expansion,2026-09-25,36,net_revenue_usd,driver_regression,champion_baseline_plus_driver_delta,10427.42,10144.52,10710.32,471.38,1429.53,2478.47,0.0180,none,1.0
affiliate_expansion,Affiliate expansion,2026-09-25,36,shipped_revenue_usd,seasonal_naive,champion_baseline_plus_driver_delta,9858.0,8651.22,11064.78,431.64,1429.53,2478.47,0.0180,none,1.0
affiliate_expansion,Affiliate expansion,2026-09-26,37,net_revenue_usd,driver_regression,champion_baseline_plus_driver_delta,10814.38,10530.99,11097.76,443.7,1521.16,2332.92,0.0180,none,1.0
affiliate_expansion,Affiliate expansion,2026-09-26,37,shipped_revenue_usd,seasonal_naive,champion_baseline_plus_driver_delta,6572.81,5363.96,7781.66,406.3,1521.16,2332.92,0.0180,none,1.0
affiliate_expansion,Affiliate expansion,2026-09-27,38,net_revenue_usd,driver_regression,champion_baseline_plus_driver_delta,9503.78,9219.91,9787.65,448.38,1384.63,2357.49,0.0180,none,1.0
affiliate_expansion,Affiliate expansion,2026-09-27,38,shipped_revenue_usd,seasonal_naive,champion_baseline_plus_driver_delta,5120.76,3909.85,6331.67,410.58,1384.63,2357.49,0.0180,none,1.0
affiliate_expansion,Affiliate expansion,2026-09-28,39,net_revenue_usd,driver_regression,champion_baseline_plus_driver_delta,9145.45,8861.1,9429.8,450.51,1454.33,2368.68,0.0180,none,1.0
affiliate_expansion,Affiliate expansion,2026-09-28,39,shipped_revenue_usd,seasonal_naive,champion_baseline_plus_driver_delta,12527.54,11314.58,13740.5,412.53,1454.33,2368.68,0.0180,none,1.0
affiliate_expansion,Affiliate expansion,2026-09-29,40,net_revenue_usd,driver_regression,champion_baseline_plus_driver_delta,9903.6,9618.77,10188.43,534.81,1454.01,2811.93,0.0180,none,1.0
affiliate_expansion,Affiliate expansion,2026-09-29,40,shipped_revenue_usd,seasonal_naive,champion_baseline_plus_driver_delta,11799.41,10584.39,13014.43,489.73,1454.01,2811.93,0.0180,none,1.0
affiliate_expansion,Affiliate expansion,2026-09-30,41,net_revenue_usd,driver_regression,champion_baseline_plus_driver_delta,9968.3,9682.98,10253.61,475.75,1475.11,2501.41,0.0180,none,1.0
affiliate_expansion,Affiliate expansion,2026-09-30,41,shipped_revenue_usd,seasonal_naive,champion_baseline_plus_driver_delta,9071.27,7854.2,10288.34,435.64,1475.11,2501.41,0.0180,none,1.0
affiliate_expansion,Affiliate expansion,2026-10-01,42,net_revenue_usd,driver_regression,champion_baseline_plus_driver_delta,9997.23,9711.44,10283.02,483.82,1417.93,2543.86,0.0180,none,1.0
affiliate_expansion,Affiliate expansion,2026-10-01,42,shipped_revenue_usd,seasonal_naive,champion_baseline_plus_driver_delta,9137.57,7918.46,10356.68,443.03,1417.93,2543.86,0.0180,none,1.0
affiliate_expansion,Affiliate expansion,2026-10-02,43,net_revenue_usd,driver_regression,champion_baseline_plus_driver_delta,10442.17,10155.9,10728.44,461.87,1434.38,2428.47,0.0180,none,1.0
affiliate_expansion,Affiliate expansion,2026-10-02,43,shipped_revenue_usd,seasonal_naive,champion_baseline_plus_driver_delta,9833.53,8612.37,11054.69,422.94,1434.38,2428.47,0.0180,none,1.0
affiliate_expansion,Affiliate expansion,2026-10-03,44,net_revenue_usd,driver_regression,champion_baseline_plus_driver_delta,10860.63,10573.88,11147.38,507.06,1422.02,2666.03,0.0180,none,1.0
affiliate_expansion,Affiliate expansion,2026-10-03,44,shipped_revenue_usd,seasonal_naive,champion_baseline_plus_driver_delta,6641.92,5418.72,7865.12,464.32,1422.02,2666.03,0.0180,none,1.0
affiliate_expansion,Affiliate expansion,2026-10-04,45,net_revenue_usd,driver_regression,champion_baseline_plus_driver_delta,9834.08,9546.85,10121.3,462.48,1451.57,2431.66,0.0180,none,1.0
affiliate_expansion,Affiliate expansion,2026-10-04,45,shipped_revenue_usd,seasonal_naive,champion_baseline_plus_driver_delta,5142.14,3916.91,6367.37,423.49,1451.57,2431.66,0.0180,none,1.0
affiliate_expansion,Affiliate expansion,2026-10-05,46,net_revenue_usd,driver_regression,champion_baseline_plus_driver_delta,9540.89,9253.19,9828.59,504.58,1479.28,2652.99,0.0180,none,1.0
affiliate_expansion,Affiliate expansion,2026-10-05,46,shipped_revenue_usd,seasonal_naive,champion_baseline_plus_driver_delta,12598.82,11371.56,13826.08,462.04,1479.28,2652.99,0.0180,none,1.0
affiliate_expansion,Affiliate expansion,2026-10-06,47,net_revenue_usd,driver_regression,champion_baseline_plus_driver_delta,9717.07,9428.89,10005.25,461.68,1496.03,2427.43,0.0180,none,1.0
affiliate_expansion,Affiliate expansion,2026-10-06,47,shipped_revenue_usd,seasonal_naive,champion_baseline_plus_driver_delta,12562.65,11333.36,13791.94,422.76,1496.03,2427.43,0.0180,none,1.0
affiliate_expansion,Affiliate expansion,2026-10-07,48,net_revenue_usd,driver_regression,champion_baseline_plus_driver_delta,10473.01,10184.35,10761.66,525.87,1540.76,2764.94,0.0180,none,1.0
affiliate_expansion,Affiliate expansion,2026-10-07,48,shipped_revenue_usd,seasonal_naive,champion_baseline_plus_driver_delta,9411.62,8180.3,10642.94,481.54,1540.76,2764.94,0.0180,none,1.0
affiliate_expansion,Affiliate expansion,2026-10-08,49,net_revenue_usd,driver_regression,champion_baseline_plus_driver_delta,10442.63,10153.5,10731.75,514.74,1495.23,2706.42,0.0180,none,1.0
affiliate_expansion,Affiliate expansion,2026-10-08,49,shipped_revenue_usd,seasonal_naive,champion_baseline_plus_driver_delta,9526.02,8292.68,10759.36,471.34,1495.23,2706.42,0.0180,none,1.0
affiliate_expansion,Affiliate expansion,2026-10-09,50,net_revenue_usd,driver_regression,champion_baseline_plus_driver_delta,10668.12,10378.52,10957.72,469.93,1478.96,2470.81,0.0180,none,1.0
affiliate_expansion,Affiliate expansion,2026-10-09,50,shipped_revenue_usd,seasonal_naive,champion_baseline_plus_driver_delta,10177.81,8942.45,11413.17,430.31,1478.96,2470.81,0.0180,none,1.0
affiliate_expansion,Affiliate expansion,2026-10-10,51,net_revenue_usd,driver_regression,champion_baseline_plus_driver_delta,10751.37,10461.3,11041.45,462.9,1443.57,2433.86,0.0180,none,1.0
affiliate_expansion,Affiliate expansion,2026-10-10,51,shipped_revenue_usd,seasonal_naive,champion_baseline_plus_driver_delta,6612.57,5375.19,7849.95,423.88,1443.57,2433.86,0.0180,none,1.0
affiliate_expansion,Affiliate expansion,2026-10-11,52,net_revenue_usd,driver_regression,champion_baseline_plus_driver_delta,10384.45,10093.9,10674.99,527.52,1508.87,2773.59,0.0180,none,1.0
affiliate_expansion,Affiliate expansion,2026-10-11,52,shipped_revenue_usd,seasonal_naive,champion_baseline_plus_driver_delta,5210.17,3970.78,6449.56,483.05,1508.87,2773.59,0.0180,none,1.0
affiliate_expansion,Affiliate expansion,2026-10-12,53,net_revenue_usd,driver_regression,champion_baseline_plus_driver_delta,9267.37,8976.35,9558.39,434.52,1490.32,2284.62,0.0180,none,1.0
affiliate_expansion,Affiliate expansion,2026-10-12,53,shipped_revenue_usd,seasonal_naive,champion_baseline_plus_driver_delta,12556.43,11315.03,13797.83,397.88,1490.32,2284.62,0.0180,none,1.0
affiliate_expansion,Affiliate expansion,2026-10-13,54,net_revenue_usd,driver_regression,champion_baseline_plus_driver_delta,11055.34,10763.85,11346.82,549.37,1703.90,2888.48,0.0360,none,1.0
affiliate_expansion,Affiliate expansion,2026-10-13,54,shipped_revenue_usd,seasonal_naive,champion_baseline_plus_driver_delta,12664.72,11421.31,13908.13,503.06,1703.90,2888.48,0.0360,none,1.0
affiliate_expansion,Affiliate expansion,2026-10-14,55,net_revenue_usd,driver_regression,champion_baseline_plus_driver_delta,11221.9,10929.94,11513.86,566.37,1620.05,2977.84,0.0360,monthly_promotion,1.0
affiliate_expansion,Affiliate expansion,2026-10-14,55,shipped_revenue_usd,seasonal_naive,champion_baseline_plus_driver_delta,11484.02,10238.61,12729.43,518.62,1620.05,2977.84,0.0360,monthly_promotion,1.0
affiliate_expansion,Affiliate expansion,2026-10-15,56,net_revenue_usd,driver_regression,champion_baseline_plus_driver_delta,11834.73,11542.31,12127.16,571.03,1751.27,3002.35,0.0360,monthly_promotion,1.0
affiliate_expansion,Affiliate expansion,2026-10-15,56,shipped_revenue_usd,seasonal_naive,champion_baseline_plus_driver_delta,10840.74,9593.33,12088.15,522.89,1751.27,3002.35,0.0360,monthly_promotion,1.0
affiliate_expansion,Affiliate expansion,2026-10-16,57,net_revenue_usd,driver_regression,champion_baseline_plus_driver_delta,10878.87,10585.97,11171.76,507.4,1455.87,2667.81,0.0180,monthly_promotion,1.0
affiliate_expansion,Affiliate expansion,2026-10-16,57,shipped_revenue_usd,seasonal_naive,champion_baseline_plus_driver_delta,9863.35,8613.94,11112.76,464.62,1455.87,2667.81,0.0180,monthly_promotion,1.0
affiliate_expansion,Affiliate expansion,2026-10-17,58,net_revenue_usd,driver_regression,champion_baseline_plus_driver_delta,10963.81,10670.45,11257.17,466.81,1491.90,2454.41,0.0180,none,1.0
affiliate_expansion,Affiliate expansion,2026-10-17,58,shipped_revenue_usd,seasonal_naive,champion_baseline_plus_driver_delta,6627.24,5375.84,7878.64,427.46,1491.90,2454.41,0.0180,none,1.0
affiliate_expansion,Affiliate expansion,2026-10-18,59,net_revenue_usd,driver_regression,champion_baseline_plus_driver_delta,10506.53,10212.71,10800.36,525.86,1537.85,2764.84,0.0180,none,1.0
affiliate_expansion,Affiliate expansion,2026-10-18,59,shipped_revenue_usd,seasonal_naive,champion_baseline_plus_driver_delta,5217.1,3963.71,6470.49,481.52,1537.85,2764.84,0.0180,none,1.0
affiliate_expansion,Affiliate expansion,2026-10-19,60,net_revenue_usd,driver_regression,champion_baseline_plus_driver_delta,9425.63,9131.34,9719.92,471.89,1469.76,2481.09,0.0180,none,1.0
affiliate_expansion,Affiliate expansion,2026-10-19,60,shipped_revenue_usd,seasonal_naive,champion_baseline_plus_driver_delta,12612.44,11357.06,13867.82,432.11,1469.76,2481.09,0.0180,none,1.0
affiliate_expansion,Affiliate expansion,2026-10-20,61,net_revenue_usd,driver_regression,champion_baseline_plus_driver_delta,9832.77,9538.02,10127.53,519.38,1417.75,2730.81,0.0180,none,1.0
affiliate_expansion,Affiliate expansion,2026-10-20,61,shipped_revenue_usd,seasonal_naive,champion_baseline_plus_driver_delta,12659.03,11401.67,13916.39,475.59,1417.75,2730.81,0.0180,none,1.0
affiliate_expansion,Affiliate expansion,2026-10-21,62,net_revenue_usd,driver_regression,champion_baseline_plus_driver_delta,10030.64,9735.42,10325.86,456.87,1486.48,2402.16,0.0180,none,1.0
affiliate_expansion,Affiliate expansion,2026-10-21,62,shipped_revenue_usd,seasonal_naive,champion_baseline_plus_driver_delta,9651.61,8392.27,10910.95,418.36,1486.48,2402.16,0.0180,none,1.0
affiliate_expansion,Affiliate expansion,2026-10-22,63,net_revenue_usd,driver_regression,champion_baseline_plus_driver_delta,10596.04,10300.36,10891.73,495.91,1549.30,2607.38,0.0180,none,1.0
affiliate_expansion,Affiliate expansion,2026-10-22,63,shipped_revenue_usd,seasonal_naive,champion_baseline_plus_driver_delta,9546.01,8284.69,10807.33,454.1,1549.30,2607.38,0.0180,none,1.0
affiliate_expansion,Affiliate expansion,2026-10-23,64,net_revenue_usd,driver_regression,champion_baseline_plus_driver_delta,10933.85,10637.7,11229.99,478.37,1525.91,2515.18,0.0180,none,1.0
affiliate_expansion,Affiliate expansion,2026-10-23,64,shipped_revenue_usd,seasonal_naive,champion_baseline_plus_driver_delta,10324.59,9061.3,11587.88,438.04,1525.91,2515.18,0.0180,none,1.0
affiliate_expansion,Affiliate expansion,2026-10-24,65,net_revenue_usd,driver_regression,champion_baseline_plus_driver_delta,11001.48,10704.87,11298.09,495.79,1447.81,2606.74,0.0180,none,1.0
affiliate_expansion,Affiliate expansion,2026-10-24,65,shipped_revenue_usd,seasonal_naive,champion_baseline_plus_driver_delta,6664.85,5399.59,7930.11,453.99,1447.81,2606.74,0.0180,none,1.0
affiliate_expansion,Affiliate expansion,2026-10-25,66,net_revenue_usd,driver_regression,champion_baseline_plus_driver_delta,10562.92,10265.85,10859.99,513.76,1564.09,2701.24,0.0180,none,1.0
affiliate_expansion,Affiliate expansion,2026-10-25,66,shipped_revenue_usd,seasonal_naive,champion_baseline_plus_driver_delta,5214.5,3947.27,6481.73,470.45,1564.09,2701.24,0.0180,none,1.0
affiliate_expansion,Affiliate expansion,2026-10-26,67,net_revenue_usd,driver_regression,champion_baseline_plus_driver_delta,9430.06,9132.52,9727.59,471.0,1462.42,2476.46,0.0180,none,1.0
affiliate_expansion,Affiliate expansion,2026-10-26,67,shipped_revenue_usd,seasonal_naive,champion_baseline_plus_driver_delta,12633.4,11364.2,13902.6,431.3,1462.42,2476.46,0.0180,none,1.0
affiliate_expansion,Affiliate expansion,2026-10-27,68,net_revenue_usd,driver_regression,champion_baseline_plus_driver_delta,10248.74,9950.74,10546.73,524.12,1530.62,2755.70,0.0180,none,1.0
affiliate_expansion,Affiliate expansion,2026-10-27,68,shipped_revenue_usd,seasonal_naive,champion_baseline_plus_driver_delta,12685.14,11413.98,13956.3,479.93,1530.62,2755.70,0.0180,none,1.0
affiliate_expansion,Affiliate expansion,2026-10-28,69,net_revenue_usd,driver_regression,champion_baseline_plus_driver_delta,10244.3,9945.85,10542.75,470.24,1522.77,2472.45,0.0180,none,1.0
affiliate_expansion,Affiliate expansion,2026-10-28,69,shipped_revenue_usd,seasonal_naive,champion_baseline_plus_driver_delta,10032.84,8759.72,11305.96,430.6,1522.77,2472.45,0.0180,none,1.0
affiliate_expansion,Affiliate expansion,2026-10-29,70,net_revenue_usd,driver_regression,champion_baseline_plus_driver_delta,10646.68,10347.77,10945.59,524.31,1511.30,2756.68,0.0180,none,1.0
affiliate_expansion,Affiliate expansion,2026-10-29,70,shipped_revenue_usd,seasonal_naive,champion_baseline_plus_driver_delta,9625.01,8349.93,10900.09,480.1,1511.30,2756.68,0.0180,none,1.0
affiliate_expansion,Affiliate expansion,2026-10-30,71,net_revenue_usd,driver_regression,champion_baseline_plus_driver_delta,11176.92,10877.55,11476.29,485.73,1581.27,2553.88,0.0180,none,1.0
affiliate_expansion,Affiliate expansion,2026-10-30,71,shipped_revenue_usd,seasonal_naive,champion_baseline_plus_driver_delta,10684.88,9407.85,11961.91,444.78,1581.27,2553.88,0.0180,none,1.0
affiliate_expansion,Affiliate expansion,2026-10-31,72,net_revenue_usd,driver_regression,champion_baseline_plus_driver_delta,11192.58,10892.76,11492.41,487.87,1511.04,2565.14,0.0180,none,1.0
affiliate_expansion,Affiliate expansion,2026-10-31,72,shipped_revenue_usd,seasonal_naive,champion_baseline_plus_driver_delta,6668.69,5389.71,7947.67,446.74,1511.04,2565.14,0.0180,none,1.0
affiliate_expansion,Affiliate expansion,2026-11-01,73,net_revenue_usd,driver_regression,champion_baseline_plus_driver_delta,10403.38,10103.1,10703.66,497.29,1531.23,2614.64,0.0180,none,1.0
affiliate_expansion,Affiliate expansion,2026-11-01,73,shipped_revenue_usd,seasonal_naive,champion_baseline_plus_driver_delta,5207.89,3926.96,6488.82,455.37,1531.23,2614.64,0.0180,none,1.0
affiliate_expansion,Affiliate expansion,2026-11-02,74,net_revenue_usd,driver_regression,champion_baseline_plus_driver_delta,9820.93,9520.19,10121.67,510.12,1515.07,2682.09,0.0180,none,1.0
affiliate_expansion,Affiliate expansion,2026-11-02,74,shipped_revenue_usd,seasonal_naive,champion_baseline_plus_driver_delta,12690.98,11408.11,13973.85,467.11,1515.07,2682.09,0.0180,none,1.0
affiliate_expansion,Affiliate expansion,2026-11-03,75,net_revenue_usd,driver_regression,champion_baseline_plus_driver_delta,9873.89,9572.69,10175.08,474.26,1483.11,2493.55,0.0180,none,1.0
affiliate_expansion,Affiliate expansion,2026-11-03,75,shipped_revenue_usd,seasonal_naive,champion_baseline_plus_driver_delta,12661.25,11376.44,13946.06,434.27,1483.11,2493.55,0.0180,none,1.0
affiliate_expansion,Affiliate expansion,2026-11-04,76,net_revenue_usd,driver_regression,champion_baseline_plus_driver_delta,10222.43,9920.78,10524.07,491.73,1474.33,2585.43,0.0180,none,1.0
affiliate_expansion,Affiliate expansion,2026-11-04,76,shipped_revenue_usd,seasonal_naive,champion_baseline_plus_driver_delta,10362.98,9076.23,11649.73,450.28,1474.33,2585.43,0.0180,none,1.0
affiliate_expansion,Affiliate expansion,2026-11-05,77,net_revenue_usd,driver_regression,champion_baseline_plus_driver_delta,10847.51,10545.41,11149.61,540.17,1541.59,2840.09,0.0180,none,1.0
affiliate_expansion,Affiliate expansion,2026-11-05,77,shipped_revenue_usd,seasonal_naive,champion_baseline_plus_driver_delta,9919.24,8630.55,11207.93,494.63,1541.59,2840.09,0.0180,none,1.0
affiliate_expansion,Affiliate expansion,2026-11-06,78,net_revenue_usd,driver_regression,champion_baseline_plus_driver_delta,10821.07,10518.51,11123.62,503.34,1434.89,2646.46,0.0180,none,1.0
affiliate_expansion,Affiliate expansion,2026-11-06,78,shipped_revenue_usd,seasonal_naive,champion_baseline_plus_driver_delta,10383.49,9092.87,11674.11,460.9,1434.89,2646.46,0.0180,none,1.0
affiliate_expansion,Affiliate expansion,2026-11-07,79,net_revenue_usd,driver_regression,champion_baseline_plus_driver_delta,11714.7,11411.69,12017.7,527.99,1604.42,2776.04,0.0180,none,1.0
affiliate_expansion,Affiliate expansion,2026-11-07,79,shipped_revenue_usd,seasonal_naive,champion_baseline_plus_driver_delta,6716.51,5423.96,8009.06,483.47,1604.42,2776.04,0.0180,none,1.0
affiliate_expansion,Affiliate expansion,2026-11-08,80,net_revenue_usd,driver_regression,champion_baseline_plus_driver_delta,10496.6,10193.14,10800.06,485.76,1571.45,2554.05,0.0180,none,1.0
affiliate_expansion,Affiliate expansion,2026-11-08,80,shipped_revenue_usd,seasonal_naive,champion_baseline_plus_driver_delta,5205.8,3911.32,6500.28,444.81,1571.45,2554.05,0.0180,none,1.0
affiliate_expansion,Affiliate expansion,2026-11-09,81,net_revenue_usd,driver_regression,champion_baseline_plus_driver_delta,9873.99,9570.08,10177.9,497.31,1544.99,2614.73,0.0180,none,1.0
affiliate_expansion,Affiliate expansion,2026-11-09,81,shipped_revenue_usd,seasonal_naive,champion_baseline_plus_driver_delta,12701.02,11404.62,13997.42,455.38,1544.99,2614.73,0.0180,none,1.0
affiliate_expansion,Affiliate expansion,2026-11-10,82,net_revenue_usd,driver_regression,champion_baseline_plus_driver_delta,10543.61,10239.25,10847.97,558.06,1555.08,2934.20,0.0180,none,1.0
affiliate_expansion,Affiliate expansion,2026-11-10,82,shipped_revenue_usd,seasonal_naive,champion_baseline_plus_driver_delta,12759.78,11461.46,14058.1,511.02,1555.08,2934.20,0.0180,none,1.0
affiliate_expansion,Affiliate expansion,2026-11-11,83,net_revenue_usd,driver_regression,champion_baseline_plus_driver_delta,10287.23,9982.41,10592.04,479.3,1507.84,2520.06,0.0180,none,1.0
affiliate_expansion,Affiliate expansion,2026-11-11,83,shipped_revenue_usd,seasonal_naive,champion_baseline_plus_driver_delta,10996.95,9696.71,12297.19,438.89,1507.84,2520.06,0.0180,none,1.0
affiliate_expansion,Affiliate expansion,2026-11-12,84,net_revenue_usd,driver_regression,champion_baseline_plus_driver_delta,10911.8,10606.54,11217.06,541.23,1554.08,2845.71,0.0180,none,1.0
affiliate_expansion,Affiliate expansion,2026-11-12,84,shipped_revenue_usd,seasonal_naive,champion_baseline_plus_driver_delta,10132.63,8830.47,11434.79,495.6,1554.08,2845.71,0.0180,none,1.0
affiliate_expansion,Affiliate expansion,2026-11-13,85,net_revenue_usd,driver_regression,champion_baseline_plus_driver_delta,12497.08,12191.37,12802.79,578.68,1774.86,3042.60,0.0360,none,1.0
affiliate_expansion,Affiliate expansion,2026-11-13,85,shipped_revenue_usd,seasonal_naive,champion_baseline_plus_driver_delta,11652.98,10348.91,12957.05,529.9,1774.86,3042.60,0.0360,none,1.0
affiliate_expansion,Affiliate expansion,2026-11-14,86,net_revenue_usd,driver_regression,champion_baseline_plus_driver_delta,12814.53,12508.37,13120.68,590.84,1765.71,3106.52,0.0360,monthly_promotion,1.0
affiliate_expansion,Affiliate expansion,2026-11-14,86,shipped_revenue_usd,seasonal_naive,champion_baseline_plus_driver_delta,6785.16,5479.18,8091.14,541.03,1765.71,3106.52,0.0360,monthly_promotion,1.0
affiliate_expansion,Affiliate expansion,2026-11-15,87,net_revenue_usd,driver_regression,champion_baseline_plus_driver_delta,12115.04,11808.44,12421.65,605.58,1806.16,3184.01,0.0360,monthly_promotion,1.0
affiliate_expansion,Affiliate expansion,2026-11-15,87,shipped_revenue_usd,seasonal_naive,champion_baseline_plus_driver_delta,5323.97,4016.08,6631.86,554.52,1806.16,3184.01,0.0360,monthly_promotion,1.0
affiliate_expansion,Affiliate expansion,2026-11-16,88,net_revenue_usd,driver_regression,champion_baseline_plus_driver_delta,10049.82,9742.77,10356.87,510.28,1556.61,2682.94,0.0180,monthly_promotion,1.0
affiliate_expansion,Affiliate expansion,2026-11-16,88,shipped_revenue_usd,seasonal_naive,champion_baseline_plus_driver_delta,12734.68,11424.89,14044.47,467.26,1556.61,2682.94,0.0180,monthly_promotion,1.0
affiliate_expansion,Affiliate expansion,2026-11-17,89,net_revenue_usd,driver_regression,champion_baseline_plus_driver_delta,10049.59,9742.1,10357.09,503.26,1481.60,2646.03,0.0180,none,1.0
affiliate_expansion,Affiliate expansion,2026-11-17,89,shipped_revenue_usd,seasonal_naive,champion_baseline_plus_driver_delta,12731.36,11419.67,14043.05,460.83,1481.60,2646.03,0.0180,none,1.0
affiliate_expansion,Affiliate expansion,2026-11-18,90,net_revenue_usd,driver_regression,champion_baseline_plus_driver_delta,10926.01,10618.07,11233.94,552.34,1589.06,2904.10,0.0180,none,1.0
affiliate_expansion,Affiliate expansion,2026-11-18,90,shipped_revenue_usd,seasonal_naive,champion_baseline_plus_driver_delta,12552.13,11238.54,13865.72,505.78,1589.06,2904.10,0.0180,none,1.0
affiliate_expansion,Affiliate expansion,2026-11-19,91,net_revenue_usd,driver_regression,champion_baseline_plus_driver_delta,14320.84,14012.46,14629.23,670.88,2227.79,3527.33,0.0730,none,1.0
affiliate_expansion,Affiliate expansion,2026-11-19,91,shipped_revenue_usd,seasonal_naive,champion_baseline_plus_driver_delta,11254.17,9938.68,12569.66,614.32,2227.79,3527.33,0.0730,none,1.0
promotion_push,Promotion push,2026-08-21,1,net_revenue_usd,driver_regression,champion_baseline_plus_driver_delta,9121.0,8855.59,9386.42,0.0,1312.44,1777.08,0.0180,none,1.0
promotion_push,Promotion push,2026-08-21,1,shipped_revenue_usd,seasonal_naive,champion_baseline_plus_driver_delta,8417.7,7285.51,9549.89,0.0,1312.44,1777.08,0.0180,none,1.0
promotion_push,Promotion push,2026-08-22,2,net_revenue_usd,driver_regression,champion_baseline_plus_driver_delta,8950.59,8684.66,9216.52,0.0,1227.40,1638.16,0.0180,none,1.0
promotion_push,Promotion push,2026-08-22,2,shipped_revenue_usd,seasonal_naive,champion_baseline_plus_driver_delta,6111.07,4976.68,7245.46,0.0,1227.40,1638.16,0.0180,none,1.0
promotion_push,Promotion push,2026-08-23,3,net_revenue_usd,driver_regression,champion_baseline_plus_driver_delta,8355.64,8089.19,8622.08,0.0,1253.76,1866.79,0.0180,none,1.0
promotion_push,Promotion push,2026-08-23,3,shipped_revenue_usd,seasonal_naive,champion_baseline_plus_driver_delta,4667.85,3531.27,5804.43,0.0,1253.76,1866.79,0.0180,none,1.0
promotion_push,Promotion push,2026-08-24,4,net_revenue_usd,driver_regression,champion_baseline_plus_driver_delta,7717.56,7450.6,7984.52,0.0,1274.78,1746.26,0.0180,none,1.0
promotion_push,Promotion push,2026-08-24,4,shipped_revenue_usd,seasonal_naive,champion_baseline_plus_driver_delta,11897.25,10758.47,13036.03,0.0,1274.78,1746.26,0.0180,none,1.0
promotion_push,Promotion push,2026-08-25,5,net_revenue_usd,driver_regression,champion_baseline_plus_driver_delta,8205.91,7938.44,8473.38,0.0,1330.29,1716.95,0.0180,none,1.0
promotion_push,Promotion push,2026-08-25,5,shipped_revenue_usd,seasonal_naive,champion_baseline_plus_driver_delta,7419.1,6278.14,8560.06,0.0,1330.29,1716.95,0.0180,none,1.0
promotion_push,Promotion push,2026-08-26,6,net_revenue_usd,driver_regression,champion_baseline_plus_driver_delta,8479.73,8211.74,8747.71,0.0,1317.71,1738.24,0.0180,none,1.0
promotion_push,Promotion push,2026-08-26,6,shipped_revenue_usd,seasonal_naive,champion_baseline_plus_driver_delta,7661.6,6518.46,8804.74,0.0,1317.71,1738.24,0.0180,none,1.0
promotion_push,Promotion push,2026-08-27,7,net_revenue_usd,driver_regression,champion_baseline_plus_driver_delta,8685.05,8416.56,8953.54,0.0,1283.03,1889.19,0.0180,none,1.0
promotion_push,Promotion push,2026-08-27,7,shipped_revenue_usd,seasonal_naive,champion_baseline_plus_driver_delta,7972.74,6827.42,9118.06,0.0,1283.03,1889.19,0.0180,none,1.0
promotion_push,Promotion push,2026-08-28,8,net_revenue_usd,driver_regression,champion_baseline_plus_driver_delta,9228.13,8959.12,9497.13,0.0,1336.80,1750.14,0.0180,none,1.0
promotion_push,Promotion push,2026-08-28,8,shipped_revenue_usd,seasonal_naive,champion_baseline_plus_driver_delta,8347.01,7199.51,9494.51,0.0,1336.80,1750.14,0.0180,none,1.0
promotion_push,Promotion push,2026-08-29,9,net_revenue_usd,driver_regression,champion_baseline_plus_driver_delta,9216.05,8946.54,9485.56,0.0,1282.47,1674.50,0.0180,none,1.0
promotion_push,Promotion push,2026-08-29,9,shipped_revenue_usd,seasonal_naive,champion_baseline_plus_driver_delta,6122.16,4972.49,7271.83,0.0,1282.47,1674.50,0.0180,none,1.0
promotion_push,Promotion push,2026-08-30,10,net_revenue_usd,driver_regression,champion_baseline_plus_driver_delta,8518.29,8248.27,8788.31,0.0,1315.31,1773.24,0.0180,none,1.0
promotion_push,Promotion push,2026-08-30,10,shipped_revenue_usd,seasonal_naive,champion_baseline_plus_driver_delta,4676.31,3524.48,5828.14,0.0,1315.31,1773.24,0.0180,none,1.0
promotion_push,Promotion push,2026-08-31,11,net_revenue_usd,driver_regression,champion_baseline_plus_driver_delta,7949.77,7679.24,8220.3,0.0,1298.41,1853.31,0.0180,none,1.0
promotion_push,Promotion push,2026-08-31,11,shipped_revenue_usd,seasonal_naive,champion_baseline_plus_driver_delta,12027.92,10873.93,13181.91,0.0,1298.41,1853.31,0.0180,none,1.0
promotion_push,Promotion push,2026-09-01,12,net_revenue_usd,driver_regression,champion_baseline_plus_driver_delta,8352.83,8081.8,8623.86,0.0,1311.68,1876.30,0.0180,none,1.0
promotion_push,Promotion push,2026-09-01,12,shipped_revenue_usd,seasonal_naive,champion_baseline_plus_driver_delta,8599.72,7443.57,9755.87,0.0,1311.68,1876.30,0.0180,none,1.0
promotion_push,Promotion push,2026-09-02,13,net_revenue_usd,driver_regression,champion_baseline_plus_driver_delta,8478.26,8206.72,8749.8,0.0,1284.42,1790.93,0.0180,none,1.0
promotion_push,Promotion push,2026-09-02,13,shipped_revenue_usd,seasonal_naive,champion_baseline_plus_driver_delta,7779.14,6620.83,8937.45,0.0,1284.42,1790.93,0.0180,none,1.0
promotion_push,Promotion push,2026-09-03,14,net_revenue_usd,driver_regression,champion_baseline_plus_driver_delta,8557.76,8285.72,8829.8,0.0,1298.05,1647.28,0.0180,none,1.0
promotion_push,Promotion push,2026-09-03,14,shipped_revenue_usd,seasonal_naive,champion_baseline_plus_driver_delta,7969.26,6808.8,9129.72,0.0,1298.05,1647.28,0.0180,none,1.0
promotion_push,Promotion push,2026-09-04,15,net_revenue_usd,driver_regression,champion_baseline_plus_driver_delta,9337.81,9065.27,9610.35,0.0,1291.35,1960.72,0.0180,none,1.0
promotion_push,Promotion push,2026-09-04,15,shipped_revenue_usd,seasonal_naive,champion_baseline_plus_driver_delta,8474.31,7311.71,9636.91,0.0,1291.35,1960.72,0.0180,none,1.0
promotion_push,Promotion push,2026-09-05,16,net_revenue_usd,driver_regression,champion_baseline_plus_driver_delta,9476.49,9203.45,9749.54,0.0,1314.53,1783.22,0.0180,none,1.0
promotion_push,Promotion push,2026-09-05,16,shipped_revenue_usd,seasonal_naive,champion_baseline_plus_driver_delta,6133.25,4968.51,7297.99,0.0,1314.53,1783.22,0.0180,none,1.0
promotion_push,Promotion push,2026-09-06,17,net_revenue_usd,driver_regression,champion_baseline_plus_driver_delta,8835.06,8561.51,9108.61,0.0,1339.28,1968.49,0.0180,none,1.0
promotion_push,Promotion push,2026-09-06,17,shipped_revenue_usd,seasonal_naive,champion_baseline_plus_driver_delta,4684.78,3517.9,5851.66,0.0,1339.28,1968.49,0.0180,none,1.0
promotion_push,Promotion push,2026-09-07,18,net_revenue_usd,driver_regression,champion_baseline_plus_driver_delta,8050.15,7776.1,8324.19,0.0,1309.05,1865.93,0.0180,none,1.0
promotion_push,Promotion push,2026-09-07,18,shipped_revenue_usd,seasonal_naive,champion_baseline_plus_driver_delta,12049.69,10880.67,13218.71,0.0,1309.05,1865.93,0.0180,none,1.0
promotion_push,Promotion push,2026-09-08,19,net_revenue_usd,driver_regression,champion_baseline_plus_driver_delta,8654.69,8380.14,8929.24,0.0,1323.28,2097.71,0.0180,none,1.0
promotion_push,Promotion push,2026-09-08,19,shipped_revenue_usd,seasonal_naive,champion_baseline_plus_driver_delta,9360.76,8189.61,10531.91,0.0,1323.28,2097.71,0.0180,none,1.0
promotion_push,Promotion push,2026-09-09,20,net_revenue_usd,driver_regression,champion_baseline_plus_driver_delta,8805.86,8530.81,9080.9,0.0,1343.78,1879.05,0.0180,none,1.0
promotion_push,Promotion push,2026-09-09,20,shipped_revenue_usd,seasonal_naive,champion_baseline_plus_driver_delta,8196.44,7023.17,9369.71,0.0,1343.78,1879.05,0.0180,none,1.0
promotion_push,Promotion push,2026-09-10,21,net_revenue_usd,driver_regression,champion_baseline_plus_driver_delta,8911.15,8635.61,9186.7,0.0,1349.86,1788.07,0.0180,none,1.0
promotion_push,Promotion push,2026-09-10,21,shipped_revenue_usd,seasonal_naive,champion_baseline_plus_driver_delta,8139.23,6963.83,9314.63,0.0,1349.86,1788.07,0.0180,none,1.0
promotion_push,Promotion push,2026-09-11,22,net_revenue_usd,driver_regression,champion_baseline_plus_driver_delta,9475.27,9199.23,9751.31,0.0,1314.31,1971.59,0.0180,none,1.0
promotion_push,Promotion push,2026-09-11,22,shipped_revenue_usd,seasonal_naive,champion_baseline_plus_driver_delta,9055.06,7877.55,10232.57,0.0,1314.31,1971.59,0.0180,none,1.0
promotion_push,Promotion push,2026-09-12,23,net_revenue_usd,driver_regression,champion_baseline_plus_driver_delta,9874.53,9598.0,10151.07,0.0,1364.50,1977.53,0.0180,none,1.0
promotion_push,Promotion push,2026-09-12,23,shipped_revenue_usd,seasonal_naive,champion_baseline_plus_driver_delta,6144.34,4964.71,7323.97,0.0,1364.50,1977.53,0.0180,none,1.0
promotion_push,Promotion push,2026-09-13,24,net_revenue_usd,driver_regression,champion_baseline_plus_driver_delta,9995.09,9718.06,10272.12,0.0,1571.60,2146.86,0.0360,none,1.0
promotion_push,Promotion push,2026-09-13,24,shipped_revenue_usd,seasonal_naive,champion_baseline_plus_driver_delta,4693.25,3511.51,5874.99,0.0,1571.60,2146.86,0.0360,none,1.0
promotion_push,Promotion push,2026-09-14,25,net_revenue_usd,driver_regression,champion_baseline_plus_driver_delta,9626.58,9349.05,9904.1,14.53,1579.39,2278.22,0.0360,monthly_promotion,1.0
promotion_push,Promotion push,2026-09-14,25,shipped_revenue_usd,seasonal_naive,champion_baseline_plus_driver_delta,12219.89,11036.04,13403.74,148.43,1579.39,2278.22,0.0360,monthly_promotion,1.0
promotion_push,Promotion push,2026-09-15,26,net_revenue_usd,driver_regression,champion_baseline_plus_driver_delta,9666.32,9388.3,9944.34,14.53,1518.56,2168.57,0.0360,monthly_promotion,1.0
promotion_push,Promotion push,2026-09-15,26,shipped_revenue_usd,seasonal_naive,champion_baseline_plus_driver_delta,12223.0,11037.05,13408.95,148.43,1518.56,2168.57,0.0360,monthly_promotion,1.0
promotion_push,Promotion push,2026-09-16,27,net_revenue_usd,driver_regression,champion_baseline_plus_driver_delta,9203.87,8925.36,9482.38,14.53,1405.51,1958.36,0.0180,monthly_promotion,1.0
promotion_push,Promotion push,2026-09-16,27,shipped_revenue_usd,seasonal_naive,champion_baseline_plus_driver_delta,9300.34,8112.29,10488.39,148.43,1405.51,1958.36,0.0180,monthly_promotion,1.0
promotion_push,Promotion push,2026-09-17,28,net_revenue_usd,driver_regression,champion_baseline_plus_driver_delta,9277.56,8998.55,9556.56,0.0,1426.82,1859.64,0.0180,none,1.0
promotion_push,Promotion push,2026-09-17,28,shipped_revenue_usd,seasonal_naive,champion_baseline_plus_driver_delta,8717.82,7527.67,9907.97,0.0,1426.82,1859.64,0.0180,none,1.0
promotion_push,Promotion push,2026-09-18,29,net_revenue_usd,driver_regression,champion_baseline_plus_driver_delta,9605.8,9326.31,9885.29,0.0,1364.41,1885.68,0.0180,none,1.0
promotion_push,Promotion push,2026-09-18,29,shipped_revenue_usd,seasonal_naive,champion_baseline_plus_driver_delta,8980.18,7787.94,10172.42,0.0,1364.41,1885.68,0.0180,none,1.0
promotion_push,Promotion push,2026-09-19,30,net_revenue_usd,driver_regression,champion_baseline_plus_driver_delta,10051.02,9771.04,10331.0,0.0,1383.09,2046.15,0.0180,none,1.0
promotion_push,Promotion push,2026-09-19,30,shipped_revenue_usd,seasonal_naive,champion_baseline_plus_driver_delta,6155.42,4961.09,7349.75,0.0,1383.09,2046.15,0.0180,none,1.0
promotion_push,Promotion push,2026-09-20,31,net_revenue_usd,driver_regression,champion_baseline_plus_driver_delta,8964.57,8684.1,9245.04,0.0,1351.06,1954.82,0.0180,none,1.0
promotion_push,Promotion push,2026-09-20,31,shipped_revenue_usd,seasonal_naive,champion_baseline_plus_driver_delta,4701.72,3505.31,5898.13,0.0,1351.06,1954.82,0.0180,none,1.0
promotion_push,Promotion push,2026-09-21,32,net_revenue_usd,driver_regression,champion_baseline_plus_driver_delta,8638.73,8357.77,8919.69,0.0,1386.81,2113.83,0.0180,none,1.0
promotion_push,Promotion push,2026-09-21,32,shipped_revenue_usd,seasonal_naive,champion_baseline_plus_driver_delta,12093.24,10894.75,13291.73,0.0,1386.81,2113.83,0.0180,none,1.0
promotion_push,Promotion push,2026-09-22,33,net_revenue_usd,driver_regression,champion_baseline_plus_driver_delta,9054.92,8773.47,9336.36,0.0,1422.30,2076.69,0.0180,none,1.0
promotion_push,Promotion push,2026-09-22,33,shipped_revenue_usd,seasonal_naive,champion_baseline_plus_driver_delta,9971.55,8770.98,11172.12,0.0,1422.30,2076.69,0.0180,none,1.0
promotion_push,Promotion push,2026-09-23,34,net_revenue_usd,driver_regression,champion_baseline_plus_driver_delta,9034.29,8752.35,9316.22,0.0,1394.34,1840.86,0.0180,none,1.0
promotion_push,Promotion push,2026-09-23,34,shipped_revenue_usd,seasonal_naive,champion_baseline_plus_driver_delta,8196.41,6993.76,9399.06,0.0,1394.34,1840.86,0.0180,none,1.0
promotion_push,Promotion push,2026-09-24,35,net_revenue_usd,driver_regression,champion_baseline_plus_driver_delta,9375.86,9093.44,9658.28,0.0,1380.11,2067.25,0.0180,none,1.0
promotion_push,Promotion push,2026-09-24,35,shipped_revenue_usd,seasonal_naive,champion_baseline_plus_driver_delta,8820.09,7615.37,10024.81,0.0,1380.11,2067.25,0.0180,none,1.0
promotion_push,Promotion push,2026-09-25,36,net_revenue_usd,driver_regression,champion_baseline_plus_driver_delta,9956.04,9673.14,10238.94,0.0,1429.53,1982.78,0.0180,none,1.0
promotion_push,Promotion push,2026-09-25,36,shipped_revenue_usd,seasonal_naive,champion_baseline_plus_driver_delta,9426.36,8219.58,10633.14,0.0,1429.53,1982.78,0.0180,none,1.0
promotion_push,Promotion push,2026-09-26,37,net_revenue_usd,driver_regression,champion_baseline_plus_driver_delta,10370.68,10087.29,10654.06,0.0,1521.16,1866.34,0.0180,none,1.0
promotion_push,Promotion push,2026-09-26,37,shipped_revenue_usd,seasonal_naive,champion_baseline_plus_driver_delta,6166.51,4957.66,7375.36,0.0,1521.16,1866.34,0.0180,none,1.0
promotion_push,Promotion push,2026-09-27,38,net_revenue_usd,driver_regression,champion_baseline_plus_driver_delta,9055.4,8771.53,9339.27,0.0,1384.63,1885.99,0.0180,none,1.0
promotion_push,Promotion push,2026-09-27,38,shipped_revenue_usd,seasonal_naive,champion_baseline_plus_driver_delta,4710.18,3499.27,5921.09,0.0,1384.63,1885.99,0.0180,none,1.0
promotion_push,Promotion push,2026-09-28,39,net_revenue_usd,driver_regression,champion_baseline_plus_driver_delta,8694.94,8410.59,8979.29,0.0,1454.33,1894.94,0.0180,none,1.0
promotion_push,Promotion push,2026-09-28,39,shipped_revenue_usd,seasonal_naive,champion_baseline_plus_driver_delta,12115.01,10902.05,13327.97,0.0,1454.33,1894.94,0.0180,none,1.0
promotion_push,Promotion push,2026-09-29,40,net_revenue_usd,driver_regression,champion_baseline_plus_driver_delta,9368.79,9083.96,9653.62,0.0,1454.01,2249.54,0.0180,none,1.0
promotion_push,Promotion push,2026-09-29,40,shipped_revenue_usd,seasonal_naive,champion_baseline_plus_driver_delta,11309.68,10094.66,12524.7,0.0,1454.01,2249.54,0.0180,none,1.0
promotion_push,Promotion push,2026-09-30,41,net_revenue_usd,driver_regression,champion_baseline_plus_driver_delta,9492.55,9207.23,9777.86,0.0,1475.11,2001.13,0.0180,none,1.0
promotion_push,Promotion push,2026-09-30,41,shipped_revenue_usd,seasonal_naive,champion_baseline_plus_driver_delta,8635.63,7418.56,9852.7,0.0,1475.11,2001.13,0.0180,none,1.0
promotion_push,Promotion push,2026-10-01,42,net_revenue_usd,driver_regression,champion_baseline_plus_driver_delta,9513.41,9227.62,9799.2,0.0,1417.93,2035.09,0.0180,none,1.0
promotion_push,Promotion push,2026-10-01,42,shipped_revenue_usd,seasonal_naive,champion_baseline_plus_driver_delta,8694.54,7475.43,9913.65,0.0,1417.93,2035.09,0.0180,none,1.0
promotion_push,Promotion push,2026-10-02,43,net_revenue_usd,driver_regression,champion_baseline_plus_driver_delta,9980.3,9694.03,10266.57,0.0,1434.38,1942.78,0.0180,none,1.0
promotion_push,Promotion push,2026-10-02,43,shipped_revenue_usd,seasonal_naive,champion_baseline_plus_driver_delta,9410.59,8189.43,10631.75,0.0,1434.38,1942.78,0.0180,none,1.0
promotion_push,Promotion push,2026-10-03,44,net_revenue_usd,driver_regression,champion_baseline_plus_driver_delta,10353.57,10066.82,10640.32,0.0,1422.02,2132.82,0.0180,none,1.0
promotion_push,Promotion push,2026-10-03,44,shipped_revenue_usd,seasonal_naive,champion_baseline_plus_driver_delta,6177.6,4954.4,7400.8,0.0,1422.02,2132.82,0.0180,none,1.0
promotion_push,Promotion push,2026-10-04,45,net_revenue_usd,driver_regression,champion_baseline_plus_driver_delta,9371.6,9084.37,9658.82,0.0,1451.57,1945.33,0.0180,none,1.0
promotion_push,Promotion push,2026-10-04,45,shipped_revenue_usd,seasonal_naive,champion_baseline_plus_driver_delta,4718.65,3493.42,5943.88,0.0,1451.57,1945.33,0.0180,none,1.0
promotion_push,Promotion push,2026-10-05,46,net_revenue_usd,driver_regression,champion_baseline_plus_driver_delta,9036.31,8748.61,9324.01,0.0,1479.28,2122.39,0.0180,none,1.0
promotion_push,Promotion push,2026-10-05,46,shipped_revenue_usd,seasonal_naive,champion_baseline_plus_driver_delta,12136.78,10909.52,13364.04,0.0,1479.28,2122.39,0.0180,none,1.0
promotion_push,Promotion push,2026-10-06,47,net_revenue_usd,driver_regression,champion_baseline_plus_driver_delta,9255.39,8967.21,9543.57,0.0,1496.03,1941.94,0.0180,none,1.0
promotion_push,Promotion push,2026-10-06,47,shipped_revenue_usd,seasonal_naive,champion_baseline_plus_driver_delta,12139.89,10910.6,13369.18,0.0,1496.03,1941.94,0.0180,none,1.0
promotion_push,Promotion push,2026-10-07,48,net_revenue_usd,driver_regression,champion_baseline_plus_driver_delta,9947.14,9658.48,10235.79,0.0,1540.76,2211.95,0.0180,none,1.0
promotion_push,Promotion push,2026-10-07,48,shipped_revenue_usd,seasonal_naive,champion_baseline_plus_driver_delta,8930.08,7698.76,10161.4,0.0,1540.76,2211.95,0.0180,none,1.0
promotion_push,Promotion push,2026-10-08,49,net_revenue_usd,driver_regression,champion_baseline_plus_driver_delta,9927.89,9638.76,10217.01,0.0,1495.23,2165.14,0.0180,none,1.0
promotion_push,Promotion push,2026-10-08,49,shipped_revenue_usd,seasonal_naive,champion_baseline_plus_driver_delta,9054.68,7821.34,10288.02,0.0,1495.23,2165.14,0.0180,none,1.0
promotion_push,Promotion push,2026-10-09,50,net_revenue_usd,driver_regression,champion_baseline_plus_driver_delta,10198.19,9908.59,10487.79,0.0,1478.96,1976.65,0.0180,none,1.0
promotion_push,Promotion push,2026-10-09,50,shipped_revenue_usd,seasonal_naive,champion_baseline_plus_driver_delta,9747.5,8512.14,10982.86,0.0,1478.96,1976.65,0.0180,none,1.0
promotion_push,Promotion push,2026-10-10,51,net_revenue_usd,driver_regression,champion_baseline_plus_driver_delta,10288.47,9998.4,10578.55,0.0,1443.57,1947.09,0.0180,none,1.0
promotion_push,Promotion push,2026-10-10,51,shipped_revenue_usd,seasonal_naive,champion_baseline_plus_driver_delta,6188.69,4951.31,7426.07,0.0,1443.57,1947.09,0.0180,none,1.0
promotion_push,Promotion push,2026-10-11,52,net_revenue_usd,driver_regression,champion_baseline_plus_driver_delta,9856.93,9566.38,10147.47,0.0,1508.87,2218.87,0.0180,none,1.0
promotion_push,Promotion push,2026-10-11,52,shipped_revenue_usd,seasonal_naive,champion_baseline_plus_driver_delta,4727.12,3487.73,5966.51,0.0,1508.87,2218.87,0.0180,none,1.0
promotion_push,Promotion push,2026-10-12,53,net_revenue_usd,driver_regression,champion_baseline_plus_driver_delta,8832.85,8541.83,9123.87,0.0,1490.32,1827.70,0.0180,none,1.0
promotion_push,Promotion push,2026-10-12,53,shipped_revenue_usd,seasonal_naive,champion_baseline_plus_driver_delta,12158.55,10917.15,13399.95,0.0,1490.32,1827.70,0.0180,none,1.0
promotion_push,Promotion push,2026-10-13,54,net_revenue_usd,driver_regression,champion_baseline_plus_driver_delta,10505.97,10214.48,10797.45,0.0,1703.90,2310.78,0.0360,none,1.0
promotion_push,Promotion push,2026-10-13,54,shipped_revenue_usd,seasonal_naive,champion_baseline_plus_driver_delta,12161.66,10918.25,13405.07,0.0,1703.90,2310.78,0.0360,none,1.0
promotion_push,Promotion push,2026-10-14,55,net_revenue_usd,driver_regression,champion_baseline_plus_driver_delta,10670.06,10378.1,10962.02,14.53,1620.05,2382.27,0.0360,monthly_promotion,1.0
promotion_push,Promotion push,2026-10-14,55,shipped_revenue_usd,seasonal_naive,champion_baseline_plus_driver_delta,11113.83,9868.42,12359.24,148.43,1620.05,2382.27,0.0360,monthly_promotion,1.0
promotion_push,Promotion push,2026-10-15,56,net_revenue_usd,driver_regression,champion_baseline_plus_driver_delta,11278.23,10985.81,11570.66,14.53,1751.27,2401.88,0.0360,monthly_promotion,1.0
promotion_push,Promotion push,2026-10-15,56,shipped_revenue_usd,seasonal_naive,champion_baseline_plus_driver_delta,10466.28,9218.87,11713.69,148.43,1751.27,2401.88,0.0360,monthly_promotion,1.0
promotion_push,Promotion push,2026-10-16,57,net_revenue_usd,driver_regression,champion_baseline_plus_driver_delta,10386.0,10093.1,10678.89,14.53,1455.87,2134.25,0.0180,monthly_promotion,1.0
promotion_push,Promotion push,2026-10-16,57,shipped_revenue_usd,seasonal_naive,champion_baseline_plus_driver_delta,9547.16,8297.75,10796.57,148.43,1455.87,2134.25,0.0180,monthly_promotion,1.0
promotion_push,Promotion push,2026-10-17,58,net_revenue_usd,driver_regression,champion_baseline_plus_driver_delta,10497.0,10203.64,10790.36,0.0,1491.90,1963.53,0.0180,none,1.0
promotion_push,Promotion push,2026-10-17,58,shipped_revenue_usd,seasonal_naive,champion_baseline_plus_driver_delta,6199.78,4948.38,7451.18,0.0,1491.90,1963.53,0.0180,none,1.0
promotion_push,Promotion push,2026-10-18,59,net_revenue_usd,driver_regression,champion_baseline_plus_driver_delta,9980.67,9686.85,10274.5,0.0,1537.85,2211.87,0.0180,none,1.0
promotion_push,Promotion push,2026-10-18,59,shipped_revenue_usd,seasonal_naive,champion_baseline_plus_driver_delta,4735.58,3482.19,5988.97,0.0,1537.85,2211.87,0.0180,none,1.0
promotion_push,Promotion push,2026-10-19,60,net_revenue_usd,driver_regression,champion_baseline_plus_driver_delta,8953.74,8659.45,9248.03,0.0,1469.76,1984.87,0.0180,none,1.0
promotion_push,Promotion push,2026-10-19,60,shipped_revenue_usd,seasonal_naive,champion_baseline_plus_driver_delta,12180.33,10924.95,13435.71,0.0,1469.76,1984.87,0.0180,none,1.0
promotion_push,Promotion push,2026-10-20,61,net_revenue_usd,driver_regression,champion_baseline_plus_driver_delta,9313.39,9018.64,9608.15,0.0,1417.75,2184.65,0.0180,none,1.0
promotion_push,Promotion push,2026-10-20,61,shipped_revenue_usd,seasonal_naive,champion_baseline_plus_driver_delta,12183.44,10926.08,13440.8,0.0,1417.75,2184.65,0.0180,none,1.0
promotion_push,Promotion push,2026-10-21,62,net_revenue_usd,driver_regression,champion_baseline_plus_driver_delta,9573.77,9278.55,9868.99,0.0,1486.48,1921.73,0.0180,none,1.0
promotion_push,Promotion push,2026-10-21,62,shipped_revenue_usd,seasonal_naive,champion_baseline_plus_driver_delta,9233.25,7973.91,10492.59,0.0,1486.48,1921.73,0.0180,none,1.0
promotion_push,Promotion push,2026-10-22,63,net_revenue_usd,driver_regression,champion_baseline_plus_driver_delta,10100.13,9804.45,10395.82,0.0,1549.30,2085.90,0.0180,none,1.0
promotion_push,Promotion push,2026-10-22,63,shipped_revenue_usd,seasonal_naive,champion_baseline_plus_driver_delta,9091.91,7830.59,10353.23,0.0,1549.30,2085.90,0.0180,none,1.0
promotion_push,Promotion push,2026-10-23,64,net_revenue_usd,driver_regression,champion_baseline_plus_driver_delta,10455.48,10159.33,10751.62,0.0,1525.91,2012.14,0.0180,none,1.0
promotion_push,Promotion push,2026-10-23,64,shipped_revenue_usd,seasonal_naive,champion_baseline_plus_driver_delta,9886.55,8623.26,11149.84,0.0,1525.91,2012.14,0.0180,none,1.0
promotion_push,Promotion push,2026-10-24,65,net_revenue_usd,driver_regression,champion_baseline_plus_driver_delta,10505.69,10209.08,10802.3,0.0,1447.81,2085.39,0.0180,none,1.0
promotion_push,Promotion push,2026-10-24,65,shipped_revenue_usd,seasonal_naive,champion_baseline_plus_driver_delta,6210.86,4945.6,7476.12,0.0,1447.81,2085.39,0.0180,none,1.0
promotion_push,Promotion push,2026-10-25,66,net_revenue_usd,driver_regression,champion_baseline_plus_driver_delta,10049.16,9752.09,10346.23,0.0,1564.09,2160.99,0.0180,none,1.0
promotion_push,Promotion push,2026-10-25,66,shipped_revenue_usd,seasonal_naive,champion_baseline_plus_driver_delta,4744.05,3476.82,6011.28,0.0,1564.09,2160.99,0.0180,none,1.0
promotion_push,Promotion push,2026-10-26,67,net_revenue_usd,driver_regression,champion_baseline_plus_driver_delta,8959.06,8661.52,9256.59,0.0,1462.42,1981.17,0.0180,none,1.0
promotion_push,Promotion push,2026-10-26,67,shipped_revenue_usd,seasonal_naive,champion_baseline_plus_driver_delta,12202.1,10932.9,13471.3,0.0,1462.42,1981.17,0.0180,none,1.0
promotion_push,Promotion push,2026-10-27,68,net_revenue_usd,driver_regression,champion_baseline_plus_driver_delta,9724.62,9426.62,10022.61,0.0,1530.62,2204.56,0.0180,none,1.0
promotion_push,Promotion push,2026-10-27,68,shipped_revenue_usd,seasonal_naive,champion_baseline_plus_driver_delta,12205.21,10934.05,13476.37,0.0,1530.62,2204.56,0.0180,none,1.0
promotion_push,Promotion push,2026-10-28,69,net_revenue_usd,driver_regression,champion_baseline_plus_driver_delta,9774.06,9475.61,10072.51,0.0,1522.77,1977.96,0.0180,none,1.0
promotion_push,Promotion push,2026-10-28,69,shipped_revenue_usd,seasonal_naive,champion_baseline_plus_driver_delta,9602.24,8329.12,10875.36,0.0,1522.77,1977.96,0.0180,none,1.0
promotion_push,Promotion push,2026-10-29,70,net_revenue_usd,driver_regression,champion_baseline_plus_driver_delta,10122.37,9823.46,10421.28,0.0,1511.30,2205.34,0.0180,none,1.0
promotion_push,Promotion push,2026-10-29,70,shipped_revenue_usd,seasonal_naive,champion_baseline_plus_driver_delta,9144.91,7869.83,10419.99,0.0,1511.30,2205.34,0.0180,none,1.0
promotion_push,Promotion push,2026-10-30,71,net_revenue_usd,driver_regression,champion_baseline_plus_driver_delta,10691.19,10391.82,10990.56,0.0,1581.27,2043.10,0.0180,none,1.0
promotion_push,Promotion push,2026-10-30,71,shipped_revenue_usd,seasonal_naive,champion_baseline_plus_driver_delta,10240.1,8963.07,11517.13,0.0,1581.27,2043.10,0.0180,none,1.0
promotion_push,Promotion push,2026-10-31,72,net_revenue_usd,driver_regression,champion_baseline_plus_driver_delta,10704.71,10404.89,11004.54,0.0,1511.04,2052.11,0.0180,none,1.0
promotion_push,Promotion push,2026-10-31,72,shipped_revenue_usd,seasonal_naive,champion_baseline_plus_driver_delta,6221.95,4942.97,7500.93,0.0,1511.04,2052.11,0.0180,none,1.0
promotion_push,Promotion push,2026-11-01,73,net_revenue_usd,driver_regression,champion_baseline_plus_driver_delta,9906.09,9605.81,10206.37,0.0,1531.23,2091.71,0.0180,none,1.0
promotion_push,Promotion push,2026-11-01,73,shipped_revenue_usd,seasonal_naive,champion_baseline_plus_driver_delta,4752.52,3471.59,6033.45,0.0,1531.23,2091.71,0.0180,none,1.0
promotion_push,Promotion push,2026-11-02,74,net_revenue_usd,driver_regression,champion_baseline_plus_driver_delta,9310.81,9010.07,9611.55,0.0,1515.07,2145.67,0.0180,none,1.0
promotion_push,Promotion push,2026-11-02,74,shipped_revenue_usd,seasonal_naive,champion_baseline_plus_driver_delta,12223.87,10941.0,13506.74,0.0,1515.07,2145.67,0.0180,none,1.0
promotion_push,Promotion push,2026-11-03,75,net_revenue_usd,driver_regression,champion_baseline_plus_driver_delta,9399.63,9098.43,9700.82,0.0,1483.11,1994.84,0.0180,none,1.0
promotion_push,Promotion push,2026-11-03,75,shipped_revenue_usd,seasonal_naive,champion_baseline_plus_driver_delta,12226.98,10942.17,13511.79,0.0,1483.11,1994.84,0.0180,none,1.0
promotion_push,Promotion push,2026-11-04,76,net_revenue_usd,driver_regression,champion_baseline_plus_driver_delta,9730.7,9429.05,10032.34,0.0,1474.33,2068.34,0.0180,none,1.0
promotion_push,Promotion push,2026-11-04,76,shipped_revenue_usd,seasonal_naive,champion_baseline_plus_driver_delta,9912.7,8625.95,11199.45,0.0,1474.33,2068.34,0.0180,none,1.0
promotion_push,Promotion push,2026-11-05,77,net_revenue_usd,driver_regression,champion_baseline_plus_driver_delta,10307.34,10005.24,10609.44,0.0,1541.59,2272.07,0.0180,none,1.0
promotion_push,Promotion push,2026-11-05,77,shipped_revenue_usd,seasonal_naive,champion_baseline_plus_driver_delta,9424.61,8135.92,10713.3,0.0,1541.59,2272.07,0.0180,none,1.0
promotion_push,Promotion push,2026-11-06,78,net_revenue_usd,driver_regression,champion_baseline_plus_driver_delta,10317.73,10015.17,10620.28,0.0,1434.89,2117.17,0.0180,none,1.0
promotion_push,Promotion push,2026-11-06,78,shipped_revenue_usd,seasonal_naive,champion_baseline_plus_driver_delta,9922.59,8631.97,11213.21,0.0,1434.89,2117.17,0.0180,none,1.0
promotion_push,Promotion push,2026-11-07,79,net_revenue_usd,driver_regression,champion_baseline_plus_driver_delta,11186.71,10883.7,11489.71,0.0,1604.42,2220.83,0.0180,none,1.0
promotion_push,Promotion push,2026-11-07,79,shipped_revenue_usd,seasonal_naive,champion_baseline_plus_driver_delta,6233.04,4940.49,7525.59,0.0,1604.42,2220.83,0.0180,none,1.0
promotion_push,Promotion push,2026-11-08,80,net_revenue_usd,driver_regression,champion_baseline_plus_driver_delta,10010.84,9707.38,10314.3,0.0,1571.45,2043.24,0.0180,none,1.0
promotion_push,Promotion push,2026-11-08,80,shipped_revenue_usd,seasonal_naive,champion_baseline_plus_driver_delta,4760.99,3466.51,6055.47,0.0,1571.45,2043.24,0.0180,none,1.0
promotion_push,Promotion push,2026-11-09,81,net_revenue_usd,driver_regression,champion_baseline_plus_driver_delta,9376.68,9072.77,9680.59,0.0,1544.99,2091.78,0.0180,none,1.0
promotion_push,Promotion push,2026-11-09,81,shipped_revenue_usd,seasonal_naive,champion_baseline_plus_driver_delta,12245.64,10949.24,13542.04,0.0,1544.99,2091.78,0.0180,none,1.0
promotion_push,Promotion push,2026-11-10,82,net_revenue_usd,driver_regression,champion_baseline_plus_driver_delta,9985.55,9681.19,10289.91,0.0,1555.08,2347.36,0.0180,none,1.0
promotion_push,Promotion push,2026-11-10,82,shipped_revenue_usd,seasonal_naive,champion_baseline_plus_driver_delta,12248.76,10950.44,13547.08,0.0,1555.08,2347.36,0.0180,none,1.0
promotion_push,Promotion push,2026-11-11,83,net_revenue_usd,driver_regression,champion_baseline_plus_driver_delta,9807.93,9503.11,10112.74,0.0,1507.84,2016.05,0.0180,none,1.0
promotion_push,Promotion push,2026-11-11,83,shipped_revenue_usd,seasonal_naive,champion_baseline_plus_driver_delta,10558.06,9257.82,11858.3,0.0,1507.84,2016.05,0.0180,none,1.0
promotion_push,Promotion push,2026-11-12,84,net_revenue_usd,driver_regression,champion_baseline_plus_driver_delta,10370.57,10065.31,10675.83,0.0,1554.08,2276.57,0.0180,none,1.0
promotion_push,Promotion push,2026-11-12,84,shipped_revenue_usd,seasonal_naive,champion_baseline_plus_driver_delta,9637.03,8334.87,10939.19,0.0,1554.08,2276.57,0.0180,none,1.0
promotion_push,Promotion push,2026-11-13,85,net_revenue_usd,driver_regression,champion_baseline_plus_driver_delta,11918.4,11612.69,12224.11,0.0,1774.86,2434.08,0.0360,none,1.0
promotion_push,Promotion push,2026-11-13,85,shipped_revenue_usd,seasonal_naive,champion_baseline_plus_driver_delta,11123.08,9819.01,12427.15,0.0,1774.86,2434.08,0.0360,none,1.0
promotion_push,Promotion push,2026-11-14,86,net_revenue_usd,driver_regression,champion_baseline_plus_driver_delta,12238.22,11932.06,12544.37,14.53,1765.71,2485.22,0.0360,monthly_promotion,1.0
promotion_push,Promotion push,2026-11-14,86,shipped_revenue_usd,seasonal_naive,champion_baseline_plus_driver_delta,6392.56,5086.58,7698.54,148.43,1765.71,2485.22,0.0360,monthly_promotion,1.0
promotion_push,Promotion push,2026-11-15,87,net_revenue_usd,driver_regression,champion_baseline_plus_driver_delta,11523.99,11217.39,11830.6,14.53,1806.16,2547.21,0.0360,monthly_promotion,1.0
promotion_push,Promotion push,2026-11-15,87,shipped_revenue_usd,seasonal_naive,champion_baseline_plus_driver_delta,4917.88,3609.99,6225.77,148.43,1806.16,2547.21,0.0360,monthly_promotion,1.0
promotion_push,Promotion push,2026-11-16,88,net_revenue_usd,driver_regression,champion_baseline_plus_driver_delta,9554.07,9247.02,9861.12,14.53,1556.61,2146.35,0.0180,monthly_promotion,1.0
promotion_push,Promotion push,2026-11-16,88,shipped_revenue_usd,seasonal_naive,champion_baseline_plus_driver_delta,12415.85,11106.06,13725.64,148.43,1556.61,2146.35,0.0180,monthly_promotion,1.0
promotion_push,Promotion push,2026-11-17,89,net_revenue_usd,driver_regression,champion_baseline_plus_driver_delta,9546.33,9238.84,9853.83,0.0,1481.60,2116.82,0.0180,none,1.0
promotion_push,Promotion push,2026-11-17,89,shipped_revenue_usd,seasonal_naive,champion_baseline_plus_driver_delta,12270.53,10958.84,13582.22,0.0,1481.60,2116.82,0.0180,none,1.0
promotion_push,Promotion push,2026-11-18,90,net_revenue_usd,driver_regression,champion_baseline_plus_driver_delta,10373.67,10065.73,10681.6,0.0,1589.06,2323.28,0.0180,none,1.0
promotion_push,Promotion push,2026-11-18,90,shipped_revenue_usd,seasonal_naive,champion_baseline_plus_driver_delta,12046.35,10732.76,13359.94,0.0,1589.06,2323.28,0.0180,none,1.0
promotion_push,Promotion push,2026-11-19,91,net_revenue_usd,driver_regression,champion_baseline_plus_driver_delta,13649.96,13341.58,13958.35,0.0,2227.79,2821.86,0.0730,none,1.0
promotion_push,Promotion push,2026-11-19,91,shipped_revenue_usd,seasonal_naive,champion_baseline_plus_driver_delta,10639.85,9324.36,11955.34,0.0,2227.79,2821.86,0.0730,none,1.0
capacity_relief,Capacity relief,2026-08-21,1,net_revenue_usd,driver_regression,champion_baseline_plus_driver_delta,9121.0,8855.59,9386.42,0.0,1312.44,1777.08,0.0180,none,1.25
capacity_relief,Capacity relief,2026-08-21,1,shipped_revenue_usd,seasonal_naive,champion_baseline_plus_driver_delta,8593.53,7461.34,9725.72,175.82,1312.44,1777.08,0.0180,none,1.25
capacity_relief,Capacity relief,2026-08-22,2,net_revenue_usd,driver_regression,champion_baseline_plus_driver_delta,8950.59,8684.66,9216.52,0.0,1227.40,1638.16,0.0180,none,1.25
capacity_relief,Capacity relief,2026-08-22,2,shipped_revenue_usd,seasonal_naive,champion_baseline_plus_driver_delta,6820.95,5686.56,7955.34,709.88,1227.40,1638.16,0.0180,none,1.25
capacity_relief,Capacity relief,2026-08-23,3,net_revenue_usd,driver_regression,champion_baseline_plus_driver_delta,8355.64,8089.19,8622.08,0.0,1253.76,1866.79,0.0180,none,1.25
capacity_relief,Capacity relief,2026-08-23,3,shipped_revenue_usd,seasonal_naive,champion_baseline_plus_driver_delta,5589.8,4453.22,6726.38,921.95,1253.76,1866.79,0.0180,none,1.25
capacity_relief,Capacity relief,2026-08-24,4,net_revenue_usd,driver_regression,champion_baseline_plus_driver_delta,7717.56,7450.6,7984.52,0.0,1274.78,1746.26,0.0180,none,1.25
capacity_relief,Capacity relief,2026-08-24,4,shipped_revenue_usd,seasonal_naive,champion_baseline_plus_driver_delta,11897.25,10758.47,13036.03,0.0,1274.78,1746.26,0.0180,none,1.25
capacity_relief,Capacity relief,2026-08-25,5,net_revenue_usd,driver_regression,champion_baseline_plus_driver_delta,8205.91,7938.44,8473.38,0.0,1330.29,1716.95,0.0180,none,1.25
capacity_relief,Capacity relief,2026-08-25,5,shipped_revenue_usd,seasonal_naive,champion_baseline_plus_driver_delta,7615.8,6474.84,8756.76,196.7,1330.29,1716.95,0.0180,none,1.25
capacity_relief,Capacity relief,2026-08-26,6,net_revenue_usd,driver_regression,champion_baseline_plus_driver_delta,8479.73,8211.74,8747.71,0.0,1317.71,1738.24,0.0180,none,1.25
capacity_relief,Capacity relief,2026-08-26,6,shipped_revenue_usd,seasonal_naive,champion_baseline_plus_driver_delta,7866.13,6722.99,9009.27,204.53,1317.71,1738.24,0.0180,none,1.25
capacity_relief,Capacity relief,2026-08-27,7,net_revenue_usd,driver_regression,champion_baseline_plus_driver_delta,8685.05,8416.56,8953.54,0.0,1283.03,1889.19,0.0180,none,1.25
capacity_relief,Capacity relief,2026-08-27,7,shipped_revenue_usd,seasonal_naive,champion_baseline_plus_driver_delta,8150.82,7005.5,9296.14,178.08,1283.03,1889.19,0.0180,none,1.25
capacity_relief,Capacity relief,2026-08-28,8,net_revenue_usd,driver_regression,champion_baseline_plus_driver_delta,9228.13,8959.12,9497.13,0.0,1336.80,1750.14,0.0180,none,1.25
capacity_relief,Capacity relief,2026-08-28,8,shipped_revenue_usd,seasonal_naive,champion_baseline_plus_driver_delta,8567.29,7419.79,9714.79,220.28,1336.80,1750.14,0.0180,none,1.25
capacity_relief,Capacity relief,2026-08-29,9,net_revenue_usd,driver_regression,champion_baseline_plus_driver_delta,9216.05,8946.54,9485.56,0.0,1282.47,1674.50,0.0180,none,1.25
capacity_relief,Capacity relief,2026-08-29,9,shipped_revenue_usd,seasonal_naive,champion_baseline_plus_driver_delta,6895.63,5745.96,8045.3,773.47,1282.47,1674.50,0.0180,none,1.25
capacity_relief,Capacity relief,2026-08-30,10,net_revenue_usd,driver_regression,champion_baseline_plus_driver_delta,8518.29,8248.27,8788.31,0.0,1315.31,1773.24,0.0180,none,1.25
capacity_relief,Capacity relief,2026-08-30,10,shipped_revenue_usd,seasonal_naive,champion_baseline_plus_driver_delta,5636.81,4484.98,6788.64,960.5,1315.31,1773.24,0.0180,none,1.25
capacity_relief,Capacity relief,2026-08-31,11,net_revenue_usd,driver_regression,champion_baseline_plus_driver_delta,7949.77,7679.24,8220.3,0.0,1298.41,1853.31,0.0180,none,1.25
capacity_relief,Capacity relief,2026-08-31,11,shipped_revenue_usd,seasonal_naive,champion_baseline_plus_driver_delta,12027.92,10873.93,13181.91,0.0,1298.41,1853.31,0.0180,none,1.25
capacity_relief,Capacity relief,2026-09-01,12,net_revenue_usd,driver_regression,champion_baseline_plus_driver_delta,8352.83,8081.8,8623.86,0.0,1311.68,1876.30,0.0180,none,1.25
capacity_relief,Capacity relief,2026-09-01,12,shipped_revenue_usd,seasonal_naive,champion_baseline_plus_driver_delta,8599.72,7443.57,9755.87,0.0,1311.68,1876.30,0.0180,none,1.25
capacity_relief,Capacity relief,2026-09-02,13,net_revenue_usd,driver_regression,champion_baseline_plus_driver_delta,8478.26,8206.72,8749.8,0.0,1284.42,1790.93,0.0180,none,1.25
capacity_relief,Capacity relief,2026-09-02,13,shipped_revenue_usd,seasonal_naive,champion_baseline_plus_driver_delta,7953.92,6795.61,9112.23,174.78,1284.42,1790.93,0.0180,none,1.25
capacity_relief,Capacity relief,2026-09-03,14,net_revenue_usd,driver_regression,champion_baseline_plus_driver_delta,8557.76,8285.72,8829.8,0.0,1298.05,1647.28,0.0180,none,1.25
capacity_relief,Capacity relief,2026-09-03,14,shipped_revenue_usd,seasonal_naive,champion_baseline_plus_driver_delta,8116.39,6955.93,9276.84,147.12,1298.05,1647.28,0.0180,none,1.25
capacity_relief,Capacity relief,2026-09-04,15,net_revenue_usd,driver_regression,champion_baseline_plus_driver_delta,9337.81,9065.27,9610.35,0.0,1291.35,1960.72,0.0180,none,1.25
capacity_relief,Capacity relief,2026-09-04,15,shipped_revenue_usd,seasonal_naive,champion_baseline_plus_driver_delta,8690.18,7527.59,9852.78,215.88,1291.35,1960.72,0.0180,none,1.25
capacity_relief,Capacity relief,2026-09-05,16,net_revenue_usd,driver_regression,champion_baseline_plus_driver_delta,9476.49,9203.45,9749.54,0.0,1314.53,1783.22,0.0180,none,1.25
capacity_relief,Capacity relief,2026-09-05,16,shipped_revenue_usd,seasonal_naive,champion_baseline_plus_driver_delta,6969.06,5804.32,8133.8,835.81,1314.53,1783.22,0.0180,none,1.25
capacity_relief,Capacity relief,2026-09-06,17,net_revenue_usd,driver_regression,champion_baseline_plus_driver_delta,8835.06,8561.51,9108.61,0.0,1339.28,1968.49,0.0180,none,1.25
capacity_relief,Capacity relief,2026-09-06,17,shipped_revenue_usd,seasonal_naive,champion_baseline_plus_driver_delta,5722.35,4555.47,6889.23,1037.57,1339.28,1968.49,0.0180,none,1.25
capacity_relief,Capacity relief,2026-09-07,18,net_revenue_usd,driver_regression,champion_baseline_plus_driver_delta,8050.15,7776.1,8324.19,0.0,1309.05,1865.93,0.0180,none,1.25
capacity_relief,Capacity relief,2026-09-07,18,shipped_revenue_usd,seasonal_naive,champion_baseline_plus_driver_delta,12049.69,10880.67,13218.71,0.0,1309.05,1865.93,0.0180,none,1.25
capacity_relief,Capacity relief,2026-09-08,19,net_revenue_usd,driver_regression,champion_baseline_plus_driver_delta,8654.69,8380.14,8929.24,0.0,1323.28,2097.71,0.0180,none,1.25
capacity_relief,Capacity relief,2026-09-08,19,shipped_revenue_usd,seasonal_naive,champion_baseline_plus_driver_delta,9360.76,8189.61,10531.91,0.0,1323.28,2097.71,0.0180,none,1.25
capacity_relief,Capacity relief,2026-09-09,20,net_revenue_usd,driver_regression,champion_baseline_plus_driver_delta,8805.86,8530.81,9080.9,0.0,1343.78,1879.05,0.0180,none,1.25
capacity_relief,Capacity relief,2026-09-09,20,shipped_revenue_usd,seasonal_naive,champion_baseline_plus_driver_delta,8348.8,7175.52,9522.06,152.36,1343.78,1879.05,0.0180,none,1.25
capacity_relief,Capacity relief,2026-09-10,21,net_revenue_usd,driver_regression,champion_baseline_plus_driver_delta,8911.15,8635.61,9186.7,0.0,1349.86,1788.07,0.0180,none,1.25
capacity_relief,Capacity relief,2026-09-10,21,shipped_revenue_usd,seasonal_naive,champion_baseline_plus_driver_delta,8332.21,7156.81,9507.61,192.98,1349.86,1788.07,0.0180,none,1.25
capacity_relief,Capacity relief,2026-09-11,22,net_revenue_usd,driver_regression,champion_baseline_plus_driver_delta,9475.27,9199.23,9751.31,0.0,1314.31,1971.59,0.0180,none,1.25
capacity_relief,Capacity relief,2026-09-11,22,shipped_revenue_usd,seasonal_naive,champion_baseline_plus_driver_delta,9160.11,7982.6,10337.62,105.05,1314.31,1971.59,0.0180,none,1.25
capacity_relief,Capacity relief,2026-09-12,23,net_revenue_usd,driver_regression,champion_baseline_plus_driver_delta,9874.53,9598.0,10151.07,0.0,1364.50,1977.53,0.0180,none,1.25
capacity_relief,Capacity relief,2026-09-12,23,shipped_revenue_usd,seasonal_naive,champion_baseline_plus_driver_delta,7076.89,5897.26,8256.52,932.55,1364.50,1977.53,0.0180,none,1.25
capacity_relief,Capacity relief,2026-09-13,24,net_revenue_usd,driver_regression,champion_baseline_plus_driver_delta,9995.09,9718.06,10272.12,0.0,1571.60,2146.86,0.0360,none,1.25
capacity_relief,Capacity relief,2026-09-13,24,shipped_revenue_usd,seasonal_naive,champion_baseline_plus_driver_delta,6018.71,4836.97,7200.45,1325.46,1571.60,2146.86,0.0360,none,1.25
capacity_relief,Capacity relief,2026-09-14,25,net_revenue_usd,driver_regression,champion_baseline_plus_driver_delta,9612.05,9334.52,9889.57,0.0,1579.39,2278.22,0.0360,monthly_promotion,1.25
capacity_relief,Capacity relief,2026-09-14,25,shipped_revenue_usd,seasonal_naive,champion_baseline_plus_driver_delta,12071.46,10887.61,13255.31,0.0,1579.39,2278.22,0.0360,monthly_promotion,1.25
capacity_relief,Capacity relief,2026-09-15,26,net_revenue_usd,driver_regression,champion_baseline_plus_driver_delta,9651.79,9373.77,9929.81,0.0,1518.56,2168.57,0.0360,monthly_promotion,1.25
capacity_relief,Capacity relief,2026-09-15,26,shipped_revenue_usd,seasonal_naive,champion_baseline_plus_driver_delta,12074.57,10888.62,13260.52,0.0,1518.56,2168.57,0.0360,monthly_promotion,1.25
capacity_relief,Capacity relief,2026-09-16,27,net_revenue_usd,driver_regression,champion_baseline_plus_driver_delta,9189.34,8910.83,9467.85,0.0,1405.51,1958.36,0.0180,monthly_promotion,1.25
capacity_relief,Capacity relief,2026-09-16,27,shipped_revenue_usd,seasonal_naive,champion_baseline_plus_driver_delta,9161.27,7973.22,10349.32,9.36,1405.51,1958.36,0.0180,monthly_promotion,1.25
capacity_relief,Capacity relief,2026-09-17,28,net_revenue_usd,driver_regression,champion_baseline_plus_driver_delta,9277.56,8998.55,9556.56,0.0,1426.82,1859.64,0.0180,none,1.25
capacity_relief,Capacity relief,2026-09-17,28,shipped_revenue_usd,seasonal_naive,champion_baseline_plus_driver_delta,8857.75,7667.6,10047.9,139.93,1426.82,1859.64,0.0180,none,1.25
capacity_relief,Capacity relief,2026-09-18,29,net_revenue_usd,driver_regression,champion_baseline_plus_driver_delta,9605.8,9326.31,9885.29,0.0,1364.41,1885.68,0.0180,none,1.25
capacity_relief,Capacity relief,2026-09-18,29,shipped_revenue_usd,seasonal_naive,champion_baseline_plus_driver_delta,9136.58,7944.34,10328.83,156.4,1364.41,1885.68,0.0180,none,1.25
capacity_relief,Capacity relief,2026-09-19,30,net_revenue_usd,driver_regression,champion_baseline_plus_driver_delta,10051.02,9771.04,10331.0,0.0,1383.09,2046.15,0.0180,none,1.25
capacity_relief,Capacity relief,2026-09-19,30,shipped_revenue_usd,seasonal_naive,champion_baseline_plus_driver_delta,7129.32,5934.99,8323.65,973.9,1383.09,2046.15,0.0180,none,1.25
capacity_relief,Capacity relief,2026-09-20,31,net_revenue_usd,driver_regression,champion_baseline_plus_driver_delta,8964.57,8684.1,9245.04,0.0,1351.06,1954.82,0.0180,none,1.25
capacity_relief,Capacity relief,2026-09-20,31,shipped_revenue_usd,seasonal_naive,champion_baseline_plus_driver_delta,5767.43,4571.02,6963.84,1065.71,1351.06,1954.82,0.0180,none,1.25
capacity_relief,Capacity relief,2026-09-21,32,net_revenue_usd,driver_regression,champion_baseline_plus_driver_delta,8638.73,8357.77,8919.69,0.0,1386.81,2113.83,0.0180,none,1.25
capacity_relief,Capacity relief,2026-09-21,32,shipped_revenue_usd,seasonal_naive,champion_baseline_plus_driver_delta,12093.24,10894.75,13291.73,0.0,1386.81,2113.83,0.0180,none,1.25
capacity_relief,Capacity relief,2026-09-22,33,net_revenue_usd,driver_regression,champion_baseline_plus_driver_delta,9054.92,8773.47,9336.36,0.0,1422.30,2076.69,0.0180,none,1.25
capacity_relief,Capacity relief,2026-09-22,33,shipped_revenue_usd,seasonal_naive,champion_baseline_plus_driver_delta,9971.55,8770.98,11172.12,0.0,1422.30,2076.69,0.0180,none,1.25
capacity_relief,Capacity relief,2026-09-23,34,net_revenue_usd,driver_regression,champion_baseline_plus_driver_delta,9034.29,8752.35,9316.22,0.0,1394.34,1840.86,0.0180,none,1.25
capacity_relief,Capacity relief,2026-09-23,34,shipped_revenue_usd,seasonal_naive,champion_baseline_plus_driver_delta,8405.88,7203.23,9608.53,209.47,1394.34,1840.86,0.0180,none,1.25
capacity_relief,Capacity relief,2026-09-24,35,net_revenue_usd,driver_regression,champion_baseline_plus_driver_delta,9375.86,9093.44,9658.28,0.0,1380.11,2067.25,0.0180,none,1.25
capacity_relief,Capacity relief,2026-09-24,35,shipped_revenue_usd,seasonal_naive,champion_baseline_plus_driver_delta,8959.03,7754.31,10163.75,138.94,1380.11,2067.25,0.0180,none,1.25
capacity_relief,Capacity relief,2026-09-25,36,net_revenue_usd,driver_regression,champion_baseline_plus_driver_delta,9956.04,9673.14,10238.94,0.0,1429.53,1982.78,0.0180,none,1.25
capacity_relief,Capacity relief,2026-09-25,36,shipped_revenue_usd,seasonal_naive,champion_baseline_plus_driver_delta,9558.78,8352.0,10765.56,132.42,1429.53,1982.78,0.0180,none,1.25
capacity_relief,Capacity relief,2026-09-26,37,net_revenue_usd,driver_regression,champion_baseline_plus_driver_delta,10370.68,10087.29,10654.06,0.0,1521.16,1866.34,0.0180,none,1.25
capacity_relief,Capacity relief,2026-09-26,37,shipped_revenue_usd,seasonal_naive,champion_baseline_plus_driver_delta,7217.55,6008.7,8426.4,1051.04,1521.16,1866.34,0.0180,none,1.25
capacity_relief,Capacity relief,2026-09-27,38,net_revenue_usd,driver_regression,champion_baseline_plus_driver_delta,9055.4,8771.53,9339.27,0.0,1384.63,1885.99,0.0180,none,1.25
capacity_relief,Capacity relief,2026-09-27,38,shipped_revenue_usd,seasonal_naive,champion_baseline_plus_driver_delta,5796.49,4585.57,7007.4,1086.3,1384.63,1885.99,0.0180,none,1.25
capacity_relief,Capacity relief,2026-09-28,39,net_revenue_usd,driver_regression,champion_baseline_plus_driver_delta,8694.94,8410.59,8979.29,0.0,1454.33,1894.94,0.0180,none,1.25
capacity_relief,Capacity relief,2026-09-28,39,shipped_revenue_usd,seasonal_naive,champion_baseline_plus_driver_delta,12115.01,10902.05,13327.97,0.0,1454.33,1894.94,0.0180,none,1.25
capacity_relief,Capacity relief,2026-09-29,40,net_revenue_usd,driver_regression,champion_baseline_plus_driver_delta,9368.79,9083.96,9653.62,0.0,1454.01,2249.54,0.0180,none,1.25
capacity_relief,Capacity relief,2026-09-29,40,shipped_revenue_usd,seasonal_naive,champion_baseline_plus_driver_delta,11309.68,10094.66,12524.7,0.0,1454.01,2249.54,0.0180,none,1.25
capacity_relief,Capacity relief,2026-09-30,41,net_revenue_usd,driver_regression,champion_baseline_plus_driver_delta,9492.55,9207.23,9777.86,0.0,1475.11,2001.13,0.0180,none,1.25
capacity_relief,Capacity relief,2026-09-30,41,shipped_revenue_usd,seasonal_naive,champion_baseline_plus_driver_delta,8849.86,7632.79,10066.93,214.23,1475.11,2001.13,0.0180,none,1.25
capacity_relief,Capacity relief,2026-10-01,42,net_revenue_usd,driver_regression,champion_baseline_plus_driver_delta,9513.41,9227.62,9799.2,0.0,1417.93,2035.09,0.0180,none,1.25
capacity_relief,Capacity relief,2026-10-01,42,shipped_revenue_usd,seasonal_naive,champion_baseline_plus_driver_delta,8899.26,7680.15,10118.37,204.72,1417.93,2035.09,0.0180,none,1.25
capacity_relief,Capacity relief,2026-10-02,43,net_revenue_usd,driver_regression,champion_baseline_plus_driver_delta,9980.3,9694.03,10266.57,0.0,1434.38,1942.78,0.0180,none,1.25
capacity_relief,Capacity relief,2026-10-02,43,shipped_revenue_usd,seasonal_naive,champion_baseline_plus_driver_delta,9553.02,8331.86,10774.18,142.43,1434.38,1942.78,0.0180,none,1.25
capacity_relief,Capacity relief,2026-10-03,44,net_revenue_usd,driver_regression,champion_baseline_plus_driver_delta,10353.57,10066.82,10640.32,0.0,1422.02,2132.82,0.0180,none,1.25
capacity_relief,Capacity relief,2026-10-03,44,shipped_revenue_usd,seasonal_naive,champion_baseline_plus_driver_delta,7221.59,5998.39,8444.79,1043.99,1422.02,2132.82,0.0180,none,1.25
capacity_relief,Capacity relief,2026-10-04,45,net_revenue_usd,driver_regression,champion_baseline_plus_driver_delta,9371.6,9084.37,9658.82,0.0,1451.57,1945.33,0.0180,none,1.25
capacity_relief,Capacity relief,2026-10-04,45,shipped_revenue_usd,seasonal_naive,champion_baseline_plus_driver_delta,5881.89,4656.66,7107.12,1163.24,1451.57,1945.33,0.0180,none,1.25
capacity_relief,Capacity relief,2026-10-05,46,net_revenue_usd,driver_regression,champion_baseline_plus_driver_delta,9036.31,8748.61,9324.01,0.0,1479.28,2122.39,0.0180,none,1.25
capacity_relief,Capacity relief,2026-10-05,46,shipped_revenue_usd,seasonal_naive,champion_baseline_plus_driver_delta,12136.78,10909.52,13364.04,0.0,1479.28,2122.39,0.0180,none,1.25
capacity_relief,Capacity relief,2026-10-06,47,net_revenue_usd,driver_regression,champion_baseline_plus_driver_delta,9255.39,8967.21,9543.57,0.0,1496.03,1941.94,0.0180,none,1.25
capacity_relief,Capacity relief,2026-10-06,47,shipped_revenue_usd,seasonal_naive,champion_baseline_plus_driver_delta,12139.89,10910.6,13369.18,0.0,1496.03,1941.94,0.0180,none,1.25
capacity_relief,Capacity relief,2026-10-07,48,net_revenue_usd,driver_regression,champion_baseline_plus_driver_delta,9947.14,9658.48,10235.79,0.0,1540.76,2211.95,0.0180,none,1.25
capacity_relief,Capacity relief,2026-10-07,48,shipped_revenue_usd,seasonal_naive,champion_baseline_plus_driver_delta,9184.34,7953.02,10415.66,254.26,1540.76,2211.95,0.0180,none,1.25
capacity_relief,Capacity relief,2026-10-08,49,net_revenue_usd,driver_regression,champion_baseline_plus_driver_delta,9927.89,9638.76,10217.01,0.0,1495.23,2165.14,0.0180,none,1.25
capacity_relief,Capacity relief,2026-10-08,49,shipped_revenue_usd,seasonal_naive,champion_baseline_plus_driver_delta,9272.98,8039.64,10506.32,218.3,1495.23,2165.14,0.0180,none,1.25
capacity_relief,Capacity relief,2026-10-09,50,net_revenue_usd,driver_regression,champion_baseline_plus_driver_delta,10198.19,9908.59,10487.79,0.0,1478.96,1976.65,0.0180,none,1.25
capacity_relief,Capacity relief,2026-10-09,50,shipped_revenue_usd,seasonal_naive,champion_baseline_plus_driver_delta,9860.17,8624.81,11095.53,112.67,1478.96,1976.65,0.0180,none,1.25
capacity_relief,Capacity relief,2026-10-10,51,net_revenue_usd,driver_regression,champion_baseline_plus_driver_delta,10288.47,9998.4,10578.55,0.0,1443.57,1947.09,0.0180,none,1.25
capacity_relief,Capacity relief,2026-10-10,51,shipped_revenue_usd,seasonal_naive,champion_baseline_plus_driver_delta,7213.63,5976.26,8451.01,1024.94,1443.57,1947.09,0.0180,none,1.25
capacity_relief,Capacity relief,2026-10-11,52,net_revenue_usd,driver_regression,champion_baseline_plus_driver_delta,9856.93,9566.38,10147.47,0.0,1508.87,2218.87,0.0180,none,1.25
capacity_relief,Capacity relief,2026-10-11,52,shipped_revenue_usd,seasonal_naive,champion_baseline_plus_driver_delta,6009.57,4770.18,7248.96,1282.45,1508.87,2218.87,0.0180,none,1.25
capacity_relief,Capacity relief,2026-10-12,53,net_revenue_usd,driver_regression,champion_baseline_plus_driver_delta,8832.85,8541.83,9123.87,0.0,1490.32,1827.70,0.0180,none,1.25
capacity_relief,Capacity relief,2026-10-12,53,shipped_revenue_usd,seasonal_naive,champion_baseline_plus_driver_delta,12158.55,10917.15,13399.95,0.0,1490.32,1827.70,0.0180,none,1.25
capacity_relief,Capacity relief,2026-10-13,54,net_revenue_usd,driver_regression,champion_baseline_plus_driver_delta,10505.97,10214.48,10797.45,0.0,1703.90,2310.78,0.0360,none,1.25
capacity_relief,Capacity relief,2026-10-13,54,shipped_revenue_usd,seasonal_naive,champion_baseline_plus_driver_delta,12161.66,10918.25,13405.07,0.0,1703.90,2310.78,0.0360,none,1.25
capacity_relief,Capacity relief,2026-10-14,55,net_revenue_usd,driver_regression,champion_baseline_plus_driver_delta,10655.53,10363.57,10947.49,0.0,1620.05,2382.27,0.0360,monthly_promotion,1.25
capacity_relief,Capacity relief,2026-10-14,55,shipped_revenue_usd,seasonal_naive,champion_baseline_plus_driver_delta,10965.4,9719.99,12210.81,0.0,1620.05,2382.27,0.0360,monthly_promotion,1.25
capacity_relief,Capacity relief,2026-10-15,56,net_revenue_usd,driver_regression,champion_baseline_plus_driver_delta,11263.7,10971.28,11556.13,0.0,1751.27,2401.88,0.0360,monthly_promotion,1.25
capacity_relief,Capacity relief,2026-10-15,56,shipped_revenue_usd,seasonal_naive,champion_baseline_plus_driver_delta,10554.31,9306.9,11801.72,236.46,1751.27,2401.88,0.0360,monthly_promotion,1.25
capacity_relief,Capacity relief,2026-10-16,57,net_revenue_usd,driver_regression,champion_baseline_plus_driver_delta,10371.47,10078.57,10664.36,0.0,1455.87,2134.25,0.0180,monthly_promotion,1.25
capacity_relief,Capacity relief,2026-10-16,57,shipped_revenue_usd,seasonal_naive,champion_baseline_plus_driver_delta,9641.91,8392.5,10891.32,243.18,1455.87,2134.25,0.0180,monthly_promotion,1.25
capacity_relief,Capacity relief,2026-10-17,58,net_revenue_usd,driver_regression,champion_baseline_plus_driver_delta,10497.0,10203.64,10790.36,0.0,1491.90,1963.53,0.0180,none,1.25
capacity_relief,Capacity relief,2026-10-17,58,shipped_revenue_usd,seasonal_naive,champion_baseline_plus_driver_delta,7274.09,6022.69,8525.49,1074.31,1491.90,1963.53,0.0180,none,1.25
capacity_relief,Capacity relief,2026-10-18,59,net_revenue_usd,driver_regression,champion_baseline_plus_driver_delta,9980.67,9686.85,10274.5,0.0,1537.85,2211.87,0.0180,none,1.25
capacity_relief,Capacity relief,2026-10-18,59,shipped_revenue_usd,seasonal_naive,champion_baseline_plus_driver_delta,6046.85,4793.46,7300.24,1311.27,1537.85,2211.87,0.0180,none,1.25
capacity_relief,Capacity relief,2026-10-19,60,net_revenue_usd,driver_regression,champion_baseline_plus_driver_delta,8953.74,8659.45,9248.03,0.0,1469.76,1984.87,0.0180,none,1.25
capacity_relief,Capacity relief,2026-10-19,60,shipped_revenue_usd,seasonal_naive,champion_baseline_plus_driver_delta,12180.33,10924.95,13435.71,0.0,1469.76,1984.87,0.0180,none,1.25
capacity_relief,Capacity relief,2026-10-20,61,net_revenue_usd,driver_regression,champion_baseline_plus_driver_delta,9313.39,9018.64,9608.15,0.0,1417.75,2184.65,0.0180,none,1.25
capacity_relief,Capacity relief,2026-10-20,61,shipped_revenue_usd,seasonal_naive,champion_baseline_plus_driver_delta,12183.44,10926.08,13440.8,0.0,1417.75,2184.65,0.0180,none,1.25
capacity_relief,Capacity relief,2026-10-21,62,net_revenue_usd,driver_regression,champion_baseline_plus_driver_delta,9573.77,9278.55,9868.99,0.0,1486.48,1921.73,0.0180,none,1.25
capacity_relief,Capacity relief,2026-10-21,62,shipped_revenue_usd,seasonal_naive,champion_baseline_plus_driver_delta,9318.38,8059.04,10577.72,85.13,1486.48,1921.73,0.0180,none,1.25
capacity_relief,Capacity relief,2026-10-22,63,net_revenue_usd,driver_regression,champion_baseline_plus_driver_delta,10100.13,9804.45,10395.82,0.0,1549.30,2085.90,0.0180,none,1.25
capacity_relief,Capacity relief,2026-10-22,63,shipped_revenue_usd,seasonal_naive,champion_baseline_plus_driver_delta,9343.97,8082.65,10605.28,252.05,1549.30,2085.90,0.0180,none,1.25
capacity_relief,Capacity relief,2026-10-23,64,net_revenue_usd,driver_regression,champion_baseline_plus_driver_delta,10455.48,10159.33,10751.62,0.0,1525.91,2012.14,0.0180,none,1.25
capacity_relief,Capacity relief,2026-10-23,64,shipped_revenue_usd,seasonal_naive,champion_baseline_plus_driver_delta,10028.78,8765.49,11292.07,142.23,1525.91,2012.14,0.0180,none,1.25
capacity_relief,Capacity relief,2026-10-24,65,net_revenue_usd,driver_regression,champion_baseline_plus_driver_delta,10505.69,10209.08,10802.3,0.0,1447.81,2085.39,0.0180,none,1.25
capacity_relief,Capacity relief,2026-10-24,65,shipped_revenue_usd,seasonal_naive,champion_baseline_plus_driver_delta,7284.57,6019.31,8549.83,1073.71,1447.81,2085.39,0.0180,none,1.25
capacity_relief,Capacity relief,2026-10-25,66,net_revenue_usd,driver_regression,champion_baseline_plus_driver_delta,10049.16,9752.09,10346.23,0.0,1564.09,2160.99,0.0180,none,1.25
capacity_relief,Capacity relief,2026-10-25,66,shipped_revenue_usd,seasonal_naive,champion_baseline_plus_driver_delta,6070.33,4803.1,7337.56,1326.28,1564.09,2160.99,0.0180,none,1.25
capacity_relief,Capacity relief,2026-10-26,67,net_revenue_usd,driver_regression,champion_baseline_plus_driver_delta,8959.06,8661.52,9256.59,0.0,1462.42,1981.17,0.0180,none,1.25
capacity_relief,Capacity relief,2026-10-26,67,shipped_revenue_usd,seasonal_naive,champion_baseline_plus_driver_delta,12202.1,10932.9,13471.3,0.0,1462.42,1981.17,0.0180,none,1.25
capacity_relief,Capacity relief,2026-10-27,68,net_revenue_usd,driver_regression,champion_baseline_plus_driver_delta,9724.62,9426.62,10022.61,0.0,1530.62,2204.56,0.0180,none,1.25
capacity_relief,Capacity relief,2026-10-27,68,shipped_revenue_usd,seasonal_naive,champion_baseline_plus_driver_delta,12205.21,10934.05,13476.37,0.0,1530.62,2204.56,0.0180,none,1.25
capacity_relief,Capacity relief,2026-10-28,69,net_revenue_usd,driver_regression,champion_baseline_plus_driver_delta,9774.06,9475.61,10072.51,0.0,1522.77,1977.96,0.0180,none,1.25
capacity_relief,Capacity relief,2026-10-28,69,shipped_revenue_usd,seasonal_naive,champion_baseline_plus_driver_delta,9645.19,8372.08,10918.32,42.95,1522.77,1977.96,0.0180,none,1.25
capacity_relief,Capacity relief,2026-10-29,70,net_revenue_usd,driver_regression,champion_baseline_plus_driver_delta,10122.37,9823.46,10421.28,0.0,1511.30,2205.34,0.0180,none,1.25
capacity_relief,Capacity relief,2026-10-29,70,shipped_revenue_usd,seasonal_naive,champion_baseline_plus_driver_delta,9389.27,8114.19,10664.35,244.37,1511.30,2205.34,0.0180,none,1.25
capacity_relief,Capacity relief,2026-10-30,71,net_revenue_usd,driver_regression,champion_baseline_plus_driver_delta,10691.19,10391.82,10990.56,0.0,1581.27,2043.10,0.0180,none,1.25
capacity_relief,Capacity relief,2026-10-30,71,shipped_revenue_usd,seasonal_naive,champion_baseline_plus_driver_delta,10352.87,9075.84,11629.9,112.77,1581.27,2043.10,0.0180,none,1.25
capacity_relief,Capacity relief,2026-10-31,72,net_revenue_usd,driver_regression,champion_baseline_plus_driver_delta,10704.71,10404.89,11004.54,0.0,1511.04,2052.11,0.0180,none,1.25
capacity_relief,Capacity relief,2026-10-31,72,shipped_revenue_usd,seasonal_naive,champion_baseline_plus_driver_delta,7342.64,6063.66,8621.62,1120.69,1511.04,2052.11,0.0180,none,1.25
capacity_relief,Capacity relief,2026-11-01,73,net_revenue_usd,driver_regression,champion_baseline_plus_driver_delta,9906.09,9605.81,10206.37,0.0,1531.23,2091.71,0.0180,none,1.25
capacity_relief,Capacity relief,2026-11-01,73,shipped_revenue_usd,seasonal_naive,champion_baseline_plus_driver_delta,6040.91,4759.98,7321.84,1288.39,1531.23,2091.71,0.0180,none,1.25
capacity_relief,Capacity relief,2026-11-02,74,net_revenue_usd,driver_regression,champion_baseline_plus_driver_delta,9310.81,9010.07,9611.55,0.0,1515.07,2145.67,0.0180,none,1.25
capacity_relief,Capacity relief,2026-11-02,74,shipped_revenue_usd,seasonal_naive,champion_baseline_plus_driver_delta,12223.87,10941.0,13506.74,0.0,1515.07,2145.67,0.0180,none,1.25
capacity_relief,Capacity relief,2026-11-03,75,net_revenue_usd,driver_regression,champion_baseline_plus_driver_delta,9399.63,9098.43,9700.82,0.0,1483.11,1994.84,0.0180,none,1.25
capacity_relief,Capacity relief,2026-11-03,75,shipped_revenue_usd,seasonal_naive,champion_baseline_plus_driver_delta,12226.98,10942.17,13511.79,0.0,1483.11,1994.84,0.0180,none,1.25
capacity_relief,Capacity relief,2026-11-04,76,net_revenue_usd,driver_regression,champion_baseline_plus_driver_delta,9730.7,9429.05,10032.34,0.0,1474.33,2068.34,0.0180,none,1.25
capacity_relief,Capacity relief,2026-11-04,76,shipped_revenue_usd,seasonal_naive,champion_baseline_plus_driver_delta,9912.7,8625.95,11199.45,0.0,1474.33,2068.34,0.0180,none,1.25
capacity_relief,Capacity relief,2026-11-05,77,net_revenue_usd,driver_regression,champion_baseline_plus_driver_delta,10307.34,10005.24,10609.44,0.0,1541.59,2272.07,0.0180,none,1.25
capacity_relief,Capacity relief,2026-11-05,77,shipped_revenue_usd,seasonal_naive,champion_baseline_plus_driver_delta,9645.29,8356.6,10933.98,220.68,1541.59,2272.07,0.0180,none,1.25
capacity_relief,Capacity relief,2026-11-06,78,net_revenue_usd,driver_regression,champion_baseline_plus_driver_delta,10317.73,10015.17,10620.28,0.0,1434.89,2117.17,0.0180,none,1.25
capacity_relief,Capacity relief,2026-11-06,78,shipped_revenue_usd,seasonal_naive,champion_baseline_plus_driver_delta,10021.38,8730.75,11311.99,98.78,1434.89,2117.17,0.0180,none,1.25
capacity_relief,Capacity relief,2026-11-07,79,net_revenue_usd,driver_regression,champion_baseline_plus_driver_delta,11186.71,10883.7,11489.71,0.0,1604.42,2220.83,0.0180,none,1.25
capacity_relief,Capacity relief,2026-11-07,79,shipped_revenue_usd,seasonal_naive,champion_baseline_plus_driver_delta,7471.46,6178.91,8764.01,1238.42,1604.42,2220.83,0.0180,none,1.25
capacity_relief,Capacity relief,2026-11-08,80,net_revenue_usd,driver_regression,champion_baseline_plus_driver_delta,10010.84,9707.38,10314.3,0.0,1571.45,2043.24,0.0180,none,1.25
capacity_relief,Capacity relief,2026-11-08,80,shipped_revenue_usd,seasonal_naive,champion_baseline_plus_driver_delta,6073.45,4778.97,7367.93,1312.46,1571.45,2043.24,0.0180,none,1.25
capacity_relief,Capacity relief,2026-11-09,81,net_revenue_usd,driver_regression,champion_baseline_plus_driver_delta,9376.68,9072.77,9680.59,0.0,1544.99,2091.78,0.0180,none,1.25
capacity_relief,Capacity relief,2026-11-09,81,shipped_revenue_usd,seasonal_naive,champion_baseline_plus_driver_delta,12245.64,10949.24,13542.04,0.0,1544.99,2091.78,0.0180,none,1.25
capacity_relief,Capacity relief,2026-11-10,82,net_revenue_usd,driver_regression,champion_baseline_plus_driver_delta,9985.55,9681.19,10289.91,0.0,1555.08,2347.36,0.0180,none,1.25
capacity_relief,Capacity relief,2026-11-10,82,shipped_revenue_usd,seasonal_naive,champion_baseline_plus_driver_delta,12248.76,10950.44,13547.08,0.0,1555.08,2347.36,0.0180,none,1.25
capacity_relief,Capacity relief,2026-11-11,83,net_revenue_usd,driver_regression,champion_baseline_plus_driver_delta,9807.93,9503.11,10112.74,0.0,1507.84,2016.05,0.0180,none,1.25
capacity_relief,Capacity relief,2026-11-11,83,shipped_revenue_usd,seasonal_naive,champion_baseline_plus_driver_delta,10558.06,9257.82,11858.3,0.0,1507.84,2016.05,0.0180,none,1.25
capacity_relief,Capacity relief,2026-11-12,84,net_revenue_usd,driver_regression,champion_baseline_plus_driver_delta,10370.57,10065.31,10675.83,0.0,1554.08,2276.57,0.0180,none,1.25
capacity_relief,Capacity relief,2026-11-12,84,shipped_revenue_usd,seasonal_naive,champion_baseline_plus_driver_delta,9820.42,8518.26,11122.58,183.38,1554.08,2276.57,0.0180,none,1.25
capacity_relief,Capacity relief,2026-11-13,85,net_revenue_usd,driver_regression,champion_baseline_plus_driver_delta,11918.4,11612.69,12224.11,0.0,1774.86,2434.08,0.0360,none,1.25
capacity_relief,Capacity relief,2026-11-13,85,shipped_revenue_usd,seasonal_naive,champion_baseline_plus_driver_delta,11321.91,10017.84,12625.98,198.83,1774.86,2434.08,0.0360,none,1.25
capacity_relief,Capacity relief,2026-11-14,86,net_revenue_usd,driver_regression,champion_baseline_plus_driver_delta,12223.69,11917.53,12529.84,0.0,1765.71,2485.22,0.0360,monthly_promotion,1.25
capacity_relief,Capacity relief,2026-11-14,86,shipped_revenue_usd,seasonal_naive,champion_baseline_plus_driver_delta,7739.02,6433.04,9045.0,1494.89,1765.71,2485.22,0.0360,monthly_promotion,1.25
capacity_relief,Capacity relief,2026-11-15,87,net_revenue_usd,driver_regression,champion_baseline_plus_driver_delta,11509.46,11202.86,11816.07,0.0,1806.16,2547.21,0.0360,monthly_promotion,1.25
capacity_relief,Capacity relief,2026-11-15,87,shipped_revenue_usd,seasonal_naive,champion_baseline_plus_driver_delta,6454.45,5146.56,7762.34,1685.0,1806.16,2547.21,0.0360,monthly_promotion,1.25
capacity_relief,Capacity relief,2026-11-16,88,net_revenue_usd,driver_regression,champion_baseline_plus_driver_delta,9539.54,9232.49,9846.59,0.0,1556.61,2146.35,0.0180,monthly_promotion,1.25
capacity_relief,Capacity relief,2026-11-16,88,shipped_revenue_usd,seasonal_naive,champion_baseline_plus_driver_delta,12267.42,10957.63,13577.21,0.0,1556.61,2146.35,0.0180,monthly_promotion,1.25
capacity_relief,Capacity relief,2026-11-17,89,net_revenue_usd,driver_regression,champion_baseline_plus_driver_delta,9546.33,9238.84,9853.83,0.0,1481.60,2116.82,0.0180,none,1.25
capacity_relief,Capacity relief,2026-11-17,89,shipped_revenue_usd,seasonal_naive,champion_baseline_plus_driver_delta,12270.53,10958.84,13582.22,0.0,1481.60,2116.82,0.0180,none,1.25
capacity_relief,Capacity relief,2026-11-18,90,net_revenue_usd,driver_regression,champion_baseline_plus_driver_delta,10373.67,10065.73,10681.6,0.0,1589.06,2323.28,0.0180,none,1.25
capacity_relief,Capacity relief,2026-11-18,90,shipped_revenue_usd,seasonal_naive,champion_baseline_plus_driver_delta,12046.35,10732.76,13359.94,0.0,1589.06,2323.28,0.0180,none,1.25
capacity_relief,Capacity relief,2026-11-19,91,net_revenue_usd,driver_regression,champion_baseline_plus_driver_delta,13649.96,13341.58,13958.35,0.0,2227.79,2821.86,0.0730,none,1.25
capacity_relief,Capacity relief,2026-11-19,91,shipped_revenue_usd,seasonal_naive,champion_baseline_plus_driver_delta,11392.38,10076.89,12707.87,752.53,2227.79,2821.86,0.0730,none,1.25
